date,district,tmfc,TMX,TMN,REH_mean,POP_max,WSD_mean,REH_count,POP_count,WSD_count
20240101,강남구,2023123120,6.0,-2.0,79.79166666666667,60.0,1.2708333333333333,24,24,24
20240101,강동구,2023123120,6.0,-2.0,78.95833333333333,60.0,1.3375,24,24,24
20240101,강북구,2023123120,3.0,-5.0,81.875,60.0,1.2958333333333332,24,24,24
20240101,강서구,2023123120,6.0,-3.0,83.54166666666667,60.0,1.3875,24,24,24
20240101,관악구,2023123120,6.0,-2.0,80.83333333333333,60.0,1.3083333333333331,24,24,24
20240101,광진구,2023123120,6.0,-2.0,77.29166666666667,60.0,1.3125,24,24,24
20240101,구로구,2023123120,6.0,0.0,77.91666666666667,60.0,1.3250000000000002,24,24,24
20240101,금천구,2023123120,6.0,-2.0,83.95833333333333,60.0,1.3,24,24,24
20240101,노원구,2023123120,5.0,-4.0,81.66666666666667,60.0,1.3958333333333333,24,24,24
20240101,도봉구,2023123120,5.0,-4.0,81.66666666666667,60.0,1.3958333333333333,24,24,24
20240101,동대문구,2023123120,6.0,-2.0,77.91666666666667,60.0,1.3125,24,24,24
20240101,동작구,2023123120,6.0,-2.0,80.83333333333333,60.0,1.3083333333333331,24,24,24
20240101,마포구,2023123120,6.0,-2.0,80.0,60.0,1.3166666666666669,24,24,24
20240101,서대문구,2023123120,6.0,-2.0,80.0,60.0,1.3166666666666669,24,24,24
20240101,서초구,2023123120,6.0,-2.0,79.79166666666667,60.0,1.2708333333333333,24,24,24
20240101,성동구,2023123120,6.0,-1.0,77.5,60.0,1.2791666666666668,24,24,24
20240101,성북구,2023123120,3.0,-5.0,81.875,60.0,1.2958333333333332,24,24,24
20240101,송파구,2023123120,6.0,-2.0,77.08333333333333,60.0,1.2791666666666668,24,24,24
20240101,양천구,2023123120,6.0,-1.0,79.375,60.0,1.3333333333333333,24,24,24
20240101,영등포구,2023123120,6.0,-1.0,79.16666666666667,60.0,1.3,24,24,24
20240101,용산구,2023123120,6.0,-2.0,78.95833333333333,60.0,1.2875,24,24,24
20240101,은평구,2023123120,6.0,-3.0,83.75,60.0,1.3208333333333335,24,24,24
20240101,종로구,2023123120,6.0,-2.0,80.20833333333333,60.0,1.2958333333333334,24,24,24
20240101,중구,2023123120,6.0,-2.0,80.20833333333333,60.0,1.2958333333333334,24,24,24
20240101,중랑구,2023123120,6.0,-2.0,77.5,60.0,1.3333333333333333,24,24,24
20240102,강남구,2024010120,5.0,2.0,79.58333333333333,60.0,1.0625,24,24,24
20240102,강동구,2024010120,5.0,1.0,79.16666666666667,60.0,1.1833333333333331,24,24,24
20240102,강북구,2024010120,2.0,-1.0,80.83333333333333,30.0,1.0875,24,24,24
20240102,강서구,2024010120,5.0,0.0,82.5,30.0,1.0125,24,24,24
20240102,관악구,2024010120,5.0,2.0,80.0,30.0,0.9583333333333334,24,24,24
20240102,광진구,2024010120,5.0,2.0,75.83333333333333,60.0,1.1333333333333333,24,24,24
20240102,구로구,2024010120,6.0,2.0,76.45833333333333,30.0,0.9458333333333334,24,24,24
20240102,금천구,2024010120,4.0,1.0,82.91666666666667,30.0,0.9375,24,24,24
20240102,노원구,2024010120,4.0,1.0,81.45833333333333,30.0,1.1875,24,24,24
20240102,도봉구,2024010120,4.0,1.0,81.45833333333333,30.0,1.1875,24,24,24
20240102,동대문구,2024010120,5.0,2.0,76.875,30.0,1.1,24,24,24
20240102,동작구,2024010120,5.0,2.0,80.0,30.0,0.9583333333333334,24,24,24
20240102,마포구,2024010120,4.0,1.0,79.58333333333333,30.0,1.0208333333333333,24,24,24
20240102,서대문구,2024010120,4.0,1.0,79.58333333333333,30.0,1.0208333333333333,24,24,24
20240102,서초구,2024010120,5.0,2.0,79.58333333333333,60.0,1.0625,24,24,24
20240102,성동구,2024010120,5.0,1.0,76.45833333333333,60.0,1.0666666666666669,24,24,24
20240102,성북구,2024010120,2.0,-1.0,80.83333333333333,30.0,1.0875,24,24,24
20240102,송파구,2024010120,5.0,2.0,75.83333333333333,60.0,1.0916666666666668,24,24,24
20240102,양천구,2024010120,5.0,1.0,78.33333333333333,30.0,0.9666666666666668,24,24,24
20240102,영등포구,2024010120,5.0,2.0,78.54166666666667,30.0,1.0041666666666669,24,24,24
20240102,용산구,2024010120,4.0,2.0,78.33333333333333,60.0,1.025,24,24,24
20240102,은평구,2024010120,5.0,1.0,83.125,30.0,1.075,24,24,24
20240102,종로구,2024010120,5.0,2.0,80.20833333333333,30.0,1.075,24,24,24
20240102,중구,2024010120,5.0,2.0,80.20833333333333,30.0,1.075,24,24,24
20240102,중랑구,2024010120,5.0,2.0,77.29166666666667,30.0,1.1583333333333332,24,24,24
20240103,강남구,2024010220,5.0,1.0,77.91666666666667,60.0,1.4,24,24,24
20240103,강동구,2024010220,5.0,0.0,79.375,60.0,1.4708333333333332,24,24,24
20240103,강북구,2024010220,2.0,-3.0,83.125,60.0,1.3458333333333332,24,24,24
20240103,강서구,2024010220,5.0,-1.0,82.91666666666667,60.0,1.5625,24,24,24
20240103,관악구,2024010220,5.0,1.0,78.54166666666667,60.0,1.4416666666666669,24,24,24
20240103,광진구,2024010220,5.0,1.0,77.5,60.0,1.4208333333333334,24,24,24
20240103,구로구,2024010220,5.0,1.0,74.79166666666667,60.0,1.525,24,24,24
20240103,금천구,2024010220,4.0,0.0,82.29166666666667,60.0,1.4458333333333335,24,24,24
20240103,노원구,2024010220,5.0,-1.0,84.16666666666667,60.0,1.425,24,24,24
20240103,도봉구,2024010220,5.0,-1.0,84.16666666666667,60.0,1.425,24,24,24
20240103,동대문구,2024010220,5.0,1.0,78.125,60.0,1.3833333333333335,24,24,24
20240103,동작구,2024010220,5.0,1.0,78.54166666666667,60.0,1.4416666666666669,24,24,24
20240103,마포구,2024010220,4.0,0.0,80.41666666666667,60.0,1.3916666666666666,24,24,24
20240103,서대문구,2024010220,4.0,0.0,80.41666666666667,60.0,1.3916666666666666,24,24,24
20240103,서초구,2024010220,5.0,1.0,77.91666666666667,60.0,1.4,24,24,24
20240103,성동구,2024010220,5.0,0.0,76.45833333333333,60.0,1.4,24,24,24
20240103,성북구,2024010220,2.0,-3.0,83.125,60.0,1.3458333333333332,24,24,24
20240103,송파구,2024010220,5.0,1.0,76.04166666666667,60.0,1.4083333333333332,24,24,24
20240103,양천구,2024010220,5.0,1.0,78.33333333333333,60.0,1.4916666666666665,24,24,24
20240103,영등포구,2024010220,5.0,1.0,77.91666666666667,60.0,1.4208333333333334,24,24,24
20240103,용산구,2024010220,5.0,1.0,77.91666666666667,60.0,1.383333333333333,24,24,24
20240103,은평구,2024010220,5.0,0.0,84.79166666666667,60.0,1.3625,24,24,24
20240103,종로구,2024010220,5.0,0.0,81.04166666666667,60.0,1.3666666666666665,24,24,24
20240103,중구,2024010220,5.0,0.0,81.04166666666667,60.0,1.3666666666666665,24,24,24
20240103,중랑구,2024010220,5.0,0.0,78.54166666666667,60.0,1.4166666666666667,24,24,24
20240104,강남구,2024010320,6.0,-3.0,75.0,30.0,1.5041666666666664,24,24,24
20240104,강동구,2024010320,6.0,-4.0,75.41666666666667,30.0,1.4333333333333336,24,24,24
20240104,강북구,2024010320,3.0,-6.0,77.70833333333333,30.0,1.4875,24,24,24
20240104,강서구,2024010320,6.0,-4.0,78.75,30.0,1.725,24,24,24
20240104,관악구,2024010320,6.0,-3.0,75.83333333333333,30.0,1.6333333333333335,24,24,24
20240104,광진구,2024010320,6.0,-3.0,73.125,30.0,1.4458333333333335,24,24,24
20240104,구로구,2024010320,7.0,-2.0,72.91666666666667,30.0,1.6958333333333335,24,24,24
20240104,금천구,2024010320,6.0,-4.0,79.375,30.0,1.6416666666666668,24,24,24
20240104,노원구,2024010320,6.0,-5.0,78.75,30.0,1.4791666666666667,24,24,24
20240104,도봉구,2024010320,6.0,-5.0,78.75,30.0,1.4791666666666667,24,24,24
20240104,동대문구,2024010320,6.0,-3.0,73.75,30.0,1.45,24,24,24
20240104,동작구,2024010320,6.0,-3.0,75.83333333333333,30.0,1.6333333333333335,24,24,24
20240104,마포구,2024010320,6.0,-3.0,75.83333333333333,30.0,1.5708333333333335,24,24,24
20240104,서대문구,2024010320,6.0,-3.0,75.83333333333333,30.0,1.5708333333333335,24,24,24
20240104,서초구,2024010320,6.0,-3.0,75.0,30.0,1.5041666666666664,24,24,24
20240104,성동구,2024010320,6.0,-3.0,72.08333333333333,30.0,1.4750000000000003,24,24,24
20240104,성북구,2024010320,3.0,-6.0,77.70833333333333,30.0,1.4875,24,24,24
20240104,송파구,2024010320,6.0,-3.0,72.29166666666667,30.0,1.4541666666666666,24,24,24
20240104,양천구,2024010320,6.0,-3.0,75.41666666666667,30.0,1.6541666666666666,24,24,24
20240104,영등포구,2024010320,6.0,-3.0,75.20833333333333,30.0,1.6125,24,24,24
20240104,용산구,2024010320,6.0,-3.0,75.20833333333333,30.0,1.5333333333333332,24,24,24
20240104,은평구,2024010320,6.0,-4.0,79.79166666666667,30.0,1.5625,24,24,24
20240104,종로구,2024010320,6.0,-3.0,76.25,30.0,1.4958333333333331,24,24,24
20240104,중구,2024010320,6.0,-3.0,76.25,30.0,1.4958333333333331,24,24,24
20240104,중랑구,2024010320,6.0,-4.0,74.16666666666667,30.0,1.4291666666666665,24,24,24
20240105,강남구,2024010420,8.0,3.0,71.45833333333333,60.0,2.775,24,24,24
20240105,강동구,2024010420,7.0,2.0,71.66666666666667,60.0,2.625,24,24,24
20240105,강북구,2024010420,4.0,0.0,74.375,60.0,2.45,24,24,24
20240105,강서구,2024010420,7.0,3.0,74.58333333333333,60.0,2.920833333333333,24,24,24
20240105,관악구,2024010420,7.0,3.0,71.66666666666667,60.0,2.766666666666667,24,24,24
20240105,광진구,2024010420,7.0,3.0,69.375,60.0,2.6291666666666664,24,24,24
20240105,구로구,2024010420,7.0,4.0,69.16666666666667,60.0,2.8333333333333335,24,24,24
20240105,금천구,2024010420,7.0,3.0,75.20833333333333,60.0,2.8416666666666663,24,24,24
20240105,노원구,2024010420,7.0,2.0,74.79166666666667,60.0,2.4041666666666663,24,24,24
20240105,도봉구,2024010420,7.0,2.0,74.79166666666667,60.0,2.4041666666666663,24,24,24
20240105,동대문구,2024010420,7.0,3.0,70.625,60.0,2.5208333333333335,24,24,24
20240105,동작구,2024010420,7.0,3.0,71.66666666666667,60.0,2.766666666666667,24,24,24
20240105,마포구,2024010420,7.0,3.0,72.08333333333333,60.0,2.5625,24,24,24
20240105,서대문구,2024010420,7.0,3.0,72.08333333333333,60.0,2.5625,24,24,24
20240105,서초구,2024010420,8.0,3.0,71.45833333333333,60.0,2.775,24,24,24
20240105,성동구,2024010420,8.0,3.0,69.79166666666667,60.0,2.6208333333333336,24,24,24
20240105,성북구,2024010420,4.0,0.0,74.375,60.0,2.45,24,24,24
20240105,송파구,2024010420,8.0,3.0,68.95833333333333,60.0,2.75,24,24,24
20240105,양천구,2024010420,7.0,4.0,70.625,60.0,2.741666666666667,24,24,24
20240105,영등포구,2024010420,7.0,3.0,71.25,60.0,2.6291666666666664,24,24,24
20240105,용산구,2024010420,7.0,3.0,70.83333333333333,60.0,2.620833333333333,24,24,24
20240105,은평구,2024010420,7.0,3.0,76.04166666666667,60.0,2.5166666666666666,24,24,24
20240105,종로구,2024010420,7.0,3.0,74.16666666666667,60.0,2.533333333333333,24,24,24
20240105,중구,2024010420,7.0,3.0,74.16666666666667,60.0,2.533333333333333,24,24,24
20240105,중랑구,2024010420,7.0,3.0,70.20833333333333,60.0,2.525,24,24,24
20240106,강남구,2024010520,4.0,-3.0,62.708333333333336,60.0,1.8166666666666664,24,24,24
20240106,강동구,2024010520,4.0,-3.0,64.16666666666667,30.0,1.8333333333333333,24,24,24
20240106,강북구,2024010520,2.0,-6.0,64.375,60.0,1.7416666666666665,24,24,24
20240106,강서구,2024010520,4.0,-5.0,66.875,60.0,1.8125,24,24,24
20240106,관악구,2024010520,4.0,-3.0,64.16666666666667,60.0,1.7999999999999998,24,24,24
20240106,광진구,2024010520,4.0,-3.0,60.208333333333336,60.0,1.8291666666666668,24,24,24
20240106,구로구,2024010520,4.0,-2.0,60.833333333333336,60.0,1.7791666666666668,24,24,24
20240106,금천구,2024010520,3.0,-4.0,66.04166666666667,60.0,1.7791666666666668,24,24,24
20240106,노원구,2024010520,4.0,-5.0,66.25,60.0,1.8,24,24,24
20240106,도봉구,2024010520,4.0,-5.0,66.25,60.0,1.8,24,24,24
20240106,동대문구,2024010520,4.0,-3.0,60.416666666666664,60.0,1.7833333333333332,24,24,24
20240106,동작구,2024010520,4.0,-3.0,64.16666666666667,60.0,1.7999999999999998,24,24,24
20240106,마포구,2024010520,4.0,-4.0,63.333333333333336,60.0,1.7625,24,24,24
20240106,서대문구,2024010520,4.0,-4.0,63.333333333333336,60.0,1.7625,24,24,24
20240106,서초구,2024010520,4.0,-3.0,62.708333333333336,60.0,1.8166666666666664,24,24,24
20240106,성동구,2024010520,5.0,-3.0,60.416666666666664,60.0,1.8125,24,24,24
20240106,성북구,2024010520,2.0,-6.0,64.375,60.0,1.7416666666666665,24,24,24
20240106,송파구,2024010520,5.0,-2.0,60.208333333333336,60.0,1.8375,24,24,24
20240106,양천구,2024010520,4.0,-3.0,61.25,60.0,1.7625,24,24,24
20240106,영등포구,2024010520,4.0,-3.0,62.083333333333336,60.0,1.7916666666666667,24,24,24
20240106,용산구,2024010520,4.0,-3.0,61.875,60.0,1.8166666666666664,24,24,24
20240106,은평구,2024010520,4.0,-5.0,67.5,60.0,1.75,24,24,24
20240106,종로구,2024010520,4.0,-3.0,64.16666666666667,60.0,1.7875,24,24,24
20240106,중구,2024010520,4.0,-3.0,64.16666666666667,60.0,1.7875,24,24,24
20240106,중랑구,2024010520,4.0,-3.0,62.083333333333336,30.0,1.8208333333333335,24,24,24
20240107,강남구,2024010620,-2.0,-5.0,51.875,0.0,3.4791666666666665,24,24,24
20240107,강동구,2024010620,-2.0,-5.0,52.5,0.0,3.475,24,24,24
20240107,강북구,2024010620,-5.0,-8.0,54.166666666666664,0.0,3.2083333333333335,24,24,24
20240107,강서구,2024010620,-2.0,-6.0,55.0,0.0,3.525,24,24,24
20240107,관악구,2024010620,-3.0,-5.0,53.333333333333336,0.0,3.491666666666667,24,24,24
20240107,광진구,2024010620,-2.0,-5.0,50.833333333333336,0.0,3.4708333333333337,24,24,24
20240107,구로구,2024010620,-3.0,-5.0,48.541666666666664,0.0,3.5124999999999997,24,24,24
20240107,금천구,2024010620,-3.0,-6.0,54.583333333333336,0.0,3.470833333333333,24,24,24
20240107,노원구,2024010620,-3.0,-6.0,56.25,0.0,3.2916666666666665,24,24,24
20240107,도봉구,2024010620,-3.0,-6.0,56.25,0.0,3.2916666666666665,24,24,24
20240107,동대문구,2024010620,-3.0,-5.0,52.083333333333336,0.0,3.3458333333333337,24,24,24
20240107,동작구,2024010620,-3.0,-5.0,53.333333333333336,0.0,3.491666666666667,24,24,24
20240107,마포구,2024010620,-3.0,-6.0,53.541666666666664,0.0,3.3666666666666667,24,24,24
20240107,서대문구,2024010620,-3.0,-6.0,53.541666666666664,0.0,3.3666666666666667,24,24,24
20240107,서초구,2024010620,-2.0,-5.0,51.875,0.0,3.4791666666666665,24,24,24
20240107,성동구,2024010620,-2.0,-5.0,51.875,0.0,3.4375,24,24,24
20240107,성북구,2024010620,-5.0,-8.0,54.166666666666664,0.0,3.2083333333333335,24,24,24
20240107,송파구,2024010620,-2.0,-5.0,49.166666666666664,0.0,3.4875000000000003,24,24,24
20240107,양천구,2024010620,-3.0,-6.0,51.25,0.0,3.4583333333333335,24,24,24
20240107,영등포구,2024010620,-3.0,-6.0,51.25,0.0,3.4249999999999994,24,24,24
20240107,용산구,2024010620,-3.0,-6.0,52.916666666666664,0.0,3.4125,24,24,24
20240107,은평구,2024010620,-3.0,-6.0,56.041666666666664,0.0,3.3000000000000003,24,24,24
20240107,종로구,2024010620,-2.0,-6.0,55.416666666666664,0.0,3.3083333333333336,24,24,24
20240107,중구,2024010620,-2.0,-6.0,55.416666666666664,0.0,3.3083333333333336,24,24,24
20240107,중랑구,2024010620,-2.0,-5.0,52.083333333333336,0.0,3.4083333333333337,24,24,24
20240108,강남구,2024010720,0.0,-9.0,50.416666666666664,30.0,1.1208333333333331,24,24,24
20240108,강동구,2024010720,0.0,-10.0,49.166666666666664,30.0,1.0958333333333332,24,24,24
20240108,강북구,2024010720,-3.0,-12.0,52.708333333333336,30.0,1.1,24,24,24
20240108,강서구,2024010720,-1.0,-10.0,54.583333333333336,30.0,1.1833333333333331,24,24,24
20240108,관악구,2024010720,-1.0,-9.0,51.666666666666664,30.0,1.1375,24,24,24
20240108,광진구,2024010720,0.0,-9.0,47.916666666666664,30.0,1.1083333333333334,24,24,24
20240108,구로구,2024010720,-1.0,-8.0,47.5,30.0,1.1625,24,24,24
20240108,금천구,2024010720,-1.0,-9.0,53.541666666666664,30.0,1.1458333333333333,24,24,24
20240108,노원구,2024010720,0.0,-11.0,53.75,30.0,1.1166666666666665,24,24,24
20240108,도봉구,2024010720,0.0,-11.0,53.75,30.0,1.1166666666666665,24,24,24
20240108,동대문구,2024010720,-1.0,-9.0,49.583333333333336,30.0,1.1125,24,24,24
20240108,동작구,2024010720,-1.0,-9.0,51.666666666666664,30.0,1.1375,24,24,24
20240108,마포구,2024010720,-1.0,-9.0,51.25,30.0,1.1208333333333331,24,24,24
20240108,서대문구,2024010720,-1.0,-9.0,51.25,30.0,1.1208333333333331,24,24,24
20240108,서초구,2024010720,0.0,-9.0,50.416666666666664,30.0,1.1208333333333331,24,24,24
20240108,성동구,2024010720,0.0,-9.0,49.791666666666664,30.0,1.116666666666667,24,24,24
20240108,성북구,2024010720,-3.0,-12.0,52.708333333333336,30.0,1.1,24,24,24
20240108,송파구,2024010720,0.0,-9.0,47.291666666666664,30.0,1.1083333333333334,24,24,24
20240108,양천구,2024010720,-1.0,-9.0,50.208333333333336,30.0,1.1541666666666666,24,24,24
20240108,영등포구,2024010720,-1.0,-9.0,50.0,30.0,1.1333333333333333,24,24,24
20240108,용산구,2024010720,-1.0,-9.0,50.625,30.0,1.1291666666666669,24,24,24
20240108,은평구,2024010720,-1.0,-11.0,53.541666666666664,30.0,1.1125,24,24,24
20240108,종로구,2024010720,0.0,-9.0,52.708333333333336,30.0,1.1083333333333334,24,24,24
20240108,중구,2024010720,0.0,-9.0,52.708333333333336,30.0,1.1083333333333334,24,24,24
20240108,중랑구,2024010720,0.0,-9.0,49.166666666666664,30.0,1.1208333333333331,24,24,24
20240109,강남구,2024010820,2.0,-1.0,81.45833333333333,60.0,1.3333333333333333,24,24,24
20240109,강동구,2024010820,1.0,-2.0,81.04166666666667,60.0,1.3041666666666665,24,24,24
20240109,강북구,2024010820,-1.0,-4.0,85.20833333333333,60.0,1.275,24,24,24
20240109,강서구,2024010820,3.0,-2.0,87.08333333333333,60.0,1.4666666666666666,24,24,24
20240109,관악구,2024010820,2.0,-1.0,83.75,60.0,1.4208333333333334,24,24,24
20240109,광진구,2024010820,2.0,-2.0,79.16666666666667,60.0,1.3041666666666665,24,24,24
20240109,구로구,2024010820,3.0,-1.0,81.25,60.0,1.4416666666666669,24,24,24
20240109,금천구,2024010820,2.0,-2.0,85.625,60.0,1.4375,24,24,24
20240109,노원구,2024010820,1.0,-3.0,85.41666666666667,60.0,1.2333333333333332,24,24,24
20240109,도봉구,2024010820,1.0,-3.0,85.41666666666667,60.0,1.2333333333333332,24,24,24
20240109,동대문구,2024010820,2.0,-2.0,81.04166666666667,60.0,1.2791666666666666,24,24,24
20240109,동작구,2024010820,2.0,-1.0,83.75,60.0,1.4208333333333334,24,24,24
20240109,마포구,2024010820,2.0,-1.0,84.79166666666667,60.0,1.3416666666666668,24,24,24
20240109,서대문구,2024010820,2.0,-1.0,84.79166666666667,60.0,1.3416666666666668,24,24,24
20240109,서초구,2024010820,2.0,-1.0,81.45833333333333,60.0,1.3333333333333333,24,24,24
20240109,성동구,2024010820,2.0,-2.0,79.16666666666667,60.0,1.325,24,24,24
20240109,성북구,2024010820,-1.0,-4.0,85.20833333333333,60.0,1.275,24,24,24
20240109,송파구,2024010820,2.0,-1.0,78.54166666666667,60.0,1.325,24,24,24
20240109,양천구,2024010820,2.0,-1.0,83.125,60.0,1.4166666666666667,24,24,24
20240109,영등포구,2024010820,2.0,-1.0,82.70833333333333,60.0,1.375,24,24,24
20240109,용산구,2024010820,2.0,-2.0,82.5,60.0,1.3416666666666668,24,24,24
20240109,은평구,2024010820,2.0,-2.0,88.125,60.0,1.3041666666666665,24,24,24
20240109,종로구,2024010820,2.0,-2.0,84.58333333333333,60.0,1.2958333333333334,24,24,24
20240109,중구,2024010820,2.0,-2.0,84.58333333333333,60.0,1.2958333333333334,24,24,24
20240109,중랑구,2024010820,2.0,-2.0,80.20833333333333,60.0,1.275,24,24,24
20240110,강남구,2024010920,6.0,-3.0,74.79166666666667,30.0,1.0375,24,24,24
20240110,강동구,2024010920,6.0,-3.0,74.58333333333333,30.0,1.0416666666666667,24,24,24
20240110,강북구,2024010920,4.0,-6.0,75.625,30.0,1.0125,24,24,24
20240110,강서구,2024010920,6.0,-5.0,80.0,30.0,1.3083333333333331,24,24,24
20240110,관악구,2024010920,6.0,-3.0,76.875,30.0,1.1458333333333333,24,24,24
20240110,광진구,2024010920,6.0,-2.0,71.45833333333333,30.0,1.0291666666666666,24,24,24
20240110,구로구,2024010920,6.0,-3.0,74.16666666666667,30.0,1.2166666666666666,24,24,24
20240110,금천구,2024010920,5.0,-4.0,80.83333333333333,30.0,1.1583333333333334,24,24,24
20240110,노원구,2024010920,6.0,-5.0,76.45833333333333,30.0,1.0291666666666666,24,24,24
20240110,도봉구,2024010920,6.0,-5.0,76.45833333333333,30.0,1.0291666666666666,24,24,24
20240110,동대문구,2024010920,6.0,-3.0,71.66666666666667,30.0,1.025,24,24,24
20240110,동작구,2024010920,6.0,-3.0,76.875,30.0,1.1458333333333333,24,24,24
20240110,마포구,2024010920,6.0,-4.0,75.83333333333333,30.0,1.0625,24,24,24
20240110,서대문구,2024010920,6.0,-4.0,75.83333333333333,30.0,1.0625,24,24,24
20240110,서초구,2024010920,6.0,-3.0,74.79166666666667,30.0,1.0375,24,24,24
20240110,성동구,2024010920,6.0,-2.0,70.625,30.0,1.0333333333333332,24,24,24
20240110,성북구,2024010920,4.0,-6.0,75.625,30.0,1.0125,24,24,24
20240110,송파구,2024010920,6.0,-2.0,71.66666666666667,30.0,1.0416666666666667,24,24,24
20240110,양천구,2024010920,5.0,-4.0,75.41666666666667,30.0,1.1875,24,24,24
20240110,영등포구,2024010920,6.0,-3.0,75.20833333333333,30.0,1.1208333333333331,24,24,24
20240110,용산구,2024010920,6.0,-3.0,74.58333333333333,30.0,1.0499999999999998,24,24,24
20240110,은평구,2024010920,6.0,-5.0,78.95833333333333,30.0,1.0666666666666669,24,24,24
20240110,종로구,2024010920,6.0,-3.0,75.0,30.0,1.0208333333333333,24,24,24
20240110,중구,2024010920,6.0,-3.0,75.0,30.0,1.0208333333333333,24,24,24
20240110,중랑구,2024010920,6.0,-3.0,72.5,30.0,1.025,24,24,24
20240111,강남구,2024011020,6.0,-4.0,72.5,30.0,1.675,24,24,24
20240111,강동구,2024011020,6.0,-4.0,72.91666666666667,30.0,1.725,24,24,24
20240111,강북구,2024011020,3.0,-7.0,75.0,30.0,1.6333333333333335,24,24,24
20240111,강서구,2024011020,6.0,-5.0,76.25,30.0,1.8333333333333333,24,24,24
20240111,관악구,2024011020,6.0,-3.0,73.54166666666667,30.0,1.7124999999999997,24,24,24
20240111,광진구,2024011020,6.0,-3.0,71.04166666666667,30.0,1.7,24,24,24
20240111,구로구,2024011020,6.0,-2.0,70.20833333333333,30.0,1.775,24,24,24
20240111,금천구,2024011020,6.0,-4.0,77.29166666666667,30.0,1.7458333333333336,24,24,24
20240111,노원구,2024011020,6.0,-6.0,75.20833333333333,30.0,1.6875,24,24,24
20240111,도봉구,2024011020,6.0,-6.0,75.20833333333333,30.0,1.6875,24,24,24
20240111,동대문구,2024011020,6.0,-3.0,71.25,30.0,1.6749999999999998,24,24,24
20240111,동작구,2024011020,6.0,-3.0,73.54166666666667,30.0,1.7124999999999997,24,24,24
20240111,마포구,2024011020,6.0,-4.0,73.125,30.0,1.6916666666666664,24,24,24
20240111,서대문구,2024011020,6.0,-4.0,73.125,30.0,1.6916666666666664,24,24,24
20240111,서초구,2024011020,6.0,-4.0,72.5,30.0,1.675,24,24,24
20240111,성동구,2024011020,6.0,-3.0,71.04166666666667,30.0,1.6916666666666664,24,24,24
20240111,성북구,2024011020,3.0,-7.0,75.0,30.0,1.6333333333333335,24,24,24
20240111,송파구,2024011020,6.0,-3.0,70.0,30.0,1.6875,24,24,24
20240111,양천구,2024011020,6.0,-3.0,72.08333333333333,30.0,1.7333333333333332,24,24,24
20240111,영등포구,2024011020,6.0,-3.0,72.08333333333333,30.0,1.7,24,24,24
20240111,용산구,2024011020,6.0,-3.0,72.08333333333333,30.0,1.6791666666666665,24,24,24
20240111,은평구,2024011020,6.0,-5.0,77.08333333333333,30.0,1.6625,24,24,24
20240111,종로구,2024011020,5.0,-4.0,74.58333333333333,30.0,1.6375000000000002,24,24,24
20240111,중구,2024011020,5.0,-4.0,74.58333333333333,30.0,1.6375000000000002,24,24,24
20240111,중랑구,2024011020,6.0,-4.0,71.25,30.0,1.7083333333333333,24,24,24
20240112,강남구,2024011120,4.0,-2.0,58.541666666666664,30.0,2.1875,24,24,24
20240112,강동구,2024011120,4.0,-3.0,58.75,30.0,2.254166666666667,24,24,24
20240112,강북구,2024011120,1.0,-6.0,61.25,30.0,2.066666666666667,24,24,24
20240112,강서구,2024011120,4.0,-4.0,62.5,30.0,2.283333333333333,24,24,24
20240112,관악구,2024011120,3.0,-3.0,59.375,30.0,2.2125,24,24,24
20240112,광진구,2024011120,4.0,-3.0,56.25,30.0,2.2125,24,24,24
20240112,구로구,2024011120,4.0,-2.0,56.25,30.0,2.275,24,24,24
20240112,금천구,2024011120,3.0,-3.0,62.5,30.0,2.1875,24,24,24
20240112,노원구,2024011120,4.0,-4.0,61.458333333333336,30.0,2.1625,24,24,24
20240112,도봉구,2024011120,4.0,-4.0,61.458333333333336,30.0,2.1625,24,24,24
20240112,동대문구,2024011120,3.0,-3.0,57.916666666666664,30.0,2.1458333333333335,24,24,24
20240112,동작구,2024011120,3.0,-3.0,59.375,30.0,2.2125,24,24,24
20240112,마포구,2024011120,3.0,-3.0,59.375,30.0,2.1625,24,24,24
20240112,서대문구,2024011120,3.0,-3.0,59.375,30.0,2.1625,24,24,24
20240112,서초구,2024011120,4.0,-2.0,58.541666666666664,30.0,2.1875,24,24,24
20240112,성동구,2024011120,4.0,-2.0,56.875,30.0,2.1750000000000003,24,24,24
20240112,성북구,2024011120,1.0,-6.0,61.25,30.0,2.066666666666667,24,24,24
20240112,송파구,2024011120,4.0,-2.0,55.833333333333336,30.0,2.2125,24,24,24
20240112,양천구,2024011120,3.0,-3.0,58.125,30.0,2.233333333333333,24,24,24
20240112,영등포구,2024011120,3.0,-3.0,58.125,30.0,2.1958333333333333,24,24,24
20240112,용산구,2024011120,3.0,-3.0,58.75,30.0,2.1791666666666667,24,24,24
20240112,은평구,2024011120,3.0,-4.0,62.916666666666664,30.0,2.1166666666666667,24,24,24
20240112,종로구,2024011120,3.0,-3.0,61.666666666666664,30.0,2.129166666666667,24,24,24
20240112,중구,2024011120,3.0,-3.0,61.666666666666664,30.0,2.129166666666667,24,24,24
20240112,중랑구,2024011120,4.0,-3.0,57.708333333333336,30.0,2.1958333333333333,24,24,24
20240113,강남구,2024011220,5.0,-4.0,50.416666666666664,20.0,1.3333333333333333,24,24,24
20240113,강동구,2024011220,4.0,-5.0,53.125,20.0,1.3458333333333332,24,24,24
20240113,강북구,2024011220,2.0,-8.0,51.875,20.0,1.2958333333333334,24,24,24
20240113,강서구,2024011220,4.0,-5.0,56.25,20.0,1.425,24,24,24
20240113,관악구,2024011220,4.0,-4.0,52.916666666666664,20.0,1.366666666666667,24,24,24
20240113,광진구,2024011220,4.0,-4.0,48.541666666666664,20.0,1.325,24,24,24
20240113,구로구,2024011220,5.0,-3.0,51.875,30.0,1.4291666666666665,24,24,24
20240113,금천구,2024011220,4.0,-5.0,55.208333333333336,30.0,1.3708333333333331,24,24,24
20240113,노원구,2024011220,5.0,-6.0,51.666666666666664,20.0,1.3208333333333333,24,24,24
20240113,도봉구,2024011220,5.0,-6.0,51.666666666666664,20.0,1.3208333333333333,24,24,24
20240113,동대문구,2024011220,4.0,-4.0,48.125,20.0,1.3125,24,24,24
20240113,동작구,2024011220,4.0,-4.0,52.916666666666664,20.0,1.366666666666667,24,24,24
20240113,마포구,2024011220,4.0,-5.0,51.25,20.0,1.3166666666666669,24,24,24
20240113,서대문구,2024011220,4.0,-5.0,51.25,20.0,1.3166666666666669,24,24,24
20240113,서초구,2024011220,5.0,-4.0,50.416666666666664,20.0,1.3333333333333333,24,24,24
20240113,성동구,2024011220,4.0,-4.0,45.625,20.0,1.3083333333333331,24,24,24
20240113,성북구,2024011220,2.0,-8.0,51.875,20.0,1.2958333333333334,24,24,24
20240113,송파구,2024011220,5.0,-4.0,48.125,20.0,1.3416666666666668,24,24,24
20240113,양천구,2024011220,4.0,-4.0,50.625,20.0,1.3708333333333331,24,24,24
20240113,영등포구,2024011220,4.0,-4.0,51.041666666666664,20.0,1.3375,24,24,24
20240113,용산구,2024011220,4.0,-4.0,50.416666666666664,20.0,1.3291666666666666,24,24,24
20240113,은평구,2024011220,4.0,-6.0,54.583333333333336,20.0,1.304166666666667,24,24,24
20240113,종로구,2024011220,4.0,-5.0,50.0,20.0,1.3208333333333335,24,24,24
20240113,중구,2024011220,4.0,-5.0,50.0,20.0,1.3208333333333335,24,24,24
20240113,중랑구,2024011220,4.0,-5.0,49.166666666666664,20.0,1.325,24,24,24
20240114,강남구,2024011320,6.0,-2.0,74.58333333333333,60.0,3.095833333333333,24,24,24
20240114,강동구,2024011320,5.0,-2.0,74.16666666666667,60.0,2.75,24,24,24
20240114,강북구,2024011320,3.0,-4.0,77.91666666666667,60.0,2.8333333333333335,24,24,24
20240114,강서구,2024011320,6.0,-2.0,78.75,60.0,3.9125,24,24,24
20240114,관악구,2024011320,6.0,-1.0,75.625,60.0,3.370833333333333,24,24,24
20240114,광진구,2024011320,5.0,-2.0,72.29166666666667,60.0,2.7583333333333333,24,24,24
20240114,구로구,2024011320,6.0,0.0,72.29166666666667,60.0,3.6625,24,24,24
20240114,금천구,2024011320,6.0,-1.0,78.33333333333333,60.0,3.5666666666666664,24,24,24
20240114,노원구,2024011320,5.0,-3.0,77.70833333333333,60.0,2.6833333333333336,24,24,24
20240114,도봉구,2024011320,5.0,-3.0,77.70833333333333,60.0,2.6833333333333336,24,24,24
20240114,동대문구,2024011320,5.0,-2.0,73.75,60.0,2.691666666666667,24,24,24
20240114,동작구,2024011320,6.0,-1.0,75.625,60.0,3.370833333333333,24,24,24
20240114,마포구,2024011320,5.0,-1.0,76.04166666666667,60.0,3.070833333333333,24,24,24
20240114,서대문구,2024011320,5.0,-1.0,76.04166666666667,60.0,3.070833333333333,24,24,24
20240114,서초구,2024011320,6.0,-2.0,74.58333333333333,60.0,3.095833333333333,24,24,24
20240114,성동구,2024011320,6.0,-1.0,72.91666666666667,60.0,2.820833333333333,24,24,24
20240114,성북구,2024011320,3.0,-4.0,77.91666666666667,60.0,2.8333333333333335,24,24,24
20240114,송파구,2024011320,6.0,-2.0,71.04166666666667,60.0,2.9916666666666667,24,24,24
20240114,양천구,2024011320,6.0,-1.0,74.79166666666667,60.0,3.4958333333333336,24,24,24
20240114,영등포구,2024011320,5.0,-1.0,75.41666666666667,60.0,3.1374999999999997,24,24,24
20240114,용산구,2024011320,5.0,-1.0,74.79166666666667,60.0,2.954166666666667,24,24,24
20240114,은평구,2024011320,5.0,-2.0,79.58333333333333,60.0,3.0625,24,24,24
20240114,종로구,2024011320,5.0,-1.0,78.125,60.0,2.858333333333333,24,24,24
20240114,중구,2024011320,5.0,-1.0,78.125,60.0,2.858333333333333,24,24,24
20240114,중랑구,2024011320,5.0,-2.0,73.75,60.0,2.6666666666666665,24,24,24
20240115,강남구,2024011420,2.0,-6.0,48.125,0.0,2.6791666666666667,24,24,24
20240115,강동구,2024011420,1.0,-7.0,50.0,0.0,2.6791666666666667,24,24,24
20240115,강북구,2024011420,-1.0,-10.0,51.666666666666664,0.0,2.5500000000000003,24,24,24
20240115,강서구,2024011420,1.0,-8.0,51.25,0.0,2.7125000000000004,24,24,24
20240115,관악구,2024011420,1.0,-7.0,48.75,0.0,2.704166666666667,24,24,24
20240115,광진구,2024011420,2.0,-6.0,47.291666666666664,0.0,2.6791666666666667,24,24,24
20240115,구로구,2024011420,1.0,-6.0,43.75,0.0,2.7208333333333337,24,24,24
20240115,금천구,2024011420,1.0,-7.0,50.625,0.0,2.7291666666666665,24,24,24
20240115,노원구,2024011420,1.0,-8.0,52.083333333333336,0.0,2.629166666666667,24,24,24
20240115,도봉구,2024011420,1.0,-8.0,52.083333333333336,0.0,2.629166666666667,24,24,24
20240115,동대문구,2024011420,1.0,-7.0,48.333333333333336,0.0,2.6208333333333336,24,24,24
20240115,동작구,2024011420,1.0,-7.0,48.75,0.0,2.704166666666667,24,24,24
20240115,마포구,2024011420,1.0,-8.0,49.375,0.0,2.6208333333333336,24,24,24
20240115,서대문구,2024011420,1.0,-8.0,49.375,0.0,2.6208333333333336,24,24,24
20240115,서초구,2024011420,2.0,-6.0,48.125,0.0,2.6791666666666667,24,24,24
20240115,성동구,2024011420,2.0,-6.0,47.708333333333336,0.0,2.670833333333334,24,24,24
20240115,성북구,2024011420,-1.0,-10.0,51.666666666666664,0.0,2.5500000000000003,24,24,24
20240115,송파구,2024011420,2.0,-6.0,45.833333333333336,0.0,2.6791666666666667,24,24,24
20240115,양천구,2024011420,1.0,-7.0,47.708333333333336,0.0,2.6666666666666665,24,24,24
20240115,영등포구,2024011420,1.0,-7.0,48.333333333333336,0.0,2.670833333333333,24,24,24
20240115,용산구,2024011420,1.0,-7.0,48.75,0.0,2.670833333333333,24,24,24
20240115,은평구,2024011420,1.0,-8.0,52.708333333333336,0.0,2.5833333333333335,24,24,24
20240115,종로구,2024011420,1.0,-7.0,52.5,0.0,2.6125000000000003,24,24,24
20240115,중구,2024011420,1.0,-7.0,52.5,0.0,2.6125000000000003,24,24,24
20240115,중랑구,2024011420,2.0,-7.0,49.583333333333336,0.0,2.65,24,24,24
20240116,강남구,2024011520,4.0,-6.0,49.583333333333336,20.0,0.975,24,24,24
20240116,강동구,2024011520,4.0,-7.0,49.791666666666664,20.0,0.9125,24,24,24
20240116,강북구,2024011520,2.0,-10.0,49.166666666666664,30.0,1.0166666666666666,24,24,24
20240116,강서구,2024011520,3.0,-8.0,55.208333333333336,30.0,1.1,24,24,24
20240116,관악구,2024011520,4.0,-6.0,52.083333333333336,30.0,0.9958333333333332,24,24,24
20240116,광진구,2024011520,4.0,-6.0,46.666666666666664,20.0,0.9499999999999998,24,24,24
20240116,구로구,2024011520,4.0,-5.0,50.833333333333336,30.0,1.0208333333333333,24,24,24
20240116,금천구,2024011520,3.0,-7.0,54.166666666666664,30.0,1.0208333333333333,24,24,24
20240116,노원구,2024011520,4.0,-8.0,47.708333333333336,30.0,0.9916666666666668,24,24,24
20240116,도봉구,2024011520,4.0,-8.0,47.708333333333336,30.0,0.9916666666666668,24,24,24
20240116,동대문구,2024011520,4.0,-6.0,45.833333333333336,30.0,0.9791666666666666,24,24,24
20240116,동작구,2024011520,4.0,-6.0,52.083333333333336,30.0,0.9958333333333332,24,24,24
20240116,마포구,2024011520,4.0,-6.0,50.208333333333336,30.0,1.0125,24,24,24
20240116,서대문구,2024011520,4.0,-6.0,50.208333333333336,30.0,1.0125,24,24,24
20240116,서초구,2024011520,4.0,-6.0,49.583333333333336,20.0,0.975,24,24,24
20240116,성동구,2024011520,4.0,-6.0,43.541666666666664,30.0,0.975,24,24,24
20240116,성북구,2024011520,2.0,-10.0,49.166666666666664,30.0,1.0166666666666666,24,24,24
20240116,송파구,2024011520,5.0,-5.0,45.833333333333336,20.0,0.9291666666666668,24,24,24
20240116,양천구,2024011520,3.0,-6.0,49.583333333333336,30.0,1.008333333333333,24,24,24
20240116,영등포구,2024011520,4.0,-6.0,50.625,30.0,0.9916666666666668,24,24,24
20240116,용산구,2024011520,4.0,-6.0,50.416666666666664,30.0,1.0,24,24,24
20240116,은평구,2024011520,4.0,-8.0,51.666666666666664,30.0,1.0208333333333333,24,24,24
20240116,종로구,2024011520,4.0,-7.0,48.75,30.0,1.0125,24,24,24
20240116,중구,2024011520,4.0,-7.0,48.75,30.0,1.0125,24,24,24
20240116,중랑구,2024011520,4.0,-7.0,47.291666666666664,30.0,0.9416666666666668,24,24,24
20240117,강남구,2024011620,4.0,-2.0,66.875,60.0,0.8541666666666666,24,24,24
20240117,강동구,2024011620,4.0,-3.0,65.625,60.0,0.925,24,24,24
20240117,강북구,2024011620,1.0,-5.0,66.875,60.0,0.7916666666666666,24,24,24
20240117,강서구,2024011620,4.0,-3.0,71.66666666666667,60.0,0.75,24,24,24
20240117,관악구,2024011620,4.0,-2.0,69.375,60.0,0.8041666666666666,24,24,24
20240117,광진구,2024011620,4.0,-2.0,61.25,60.0,0.8875000000000001,24,24,24
20240117,구로구,2024011620,4.0,-1.0,67.08333333333333,60.0,0.8125,24,24,24
20240117,금천구,2024011620,4.0,-2.0,72.08333333333333,60.0,0.8333333333333334,24,24,24
20240117,노원구,2024011620,4.0,-4.0,66.45833333333333,60.0,0.8166666666666668,24,24,24
20240117,도봉구,2024011620,4.0,-4.0,66.45833333333333,60.0,0.8166666666666668,24,24,24
20240117,동대문구,2024011620,4.0,-2.0,63.125,60.0,0.8250000000000001,24,24,24
20240117,동작구,2024011620,4.0,-2.0,69.375,60.0,0.8041666666666666,24,24,24
20240117,마포구,2024011620,3.0,-2.0,67.70833333333333,60.0,0.7625000000000001,24,24,24
20240117,서대문구,2024011620,3.0,-2.0,67.70833333333333,60.0,0.7625000000000001,24,24,24
20240117,서초구,2024011620,4.0,-2.0,66.875,60.0,0.8541666666666666,24,24,24
20240117,성동구,2024011620,4.0,-2.0,62.083333333333336,60.0,0.8541666666666666,24,24,24
20240117,성북구,2024011620,1.0,-5.0,66.875,60.0,0.7916666666666666,24,24,24
20240117,송파구,2024011620,4.0,-2.0,61.666666666666664,60.0,0.8958333333333334,24,24,24
20240117,양천구,2024011620,4.0,-2.0,67.70833333333333,60.0,0.7541666666666668,24,24,24
20240117,영등포구,2024011620,3.0,-2.0,67.5,60.0,0.7833333333333333,24,24,24
20240117,용산구,2024011620,3.0,-2.0,66.66666666666667,60.0,0.8166666666666665,24,24,24
20240117,은평구,2024011620,4.0,-3.0,70.83333333333333,60.0,0.7541666666666668,24,24,24
20240117,종로구,2024011620,4.0,-2.0,66.04166666666667,60.0,0.7875,24,24,24
20240117,중구,2024011620,4.0,-2.0,66.04166666666667,60.0,0.7875,24,24,24
20240117,중랑구,2024011620,4.0,-3.0,63.125,60.0,0.8791666666666668,24,24,24
20240118,강남구,2024011720,10.0,3.0,75.20833333333333,60.0,1.9166666666666667,24,24,24
20240118,강동구,2024011720,10.0,1.0,74.375,60.0,2.0083333333333333,24,24,24
20240118,강북구,2024011720,8.0,-1.0,76.875,60.0,2.004166666666667,24,24,24
20240118,강서구,2024011720,10.0,1.0,78.33333333333333,60.0,2.170833333333333,24,24,24
20240118,관악구,2024011720,10.0,2.0,75.83333333333333,60.0,1.9458333333333335,24,24,24
20240118,광진구,2024011720,10.0,2.0,71.875,60.0,1.9833333333333332,24,24,24
20240118,구로구,2024011720,10.0,3.0,72.5,60.0,1.9625,24,24,24
20240118,금천구,2024011720,9.0,2.0,79.58333333333333,60.0,1.8458333333333332,24,24,24
20240118,노원구,2024011720,10.0,1.0,78.33333333333333,60.0,2.0375,24,24,24
20240118,도봉구,2024011720,10.0,1.0,78.33333333333333,60.0,2.0375,24,24,24
20240118,동대문구,2024011720,10.0,2.0,73.33333333333333,60.0,2.0,24,24,24
20240118,동작구,2024011720,10.0,2.0,75.83333333333333,60.0,1.9458333333333335,24,24,24
20240118,마포구,2024011720,10.0,2.0,75.0,60.0,2.033333333333333,24,24,24
20240118,서대문구,2024011720,10.0,2.0,75.0,60.0,2.033333333333333,24,24,24
20240118,서초구,2024011720,10.0,3.0,75.20833333333333,60.0,1.9166666666666667,24,24,24
20240118,성동구,2024011720,11.0,3.0,72.70833333333333,60.0,1.95,24,24,24
20240118,성북구,2024011720,8.0,-1.0,76.875,60.0,2.004166666666667,24,24,24
20240118,송파구,2024011720,11.0,3.0,71.25,60.0,1.925,24,24,24
20240118,양천구,2024011720,10.0,1.0,74.16666666666667,60.0,2.0041666666666664,24,24,24
20240118,영등포구,2024011720,10.0,2.0,74.375,60.0,1.9791666666666667,24,24,24
20240118,용산구,2024011720,10.0,2.0,74.58333333333333,60.0,1.9666666666666668,24,24,24
20240118,은평구,2024011720,10.0,1.0,78.95833333333333,60.0,2.066666666666667,24,24,24
20240118,종로구,2024011720,10.0,2.0,76.25,60.0,1.9666666666666668,24,24,24
20240118,중구,2024011720,10.0,2.0,76.25,60.0,1.9666666666666668,24,24,24
20240118,중랑구,2024011720,10.0,2.0,73.125,60.0,2.029166666666667,24,24,24
20240119,강남구,2024011820,8.0,1.0,63.958333333333336,30.0,2.3874999999999997,24,24,24
20240119,강동구,2024011820,8.0,1.0,64.16666666666667,30.0,2.6375,24,24,24
20240119,강북구,2024011820,6.0,-2.0,66.45833333333333,30.0,2.254166666666667,24,24,24
20240119,강서구,2024011820,8.0,0.0,67.91666666666667,30.0,2.1791666666666667,24,24,24
20240119,관악구,2024011820,8.0,1.0,64.58333333333333,30.0,2.2291666666666665,24,24,24
20240119,광진구,2024011820,8.0,1.0,62.291666666666664,30.0,2.5333333333333337,24,24,24
20240119,구로구,2024011820,9.0,2.0,60.625,30.0,2.1875,24,24,24
20240119,금천구,2024011820,8.0,1.0,67.5,30.0,2.2333333333333334,24,24,24
20240119,노원구,2024011820,8.0,-1.0,69.16666666666667,30.0,2.516666666666667,24,24,24
20240119,도봉구,2024011820,8.0,-1.0,69.16666666666667,30.0,2.516666666666667,24,24,24
20240119,동대문구,2024011820,8.0,1.0,63.333333333333336,30.0,2.4166666666666665,24,24,24
20240119,동작구,2024011820,8.0,1.0,64.58333333333333,30.0,2.2291666666666665,24,24,24
20240119,마포구,2024011820,8.0,1.0,64.375,30.0,2.1916666666666664,24,24,24
20240119,서대문구,2024011820,8.0,1.0,64.375,30.0,2.1916666666666664,24,24,24
20240119,서초구,2024011820,8.0,1.0,63.958333333333336,30.0,2.3874999999999997,24,24,24
20240119,성동구,2024011820,8.0,1.0,63.125,30.0,2.4124999999999996,24,24,24
20240119,성북구,2024011820,6.0,-2.0,66.45833333333333,30.0,2.254166666666667,24,24,24
20240119,송파구,2024011820,9.0,1.0,60.833333333333336,30.0,2.475,24,24,24
20240119,양천구,2024011820,8.0,1.0,63.958333333333336,30.0,2.15,24,24,24
20240119,영등포구,2024011820,8.0,1.0,63.75,30.0,2.2125,24,24,24
20240119,용산구,2024011820,8.0,1.0,63.958333333333336,30.0,2.279166666666667,24,24,24
20240119,은평구,2024011820,8.0,0.0,68.95833333333333,30.0,2.1666666666666665,24,24,24
20240119,종로구,2024011820,8.0,1.0,66.45833333333333,30.0,2.279166666666667,24,24,24
20240119,중구,2024011820,8.0,1.0,66.45833333333333,30.0,2.279166666666667,24,24,24
20240119,중랑구,2024011820,8.0,1.0,63.333333333333336,30.0,2.595833333333333,24,24,24
20240120,강남구,2024011920,7.0,2.0,63.125,30.0,2.983333333333333,24,24,24
20240120,강동구,2024011920,7.0,2.0,63.333333333333336,30.0,3.2875,24,24,24
20240120,강북구,2024011920,4.0,-1.0,66.66666666666667,30.0,2.9333333333333336,24,24,24
20240120,강서구,2024011920,7.0,1.0,66.04166666666667,30.0,3.0291666666666663,24,24,24
20240120,관악구,2024011920,7.0,2.0,63.75,30.0,2.9291666666666667,24,24,24
20240120,광진구,2024011920,7.0,2.0,61.458333333333336,30.0,3.1666666666666665,24,24,24
20240120,구로구,2024011920,8.0,3.0,59.791666666666664,30.0,2.9291666666666667,24,24,24
20240120,금천구,2024011920,7.0,2.0,66.04166666666667,30.0,2.908333333333333,24,24,24
20240120,노원구,2024011920,7.0,1.0,68.33333333333333,30.0,3.241666666666667,24,24,24
20240120,도봉구,2024011920,7.0,1.0,68.33333333333333,30.0,3.241666666666667,24,24,24
20240120,동대문구,2024011920,7.0,2.0,63.541666666666664,30.0,3.0833333333333335,24,24,24
20240120,동작구,2024011920,7.0,2.0,63.75,30.0,2.9291666666666667,24,24,24
20240120,마포구,2024011920,7.0,1.0,63.75,30.0,2.9333333333333336,24,24,24
20240120,서대문구,2024011920,7.0,1.0,63.75,30.0,2.9333333333333336,24,24,24
20240120,서초구,2024011920,7.0,2.0,63.125,30.0,2.983333333333333,24,24,24
20240120,성동구,2024011920,7.0,1.0,63.75,30.0,3.0375,24,24,24
20240120,성북구,2024011920,4.0,-1.0,66.66666666666667,30.0,2.9333333333333336,24,24,24
20240120,송파구,2024011920,8.0,2.0,60.625,30.0,3.0749999999999993,24,24,24
20240120,양천구,2024011920,7.0,2.0,61.875,30.0,2.904166666666667,24,24,24
20240120,영등포구,2024011920,7.0,2.0,62.291666666666664,30.0,2.9249999999999994,24,24,24
20240120,용산구,2024011920,7.0,1.0,62.708333333333336,30.0,2.9291666666666667,24,24,24
20240120,은평구,2024011920,7.0,2.0,67.5,30.0,2.9375,24,24,24
20240120,종로구,2024011920,7.0,1.0,67.08333333333333,30.0,2.920833333333334,24,24,24
20240120,중구,2024011920,7.0,1.0,67.08333333333333,30.0,2.920833333333334,24,24,24
20240120,중랑구,2024011920,7.0,2.0,62.5,30.0,3.2625000000000006,24,24,24
20240121,강남구,2024012020,6.0,2.0,66.66666666666667,60.0,1.9541666666666668,24,24,24
20240121,강동구,2024012020,6.0,2.0,67.29166666666667,60.0,2.0749999999999997,24,24,24
20240121,강북구,2024012020,4.0,-1.0,71.25,60.0,1.9125000000000003,24,24,24
20240121,강서구,2024012020,6.0,1.0,70.625,60.0,2.2416666666666667,24,24,24
20240121,관악구,2024012020,6.0,2.0,68.54166666666667,60.0,2.0125,24,24,24
20240121,광진구,2024012020,6.0,2.0,65.41666666666667,60.0,2.0291666666666663,24,24,24
20240121,구로구,2024012020,6.0,3.0,64.375,60.0,2.0875,24,24,24
20240121,금천구,2024012020,6.0,2.0,70.83333333333333,60.0,2.0083333333333333,24,24,24
20240121,노원구,2024012020,6.0,1.0,71.45833333333333,60.0,2.0999999999999996,24,24,24
20240121,도봉구,2024012020,6.0,1.0,71.45833333333333,60.0,2.0999999999999996,24,24,24
20240121,동대문구,2024012020,6.0,2.0,66.45833333333333,60.0,1.9625,24,24,24
20240121,동작구,2024012020,6.0,2.0,68.54166666666667,60.0,2.0125,24,24,24
20240121,마포구,2024012020,6.0,1.0,69.16666666666667,60.0,1.9875,24,24,24
20240121,서대문구,2024012020,6.0,1.0,69.16666666666667,60.0,1.9875,24,24,24
20240121,서초구,2024012020,6.0,2.0,66.66666666666667,60.0,1.9541666666666668,24,24,24
20240121,성동구,2024012020,6.0,2.0,66.66666666666667,60.0,1.9791666666666667,24,24,24
20240121,성북구,2024012020,4.0,-1.0,71.25,60.0,1.9125000000000003,24,24,24
20240121,송파구,2024012020,7.0,2.0,64.16666666666667,60.0,1.991666666666667,24,24,24
20240121,양천구,2024012020,6.0,1.0,67.5,60.0,2.0749999999999997,24,24,24
20240121,영등포구,2024012020,6.0,2.0,66.875,60.0,2.004166666666667,24,24,24
20240121,용산구,2024012020,6.0,2.0,66.875,60.0,1.9416666666666664,24,24,24
20240121,은평구,2024012020,6.0,1.0,72.70833333333333,60.0,2.0041666666666664,24,24,24
20240121,종로구,2024012020,6.0,1.0,69.58333333333333,60.0,1.9333333333333331,24,24,24
20240121,중구,2024012020,6.0,1.0,69.58333333333333,60.0,1.9333333333333331,24,24,24
20240121,중랑구,2024012020,6.0,2.0,66.45833333333333,60.0,2.058333333333333,24,24,24
20240122,강남구,2024012120,-6.0,-9.0,57.083333333333336,30.0,4.116666666666666,24,24,24
20240122,강동구,2024012120,-6.0,-9.0,57.708333333333336,30.0,4.004166666666666,24,24,24
20240122,강북구,2024012120,-9.0,-12.0,61.25,30.0,3.8125,24,24,24
20240122,강서구,2024012120,-6.0,-10.0,60.208333333333336,30.0,4.295833333333333,24,24,24
20240122,관악구,2024012120,-6.0,-9.0,57.5,30.0,4.208333333333333,24,24,24
20240122,광진구,2024012120,-6.0,-8.0,56.25,30.0,4.0249999999999995,24,24,24
20240122,구로구,2024012120,-6.0,-9.0,52.5,30.0,4.2749999999999995,24,24,24
20240122,금천구,2024012120,-7.0,-9.0,60.0,30.0,4.266666666666667,24,24,24
20240122,노원구,2024012120,-6.0,-9.0,61.666666666666664,30.0,3.8416666666666663,24,24,24
20240122,도봉구,2024012120,-6.0,-9.0,61.666666666666664,30.0,3.8416666666666663,24,24,24
20240122,동대문구,2024012120,-6.0,-9.0,58.125,30.0,3.9416666666666664,24,24,24
20240122,동작구,2024012120,-6.0,-9.0,57.5,30.0,4.208333333333333,24,24,24
20240122,마포구,2024012120,-7.0,-10.0,59.166666666666664,30.0,4.0249999999999995,24,24,24
20240122,서대문구,2024012120,-7.0,-10.0,59.166666666666664,30.0,4.0249999999999995,24,24,24
20240122,서초구,2024012120,-6.0,-9.0,57.083333333333336,30.0,4.116666666666666,24,24,24
20240122,성동구,2024012120,-6.0,-9.0,58.125,30.0,4.05,24,24,24
20240122,성북구,2024012120,-9.0,-12.0,61.25,30.0,3.8125,24,24,24
20240122,송파구,2024012120,-6.0,-8.0,55.208333333333336,30.0,4.0625,24,24,24
20240122,양천구,2024012120,-7.0,-10.0,56.458333333333336,30.0,4.175,24,24,24
20240122,영등포구,2024012120,-7.0,-9.0,57.083333333333336,30.0,4.108333333333333,24,24,24
20240122,용산구,2024012120,-7.0,-9.0,57.916666666666664,30.0,4.066666666666666,24,24,24
20240122,은평구,2024012120,-7.0,-10.0,61.666666666666664,30.0,3.9416666666666664,24,24,24
20240122,종로구,2024012120,-6.0,-10.0,62.083333333333336,30.0,3.9375,24,24,24
20240122,중구,2024012120,-6.0,-10.0,62.083333333333336,30.0,3.9375,24,24,24
20240122,중랑구,2024012120,-6.0,-8.0,57.083333333333336,30.0,3.954166666666667,24,24,24
20240123,강남구,2024012220,-7.0,-12.0,51.666666666666664,30.0,3.970833333333333,24,24,24
20240123,강동구,2024012220,-7.0,-13.0,52.5,30.0,3.85,24,24,24
20240123,강북구,2024012220,-10.0,-15.0,55.0,30.0,3.579166666666667,24,24,24
20240123,강서구,2024012220,-7.0,-14.0,54.791666666666664,30.0,3.983333333333333,24,24,24
20240123,관악구,2024012220,-8.0,-13.0,53.333333333333336,30.0,4.0375000000000005,24,24,24
20240123,광진구,2024012220,-7.0,-13.0,51.041666666666664,30.0,3.8666666666666663,24,24,24
20240123,구로구,2024012220,-7.0,-13.0,48.75,30.0,4.0874999999999995,24,24,24
20240123,금천구,2024012220,-8.0,-13.0,56.458333333333336,30.0,4.1125,24,24,24
20240123,노원구,2024012220,-8.0,-14.0,54.791666666666664,30.0,3.625,24,24,24
20240123,도봉구,2024012220,-8.0,-14.0,54.791666666666664,30.0,3.625,24,24,24
20240123,동대문구,2024012220,-7.0,-13.0,51.875,30.0,3.7416666666666663,24,24,24
20240123,동작구,2024012220,-8.0,-13.0,53.333333333333336,30.0,4.0375000000000005,24,24,24
20240123,마포구,2024012220,-8.0,-14.0,52.708333333333336,30.0,3.8083333333333336,24,24,24
20240123,서대문구,2024012220,-8.0,-14.0,52.708333333333336,30.0,3.8083333333333336,24,24,24
20240123,서초구,2024012220,-7.0,-12.0,51.666666666666664,30.0,3.970833333333333,24,24,24
20240123,성동구,2024012220,-7.0,-13.0,52.083333333333336,30.0,3.8875,24,24,24
20240123,성북구,2024012220,-10.0,-15.0,55.0,30.0,3.579166666666667,24,24,24
20240123,송파구,2024012220,-7.0,-12.0,49.791666666666664,30.0,3.9291666666666663,24,24,24
20240123,양천구,2024012220,-8.0,-13.0,51.875,30.0,3.954166666666667,24,24,24
20240123,영등포구,2024012220,-8.0,-13.0,51.875,30.0,3.920833333333333,24,24,24
20240123,용산구,2024012220,-8.0,-13.0,52.291666666666664,30.0,3.9,24,24,24
20240123,은평구,2024012220,-8.0,-14.0,55.625,30.0,3.6791666666666663,24,24,24
20240123,종로구,2024012220,-7.0,-14.0,56.458333333333336,30.0,3.733333333333333,24,24,24
20240123,중구,2024012220,-7.0,-14.0,56.458333333333336,30.0,3.733333333333333,24,24,24
20240123,중랑구,2024012220,-7.0,-13.0,51.458333333333336,30.0,3.779166666666667,24,24,24
20240124,강남구,2024012320,-3.0,-11.0,50.208333333333336,0.0,3.7541666666666664,24,24,24
20240124,강동구,2024012320,-3.0,-11.0,50.625,0.0,3.695833333333333,24,24,24
20240124,강북구,2024012320,-6.0,-14.0,52.708333333333336,0.0,3.4583333333333335,24,24,24
20240124,강서구,2024012320,-3.0,-12.0,51.875,0.0,3.8416666666666672,24,24,24
20240124,관악구,2024012320,-4.0,-11.0,52.291666666666664,0.0,3.8125,24,24,24
20240124,광진구,2024012320,-3.0,-11.0,48.958333333333336,0.0,3.6916666666666664,24,24,24
20240124,구로구,2024012320,-3.0,-10.0,47.291666666666664,0.0,3.8375,24,24,24
20240124,금천구,2024012320,-4.0,-11.0,53.541666666666664,0.0,3.858333333333333,24,24,24
20240124,노원구,2024012320,-3.0,-12.0,53.958333333333336,0.0,3.5291666666666663,24,24,24
20240124,도봉구,2024012320,-3.0,-12.0,53.958333333333336,0.0,3.5291666666666663,24,24,24
20240124,동대문구,2024012320,-3.0,-11.0,50.625,0.0,3.608333333333333,24,24,24
20240124,동작구,2024012320,-4.0,-11.0,52.291666666666664,0.0,3.8125,24,24,24
20240124,마포구,2024012320,-4.0,-12.0,51.25,0.0,3.641666666666667,24,24,24
20240124,서대문구,2024012320,-4.0,-12.0,51.25,0.0,3.641666666666667,24,24,24
20240124,서초구,2024012320,-3.0,-11.0,50.208333333333336,0.0,3.7541666666666664,24,24,24
20240124,성동구,2024012320,-3.0,-11.0,50.416666666666664,0.0,3.6875,24,24,24
20240124,성북구,2024012320,-6.0,-14.0,52.708333333333336,0.0,3.4583333333333335,24,24,24
20240124,송파구,2024012320,-3.0,-10.0,47.708333333333336,0.0,3.7291666666666665,24,24,24
20240124,양천구,2024012320,-4.0,-11.0,50.208333333333336,0.0,3.7583333333333337,24,24,24
20240124,영등포구,2024012320,-4.0,-11.0,50.416666666666664,0.0,3.720833333333333,24,24,24
20240124,용산구,2024012320,-4.0,-11.0,51.041666666666664,0.0,3.7083333333333335,24,24,24
20240124,은평구,2024012320,-4.0,-12.0,53.333333333333336,0.0,3.5416666666666665,24,24,24
20240124,종로구,2024012320,-4.0,-12.0,55.208333333333336,0.0,3.5749999999999993,24,24,24
20240124,중구,2024012320,-4.0,-12.0,55.208333333333336,0.0,3.5749999999999993,24,24,24
20240124,중랑구,2024012320,-3.0,-11.0,50.0,0.0,3.6333333333333337,24,24,24
20240125,강남구,2024012420,0.0,-9.0,49.791666666666664,30.0,2.3333333333333335,24,24,24
20240125,강동구,2024012420,0.0,-10.0,50.0,30.0,2.295833333333333,24,24,24
20240125,강북구,2024012420,-3.0,-13.0,53.125,30.0,2.220833333333333,24,24,24
20240125,강서구,2024012420,0.0,-11.0,52.083333333333336,30.0,2.3333333333333335,24,24,24
20240125,관악구,2024012420,0.0,-10.0,50.833333333333336,30.0,2.3375,24,24,24
20240125,광진구,2024012420,0.0,-9.0,48.125,30.0,2.295833333333333,24,24,24
20240125,구로구,2024012420,0.0,-9.0,46.25,30.0,2.3791666666666664,24,24,24
20240125,금천구,2024012420,-1.0,-10.0,52.708333333333336,30.0,2.3916666666666666,24,24,24
20240125,노원구,2024012420,0.0,-11.0,54.166666666666664,30.0,2.216666666666667,24,24,24
20240125,도봉구,2024012420,0.0,-11.0,54.166666666666664,30.0,2.216666666666667,24,24,24
20240125,동대문구,2024012420,0.0,-10.0,50.0,30.0,2.2583333333333333,24,24,24
20240125,동작구,2024012420,0.0,-10.0,50.833333333333336,30.0,2.3375,24,24,24
20240125,마포구,2024012420,0.0,-10.0,51.041666666666664,30.0,2.2666666666666666,24,24,24
20240125,서대문구,2024012420,0.0,-10.0,51.041666666666664,30.0,2.2666666666666666,24,24,24
20240125,서초구,2024012420,0.0,-9.0,49.791666666666664,30.0,2.3333333333333335,24,24,24
20240125,성동구,2024012420,0.0,-9.0,48.333333333333336,30.0,2.3208333333333333,24,24,24
20240125,성북구,2024012420,-3.0,-13.0,53.125,30.0,2.220833333333333,24,24,24
20240125,송파구,2024012420,0.0,-9.0,46.875,30.0,2.3375000000000004,24,24,24
20240125,양천구,2024012420,0.0,-10.0,49.375,30.0,2.3208333333333333,24,24,24
20240125,영등포구,2024012420,0.0,-10.0,50.0,30.0,2.3208333333333333,24,24,24
20240125,용산구,2024012420,-1.0,-10.0,50.208333333333336,30.0,2.3125,24,24,24
20240125,은평구,2024012420,0.0,-12.0,53.958333333333336,30.0,2.216666666666667,24,24,24
20240125,종로구,2024012420,0.0,-10.0,54.166666666666664,30.0,2.2708333333333335,24,24,24
20240125,중구,2024012420,0.0,-10.0,54.166666666666664,30.0,2.2708333333333335,24,24,24
20240125,중랑구,2024012420,0.0,-10.0,50.0,30.0,2.2624999999999997,24,24,24
20240126,강남구,2024012520,4.0,-5.0,63.958333333333336,30.0,1.3208333333333335,24,24,24
20240126,강동구,2024012520,3.0,-7.0,63.958333333333336,30.0,1.3916666666666666,24,24,24
20240126,강북구,2024012520,1.0,-9.0,65.20833333333333,30.0,1.3166666666666669,24,24,24
20240126,강서구,2024012520,3.0,-7.0,67.70833333333333,30.0,1.3208333333333335,24,24,24
20240126,관악구,2024012520,3.0,-5.0,66.04166666666667,30.0,1.2791666666666666,24,24,24
20240126,광진구,2024012520,3.0,-5.0,61.25,30.0,1.3583333333333334,24,24,24
20240126,구로구,2024012520,4.0,-4.0,62.5,30.0,1.2541666666666669,24,24,24
20240126,금천구,2024012520,3.0,-6.0,69.16666666666667,30.0,1.2999999999999998,24,24,24
20240126,노원구,2024012520,4.0,-7.0,67.08333333333333,30.0,1.4083333333333332,24,24,24
20240126,도봉구,2024012520,4.0,-7.0,67.08333333333333,30.0,1.4083333333333332,24,24,24
20240126,동대문구,2024012520,3.0,-5.0,62.5,30.0,1.3500000000000003,24,24,24
20240126,동작구,2024012520,3.0,-5.0,66.04166666666667,30.0,1.2791666666666666,24,24,24
20240126,마포구,2024012520,3.0,-6.0,65.20833333333333,30.0,1.2916666666666667,24,24,24
20240126,서대문구,2024012520,3.0,-6.0,65.20833333333333,30.0,1.2916666666666667,24,24,24
20240126,서초구,2024012520,4.0,-5.0,63.958333333333336,30.0,1.3208333333333335,24,24,24
20240126,성동구,2024012520,4.0,-5.0,60.625,30.0,1.3291666666666668,24,24,24
20240126,성북구,2024012520,1.0,-9.0,65.20833333333333,30.0,1.3166666666666669,24,24,24
20240126,송파구,2024012520,4.0,-5.0,60.625,30.0,1.3458333333333332,24,24,24
20240126,양천구,2024012520,3.0,-5.0,63.75,30.0,1.275,24,24,24
20240126,영등포구,2024012520,3.0,-5.0,63.958333333333336,30.0,1.275,24,24,24
20240126,용산구,2024012520,3.0,-5.0,63.75,30.0,1.3166666666666669,24,24,24
20240126,은평구,2024012520,4.0,-7.0,67.5,30.0,1.3083333333333331,24,24,24
20240126,종로구,2024012520,3.0,-6.0,66.25,30.0,1.3125,24,24,24
20240126,중구,2024012520,3.0,-6.0,66.25,30.0,1.3125,24,24,24
20240126,중랑구,2024012520,4.0,-6.0,63.125,30.0,1.3916666666666668,24,24,24
20240127,강남구,2024012620,3.0,-4.0,63.333333333333336,20.0,1.625,24,24,24
20240127,강동구,2024012620,3.0,-5.0,65.625,20.0,1.6166666666666665,24,24,24
20240127,강북구,2024012620,1.0,-7.0,65.20833333333333,20.0,1.491666666666667,24,24,24
20240127,강서구,2024012620,3.0,-5.0,67.70833333333333,20.0,1.6333333333333335,24,24,24
20240127,관악구,2024012620,3.0,-4.0,64.58333333333333,20.0,1.6458333333333333,24,24,24
20240127,광진구,2024012620,3.0,-4.0,61.875,20.0,1.6083333333333332,24,24,24
20240127,구로구,2024012620,3.0,-3.0,62.291666666666664,20.0,1.6499999999999997,24,24,24
20240127,금천구,2024012620,2.0,-5.0,67.91666666666667,20.0,1.6625,24,24,24
20240127,노원구,2024012620,3.0,-6.0,66.66666666666667,20.0,1.5041666666666664,24,24,24
20240127,도봉구,2024012620,3.0,-6.0,66.66666666666667,20.0,1.5041666666666664,24,24,24
20240127,동대문구,2024012620,3.0,-4.0,61.875,20.0,1.5625,24,24,24
20240127,동작구,2024012620,3.0,-4.0,64.58333333333333,20.0,1.6458333333333333,24,24,24
20240127,마포구,2024012620,3.0,-4.0,64.58333333333333,20.0,1.5541666666666665,24,24,24
20240127,서대문구,2024012620,3.0,-4.0,64.58333333333333,20.0,1.5541666666666665,24,24,24
20240127,서초구,2024012620,3.0,-4.0,63.333333333333336,20.0,1.625,24,24,24
20240127,성동구,2024012620,4.0,-3.0,59.375,20.0,1.625,24,24,24
20240127,성북구,2024012620,1.0,-7.0,65.20833333333333,20.0,1.491666666666667,24,24,24
20240127,송파구,2024012620,4.0,-3.0,60.416666666666664,20.0,1.6541666666666666,24,24,24
20240127,양천구,2024012620,3.0,-4.0,63.333333333333336,20.0,1.6041666666666667,24,24,24
20240127,영등포구,2024012620,3.0,-4.0,63.958333333333336,20.0,1.6125,24,24,24
20240127,용산구,2024012620,3.0,-4.0,63.541666666666664,20.0,1.6000000000000003,24,24,24
20240127,은평구,2024012620,3.0,-6.0,68.125,20.0,1.5125,24,24,24
20240127,종로구,2024012620,3.0,-4.0,63.958333333333336,20.0,1.5333333333333332,24,24,24
20240127,중구,2024012620,3.0,-4.0,63.958333333333336,20.0,1.5333333333333332,24,24,24
20240127,중랑구,2024012620,3.0,-4.0,63.125,20.0,1.5916666666666668,24,24,24
20240128,강남구,2024012720,3.0,-4.0,63.333333333333336,20.0,1.5041666666666669,24,24,24
20240128,강동구,2024012720,3.0,-5.0,64.16666666666667,30.0,1.4624999999999997,24,24,24
20240128,강북구,2024012720,0.0,-8.0,66.25,30.0,1.3999999999999997,24,24,24
20240128,강서구,2024012720,2.0,-6.0,68.125,20.0,1.5291666666666668,24,24,24
20240128,관악구,2024012720,2.0,-5.0,65.20833333333333,20.0,1.5416666666666667,24,24,24
20240128,광진구,2024012720,3.0,-5.0,62.083333333333336,30.0,1.4625,24,24,24
20240128,구로구,2024012720,2.0,-4.0,61.458333333333336,20.0,1.5583333333333331,24,24,24
20240128,금천구,2024012720,1.0,-5.0,66.875,30.0,1.5708333333333335,24,24,24
20240128,노원구,2024012720,3.0,-6.0,67.29166666666667,30.0,1.3500000000000003,24,24,24
20240128,도봉구,2024012720,3.0,-6.0,67.29166666666667,30.0,1.3500000000000003,24,24,24
20240128,동대문구,2024012720,2.0,-5.0,63.125,30.0,1.4208333333333332,24,24,24
20240128,동작구,2024012720,2.0,-5.0,65.20833333333333,20.0,1.5416666666666667,24,24,24
20240128,마포구,2024012720,2.0,-5.0,65.0,20.0,1.445833333333333,24,24,24
20240128,서대문구,2024012720,2.0,-5.0,65.0,20.0,1.445833333333333,24,24,24
20240128,서초구,2024012720,3.0,-4.0,63.333333333333336,20.0,1.5041666666666669,24,24,24
20240128,성동구,2024012720,3.0,-4.0,61.875,30.0,1.4750000000000003,24,24,24
20240128,성북구,2024012720,0.0,-8.0,66.25,30.0,1.3999999999999997,24,24,24
20240128,송파구,2024012720,3.0,-4.0,60.833333333333336,20.0,1.5166666666666666,24,24,24
20240128,양천구,2024012720,2.0,-4.0,62.916666666666664,20.0,1.508333333333333,24,24,24
20240128,영등포구,2024012720,2.0,-4.0,63.333333333333336,20.0,1.5083333333333335,24,24,24
20240128,용산구,2024012720,2.0,-4.0,63.958333333333336,20.0,1.4958333333333336,24,24,24
20240128,은평구,2024012720,2.0,-6.0,68.75,30.0,1.4041666666666668,24,24,24
20240128,종로구,2024012720,2.0,-5.0,66.04166666666667,20.0,1.4291666666666665,24,24,24
20240128,중구,2024012720,2.0,-5.0,66.04166666666667,20.0,1.4291666666666665,24,24,24
20240128,중랑구,2024012720,3.0,-5.0,62.708333333333336,30.0,1.4333333333333331,24,24,24
20240129,강남구,2024012820,5.0,-3.0,67.70833333333333,20.0,0.9791666666666666,24,24,24
20240129,강동구,2024012820,5.0,-4.0,66.875,20.0,0.9916666666666668,24,24,24
20240129,강북구,2024012820,2.0,-7.0,70.625,20.0,0.9541666666666666,24,24,24
20240129,강서구,2024012820,4.0,-5.0,72.5,20.0,0.9958333333333332,24,24,24
20240129,관악구,2024012820,4.0,-4.0,69.79166666666667,20.0,0.9833333333333334,24,24,24
20240129,광진구,2024012820,5.0,-3.0,65.625,20.0,0.9916666666666666,24,24,24
20240129,구로구,2024012820,4.0,-3.0,66.25,20.0,0.9916666666666668,24,24,24
20240129,금천구,2024012820,4.0,-4.0,71.04166666666667,30.0,0.975,24,24,24
20240129,노원구,2024012820,4.0,-5.0,70.625,20.0,0.9791666666666666,24,24,24
20240129,도봉구,2024012820,4.0,-5.0,70.625,20.0,0.9791666666666666,24,24,24
20240129,동대문구,2024012820,4.0,-3.0,66.875,20.0,0.975,24,24,24
20240129,동작구,2024012820,4.0,-4.0,69.79166666666667,20.0,0.9833333333333334,24,24,24
20240129,마포구,2024012820,4.0,-4.0,70.0,20.0,0.9583333333333334,24,24,24
20240129,서대문구,2024012820,4.0,-4.0,70.0,20.0,0.9583333333333334,24,24,24
20240129,서초구,2024012820,5.0,-3.0,67.70833333333333,20.0,0.9791666666666666,24,24,24
20240129,성동구,2024012820,5.0,-3.0,66.25,20.0,0.9833333333333334,24,24,24
20240129,성북구,2024012820,2.0,-7.0,70.625,20.0,0.9541666666666666,24,24,24
20240129,송파구,2024012820,5.0,-3.0,64.58333333333333,20.0,0.9791666666666666,24,24,24
20240129,양천구,2024012820,4.0,-4.0,68.33333333333333,20.0,0.9791666666666666,24,24,24
20240129,영등포구,2024012820,4.0,-4.0,68.75,20.0,0.9708333333333332,24,24,24
20240129,용산구,2024012820,4.0,-4.0,68.33333333333333,20.0,0.9833333333333334,24,24,24
20240129,은평구,2024012820,4.0,-5.0,72.91666666666667,20.0,0.95,24,24,24
20240129,종로구,2024012820,4.0,-4.0,71.25,20.0,0.9666666666666668,24,24,24
20240129,중구,2024012820,4.0,-4.0,71.25,20.0,0.9666666666666668,24,24,24
20240129,중랑구,2024012820,5.0,-4.0,66.45833333333333,20.0,0.9958333333333332,24,24,24
20240130,강남구,2024012920,7.0,-2.0,61.875,20.0,0.8458333333333332,24,24,24
20240130,강동구,2024012920,7.0,-3.0,61.458333333333336,20.0,0.9666666666666668,24,24,24
20240130,강북구,2024012920,5.0,-5.0,64.375,30.0,0.6208333333333333,24,24,24
20240130,강서구,2024012920,7.0,-4.0,71.45833333333333,20.0,0.6083333333333334,24,24,24
20240130,관악구,2024012920,7.0,-2.0,65.83333333333333,20.0,0.7041666666666666,24,24,24
20240130,광진구,2024012920,7.0,-2.0,58.541666666666664,20.0,0.8916666666666666,24,24,24
20240130,구로구,2024012920,8.0,-1.0,64.79166666666667,20.0,0.6541666666666667,24,24,24
20240130,금천구,2024012920,7.0,-3.0,70.0,20.0,0.7416666666666667,24,24,24
20240130,노원구,2024012920,7.0,-4.0,65.0,30.0,0.6791666666666667,24,24,24
20240130,도봉구,2024012920,7.0,-4.0,65.0,30.0,0.6791666666666667,24,24,24
20240130,동대문구,2024012920,7.0,-2.0,60.416666666666664,20.0,0.7458333333333332,24,24,24
20240130,동작구,2024012920,7.0,-2.0,65.83333333333333,20.0,0.7041666666666666,24,24,24
20240130,마포구,2024012920,7.0,-2.0,65.0,30.0,0.6083333333333334,24,24,24
20240130,서대문구,2024012920,7.0,-2.0,65.0,30.0,0.6083333333333334,24,24,24
20240130,서초구,2024012920,7.0,-2.0,61.875,20.0,0.8458333333333332,24,24,24
20240130,성동구,2024012920,7.0,-2.0,58.541666666666664,20.0,0.8083333333333335,24,24,24
20240130,성북구,2024012920,5.0,-5.0,64.375,30.0,0.6208333333333333,24,24,24
20240130,송파구,2024012920,7.0,-1.0,58.541666666666664,20.0,0.9291666666666668,24,24,24
20240130,양천구,2024012920,7.0,-2.0,65.0,20.0,0.6124999999999999,24,24,24
20240130,영등포구,2024012920,7.0,-2.0,64.16666666666667,30.0,0.6541666666666667,24,24,24
20240130,용산구,2024012920,7.0,-2.0,62.708333333333336,20.0,0.7375000000000002,24,24,24
20240130,은평구,2024012920,7.0,-3.0,68.54166666666667,30.0,0.5833333333333334,24,24,24
20240130,종로구,2024012920,7.0,-2.0,63.75,30.0,0.65,24,24,24
20240130,중구,2024012920,7.0,-2.0,63.75,30.0,0.65,24,24,24
20240130,중랑구,2024012920,7.0,-3.0,60.416666666666664,20.0,0.8458333333333332,24,24,24
20240131,강남구,2024013020,10.0,1.0,59.166666666666664,30.0,1.3791666666666669,24,24,24
20240131,강동구,2024013020,10.0,0.0,59.375,30.0,1.3791666666666669,24,24,24
20240131,강북구,2024013020,7.0,-3.0,61.25,30.0,1.3791666666666669,24,24,24
20240131,강서구,2024013020,9.0,-1.0,67.5,30.0,1.4166666666666667,24,24,24
20240131,관악구,2024013020,9.0,1.0,61.875,30.0,1.375,24,24,24
20240131,광진구,2024013020,10.0,1.0,56.041666666666664,30.0,1.375,24,24,24
20240131,구로구,2024013020,10.0,2.0,60.0,30.0,1.366666666666667,24,24,24
20240131,금천구,2024013020,9.0,0.0,64.375,30.0,1.3666666666666665,24,24,24
20240131,노원구,2024013020,9.0,-2.0,62.708333333333336,30.0,1.4041666666666668,24,24,24
20240131,도봉구,2024013020,9.0,-2.0,62.708333333333336,30.0,1.4041666666666668,24,24,24
20240131,동대문구,2024013020,9.0,1.0,57.083333333333336,30.0,1.375,24,24,24
20240131,동작구,2024013020,9.0,1.0,61.875,30.0,1.375,24,24,24
20240131,마포구,2024013020,9.0,0.0,61.041666666666664,30.0,1.3708333333333331,24,24,24
20240131,서대문구,2024013020,9.0,0.0,61.041666666666664,30.0,1.3708333333333331,24,24,24
20240131,서초구,2024013020,10.0,1.0,59.166666666666664,30.0,1.3791666666666669,24,24,24
20240131,성동구,2024013020,10.0,1.0,53.958333333333336,30.0,1.3708333333333331,24,24,24
20240131,성북구,2024013020,7.0,-3.0,61.25,30.0,1.3791666666666669,24,24,24
20240131,송파구,2024013020,10.0,1.0,55.416666666666664,30.0,1.3625,24,24,24
20240131,양천구,2024013020,9.0,1.0,60.416666666666664,30.0,1.3833333333333335,24,24,24
20240131,영등포구,2024013020,9.0,1.0,60.0,30.0,1.3708333333333331,24,24,24
20240131,용산구,2024013020,9.0,1.0,59.166666666666664,30.0,1.375,24,24,24
20240131,은평구,2024013020,9.0,-1.0,65.0,30.0,1.3541666666666667,24,24,24
20240131,종로구,2024013020,9.0,0.0,59.583333333333336,30.0,1.3791666666666669,24,24,24
20240131,중구,2024013020,9.0,0.0,59.583333333333336,30.0,1.3791666666666669,24,24,24
20240131,중랑구,2024013020,10.0,0.0,57.291666666666664,30.0,1.3875,24,24,24
20240201,강남구,2024013120,7.0,-2.0,61.25,30.0,1.7541666666666664,24,24,24
20240201,강동구,2024013120,7.0,-3.0,62.5,30.0,1.575,24,24,24
20240201,강북구,2024013120,4.0,-6.0,62.916666666666664,30.0,1.804166666666667,24,24,24
20240201,강서구,2024013120,6.0,-4.0,63.333333333333336,30.0,2.095833333333333,24,24,24
20240201,관악구,2024013120,6.0,-3.0,61.458333333333336,30.0,1.8958333333333333,24,24,24
20240201,광진구,2024013120,7.0,-2.0,58.958333333333336,30.0,1.6375,24,24,24
20240201,구로구,2024013120,7.0,-2.0,57.291666666666664,30.0,1.9375,24,24,24
20240201,금천구,2024013120,6.0,-3.0,64.16666666666667,30.0,1.8375,24,24,24
20240201,노원구,2024013120,7.0,-4.0,64.16666666666667,30.0,1.7166666666666666,24,24,24
20240201,도봉구,2024013120,7.0,-4.0,64.16666666666667,30.0,1.7166666666666666,24,24,24
20240201,동대문구,2024013120,7.0,-2.0,59.166666666666664,30.0,1.7291666666666667,24,24,24
20240201,동작구,2024013120,6.0,-3.0,61.458333333333336,30.0,1.8958333333333333,24,24,24
20240201,마포구,2024013120,6.0,-3.0,60.208333333333336,30.0,1.8833333333333335,24,24,24
20240201,서대문구,2024013120,6.0,-3.0,60.208333333333336,30.0,1.8833333333333335,24,24,24
20240201,서초구,2024013120,7.0,-2.0,61.25,30.0,1.7541666666666664,24,24,24
20240201,성동구,2024013120,7.0,-1.0,58.75,30.0,1.7541666666666664,24,24,24
20240201,성북구,2024013120,4.0,-6.0,62.916666666666664,30.0,1.804166666666667,24,24,24
20240201,송파구,2024013120,7.0,-1.0,58.541666666666664,30.0,1.6708333333333332,24,24,24
20240201,양천구,2024013120,6.0,-3.0,59.583333333333336,30.0,1.9583333333333333,24,24,24
20240201,영등포구,2024013120,6.0,-3.0,59.375,30.0,1.8916666666666664,24,24,24
20240201,용산구,2024013120,6.0,-2.0,60.208333333333336,30.0,1.85,24,24,24
20240201,은평구,2024013120,6.0,-4.0,64.16666666666667,30.0,1.8958333333333333,24,24,24
20240201,종로구,2024013120,6.0,-3.0,61.041666666666664,30.0,1.8291666666666664,24,24,24
20240201,중구,2024013120,6.0,-3.0,61.041666666666664,30.0,1.8291666666666664,24,24,24
20240201,중랑구,2024013120,7.0,-2.0,60.208333333333336,30.0,1.625,24,24,24
20240202,강남구,2024020120,7.0,1.0,63.958333333333336,30.0,1.3833333333333335,24,24,24
20240202,강동구,2024020120,7.0,0.0,65.0,30.0,1.0541666666666667,24,24,24
20240202,강북구,2024020120,4.0,-3.0,69.16666666666667,30.0,1.3541666666666667,24,24,24
20240202,강서구,2024020120,6.0,-1.0,70.20833333333333,30.0,1.7708333333333333,24,24,24
20240202,관악구,2024020120,7.0,1.0,64.58333333333333,30.0,1.6083333333333334,24,24,24
20240202,광진구,2024020120,7.0,1.0,61.041666666666664,30.0,1.125,24,24,24
20240202,구로구,2024020120,7.0,1.0,61.875,30.0,1.7541666666666669,24,24,24
20240202,금천구,2024020120,6.0,0.0,69.375,30.0,1.7458333333333336,24,24,24
20240202,노원구,2024020120,6.0,-1.0,68.95833333333333,30.0,1.2541666666666669,24,24,24
20240202,도봉구,2024020120,6.0,-1.0,68.95833333333333,30.0,1.2541666666666669,24,24,24
20240202,동대문구,2024020120,7.0,1.0,61.458333333333336,30.0,1.2166666666666666,24,24,24
20240202,동작구,2024020120,7.0,1.0,64.58333333333333,30.0,1.6083333333333334,24,24,24
20240202,마포구,2024020120,6.0,0.0,65.0,30.0,1.4208333333333334,24,24,24
20240202,서대문구,2024020120,6.0,0.0,65.0,30.0,1.4208333333333334,24,24,24
20240202,서초구,2024020120,7.0,1.0,63.958333333333336,30.0,1.3833333333333335,24,24,24
20240202,성동구,2024020120,7.0,0.0,62.291666666666664,30.0,1.2375,24,24,24
20240202,성북구,2024020120,4.0,-3.0,69.16666666666667,30.0,1.3541666666666667,24,24,24
20240202,송파구,2024020120,8.0,1.0,62.083333333333336,30.0,1.275,24,24,24
20240202,양천구,2024020120,7.0,0.0,61.458333333333336,30.0,1.6125,24,24,24
20240202,영등포구,2024020120,7.0,1.0,59.583333333333336,30.0,1.4583333333333333,24,24,24
20240202,용산구,2024020120,7.0,1.0,60.416666666666664,30.0,1.3333333333333333,24,24,24
20240202,은평구,2024020120,6.0,0.0,71.66666666666667,30.0,1.4291666666666665,24,24,24
20240202,종로구,2024020120,7.0,0.0,65.83333333333333,30.0,1.3166666666666669,24,24,24
20240202,중구,2024020120,7.0,0.0,65.83333333333333,30.0,1.3166666666666669,24,24,24
20240202,중랑구,2024020120,7.0,0.0,62.916666666666664,30.0,1.1291666666666669,24,24,24
20240203,강남구,2024020220,9.0,0.0,70.20833333333333,30.0,1.2458333333333331,24,24,24
20240203,강동구,2024020220,9.0,-1.0,69.375,30.0,1.2916666666666667,24,24,24
20240203,강북구,2024020220,6.0,-2.0,69.79166666666667,30.0,1.2208333333333334,24,24,24
20240203,강서구,2024020220,9.0,-2.0,74.16666666666667,30.0,1.2416666666666667,24,24,24
20240203,관악구,2024020220,8.0,0.0,71.875,30.0,1.2083333333333333,24,24,24
20240203,광진구,2024020220,9.0,0.0,66.45833333333333,30.0,1.2833333333333334,24,24,24
20240203,구로구,2024020220,9.0,1.0,68.125,30.0,1.2041666666666666,24,24,24
20240203,금천구,2024020220,8.0,-1.0,75.83333333333333,30.0,1.225,24,24,24
20240203,노원구,2024020220,8.0,-1.0,70.83333333333333,30.0,1.2958333333333334,24,24,24
20240203,도봉구,2024020220,8.0,-1.0,70.83333333333333,30.0,1.2958333333333334,24,24,24
20240203,동대문구,2024020220,9.0,0.0,66.875,30.0,1.2541666666666669,24,24,24
20240203,동작구,2024020220,8.0,0.0,71.875,30.0,1.2083333333333333,24,24,24
20240203,마포구,2024020220,8.0,0.0,70.20833333333333,30.0,1.2041666666666666,24,24,24
20240203,서대문구,2024020220,8.0,0.0,70.20833333333333,30.0,1.2041666666666666,24,24,24
20240203,서초구,2024020220,9.0,0.0,70.20833333333333,30.0,1.2458333333333331,24,24,24
20240203,성동구,2024020220,9.0,-1.0,67.29166666666667,30.0,1.2416666666666667,24,24,24
20240203,성북구,2024020220,6.0,-2.0,69.79166666666667,30.0,1.2208333333333334,24,24,24
20240203,송파구,2024020220,9.0,0.0,66.875,30.0,1.2583333333333333,24,24,24
20240203,양천구,2024020220,8.0,0.0,70.41666666666667,30.0,1.2041666666666666,24,24,24
20240203,영등포구,2024020220,9.0,0.0,69.79166666666667,30.0,1.2,24,24,24
20240203,용산구,2024020220,8.0,0.0,68.95833333333333,30.0,1.2208333333333334,24,24,24
20240203,은평구,2024020220,9.0,0.0,72.08333333333333,30.0,1.2291666666666667,24,24,24
20240203,종로구,2024020220,8.0,0.0,70.41666666666667,30.0,1.2125,24,24,24
20240203,중구,2024020220,8.0,0.0,70.41666666666667,30.0,1.2125,24,24,24
20240203,중랑구,2024020220,9.0,0.0,67.70833333333333,30.0,1.2833333333333334,24,24,24
20240204,강남구,2024020320,10.0,3.0,73.75,30.0,1.2208333333333334,24,24,24
20240204,강동구,2024020320,9.0,2.0,73.125,60.0,1.325,24,24,24
20240204,강북구,2024020320,7.0,0.0,78.125,30.0,1.075,24,24,24
20240204,강서구,2024020320,9.0,1.0,80.20833333333333,30.0,1.1541666666666668,24,24,24
20240204,관악구,2024020320,9.0,3.0,77.29166666666667,60.0,1.1583333333333332,24,24,24
20240204,광진구,2024020320,9.0,3.0,71.45833333333333,30.0,1.2625,24,24,24
20240204,구로구,2024020320,10.0,3.0,73.54166666666667,60.0,1.1416666666666668,24,24,24
20240204,금천구,2024020320,9.0,2.0,78.75,60.0,1.1625,24,24,24
20240204,노원구,2024020320,9.0,1.0,77.29166666666667,30.0,1.1375,24,24,24
20240204,도봉구,2024020320,9.0,1.0,77.29166666666667,30.0,1.1375,24,24,24
20240204,동대문구,2024020320,9.0,3.0,73.75,30.0,1.1541666666666666,24,24,24
20240204,동작구,2024020320,9.0,3.0,77.29166666666667,60.0,1.1583333333333332,24,24,24
20240204,마포구,2024020320,9.0,2.0,76.66666666666667,30.0,1.1041666666666667,24,24,24
20240204,서대문구,2024020320,9.0,2.0,76.66666666666667,30.0,1.1041666666666667,24,24,24
20240204,서초구,2024020320,10.0,3.0,73.75,30.0,1.2208333333333334,24,24,24
20240204,성동구,2024020320,10.0,2.0,72.5,30.0,1.1833333333333331,24,24,24
20240204,성북구,2024020320,7.0,0.0,78.125,30.0,1.075,24,24,24
20240204,송파구,2024020320,10.0,3.0,71.66666666666667,60.0,1.2791666666666666,24,24,24
20240204,양천구,2024020320,9.0,2.0,75.41666666666667,30.0,1.1166666666666665,24,24,24
20240204,영등포구,2024020320,9.0,3.0,74.79166666666667,30.0,1.1458333333333333,24,24,24
20240204,용산구,2024020320,9.0,2.0,74.79166666666667,30.0,1.1375,24,24,24
20240204,은평구,2024020320,9.0,2.0,80.0,30.0,1.0958333333333334,24,24,24
20240204,종로구,2024020320,9.0,2.0,76.875,30.0,1.116666666666667,24,24,24
20240204,중구,2024020320,9.0,2.0,76.875,30.0,1.116666666666667,24,24,24
20240204,중랑구,2024020320,9.0,2.0,72.70833333333333,30.0,1.225,24,24,24
20240205,강남구,2024020420,6.0,4.0,66.04166666666667,60.0,3.170833333333333,24,24,24
20240205,강동구,2024020420,5.0,3.0,65.41666666666667,60.0,3.4,24,24,24
20240205,강북구,2024020420,3.0,1.0,68.75,60.0,2.8166666666666664,24,24,24
20240205,강서구,2024020420,6.0,3.0,69.375,60.0,2.8708333333333336,24,24,24
20240205,관악구,2024020420,5.0,3.0,66.45833333333333,60.0,3.0333333333333337,24,24,24
20240205,광진구,2024020420,5.0,4.0,64.16666666666667,60.0,3.266666666666667,24,24,24
20240205,구로구,2024020420,6.0,4.0,63.541666666666664,60.0,2.9958333333333336,24,24,24
20240205,금천구,2024020420,5.0,3.0,70.20833333333333,60.0,3.0666666666666664,24,24,24
20240205,노원구,2024020420,6.0,3.0,68.75,60.0,3.0416666666666665,24,24,24
20240205,도봉구,2024020420,6.0,3.0,68.75,60.0,3.0416666666666665,24,24,24
20240205,동대문구,2024020420,5.0,4.0,65.41666666666667,60.0,3.054166666666667,24,24,24
20240205,동작구,2024020420,5.0,3.0,66.45833333333333,60.0,3.0333333333333337,24,24,24
20240205,마포구,2024020420,5.0,3.0,65.83333333333333,60.0,2.8791666666666664,24,24,24
20240205,서대문구,2024020420,5.0,3.0,65.83333333333333,60.0,2.8791666666666664,24,24,24
20240205,서초구,2024020420,6.0,4.0,66.04166666666667,60.0,3.170833333333333,24,24,24
20240205,성동구,2024020420,5.0,3.0,66.25,60.0,3.1291666666666664,24,24,24
20240205,성북구,2024020420,3.0,1.0,68.75,60.0,2.8166666666666664,24,24,24
20240205,송파구,2024020420,6.0,4.0,63.958333333333336,60.0,3.2624999999999997,24,24,24
20240205,양천구,2024020420,5.0,3.0,65.83333333333333,60.0,2.908333333333333,24,24,24
20240205,영등포구,2024020420,5.0,3.0,64.79166666666667,60.0,2.9583333333333335,24,24,24
20240205,용산구,2024020420,5.0,3.0,65.41666666666667,60.0,2.9958333333333336,24,24,24
20240205,은평구,2024020420,6.0,4.0,69.16666666666667,60.0,2.7791666666666663,24,24,24
20240205,종로구,2024020420,6.0,3.0,69.16666666666667,60.0,2.9166666666666665,24,24,24
20240205,중구,2024020420,6.0,3.0,69.16666666666667,60.0,2.9166666666666665,24,24,24
20240205,중랑구,2024020420,5.0,4.0,65.0,60.0,3.2458333333333336,24,24,24
20240206,강남구,2024020520,6.0,-1.0,67.5,60.0,1.225,24,24,24
20240206,강동구,2024020520,6.0,-2.0,67.29166666666667,60.0,1.3083333333333331,24,24,24
20240206,강북구,2024020520,3.0,-5.0,70.20833333333333,60.0,1.2291666666666667,24,24,24
20240206,강서구,2024020520,5.0,-3.0,73.33333333333333,60.0,1.2833333333333332,24,24,24
20240206,관악구,2024020520,5.0,-2.0,68.75,60.0,1.2208333333333334,24,24,24
20240206,광진구,2024020520,6.0,-1.0,64.375,60.0,1.2791666666666668,24,24,24
20240206,구로구,2024020520,5.0,-1.0,65.83333333333333,60.0,1.2291666666666667,24,24,24
20240206,금천구,2024020520,5.0,-2.0,72.91666666666667,60.0,1.2083333333333333,24,24,24
20240206,노원구,2024020520,5.0,-3.0,71.25,60.0,1.3,24,24,24
20240206,도봉구,2024020520,5.0,-3.0,71.25,60.0,1.3,24,24,24
20240206,동대문구,2024020520,6.0,-1.0,66.04166666666667,60.0,1.25,24,24,24
20240206,동작구,2024020520,5.0,-2.0,68.75,60.0,1.2208333333333334,24,24,24
20240206,마포구,2024020520,5.0,-2.0,68.33333333333333,60.0,1.2291666666666667,24,24,24
20240206,서대문구,2024020520,5.0,-2.0,68.33333333333333,60.0,1.2291666666666667,24,24,24
20240206,서초구,2024020520,6.0,-1.0,67.5,60.0,1.225,24,24,24
20240206,성동구,2024020520,6.0,-1.0,66.66666666666667,60.0,1.2375,24,24,24
20240206,성북구,2024020520,3.0,-5.0,70.20833333333333,60.0,1.2291666666666667,24,24,24
20240206,송파구,2024020520,6.0,-1.0,64.58333333333333,60.0,1.2541666666666669,24,24,24
20240206,양천구,2024020520,5.0,-2.0,68.33333333333333,60.0,1.2291666666666667,24,24,24
20240206,영등포구,2024020520,5.0,-2.0,67.91666666666667,60.0,1.2125,24,24,24
20240206,용산구,2024020520,5.0,-1.0,67.70833333333333,60.0,1.2,24,24,24
20240206,은평구,2024020520,5.0,-3.0,72.29166666666667,60.0,1.2333333333333334,24,24,24
20240206,종로구,2024020520,5.0,-2.0,69.58333333333333,60.0,1.2125,24,24,24
20240206,중구,2024020520,5.0,-2.0,69.58333333333333,60.0,1.2125,24,24,24
20240206,중랑구,2024020520,6.0,-2.0,65.83333333333333,60.0,1.2999999999999998,24,24,24
20240207,강남구,2024020620,5.0,-3.0,73.125,30.0,1.0791666666666666,24,24,24
20240207,강동구,2024020620,5.0,-3.0,74.58333333333333,30.0,0.9958333333333332,24,24,24
20240207,강북구,2024020620,2.0,-6.0,77.08333333333333,30.0,0.9875000000000002,24,24,24
20240207,강서구,2024020620,4.0,-4.0,76.875,30.0,1.275,24,24,24
20240207,관악구,2024020620,4.0,-3.0,75.20833333333333,30.0,1.175,24,24,24
20240207,광진구,2024020620,5.0,-2.0,71.04166666666667,30.0,1.0166666666666666,24,24,24
20240207,구로구,2024020620,4.0,-3.0,71.45833333333333,30.0,1.2333333333333332,24,24,24
20240207,금천구,2024020620,4.0,-4.0,78.95833333333333,30.0,1.2125,24,24,24
20240207,노원구,2024020620,4.0,-4.0,77.70833333333333,30.0,0.8875000000000001,24,24,24
20240207,도봉구,2024020620,4.0,-4.0,77.70833333333333,30.0,0.8875000000000001,24,24,24
20240207,동대문구,2024020620,4.0,-2.0,73.33333333333333,30.0,0.9958333333333336,24,24,24
20240207,동작구,2024020620,4.0,-3.0,75.20833333333333,30.0,1.175,24,24,24
20240207,마포구,2024020620,4.0,-3.0,74.58333333333333,30.0,1.0875,24,24,24
20240207,서대문구,2024020620,4.0,-3.0,74.58333333333333,30.0,1.0875,24,24,24
20240207,서초구,2024020620,5.0,-3.0,73.125,30.0,1.0791666666666666,24,24,24
20240207,성동구,2024020620,5.0,-2.0,71.66666666666667,30.0,1.05,24,24,24
20240207,성북구,2024020620,2.0,-6.0,77.08333333333333,30.0,0.9875000000000002,24,24,24
20240207,송파구,2024020620,5.0,-2.0,71.04166666666667,30.0,1.0583333333333331,24,24,24
20240207,양천구,2024020620,4.0,-3.0,73.33333333333333,30.0,1.1916666666666669,24,24,24
20240207,영등포구,2024020620,4.0,-3.0,73.54166666666667,30.0,1.1375,24,24,24
20240207,용산구,2024020620,4.0,-3.0,73.75,30.0,1.075,24,24,24
20240207,은평구,2024020620,4.0,-4.0,77.70833333333333,30.0,1.0625,24,24,24
20240207,종로구,2024020620,4.0,-3.0,75.20833333333333,30.0,1.0375,24,24,24
20240207,중구,2024020620,4.0,-3.0,75.20833333333333,30.0,1.0375,24,24,24
20240207,중랑구,2024020620,5.0,-3.0,72.5,30.0,0.975,24,24,24
20240208,강남구,2024020720,6.0,-2.0,66.875,30.0,0.9708333333333332,24,24,24
20240208,강동구,2024020720,6.0,-3.0,67.29166666666667,30.0,1.0083333333333333,24,24,24
20240208,강북구,2024020720,4.0,-5.0,67.91666666666667,30.0,0.9291666666666666,24,24,24
20240208,강서구,2024020720,5.0,-4.0,72.08333333333333,30.0,1.0416666666666667,24,24,24
20240208,관악구,2024020720,5.0,-2.0,68.54166666666667,30.0,0.9708333333333332,24,24,24
20240208,광진구,2024020720,6.0,-2.0,63.958333333333336,30.0,0.9875,24,24,24
20240208,구로구,2024020720,5.0,-1.0,66.45833333333333,30.0,1.0041666666666669,24,24,24
20240208,금천구,2024020720,5.0,-3.0,72.29166666666667,30.0,1.0041666666666669,24,24,24
20240208,노원구,2024020720,6.0,-4.0,68.54166666666667,30.0,0.9541666666666668,24,24,24
20240208,도봉구,2024020720,6.0,-4.0,68.54166666666667,30.0,0.9541666666666668,24,24,24
20240208,동대문구,2024020720,6.0,-2.0,64.58333333333333,30.0,0.95,24,24,24
20240208,동작구,2024020720,5.0,-2.0,68.54166666666667,30.0,0.9708333333333332,24,24,24
20240208,마포구,2024020720,5.0,-2.0,66.875,30.0,0.9625,24,24,24
20240208,서대문구,2024020720,5.0,-2.0,66.875,30.0,0.9625,24,24,24
20240208,서초구,2024020720,6.0,-2.0,66.875,30.0,0.9708333333333332,24,24,24
20240208,성동구,2024020720,6.0,-2.0,63.541666666666664,30.0,0.9625,24,24,24
20240208,성북구,2024020720,4.0,-5.0,67.91666666666667,30.0,0.9291666666666666,24,24,24
20240208,송파구,2024020720,6.0,-2.0,63.958333333333336,30.0,0.9791666666666666,24,24,24
20240208,양천구,2024020720,5.0,-2.0,66.66666666666667,30.0,0.9875,24,24,24
20240208,영등포구,2024020720,5.0,-2.0,66.66666666666667,30.0,0.9666666666666668,24,24,24
20240208,용산구,2024020720,5.0,-2.0,66.66666666666667,30.0,0.9541666666666666,24,24,24
20240208,은평구,2024020720,6.0,-4.0,70.0,30.0,0.95,24,24,24
20240208,종로구,2024020720,6.0,-2.0,66.66666666666667,30.0,0.9458333333333332,24,24,24
20240208,중구,2024020720,6.0,-2.0,66.66666666666667,30.0,0.9458333333333332,24,24,24
20240208,중랑구,2024020720,6.0,-3.0,64.79166666666667,30.0,0.975,24,24,24
20240209,강남구,2024020820,5.0,-2.0,67.70833333333333,20.0,1.3333333333333333,24,24,24
20240209,강동구,2024020820,5.0,-2.0,67.91666666666667,20.0,1.3416666666666668,24,24,24
20240209,강북구,2024020820,3.0,-5.0,69.58333333333333,20.0,1.275,24,24,24
20240209,강서구,2024020820,5.0,-4.0,71.875,20.0,1.3958333333333333,24,24,24
20240209,관악구,2024020820,5.0,-2.0,69.375,20.0,1.3416666666666668,24,24,24
20240209,광진구,2024020820,5.0,-2.0,65.0,20.0,1.3333333333333333,24,24,24
20240209,구로구,2024020820,5.0,-1.0,66.875,20.0,1.3583333333333332,24,24,24
20240209,금천구,2024020820,4.0,-3.0,71.66666666666667,20.0,1.3666666666666665,24,24,24
20240209,노원구,2024020820,5.0,-4.0,70.20833333333333,20.0,1.2916666666666667,24,24,24
20240209,도봉구,2024020820,5.0,-4.0,70.20833333333333,20.0,1.2916666666666667,24,24,24
20240209,동대문구,2024020820,5.0,-2.0,66.04166666666667,20.0,1.2958333333333334,24,24,24
20240209,동작구,2024020820,5.0,-2.0,69.375,20.0,1.3416666666666668,24,24,24
20240209,마포구,2024020820,5.0,-2.0,69.16666666666667,20.0,1.3125000000000002,24,24,24
20240209,서대문구,2024020820,5.0,-2.0,69.16666666666667,20.0,1.3125000000000002,24,24,24
20240209,서초구,2024020820,5.0,-2.0,67.70833333333333,20.0,1.3333333333333333,24,24,24
20240209,성동구,2024020820,6.0,-2.0,66.45833333333333,20.0,1.3208333333333333,24,24,24
20240209,성북구,2024020820,3.0,-5.0,69.58333333333333,20.0,1.275,24,24,24
20240209,송파구,2024020820,6.0,-1.0,64.79166666666667,20.0,1.35,24,24,24
20240209,양천구,2024020820,4.0,-2.0,67.70833333333333,20.0,1.3375,24,24,24
20240209,영등포구,2024020820,5.0,-2.0,67.91666666666667,20.0,1.3250000000000002,24,24,24
20240209,용산구,2024020820,5.0,-2.0,68.125,20.0,1.3083333333333331,24,24,24
20240209,은평구,2024020820,5.0,-4.0,71.45833333333333,20.0,1.3041666666666665,24,24,24
20240209,종로구,2024020820,5.0,-2.0,69.58333333333333,20.0,1.2916666666666667,24,24,24
20240209,중구,2024020820,5.0,-2.0,69.58333333333333,20.0,1.2916666666666667,24,24,24
20240209,중랑구,2024020820,5.0,-2.0,66.25,20.0,1.325,24,24,24
20240210,강남구,2024020920,6.0,-2.0,66.04166666666667,30.0,1.4375,24,24,24
20240210,강동구,2024020920,7.0,-3.0,66.45833333333333,30.0,1.5375,24,24,24
20240210,강북구,2024020920,4.0,-6.0,68.33333333333333,30.0,1.3083333333333331,24,24,24
20240210,강서구,2024020920,6.0,-3.0,71.25,30.0,1.3708333333333331,24,24,24
20240210,관악구,2024020920,6.0,-2.0,67.29166666666667,30.0,1.375,24,24,24
20240210,광진구,2024020920,7.0,-2.0,63.958333333333336,30.0,1.4666666666666668,24,24,24
20240210,구로구,2024020920,6.0,-1.0,66.25,30.0,1.3791666666666669,24,24,24
20240210,금천구,2024020920,6.0,-3.0,70.625,30.0,1.3958333333333333,24,24,24
20240210,노원구,2024020920,7.0,-4.0,69.79166666666667,20.0,1.3541666666666667,24,24,24
20240210,도봉구,2024020920,7.0,-4.0,69.79166666666667,20.0,1.3541666666666667,24,24,24
20240210,동대문구,2024020920,6.0,-2.0,64.375,30.0,1.3916666666666668,24,24,24
20240210,동작구,2024020920,6.0,-2.0,67.29166666666667,30.0,1.375,24,24,24
20240210,마포구,2024020920,6.0,-2.0,67.5,30.0,1.325,24,24,24
20240210,서대문구,2024020920,6.0,-2.0,67.5,30.0,1.325,24,24,24
20240210,서초구,2024020920,6.0,-2.0,66.04166666666667,30.0,1.4375,24,24,24
20240210,성동구,2024020920,7.0,-1.0,64.58333333333333,30.0,1.4166666666666667,24,24,24
20240210,성북구,2024020920,4.0,-6.0,68.33333333333333,30.0,1.3083333333333331,24,24,24
20240210,송파구,2024020920,7.0,-1.0,63.541666666666664,30.0,1.4833333333333334,24,24,24
20240210,양천구,2024020920,6.0,-2.0,66.25,30.0,1.3375,24,24,24
20240210,영등포구,2024020920,6.0,-2.0,66.25,30.0,1.3416666666666668,24,24,24
20240210,용산구,2024020920,6.0,-2.0,65.625,30.0,1.3666666666666665,24,24,24
20240210,은평구,2024020920,7.0,-4.0,70.83333333333333,30.0,1.2958333333333332,24,24,24
20240210,종로구,2024020920,6.0,-2.0,67.70833333333333,30.0,1.3333333333333333,24,24,24
20240210,중구,2024020920,6.0,-2.0,67.70833333333333,30.0,1.3333333333333333,24,24,24
20240210,중랑구,2024020920,6.0,-3.0,64.58333333333333,30.0,1.45,24,24,24
20240211,강남구,2024021020,6.0,-3.0,65.41666666666667,30.0,1.8708333333333331,24,24,24
20240211,강동구,2024021020,6.0,-4.0,66.04166666666667,30.0,1.9791666666666667,24,24,24
20240211,강북구,2024021020,3.0,-7.0,68.54166666666667,30.0,1.7,24,24,24
20240211,강서구,2024021020,5.0,-5.0,70.83333333333333,30.0,1.8,24,24,24
20240211,관악구,2024021020,5.0,-3.0,67.29166666666667,30.0,1.7958333333333332,24,24,24
20240211,광진구,2024021020,6.0,-3.0,63.125,30.0,1.9,24,24,24
20240211,구로구,2024021020,6.0,-2.0,65.0,30.0,1.8125,24,24,24
20240211,금천구,2024021020,5.0,-4.0,69.375,30.0,1.8,24,24,24
20240211,노원구,2024021020,5.0,-5.0,69.16666666666667,30.0,1.7666666666666666,24,24,24
20240211,도봉구,2024021020,5.0,-5.0,69.16666666666667,30.0,1.7666666666666666,24,24,24
20240211,동대문구,2024021020,6.0,-3.0,64.375,30.0,1.8083333333333336,24,24,24
20240211,동작구,2024021020,5.0,-3.0,67.29166666666667,30.0,1.7958333333333332,24,24,24
20240211,마포구,2024021020,5.0,-4.0,67.29166666666667,30.0,1.7375,24,24,24
20240211,서대문구,2024021020,5.0,-4.0,67.29166666666667,30.0,1.7375,24,24,24
20240211,서초구,2024021020,6.0,-3.0,65.41666666666667,30.0,1.8708333333333331,24,24,24
20240211,성동구,2024021020,6.0,-3.0,63.541666666666664,30.0,1.8458333333333332,24,24,24
20240211,성북구,2024021020,3.0,-7.0,68.54166666666667,30.0,1.7,24,24,24
20240211,송파구,2024021020,6.0,-3.0,62.916666666666664,30.0,1.9208333333333332,24,24,24
20240211,양천구,2024021020,5.0,-3.0,66.45833333333333,30.0,1.7749999999999997,24,24,24
20240211,영등포구,2024021020,5.0,-3.0,66.25,30.0,1.7583333333333335,24,24,24
20240211,용산구,2024021020,5.0,-3.0,66.25,30.0,1.7916666666666667,24,24,24
20240211,은평구,2024021020,5.0,-5.0,71.04166666666667,30.0,1.7125,24,24,24
20240211,종로구,2024021020,5.0,-4.0,68.95833333333333,30.0,1.7625,24,24,24
20240211,중구,2024021020,5.0,-4.0,68.95833333333333,30.0,1.7625,24,24,24
20240211,중랑구,2024021020,6.0,-4.0,63.333333333333336,30.0,1.8958333333333333,24,24,24
20240212,강남구,2024021120,10.0,-2.0,64.58333333333333,0.0,1.425,24,24,24
20240212,강동구,2024021120,10.0,-3.0,65.41666666666667,20.0,1.4208333333333332,24,24,24
20240212,강북구,2024021120,7.0,-5.0,65.83333333333333,20.0,1.3666666666666665,24,24,24
20240212,강서구,2024021120,9.0,-4.0,71.25,0.0,1.55,24,24,24
20240212,관악구,2024021120,9.0,-2.0,66.66666666666667,0.0,1.4583333333333333,24,24,24
20240212,광진구,2024021120,10.0,-2.0,62.083333333333336,20.0,1.4208333333333334,24,24,24
20240212,구로구,2024021120,10.0,-1.0,65.0,0.0,1.475,24,24,24
20240212,금천구,2024021120,9.0,-3.0,68.75,0.0,1.45,24,24,24
20240212,노원구,2024021120,10.0,-4.0,67.29166666666667,20.0,1.383333333333333,24,24,24
20240212,도봉구,2024021120,10.0,-4.0,67.29166666666667,20.0,1.383333333333333,24,24,24
20240212,동대문구,2024021120,9.0,-2.0,62.083333333333336,20.0,1.3958333333333333,24,24,24
20240212,동작구,2024021120,9.0,-2.0,66.66666666666667,0.0,1.4583333333333333,24,24,24
20240212,마포구,2024021120,9.0,-2.0,66.04166666666667,0.0,1.4291666666666665,24,24,24
20240212,서대문구,2024021120,9.0,-2.0,66.04166666666667,0.0,1.4291666666666665,24,24,24
20240212,서초구,2024021120,10.0,-2.0,64.58333333333333,0.0,1.425,24,24,24
20240212,성동구,2024021120,10.0,-2.0,61.666666666666664,20.0,1.4125,24,24,24
20240212,성북구,2024021120,7.0,-5.0,65.83333333333333,20.0,1.3666666666666665,24,24,24
20240212,송파구,2024021120,10.0,-2.0,61.666666666666664,0.0,1.4208333333333332,24,24,24
20240212,양천구,2024021120,9.0,-2.0,65.625,0.0,1.4625,24,24,24
20240212,영등포구,2024021120,9.0,-2.0,65.0,0.0,1.4416666666666664,24,24,24
20240212,용산구,2024021120,9.0,-2.0,64.16666666666667,0.0,1.4291666666666665,24,24,24
20240212,은평구,2024021120,9.0,-4.0,69.79166666666667,20.0,1.4041666666666668,24,24,24
20240212,종로구,2024021120,9.0,-2.0,66.25,20.0,1.4041666666666668,24,24,24
20240212,중구,2024021120,9.0,-2.0,66.25,20.0,1.4041666666666668,24,24,24
20240212,중랑구,2024021120,10.0,-3.0,62.708333333333336,20.0,1.4208333333333334,24,24,24
20240213,강남구,2024021220,15.0,4.0,70.41666666666667,30.0,2.558333333333333,24,24,24
20240213,강동구,2024021220,14.0,3.0,70.0,30.0,2.466666666666667,24,24,24
20240213,강북구,2024021220,12.0,1.0,72.29166666666667,30.0,2.525,24,24,24
20240213,강서구,2024021220,14.0,3.0,77.08333333333333,30.0,2.9625,24,24,24
20240213,관악구,2024021220,14.0,4.0,72.70833333333333,30.0,2.725,24,24,24
20240213,광진구,2024021220,14.0,4.0,67.29166666666667,30.0,2.5,24,24,24
20240213,구로구,2024021220,14.0,5.0,71.66666666666667,30.0,2.8208333333333333,24,24,24
20240213,금천구,2024021220,14.0,3.0,75.20833333333333,30.0,2.716666666666667,24,24,24
20240213,노원구,2024021220,14.0,2.0,73.125,30.0,2.545833333333333,24,24,24
20240213,도봉구,2024021220,14.0,2.0,73.125,30.0,2.545833333333333,24,24,24
20240213,동대문구,2024021220,14.0,4.0,68.33333333333333,30.0,2.5166666666666666,24,24,24
20240213,동작구,2024021220,14.0,4.0,72.70833333333333,30.0,2.725,24,24,24
20240213,마포구,2024021220,14.0,4.0,72.08333333333333,30.0,2.670833333333333,24,24,24
20240213,서대문구,2024021220,14.0,4.0,72.08333333333333,30.0,2.670833333333333,24,24,24
20240213,서초구,2024021220,15.0,4.0,70.41666666666667,30.0,2.558333333333333,24,24,24
20240213,성동구,2024021220,15.0,4.0,67.91666666666667,30.0,2.5374999999999996,24,24,24
20240213,성북구,2024021220,12.0,1.0,72.29166666666667,30.0,2.525,24,24,24
20240213,송파구,2024021220,15.0,4.0,67.70833333333333,30.0,2.525,24,24,24
20240213,양천구,2024021220,14.0,4.0,71.45833333333333,30.0,2.8083333333333336,24,24,24
20240213,영등포구,2024021220,14.0,4.0,71.66666666666667,30.0,2.6999999999999997,24,24,24
20240213,용산구,2024021220,14.0,4.0,70.20833333333333,30.0,2.5833333333333335,24,24,24
20240213,은평구,2024021220,14.0,4.0,75.0,30.0,2.6625,24,24,24
20240213,종로구,2024021220,14.0,4.0,70.41666666666667,30.0,2.5666666666666664,24,24,24
20240213,중구,2024021220,14.0,4.0,70.41666666666667,30.0,2.5666666666666664,24,24,24
20240213,중랑구,2024021220,14.0,3.0,68.54166666666667,30.0,2.4916666666666667,24,24,24
20240214,강남구,2024021320,16.0,8.0,79.16666666666667,30.0,1.5541666666666665,24,24,24
20240214,강동구,2024021320,16.0,7.0,78.33333333333333,30.0,1.5083333333333335,24,24,24
20240214,강북구,2024021320,13.0,6.0,83.33333333333333,30.0,1.4833333333333334,24,24,24
20240214,강서구,2024021320,16.0,8.0,85.625,30.0,1.7125,24,24,24
20240214,관악구,2024021320,16.0,8.0,81.66666666666667,30.0,1.6083333333333332,24,24,24
20240214,광진구,2024021320,16.0,8.0,76.875,30.0,1.5291666666666668,24,24,24
20240214,구로구,2024021320,16.0,9.0,78.95833333333333,30.0,1.6541666666666668,24,24,24
20240214,금천구,2024021320,15.0,8.0,83.75,30.0,1.6625000000000003,24,24,24
20240214,노원구,2024021320,15.0,7.0,83.125,30.0,1.5208333333333333,24,24,24
20240214,도봉구,2024021320,15.0,7.0,83.125,30.0,1.5208333333333333,24,24,24
20240214,동대문구,2024021320,15.0,8.0,79.16666666666667,30.0,1.5041666666666664,24,24,24
20240214,동작구,2024021320,16.0,8.0,81.66666666666667,30.0,1.6083333333333332,24,24,24
20240214,마포구,2024021320,15.0,8.0,82.70833333333333,30.0,1.5458333333333334,24,24,24
20240214,서대문구,2024021320,15.0,8.0,82.70833333333333,30.0,1.5458333333333334,24,24,24
20240214,서초구,2024021320,16.0,8.0,79.16666666666667,30.0,1.5541666666666665,24,24,24
20240214,성동구,2024021320,16.0,8.0,78.125,30.0,1.5375000000000003,24,24,24
20240214,성북구,2024021320,13.0,6.0,83.33333333333333,30.0,1.4833333333333334,24,24,24
20240214,송파구,2024021320,17.0,8.0,76.25,30.0,1.5333333333333332,24,24,24
20240214,양천구,2024021320,15.0,8.0,81.45833333333333,30.0,1.6291666666666669,24,24,24
20240214,영등포구,2024021320,15.0,8.0,81.25,30.0,1.5708333333333335,24,24,24
20240214,용산구,2024021320,16.0,8.0,80.41666666666667,30.0,1.5375,24,24,24
20240214,은평구,2024021320,15.0,8.0,86.04166666666667,30.0,1.5375,24,24,24
20240214,종로구,2024021320,15.0,8.0,84.58333333333333,30.0,1.4958333333333331,24,24,24
20240214,중구,2024021320,15.0,8.0,84.58333333333333,30.0,1.4958333333333331,24,24,24
20240214,중랑구,2024021320,16.0,7.0,77.70833333333333,30.0,1.5,24,24,24
20240215,강남구,2024021420,8.0,8.0,81.25,60.0,2.3124999999999996,24,24,24
20240215,강동구,2024021420,8.0,8.0,79.58333333333333,60.0,2.245833333333333,24,24,24
20240215,강북구,2024021420,5.0,5.0,83.95833333333333,60.0,2.15,24,24,24
20240215,강서구,2024021420,6.0,6.0,83.75,60.0,2.5458333333333334,24,24,24
20240215,관악구,2024021420,7.0,7.0,81.25,60.0,2.408333333333333,24,24,24
20240215,광진구,2024021420,8.0,8.0,78.95833333333333,60.0,2.2375000000000003,24,24,24
20240215,구로구,2024021420,7.0,7.0,77.08333333333333,60.0,2.475,24,24,24
20240215,금천구,2024021420,6.0,6.0,84.375,60.0,2.4291666666666667,24,24,24
20240215,노원구,2024021420,7.0,7.0,82.70833333333333,60.0,2.1166666666666667,24,24,24
20240215,도봉구,2024021420,7.0,7.0,82.70833333333333,60.0,2.1166666666666667,24,24,24
20240215,동대문구,2024021420,8.0,8.0,80.20833333333333,60.0,2.191666666666667,24,24,24
20240215,동작구,2024021420,7.0,7.0,81.25,60.0,2.408333333333333,24,24,24
20240215,마포구,2024021420,6.0,6.0,82.08333333333333,60.0,2.295833333333333,24,24,24
20240215,서대문구,2024021420,6.0,6.0,82.08333333333333,60.0,2.295833333333333,24,24,24
20240215,서초구,2024021420,8.0,8.0,81.25,60.0,2.3124999999999996,24,24,24
20240215,성동구,2024021420,8.0,7.0,81.875,60.0,2.266666666666667,24,24,24
20240215,성북구,2024021420,5.0,5.0,83.95833333333333,60.0,2.15,24,24,24
20240215,송파구,2024021420,8.0,8.0,77.70833333333333,60.0,2.2916666666666665,24,24,24
20240215,양천구,2024021420,6.0,6.0,80.41666666666667,60.0,2.4250000000000003,24,24,24
20240215,영등포구,2024021420,7.0,7.0,80.83333333333333,60.0,2.3666666666666667,24,24,24
20240215,용산구,2024021420,7.0,7.0,81.66666666666667,60.0,2.2958333333333334,24,24,24
20240215,은평구,2024021420,7.0,7.0,84.58333333333333,60.0,2.2708333333333335,24,24,24
20240215,종로구,2024021420,6.0,6.0,86.66666666666667,60.0,2.2125,24,24,24
20240215,중구,2024021420,6.0,6.0,86.66666666666667,60.0,2.2125,24,24,24
20240215,중랑구,2024021420,8.0,8.0,79.58333333333333,60.0,2.1875,24,24,24
20240216,강남구,2024021520,8.0,-2.0,68.75,20.0,1.1333333333333333,24,24,24
20240216,강동구,2024021520,8.0,-2.0,68.125,20.0,1.2083333333333333,24,24,24
20240216,강북구,2024021520,5.0,-5.0,71.875,20.0,1.1208333333333331,24,24,24
20240216,강서구,2024021520,7.0,-4.0,74.16666666666667,20.0,1.1916666666666669,24,24,24
20240216,관악구,2024021520,7.0,-2.0,70.625,20.0,1.125,24,24,24
20240216,광진구,2024021520,8.0,-1.0,66.04166666666667,20.0,1.1875,24,24,24
20240216,구로구,2024021520,7.0,-1.0,67.29166666666667,20.0,1.15,24,24,24
20240216,금천구,2024021520,7.0,-3.0,73.75,20.0,1.125,24,24,24
20240216,노원구,2024021520,8.0,-4.0,72.91666666666667,20.0,1.1916666666666669,24,24,24
20240216,도봉구,2024021520,8.0,-4.0,72.91666666666667,20.0,1.1916666666666669,24,24,24
20240216,동대문구,2024021520,8.0,-2.0,68.125,20.0,1.1625,24,24,24
20240216,동작구,2024021520,7.0,-2.0,70.625,20.0,1.125,24,24,24
20240216,마포구,2024021520,7.0,-2.0,69.375,20.0,1.1291666666666669,24,24,24
20240216,서대문구,2024021520,7.0,-2.0,69.375,20.0,1.1291666666666669,24,24,24
20240216,서초구,2024021520,8.0,-2.0,68.75,20.0,1.1333333333333333,24,24,24
20240216,성동구,2024021520,8.0,-2.0,67.08333333333333,20.0,1.1541666666666666,24,24,24
20240216,성북구,2024021520,5.0,-5.0,71.875,20.0,1.1208333333333331,24,24,24
20240216,송파구,2024021520,8.0,-1.0,66.04166666666667,20.0,1.1541666666666666,24,24,24
20240216,양천구,2024021520,7.0,-2.0,68.75,20.0,1.1458333333333333,24,24,24
20240216,영등포구,2024021520,7.0,-2.0,68.95833333333333,20.0,1.125,24,24,24
20240216,용산구,2024021520,7.0,-2.0,68.75,20.0,1.1208333333333331,24,24,24
20240216,은평구,2024021520,7.0,-3.0,73.125,20.0,1.1125,24,24,24
20240216,종로구,2024021520,7.0,-2.0,71.04166666666667,20.0,1.125,24,24,24
20240216,중구,2024021520,7.0,-2.0,71.04166666666667,20.0,1.125,24,24,24
20240216,중랑구,2024021520,8.0,-2.0,66.875,20.0,1.1916666666666669,24,24,24
20240217,강남구,2024021620,11.0,-1.0,70.625,30.0,1.5666666666666669,24,24,24
20240217,강동구,2024021620,10.0,-1.0,70.83333333333333,30.0,1.5166666666666666,24,24,24
20240217,강북구,2024021620,8.0,-3.0,72.91666666666667,30.0,1.5958333333333332,24,24,24
20240217,강서구,2024021620,10.0,-1.0,77.08333333333333,30.0,1.8083333333333336,24,24,24
20240217,관악구,2024021620,10.0,0.0,72.70833333333333,30.0,1.675,24,24,24
20240217,광진구,2024021620,10.0,0.0,68.33333333333333,30.0,1.5458333333333334,24,24,24
20240217,구로구,2024021620,10.0,1.0,70.41666666666667,30.0,1.7291666666666667,24,24,24
20240217,금천구,2024021620,10.0,-1.0,75.20833333333333,30.0,1.6583333333333332,24,24,24
20240217,노원구,2024021620,10.0,-2.0,74.375,30.0,1.6208333333333331,24,24,24
20240217,도봉구,2024021620,10.0,-2.0,74.375,30.0,1.6208333333333331,24,24,24
20240217,동대문구,2024021620,10.0,0.0,69.58333333333333,30.0,1.5708333333333335,24,24,24
20240217,동작구,2024021620,10.0,0.0,72.70833333333333,30.0,1.675,24,24,24
20240217,마포구,2024021620,10.0,0.0,72.29166666666667,30.0,1.6583333333333332,24,24,24
20240217,서대문구,2024021620,10.0,0.0,72.29166666666667,30.0,1.6583333333333332,24,24,24
20240217,서초구,2024021620,11.0,-1.0,70.625,30.0,1.5666666666666669,24,24,24
20240217,성동구,2024021620,11.0,-1.0,69.375,30.0,1.575,24,24,24
20240217,성북구,2024021620,8.0,-3.0,72.91666666666667,30.0,1.5958333333333332,24,24,24
20240217,송파구,2024021620,11.0,-1.0,68.125,30.0,1.5333333333333332,24,24,24
20240217,양천구,2024021620,10.0,0.0,71.04166666666667,30.0,1.7250000000000003,24,24,24
20240217,영등포구,2024021620,10.0,0.0,71.45833333333333,30.0,1.6666666666666667,24,24,24
20240217,용산구,2024021620,10.0,0.0,71.04166666666667,30.0,1.604166666666667,24,24,24
20240217,은평구,2024021620,10.0,-1.0,75.83333333333333,30.0,1.6625000000000003,24,24,24
20240217,종로구,2024021620,10.0,-1.0,72.08333333333333,30.0,1.6000000000000003,24,24,24
20240217,중구,2024021620,10.0,-1.0,72.08333333333333,30.0,1.6000000000000003,24,24,24
20240217,중랑구,2024021620,10.0,-1.0,70.20833333333333,30.0,1.55,24,24,24
20240218,강남구,2024021720,14.0,1.0,69.375,60.0,2.3249999999999997,24,24,24
20240218,강동구,2024021720,14.0,1.0,67.91666666666667,60.0,2.345833333333333,24,24,24
20240218,강북구,2024021720,11.0,0.0,70.625,60.0,2.1875,24,24,24
20240218,강서구,2024021720,14.0,1.0,73.95833333333333,60.0,2.1875,24,24,24
20240218,관악구,2024021720,14.0,2.0,71.25,60.0,2.2458333333333336,24,24,24
20240218,광진구,2024021720,14.0,2.0,66.04166666666667,60.0,2.3375,24,24,24
20240218,구로구,2024021720,14.0,4.0,67.91666666666667,60.0,2.1666666666666665,24,24,24
20240218,금천구,2024021720,13.0,2.0,73.125,60.0,2.2375000000000003,24,24,24
20240218,노원구,2024021720,14.0,0.0,70.625,60.0,2.2708333333333335,24,24,24
20240218,도봉구,2024021720,14.0,0.0,70.625,60.0,2.2708333333333335,24,24,24
20240218,동대문구,2024021720,14.0,2.0,67.29166666666667,60.0,2.2750000000000004,24,24,24
20240218,동작구,2024021720,14.0,2.0,71.25,60.0,2.2458333333333336,24,24,24
20240218,마포구,2024021720,13.0,3.0,69.16666666666667,60.0,2.1958333333333333,24,24,24
20240218,서대문구,2024021720,13.0,3.0,69.16666666666667,60.0,2.1958333333333333,24,24,24
20240218,서초구,2024021720,14.0,1.0,69.375,60.0,2.3249999999999997,24,24,24
20240218,성동구,2024021720,15.0,2.0,66.66666666666667,60.0,2.3125,24,24,24
20240218,성북구,2024021720,11.0,0.0,70.625,60.0,2.1875,24,24,24
20240218,송파구,2024021720,15.0,1.0,66.04166666666667,60.0,2.3375,24,24,24
20240218,양천구,2024021720,13.0,3.0,68.95833333333333,60.0,2.1458333333333335,24,24,24
20240218,영등포구,2024021720,14.0,3.0,68.95833333333333,60.0,2.2125,24,24,24
20240218,용산구,2024021720,14.0,2.0,68.54166666666667,60.0,2.2583333333333333,24,24,24
20240218,은평구,2024021720,14.0,2.0,72.70833333333333,60.0,2.1708333333333334,24,24,24
20240218,종로구,2024021720,14.0,3.0,69.16666666666667,60.0,2.225,24,24,24
20240218,중구,2024021720,14.0,3.0,69.16666666666667,60.0,2.225,24,24,24
20240218,중랑구,2024021720,14.0,1.0,66.25,60.0,2.3083333333333336,24,24,24
20240219,강남구,2024021820,13.0,12.0,83.54166666666667,68.0,2.345833333333333,24,24,24
20240219,강동구,2024021820,13.0,11.0,83.125,68.0,2.345833333333333,24,24,24
20240219,강북구,2024021820,10.0,9.0,86.25,62.0,2.2125,24,24,24
20240219,강서구,2024021820,12.0,11.0,86.25,60.0,2.3041666666666667,24,24,24
20240219,관악구,2024021820,12.0,12.0,84.375,65.0,2.2958333333333334,24,24,24
20240219,광진구,2024021820,13.0,12.0,81.66666666666667,67.0,2.341666666666667,24,24,24
20240219,구로구,2024021820,12.0,12.0,81.45833333333333,63.0,2.275,24,24,24
20240219,금천구,2024021820,12.0,12.0,88.125,66.0,2.2916666666666665,24,24,24
20240219,노원구,2024021820,12.0,10.0,86.66666666666667,64.0,2.266666666666667,24,24,24
20240219,도봉구,2024021820,12.0,10.0,86.66666666666667,64.0,2.266666666666667,24,24,24
20240219,동대문구,2024021820,12.0,12.0,83.125,64.0,2.2875,24,24,24
20240219,동작구,2024021820,12.0,12.0,84.375,65.0,2.2958333333333334,24,24,24
20240219,마포구,2024021820,12.0,12.0,85.0,62.0,2.2624999999999997,24,24,24
20240219,서대문구,2024021820,12.0,12.0,85.0,62.0,2.2624999999999997,24,24,24
20240219,서초구,2024021820,13.0,12.0,83.54166666666667,68.0,2.345833333333333,24,24,24
20240219,성동구,2024021820,12.0,12.0,83.54166666666667,67.0,2.3333333333333335,24,24,24
20240219,성북구,2024021820,10.0,9.0,86.25,62.0,2.2125,24,24,24
20240219,송파구,2024021820,13.0,12.0,80.625,69.0,2.3625,24,24,24
20240219,양천구,2024021820,12.0,12.0,83.33333333333333,62.0,2.254166666666667,24,24,24
20240219,영등포구,2024021820,12.0,12.0,83.75,64.0,2.2875,24,24,24
20240219,용산구,2024021820,12.0,12.0,83.95833333333333,65.0,2.308333333333333,24,24,24
20240219,은평구,2024021820,12.0,11.0,87.29166666666667,62.0,2.2249999999999996,24,24,24
20240219,종로구,2024021820,12.0,11.0,88.33333333333333,63.0,2.266666666666666,24,24,24
20240219,중구,2024021820,12.0,11.0,88.33333333333333,63.0,2.266666666666666,24,24,24
20240219,중랑구,2024021820,13.0,11.0,82.5,65.0,2.308333333333333,24,24,24
20240220,강남구,2024021920,9.0,2.0,73.75,30.0,2.0416666666666665,24,24,24
20240220,강동구,2024021920,8.0,2.0,74.375,30.0,2.183333333333333,24,24,24
20240220,강북구,2024021920,6.0,-1.0,75.20833333333333,30.0,1.975,24,24,24
20240220,강서구,2024021920,8.0,-1.0,75.20833333333333,30.0,2.125,24,24,24
20240220,관악구,2024021920,8.0,1.0,73.75,30.0,1.9625,24,24,24
20240220,광진구,2024021920,8.0,2.0,71.66666666666667,30.0,2.1125000000000003,24,24,24
20240220,구로구,2024021920,9.0,2.0,69.16666666666667,30.0,2.0083333333333333,24,24,24
20240220,금천구,2024021920,8.0,1.0,76.875,30.0,1.9375,24,24,24
20240220,노원구,2024021920,8.0,1.0,75.41666666666667,30.0,2.1416666666666666,24,24,24
20240220,도봉구,2024021920,8.0,1.0,75.41666666666667,30.0,2.1416666666666666,24,24,24
20240220,동대문구,2024021920,8.0,2.0,72.08333333333333,30.0,2.0541666666666667,24,24,24
20240220,동작구,2024021920,8.0,1.0,73.75,30.0,1.9625,24,24,24
20240220,마포구,2024021920,8.0,1.0,72.70833333333333,30.0,1.9958333333333336,24,24,24
20240220,서대문구,2024021920,8.0,1.0,72.70833333333333,30.0,1.9958333333333336,24,24,24
20240220,서초구,2024021920,9.0,2.0,73.75,30.0,2.0416666666666665,24,24,24
20240220,성동구,2024021920,8.0,1.0,72.91666666666667,30.0,2.045833333333333,24,24,24
20240220,성북구,2024021920,6.0,-1.0,75.20833333333333,30.0,1.975,24,24,24
20240220,송파구,2024021920,9.0,2.0,71.45833333333333,30.0,2.1,24,24,24
20240220,양천구,2024021920,8.0,1.0,71.25,30.0,2.0375,24,24,24
20240220,영등포구,2024021920,8.0,2.0,71.875,30.0,1.9750000000000003,24,24,24
20240220,용산구,2024021920,8.0,2.0,72.70833333333333,30.0,2.0041666666666664,24,24,24
20240220,은평구,2024021920,8.0,1.0,75.20833333333333,30.0,2.0083333333333333,24,24,24
20240220,종로구,2024021920,9.0,2.0,74.79166666666667,30.0,1.9916666666666665,24,24,24
20240220,중구,2024021920,9.0,2.0,74.79166666666667,30.0,1.9916666666666665,24,24,24
20240220,중랑구,2024021920,8.0,2.0,72.08333333333333,30.0,2.15,24,24,24
20240221,강남구,2024022020,4.0,4.0,78.95833333333333,60.0,3.4125,24,24,24
20240221,강동구,2024022020,4.0,3.0,78.125,60.0,3.5875000000000004,24,24,24
20240221,강북구,2024022020,2.0,1.0,81.04166666666667,60.0,3.029166666666667,24,24,24
20240221,강서구,2024022020,4.0,2.0,83.54166666666667,60.0,3.3958333333333335,24,24,24
20240221,관악구,2024022020,4.0,3.0,80.83333333333333,60.0,3.3833333333333333,24,24,24
20240221,광진구,2024022020,4.0,4.0,77.29166666666667,60.0,3.483333333333333,24,24,24
20240221,구로구,2024022020,5.0,4.0,76.875,60.0,3.404166666666667,24,24,24
20240221,금천구,2024022020,4.0,3.0,83.33333333333333,60.0,3.375,24,24,24
20240221,노원구,2024022020,4.0,3.0,82.29166666666667,60.0,3.1916666666666664,24,24,24
20240221,도봉구,2024022020,4.0,3.0,82.29166666666667,60.0,3.1916666666666664,24,24,24
20240221,동대문구,2024022020,4.0,3.0,78.54166666666667,60.0,3.2624999999999997,24,24,24
20240221,동작구,2024022020,4.0,3.0,80.83333333333333,60.0,3.3833333333333333,24,24,24
20240221,마포구,2024022020,3.0,3.0,80.625,60.0,3.1999999999999997,24,24,24
20240221,서대문구,2024022020,3.0,3.0,80.625,60.0,3.1999999999999997,24,24,24
20240221,서초구,2024022020,4.0,4.0,78.95833333333333,60.0,3.4125,24,24,24
20240221,성동구,2024022020,4.0,3.0,80.625,60.0,3.3625000000000003,24,24,24
20240221,성북구,2024022020,2.0,1.0,81.04166666666667,60.0,3.029166666666667,24,24,24
20240221,송파구,2024022020,5.0,4.0,77.08333333333333,60.0,3.475,24,24,24
20240221,양천구,2024022020,4.0,3.0,79.375,60.0,3.3333333333333335,24,24,24
20240221,영등포구,2024022020,4.0,3.0,79.375,60.0,3.3125,24,24,24
20240221,용산구,2024022020,4.0,3.0,78.95833333333333,60.0,3.2624999999999997,24,24,24
20240221,은평구,2024022020,4.0,3.0,82.91666666666667,60.0,3.0916666666666663,24,24,24
20240221,종로구,2024022020,4.0,3.0,82.5,60.0,3.1541666666666663,24,24,24
20240221,중구,2024022020,4.0,3.0,82.5,60.0,3.1541666666666663,24,24,24
20240221,중랑구,2024022020,4.0,4.0,77.70833333333333,60.0,3.4291666666666667,24,24,24
20240222,강남구,2024022120,5.0,1.0,72.5,60.0,2.7083333333333335,24,24,24
20240222,강동구,2024022120,5.0,0.0,71.875,60.0,2.9125,24,24,24
20240222,강북구,2024022120,2.0,-2.0,75.0,60.0,2.4916666666666667,24,24,24
20240222,강서구,2024022120,4.0,0.0,76.45833333333333,60.0,2.670833333333333,24,24,24
20240222,관악구,2024022120,4.0,1.0,73.54166666666667,60.0,2.6666666666666665,24,24,24
20240222,광진구,2024022120,5.0,1.0,70.83333333333333,60.0,2.8208333333333333,24,24,24
20240222,구로구,2024022120,5.0,1.0,70.0,60.0,2.6999999999999997,24,24,24
20240222,금천구,2024022120,4.0,0.0,76.66666666666667,60.0,2.6333333333333333,24,24,24
20240222,노원구,2024022120,4.0,-1.0,76.66666666666667,60.0,2.6666666666666665,24,24,24
20240222,도봉구,2024022120,4.0,-1.0,76.66666666666667,60.0,2.6666666666666665,24,24,24
20240222,동대문구,2024022120,4.0,1.0,72.08333333333333,60.0,2.6666666666666665,24,24,24
20240222,동작구,2024022120,4.0,1.0,73.54166666666667,60.0,2.6666666666666665,24,24,24
20240222,마포구,2024022120,4.0,0.0,73.54166666666667,60.0,2.5500000000000003,24,24,24
20240222,서대문구,2024022120,4.0,0.0,73.54166666666667,60.0,2.5500000000000003,24,24,24
20240222,서초구,2024022120,5.0,1.0,72.5,60.0,2.7083333333333335,24,24,24
20240222,성동구,2024022120,5.0,0.0,73.125,60.0,2.7083333333333335,24,24,24
20240222,성북구,2024022120,2.0,-2.0,75.0,60.0,2.4916666666666667,24,24,24
20240222,송파구,2024022120,5.0,1.0,69.79166666666667,60.0,2.7833333333333337,24,24,24
20240222,양천구,2024022120,4.0,0.0,72.08333333333333,60.0,2.6374999999999997,24,24,24
20240222,영등포구,2024022120,4.0,0.0,72.91666666666667,60.0,2.6333333333333333,24,24,24
20240222,용산구,2024022120,4.0,0.0,72.91666666666667,60.0,2.6333333333333333,24,24,24
20240222,은평구,2024022120,4.0,0.0,76.45833333333333,60.0,2.4916666666666667,24,24,24
20240222,종로구,2024022120,4.0,0.0,74.375,60.0,2.5458333333333334,24,24,24
20240222,중구,2024022120,4.0,0.0,74.375,60.0,2.5458333333333334,24,24,24
20240222,중랑구,2024022120,5.0,1.0,71.25,60.0,2.8208333333333333,24,24,24
20240223,강남구,2024022220,6.0,-2.0,65.41666666666667,30.0,2.0124999999999997,24,24,24
20240223,강동구,2024022220,6.0,-2.0,64.375,30.0,2.2291666666666665,24,24,24
20240223,강북구,2024022220,3.0,-5.0,65.20833333333333,30.0,1.9375,24,24,24
20240223,강서구,2024022220,6.0,-3.0,69.58333333333333,30.0,1.9625,24,24,24
20240223,관악구,2024022220,5.0,-2.0,65.625,30.0,1.925,24,24,24
20240223,광진구,2024022220,6.0,-1.0,61.25,30.0,2.1458333333333335,24,24,24
20240223,구로구,2024022220,6.0,-1.0,62.291666666666664,30.0,1.9166666666666667,24,24,24
20240223,금천구,2024022220,5.0,-3.0,69.79166666666667,30.0,1.8916666666666664,24,24,24
20240223,노원구,2024022220,5.0,-4.0,66.875,30.0,2.1125,24,24,24
20240223,도봉구,2024022220,5.0,-4.0,66.875,30.0,2.1125,24,24,24
20240223,동대문구,2024022220,5.0,-1.0,61.041666666666664,30.0,2.0458333333333334,24,24,24
20240223,동작구,2024022220,5.0,-2.0,65.625,30.0,1.925,24,24,24
20240223,마포구,2024022220,5.0,-2.0,64.79166666666667,30.0,1.9041666666666668,24,24,24
20240223,서대문구,2024022220,5.0,-2.0,64.79166666666667,30.0,1.9041666666666668,24,24,24
20240223,서초구,2024022220,6.0,-2.0,65.41666666666667,30.0,2.0124999999999997,24,24,24
20240223,성동구,2024022220,6.0,-1.0,64.375,30.0,2.0375,24,24,24
20240223,성북구,2024022220,3.0,-5.0,65.20833333333333,30.0,1.9375,24,24,24
20240223,송파구,2024022220,6.0,-1.0,62.291666666666664,30.0,2.0708333333333333,24,24,24
20240223,양천구,2024022220,5.0,-2.0,63.75,30.0,1.925,24,24,24
20240223,영등포구,2024022220,5.0,-2.0,63.333333333333336,30.0,1.9375,24,24,24
20240223,용산구,2024022220,5.0,-2.0,63.541666666666664,30.0,1.9541666666666668,24,24,24
20240223,은평구,2024022220,5.0,-3.0,68.54166666666667,30.0,1.9083333333333332,24,24,24
20240223,종로구,2024022220,6.0,-2.0,67.91666666666667,30.0,1.9458333333333335,24,24,24
20240223,중구,2024022220,6.0,-2.0,67.91666666666667,30.0,1.9458333333333335,24,24,24
20240223,중랑구,2024022220,6.0,-2.0,61.25,30.0,2.1625,24,24,24
20240224,강남구,2024022320,7.0,-2.0,66.25,30.0,1.9833333333333332,24,24,24
20240224,강동구,2024022320,7.0,-2.0,65.625,30.0,2.15,24,24,24
20240224,강북구,2024022320,4.0,-5.0,66.66666666666667,30.0,1.8875,24,24,24
20240224,강서구,2024022320,6.0,-2.0,67.5,30.0,1.9041666666666668,24,24,24
20240224,관악구,2024022320,6.0,-1.0,65.625,30.0,1.9208333333333336,24,24,24
20240224,광진구,2024022320,7.0,-1.0,63.541666666666664,30.0,2.0833333333333335,24,24,24
20240224,구로구,2024022320,7.0,-1.0,61.458333333333336,30.0,1.8958333333333333,24,24,24
20240224,금천구,2024022320,6.0,-2.0,68.33333333333333,30.0,1.9166666666666667,24,24,24
20240224,노원구,2024022320,6.0,-3.0,68.95833333333333,30.0,2.095833333333333,24,24,24
20240224,도봉구,2024022320,6.0,-3.0,68.95833333333333,30.0,2.095833333333333,24,24,24
20240224,동대문구,2024022320,6.0,-1.0,64.16666666666667,30.0,2.004166666666667,24,24,24
20240224,동작구,2024022320,6.0,-1.0,65.625,30.0,1.9208333333333336,24,24,24
20240224,마포구,2024022320,6.0,-2.0,64.58333333333333,30.0,1.8875,24,24,24
20240224,서대문구,2024022320,6.0,-2.0,64.58333333333333,30.0,1.8875,24,24,24
20240224,서초구,2024022320,7.0,-2.0,66.25,30.0,1.9833333333333332,24,24,24
20240224,성동구,2024022320,7.0,-2.0,64.79166666666667,30.0,2.0083333333333333,24,24,24
20240224,성북구,2024022320,4.0,-5.0,66.66666666666667,30.0,1.8875,24,24,24
20240224,송파구,2024022320,7.0,-1.0,63.125,30.0,2.0375,24,24,24
20240224,양천구,2024022320,6.0,-1.0,62.5,30.0,1.8708333333333336,24,24,24
20240224,영등포구,2024022320,6.0,-1.0,63.541666666666664,30.0,1.9,24,24,24
20240224,용산구,2024022320,6.0,-2.0,65.0,30.0,1.9166666666666667,24,24,24
20240224,은평구,2024022320,6.0,-3.0,67.91666666666667,30.0,1.8833333333333335,24,24,24
20240224,종로구,2024022320,7.0,-2.0,67.70833333333333,30.0,1.9083333333333332,24,24,24
20240224,중구,2024022320,7.0,-2.0,67.70833333333333,30.0,1.9083333333333332,24,24,24
20240224,중랑구,2024022320,7.0,-2.0,64.58333333333333,30.0,2.1333333333333333,24,24,24
20240225,강남구,2024022420,8.0,2.0,75.625,60.0,1.7541666666666664,24,24,24
20240225,강동구,2024022420,8.0,1.0,74.58333333333333,60.0,1.7666666666666666,24,24,24
20240225,강북구,2024022420,5.0,-1.0,76.875,60.0,1.7124999999999997,24,24,24
20240225,강서구,2024022420,7.0,1.0,79.375,60.0,1.8458333333333332,24,24,24
20240225,관악구,2024022420,7.0,2.0,77.29166666666667,60.0,1.7708333333333333,24,24,24
20240225,광진구,2024022420,8.0,2.0,72.29166666666667,60.0,1.7625,24,24,24
20240225,구로구,2024022420,7.0,2.0,73.95833333333333,60.0,1.7916666666666667,24,24,24
20240225,금천구,2024022420,7.0,1.0,80.20833333333333,60.0,1.7875,24,24,24
20240225,노원구,2024022420,7.0,0.0,77.29166666666667,60.0,1.7166666666666668,24,24,24
20240225,도봉구,2024022420,7.0,0.0,77.29166666666667,60.0,1.7166666666666668,24,24,24
20240225,동대문구,2024022420,7.0,2.0,72.91666666666667,60.0,1.7333333333333334,24,24,24
20240225,동작구,2024022420,7.0,2.0,77.29166666666667,60.0,1.7708333333333333,24,24,24
20240225,마포구,2024022420,7.0,1.0,76.04166666666667,60.0,1.7541666666666664,24,24,24
20240225,서대문구,2024022420,7.0,1.0,76.04166666666667,60.0,1.7541666666666664,24,24,24
20240225,서초구,2024022420,8.0,2.0,75.625,60.0,1.7541666666666664,24,24,24
20240225,성동구,2024022420,8.0,1.0,73.125,60.0,1.7583333333333335,24,24,24
20240225,성북구,2024022420,5.0,-1.0,76.875,60.0,1.7124999999999997,24,24,24
20240225,송파구,2024022420,8.0,2.0,72.29166666666667,60.0,1.7666666666666668,24,24,24
20240225,양천구,2024022420,7.0,1.0,75.0,60.0,1.7791666666666668,24,24,24
20240225,영등포구,2024022420,7.0,1.0,75.41666666666667,60.0,1.758333333333333,24,24,24
20240225,용산구,2024022420,7.0,1.0,75.41666666666667,60.0,1.7458333333333331,24,24,24
20240225,은평구,2024022420,7.0,1.0,78.75,60.0,1.7541666666666669,24,24,24
20240225,종로구,2024022420,7.0,1.0,77.29166666666667,60.0,1.725,24,24,24
20240225,중구,2024022420,7.0,1.0,77.29166666666667,60.0,1.725,24,24,24
20240225,중랑구,2024022420,8.0,1.0,71.875,60.0,1.7541666666666669,24,24,24
20240226,강남구,2024022520,9.0,0.0,68.54166666666667,30.0,1.1416666666666666,24,24,24
20240226,강동구,2024022520,9.0,-1.0,69.16666666666667,30.0,1.0958333333333334,24,24,24
20240226,강북구,2024022520,6.0,-4.0,70.0,30.0,1.1625,24,24,24
20240226,강서구,2024022520,8.0,-2.0,73.54166666666667,30.0,1.4458333333333335,24,24,24
20240226,관악구,2024022520,8.0,-1.0,70.20833333333333,30.0,1.2583333333333333,24,24,24
20240226,광진구,2024022520,9.0,0.0,65.625,30.0,1.1083333333333332,24,24,24
20240226,구로구,2024022520,9.0,0.0,66.66666666666667,30.0,1.3166666666666669,24,24,24
20240226,금천구,2024022520,8.0,-1.0,73.75,30.0,1.2916666666666667,24,24,24
20240226,노원구,2024022520,8.0,-3.0,71.45833333333333,30.0,1.1458333333333333,24,24,24
20240226,도봉구,2024022520,8.0,-3.0,71.45833333333333,30.0,1.1458333333333333,24,24,24
20240226,동대문구,2024022520,8.0,0.0,66.875,30.0,1.1333333333333333,24,24,24
20240226,동작구,2024022520,8.0,-1.0,70.20833333333333,30.0,1.2583333333333333,24,24,24
20240226,마포구,2024022520,8.0,-1.0,69.79166666666667,30.0,1.25,24,24,24
20240226,서대문구,2024022520,8.0,-1.0,69.79166666666667,30.0,1.25,24,24,24
20240226,서초구,2024022520,9.0,0.0,68.54166666666667,30.0,1.1416666666666666,24,24,24
20240226,성동구,2024022520,9.0,0.0,65.625,30.0,1.1416666666666666,24,24,24
20240226,성북구,2024022520,6.0,-4.0,70.0,30.0,1.1625,24,24,24
20240226,송파구,2024022520,9.0,0.0,65.625,30.0,1.1041666666666667,24,24,24
20240226,양천구,2024022520,8.0,-1.0,67.5,30.0,1.3041666666666667,24,24,24
20240226,영등포구,2024022520,8.0,0.0,68.33333333333333,30.0,1.2416666666666667,24,24,24
20240226,용산구,2024022520,8.0,0.0,68.54166666666667,30.0,1.1791666666666665,24,24,24
20240226,은평구,2024022520,8.0,-2.0,73.125,30.0,1.2416666666666667,24,24,24
20240226,종로구,2024022520,8.0,-1.0,71.25,30.0,1.1583333333333332,24,24,24
20240226,중구,2024022520,8.0,-1.0,71.25,30.0,1.1583333333333332,24,24,24
20240226,중랑구,2024022520,9.0,-1.0,67.08333333333333,30.0,1.1041666666666667,24,24,24
20240227,강남구,2024022620,10.0,1.0,60.833333333333336,30.0,1.6791666666666665,24,24,24
20240227,강동구,2024022620,9.0,0.0,60.833333333333336,30.0,1.7541666666666669,24,24,24
20240227,강북구,2024022620,7.0,-2.0,62.916666666666664,30.0,1.5625,24,24,24
20240227,강서구,2024022620,9.0,0.0,64.16666666666667,30.0,1.5708333333333335,24,24,24
20240227,관악구,2024022620,9.0,1.0,61.041666666666664,30.0,1.6166666666666665,24,24,24
20240227,광진구,2024022620,9.0,1.0,58.958333333333336,30.0,1.7000000000000002,24,24,24
20240227,구로구,2024022620,9.0,1.0,57.708333333333336,30.0,1.5916666666666668,24,24,24
20240227,금천구,2024022620,8.0,0.0,64.58333333333333,30.0,1.625,24,24,24
20240227,노원구,2024022620,9.0,0.0,63.541666666666664,30.0,1.7,24,24,24
20240227,도봉구,2024022620,9.0,0.0,63.541666666666664,30.0,1.7,24,24,24
20240227,동대문구,2024022620,9.0,1.0,60.0,30.0,1.6291666666666664,24,24,24
20240227,동작구,2024022620,9.0,1.0,61.041666666666664,30.0,1.6166666666666665,24,24,24
20240227,마포구,2024022620,9.0,1.0,60.208333333333336,30.0,1.5666666666666664,24,24,24
20240227,서대문구,2024022620,9.0,1.0,60.208333333333336,30.0,1.5666666666666664,24,24,24
20240227,서초구,2024022620,10.0,1.0,60.833333333333336,30.0,1.6791666666666665,24,24,24
20240227,성동구,2024022620,9.0,1.0,59.166666666666664,30.0,1.65,24,24,24
20240227,성북구,2024022620,7.0,-2.0,62.916666666666664,30.0,1.5625,24,24,24
20240227,송파구,2024022620,9.0,1.0,57.916666666666664,30.0,1.7041666666666668,24,24,24
20240227,양천구,2024022620,9.0,1.0,59.375,30.0,1.5874999999999997,24,24,24
20240227,영등포구,2024022620,9.0,1.0,59.583333333333336,30.0,1.5958333333333332,24,24,24
20240227,용산구,2024022620,9.0,1.0,60.208333333333336,30.0,1.6166666666666665,24,24,24
20240227,은평구,2024022620,9.0,0.0,63.333333333333336,30.0,1.5625,24,24,24
20240227,종로구,2024022620,9.0,0.0,63.333333333333336,30.0,1.5875,24,24,24
20240227,중구,2024022620,9.0,0.0,63.333333333333336,30.0,1.5875,24,24,24
20240227,중랑구,2024022620,9.0,1.0,59.375,30.0,1.7125,24,24,24
20240228,강남구,2024022720,10.0,3.0,66.25,30.0,1.3458333333333332,24,24,24
20240228,강동구,2024022720,10.0,2.0,66.875,30.0,1.3916666666666666,24,24,24
20240228,강북구,2024022720,7.0,0.0,69.375,30.0,1.2833333333333334,24,24,24
20240228,강서구,2024022720,9.0,2.0,71.66666666666667,30.0,1.2458333333333331,24,24,24
20240228,관악구,2024022720,9.0,3.0,67.91666666666667,30.0,1.2708333333333333,24,24,24
20240228,광진구,2024022720,9.0,3.0,65.0,30.0,1.3625,24,24,24
20240228,구로구,2024022720,9.0,3.0,63.958333333333336,30.0,1.2416666666666665,24,24,24
20240228,금천구,2024022720,9.0,2.0,70.83333333333333,30.0,1.3125,24,24,24
20240228,노원구,2024022720,9.0,1.0,71.25,30.0,1.3416666666666668,24,24,24
20240228,도봉구,2024022720,9.0,1.0,71.25,30.0,1.3416666666666668,24,24,24
20240228,동대문구,2024022720,9.0,3.0,66.875,30.0,1.3416666666666668,24,24,24
20240228,동작구,2024022720,9.0,3.0,67.91666666666667,30.0,1.2708333333333333,24,24,24
20240228,마포구,2024022720,9.0,3.0,68.125,30.0,1.2625000000000002,24,24,24
20240228,서대문구,2024022720,9.0,3.0,68.125,30.0,1.2625000000000002,24,24,24
20240228,서초구,2024022720,10.0,3.0,66.25,30.0,1.3458333333333332,24,24,24
20240228,성동구,2024022720,10.0,3.0,65.0,30.0,1.3374999999999997,24,24,24
20240228,성북구,2024022720,7.0,0.0,69.375,30.0,1.2833333333333334,24,24,24
20240228,송파구,2024022720,10.0,3.0,63.958333333333336,30.0,1.3583333333333332,24,24,24
20240228,양천구,2024022720,9.0,3.0,66.04166666666667,30.0,1.2333333333333334,24,24,24
20240228,영등포구,2024022720,9.0,3.0,66.25,30.0,1.2625,24,24,24
20240228,용산구,2024022720,9.0,3.0,67.08333333333333,30.0,1.3083333333333331,24,24,24
20240228,은평구,2024022720,9.0,2.0,71.66666666666667,30.0,1.2666666666666666,24,24,24
20240228,종로구,2024022720,9.0,2.0,70.20833333333333,30.0,1.3,24,24,24
20240228,중구,2024022720,9.0,2.0,70.20833333333333,30.0,1.3,24,24,24
20240228,중랑구,2024022720,9.0,3.0,66.45833333333333,30.0,1.3666666666666665,24,24,24
20240229,강남구,2024022820,9.0,2.0,64.79166666666667,30.0,1.925,24,24,24
20240229,강동구,2024022820,9.0,2.0,65.0,30.0,1.9041666666666668,24,24,24
20240229,강북구,2024022820,7.0,0.0,64.58333333333333,30.0,1.9208333333333332,24,24,24
20240229,강서구,2024022820,9.0,1.0,66.66666666666667,30.0,2.191666666666667,24,24,24
20240229,관악구,2024022820,9.0,2.0,63.958333333333336,30.0,2.0083333333333333,24,24,24
20240229,광진구,2024022820,9.0,3.0,62.083333333333336,30.0,1.9041666666666668,24,24,24
20240229,구로구,2024022820,9.0,3.0,60.625,30.0,2.0375,24,24,24
20240229,금천구,2024022820,9.0,1.0,65.83333333333333,30.0,1.9958333333333331,24,24,24
20240229,노원구,2024022820,9.0,1.0,66.25,30.0,1.9208333333333336,24,24,24
20240229,도봉구,2024022820,9.0,1.0,66.25,30.0,1.9208333333333336,24,24,24
20240229,동대문구,2024022820,9.0,3.0,61.875,30.0,1.9333333333333331,24,24,24
20240229,동작구,2024022820,9.0,2.0,63.958333333333336,30.0,2.0083333333333333,24,24,24
20240229,마포구,2024022820,9.0,3.0,62.916666666666664,30.0,2.0,24,24,24
20240229,서대문구,2024022820,9.0,3.0,62.916666666666664,30.0,2.0,24,24,24
20240229,서초구,2024022820,9.0,2.0,64.79166666666667,30.0,1.925,24,24,24
20240229,성동구,2024022820,9.0,3.0,62.5,30.0,1.9208333333333332,24,24,24
20240229,성북구,2024022820,7.0,0.0,64.58333333333333,30.0,1.9208333333333332,24,24,24
20240229,송파구,2024022820,10.0,3.0,62.083333333333336,30.0,1.9125000000000003,24,24,24
20240229,양천구,2024022820,9.0,2.0,61.041666666666664,30.0,2.0541666666666667,24,24,24
20240229,영등포구,2024022820,9.0,3.0,61.875,30.0,1.9916666666666665,24,24,24
20240229,용산구,2024022820,9.0,3.0,62.916666666666664,30.0,1.9583333333333333,24,24,24
20240229,은평구,2024022820,9.0,2.0,66.45833333333333,30.0,2.004166666666667,24,24,24
20240229,종로구,2024022820,9.0,3.0,64.79166666666667,30.0,1.9458333333333335,24,24,24
20240229,중구,2024022820,9.0,3.0,64.79166666666667,30.0,1.9458333333333335,24,24,24
20240229,중랑구,2024022820,9.0,2.0,62.291666666666664,30.0,1.9083333333333332,24,24,24
20240301,강남구,2024022920,-1.0,-5.0,39.375,20.0,3.9958333333333336,24,24,24
20240301,강동구,2024022920,-1.0,-5.0,37.5,20.0,4.029166666666666,24,24,24
20240301,강북구,2024022920,-4.0,-8.0,39.375,20.0,3.7291666666666665,24,24,24
20240301,강서구,2024022920,-1.0,-6.0,39.375,20.0,4.066666666666666,24,24,24
20240301,관악구,2024022920,-2.0,-5.0,39.166666666666664,20.0,3.983333333333333,24,24,24
20240301,광진구,2024022920,-1.0,-5.0,37.291666666666664,20.0,4.008333333333333,24,24,24
20240301,구로구,2024022920,-2.0,-5.0,34.583333333333336,20.0,3.9958333333333336,24,24,24
20240301,금천구,2024022920,-2.0,-6.0,40.833333333333336,20.0,4.004166666666667,24,24,24
20240301,노원구,2024022920,-2.0,-6.0,39.583333333333336,0.0,3.8333333333333335,24,24,24
20240301,도봉구,2024022920,-2.0,-6.0,39.583333333333336,0.0,3.8333333333333335,24,24,24
20240301,동대문구,2024022920,-2.0,-5.0,37.708333333333336,20.0,3.8791666666666664,24,24,24
20240301,동작구,2024022920,-2.0,-5.0,39.166666666666664,20.0,3.983333333333333,24,24,24
20240301,마포구,2024022920,-2.0,-6.0,38.958333333333336,20.0,3.8791666666666664,24,24,24
20240301,서대문구,2024022920,-2.0,-6.0,38.958333333333336,20.0,3.8791666666666664,24,24,24
20240301,서초구,2024022920,-1.0,-5.0,39.375,20.0,3.9958333333333336,24,24,24
20240301,성동구,2024022920,-1.0,-6.0,39.583333333333336,20.0,3.95,24,24,24
20240301,성북구,2024022920,-4.0,-8.0,39.375,20.0,3.7291666666666665,24,24,24
20240301,송파구,2024022920,-1.0,-5.0,36.666666666666664,20.0,4.033333333333333,24,24,24
20240301,양천구,2024022920,-2.0,-6.0,36.875,20.0,3.9625,24,24,24
20240301,영등포구,2024022920,-2.0,-6.0,38.541666666666664,20.0,3.95,24,24,24
20240301,용산구,2024022920,-2.0,-6.0,39.375,20.0,3.929166666666667,24,24,24
20240301,은평구,2024022920,-2.0,-6.0,40.416666666666664,20.0,3.825,24,24,24
20240301,종로구,2024022920,-2.0,-6.0,42.083333333333336,20.0,3.829166666666667,24,24,24
20240301,중구,2024022920,-2.0,-6.0,42.083333333333336,20.0,3.829166666666667,24,24,24
20240301,중랑구,2024022920,-1.0,-5.0,36.458333333333336,20.0,3.9625,24,24,24
20240302,강남구,2024030120,5.0,-5.0,58.125,60.0,4.35,24,24,24
20240302,강동구,2024030120,5.0,-6.0,56.875,60.0,4.4750000000000005,24,24,24
20240302,강북구,2024030120,2.0,-9.0,58.541666666666664,60.0,4.2124999999999995,24,24,24
20240302,강서구,2024030120,6.0,-5.0,58.541666666666664,30.0,4.766666666666667,24,24,24
20240302,관악구,2024030120,5.0,-5.0,58.541666666666664,60.0,4.320833333333334,24,24,24
20240302,광진구,2024030120,5.0,-5.0,55.833333333333336,60.0,4.308333333333334,24,24,24
20240302,구로구,2024030120,5.0,-4.0,54.583333333333336,60.0,4.504166666666666,24,24,24
20240302,금천구,2024030120,4.0,-6.0,59.791666666666664,60.0,4.516666666666667,24,24,24
20240302,노원구,2024030120,5.0,-7.0,60.416666666666664,60.0,4.258333333333333,24,24,24
20240302,도봉구,2024030120,5.0,-7.0,60.416666666666664,60.0,4.258333333333333,24,24,24
20240302,동대문구,2024030120,5.0,-5.0,56.666666666666664,60.0,4.141666666666667,24,24,24
20240302,동작구,2024030120,5.0,-5.0,58.541666666666664,60.0,4.320833333333334,24,24,24
20240302,마포구,2024030120,5.0,-6.0,57.5,60.0,4.116666666666666,24,24,24
20240302,서대문구,2024030120,5.0,-6.0,57.5,60.0,4.116666666666666,24,24,24
20240302,서초구,2024030120,5.0,-5.0,58.125,60.0,4.35,24,24,24
20240302,성동구,2024030120,5.0,-5.0,58.125,60.0,4.1499999999999995,24,24,24
20240302,성북구,2024030120,2.0,-9.0,58.541666666666664,60.0,4.2124999999999995,24,24,24
20240302,송파구,2024030120,5.0,-5.0,55.625,60.0,4.454166666666667,24,24,24
20240302,양천구,2024030120,5.0,-5.0,56.875,60.0,4.395833333333333,24,24,24
20240302,영등포구,2024030120,5.0,-6.0,57.291666666666664,60.0,4.120833333333334,24,24,24
20240302,용산구,2024030120,5.0,-6.0,58.333333333333336,60.0,4.133333333333334,24,24,24
20240302,은평구,2024030120,5.0,-7.0,60.416666666666664,60.0,4.2250000000000005,24,24,24
20240302,종로구,2024030120,5.0,-6.0,60.625,60.0,4.116666666666667,24,24,24
20240302,중구,2024030120,5.0,-6.0,60.625,60.0,4.116666666666667,24,24,24
20240302,중랑구,2024030120,5.0,-5.0,56.458333333333336,60.0,4.3,24,24,24
20240303,강남구,2024030220,8.0,0.0,57.916666666666664,60.0,1.758333333333333,24,24,24
20240303,강동구,2024030220,8.0,-1.0,58.75,60.0,1.8375,24,24,24
20240303,강북구,2024030220,6.0,-4.0,60.208333333333336,60.0,1.6041666666666667,24,24,24
20240303,강서구,2024030220,8.0,-2.0,63.333333333333336,60.0,1.725,24,24,24
20240303,관악구,2024030220,8.0,0.0,59.375,60.0,1.7541666666666664,24,24,24
20240303,광진구,2024030220,8.0,0.0,55.416666666666664,60.0,1.7958333333333334,24,24,24
20240303,구로구,2024030220,8.0,1.0,59.166666666666664,60.0,1.75,24,24,24
20240303,금천구,2024030220,7.0,-1.0,62.5,60.0,1.7541666666666664,24,24,24
20240303,노원구,2024030220,8.0,-2.0,59.583333333333336,60.0,1.7083333333333333,24,24,24
20240303,도봉구,2024030220,8.0,-2.0,59.583333333333336,60.0,1.7083333333333333,24,24,24
20240303,동대문구,2024030220,8.0,0.0,56.458333333333336,60.0,1.7291666666666667,24,24,24
20240303,동작구,2024030220,8.0,0.0,59.375,60.0,1.7541666666666664,24,24,24
20240303,마포구,2024030220,8.0,-1.0,60.416666666666664,60.0,1.6749999999999998,24,24,24
20240303,서대문구,2024030220,8.0,-1.0,60.416666666666664,60.0,1.6749999999999998,24,24,24
20240303,서초구,2024030220,8.0,0.0,57.916666666666664,60.0,1.758333333333333,24,24,24
20240303,성동구,2024030220,8.0,0.0,55.208333333333336,60.0,1.7541666666666669,24,24,24
20240303,성북구,2024030220,6.0,-4.0,60.208333333333336,60.0,1.6041666666666667,24,24,24
20240303,송파구,2024030220,9.0,1.0,55.416666666666664,60.0,1.775,24,24,24
20240303,양천구,2024030220,8.0,0.0,58.541666666666664,60.0,1.7125,24,24,24
20240303,영등포구,2024030220,8.0,0.0,58.541666666666664,60.0,1.7083333333333333,24,24,24
20240303,용산구,2024030220,8.0,0.0,58.333333333333336,60.0,1.7250000000000003,24,24,24
20240303,은평구,2024030220,8.0,-2.0,62.083333333333336,60.0,1.6125,24,24,24
20240303,종로구,2024030220,8.0,-1.0,59.375,60.0,1.6833333333333336,24,24,24
20240303,중구,2024030220,8.0,-1.0,59.375,60.0,1.6833333333333336,24,24,24
20240303,중랑구,2024030220,8.0,-1.0,56.041666666666664,60.0,1.7916666666666667,24,24,24
20240304,강남구,2024030320,11.0,-1.0,47.291666666666664,30.0,0.8583333333333334,24,24,24
20240304,강동구,2024030320,10.0,-2.0,47.5,30.0,0.8583333333333334,24,24,24
20240304,강북구,2024030320,8.0,-5.0,47.083333333333336,30.0,0.8708333333333332,24,24,24
20240304,강서구,2024030320,10.0,-3.0,54.791666666666664,30.0,0.9583333333333334,24,24,24
20240304,관악구,2024030320,10.0,-1.0,50.0,30.0,0.9083333333333335,24,24,24
20240304,광진구,2024030320,11.0,-1.0,44.375,30.0,0.8583333333333334,24,24,24
20240304,구로구,2024030320,10.0,0.0,48.125,30.0,0.9583333333333334,24,24,24
20240304,금천구,2024030320,10.0,-2.0,53.125,30.0,0.9291666666666666,24,24,24
20240304,노원구,2024030320,11.0,-3.0,47.5,30.0,0.9083333333333335,24,24,24
20240304,도봉구,2024030320,11.0,-3.0,47.5,30.0,0.9083333333333335,24,24,24
20240304,동대문구,2024030320,11.0,-1.0,44.166666666666664,30.0,0.8666666666666667,24,24,24
20240304,동작구,2024030320,10.0,-1.0,50.0,30.0,0.9083333333333335,24,24,24
20240304,마포구,2024030320,10.0,-2.0,48.541666666666664,30.0,0.8708333333333332,24,24,24
20240304,서대문구,2024030320,10.0,-2.0,48.541666666666664,30.0,0.8708333333333332,24,24,24
20240304,서초구,2024030320,11.0,-1.0,47.291666666666664,30.0,0.8583333333333334,24,24,24
20240304,성동구,2024030320,11.0,-1.0,43.541666666666664,30.0,0.8416666666666667,24,24,24
20240304,성북구,2024030320,8.0,-5.0,47.083333333333336,30.0,0.8708333333333332,24,24,24
20240304,송파구,2024030320,11.0,-1.0,45.0,30.0,0.8583333333333333,24,24,24
20240304,양천구,2024030320,10.0,-2.0,47.916666666666664,30.0,0.9291666666666668,24,24,24
20240304,영등포구,2024030320,10.0,-1.0,47.916666666666664,30.0,0.8833333333333333,24,24,24
20240304,용산구,2024030320,10.0,-1.0,47.291666666666664,30.0,0.8666666666666667,24,24,24
20240304,은평구,2024030320,10.0,-3.0,51.25,30.0,0.8583333333333334,24,24,24
20240304,종로구,2024030320,11.0,-2.0,47.708333333333336,30.0,0.8541666666666666,24,24,24
20240304,중구,2024030320,11.0,-2.0,47.708333333333336,30.0,0.8541666666666666,24,24,24
20240304,중랑구,2024030320,11.0,-2.0,44.375,30.0,0.8791666666666668,24,24,24
20240305,강남구,2024030420,11.0,5.0,60.833333333333336,60.0,2.7083333333333335,24,24,24
20240305,강동구,2024030420,11.0,4.0,61.458333333333336,60.0,2.8249999999999997,24,24,24
20240305,강북구,2024030420,9.0,2.0,59.375,60.0,2.466666666666667,24,24,24
20240305,강서구,2024030420,12.0,4.0,61.875,60.0,2.5625,24,24,24
20240305,관악구,2024030420,11.0,5.0,58.75,60.0,2.625,24,24,24
20240305,광진구,2024030420,11.0,5.0,57.708333333333336,60.0,2.7583333333333333,24,24,24
20240305,구로구,2024030420,11.0,6.0,55.416666666666664,60.0,2.595833333333333,24,24,24
20240305,금천구,2024030420,11.0,5.0,62.291666666666664,60.0,2.6625,24,24,24
20240305,노원구,2024030420,12.0,2.0,60.416666666666664,60.0,2.6083333333333334,24,24,24
20240305,도봉구,2024030420,12.0,2.0,60.416666666666664,60.0,2.6083333333333334,24,24,24
20240305,동대문구,2024030420,11.0,5.0,56.041666666666664,60.0,2.6208333333333336,24,24,24
20240305,동작구,2024030420,11.0,5.0,58.75,60.0,2.625,24,24,24
20240305,마포구,2024030420,11.0,5.0,57.916666666666664,60.0,2.525,24,24,24
20240305,서대문구,2024030420,11.0,5.0,57.916666666666664,60.0,2.525,24,24,24
20240305,서초구,2024030420,11.0,5.0,60.833333333333336,60.0,2.7083333333333335,24,24,24
20240305,성동구,2024030420,11.0,5.0,57.916666666666664,60.0,2.6583333333333337,24,24,24
20240305,성북구,2024030420,9.0,2.0,59.375,60.0,2.466666666666667,24,24,24
20240305,송파구,2024030420,11.0,5.0,59.583333333333336,60.0,2.7708333333333335,24,24,24
20240305,양천구,2024030420,11.0,5.0,55.0,60.0,2.5375,24,24,24
20240305,영등포구,2024030420,11.0,5.0,56.458333333333336,60.0,2.5833333333333335,24,24,24
20240305,용산구,2024030420,11.0,5.0,57.5,60.0,2.608333333333333,24,24,24
20240305,은평구,2024030420,11.0,3.0,62.291666666666664,60.0,2.470833333333333,24,24,24
20240305,종로구,2024030420,11.0,4.0,58.333333333333336,60.0,2.529166666666667,24,24,24
20240305,중구,2024030420,11.0,4.0,58.333333333333336,60.0,2.529166666666667,24,24,24
20240305,중랑구,2024030420,11.0,4.0,57.5,60.0,2.7458333333333336,24,24,24
20240306,강남구,2024030520,11.0,3.0,60.208333333333336,30.0,1.866666666666667,24,24,24
20240306,강동구,2024030520,10.0,2.0,59.791666666666664,30.0,2.0625,24,24,24
20240306,강북구,2024030520,8.0,-1.0,62.916666666666664,30.0,1.8166666666666669,24,24,24
20240306,강서구,2024030520,11.0,1.0,67.08333333333333,30.0,2.0625,24,24,24
20240306,관악구,2024030520,10.0,2.0,62.5,30.0,1.8708333333333331,24,24,24
20240306,광진구,2024030520,10.0,3.0,57.916666666666664,30.0,1.9833333333333336,24,24,24
20240306,구로구,2024030520,11.0,3.0,60.625,30.0,1.9041666666666668,24,24,24
20240306,금천구,2024030520,10.0,2.0,64.79166666666667,30.0,1.8500000000000003,24,24,24
20240306,노원구,2024030520,10.0,1.0,63.958333333333336,30.0,1.9833333333333336,24,24,24
20240306,도봉구,2024030520,10.0,1.0,63.958333333333336,30.0,1.9833333333333336,24,24,24
20240306,동대문구,2024030520,10.0,3.0,59.583333333333336,30.0,1.8916666666666664,24,24,24
20240306,동작구,2024030520,10.0,2.0,62.5,30.0,1.8708333333333331,24,24,24
20240306,마포구,2024030520,10.0,2.0,61.666666666666664,30.0,1.8875,24,24,24
20240306,서대문구,2024030520,10.0,2.0,61.666666666666664,30.0,1.8875,24,24,24
20240306,서초구,2024030520,11.0,3.0,60.208333333333336,30.0,1.866666666666667,24,24,24
20240306,성동구,2024030520,11.0,3.0,57.5,30.0,1.8833333333333335,24,24,24
20240306,성북구,2024030520,8.0,-1.0,62.916666666666664,30.0,1.8166666666666669,24,24,24
20240306,송파구,2024030520,11.0,3.0,57.291666666666664,30.0,1.9166666666666667,24,24,24
20240306,양천구,2024030520,10.0,2.0,61.666666666666664,30.0,1.9166666666666667,24,24,24
20240306,영등포구,2024030520,10.0,2.0,60.625,30.0,1.8875,24,24,24
20240306,용산구,2024030520,10.0,2.0,60.208333333333336,30.0,1.8375,24,24,24
20240306,은평구,2024030520,10.0,2.0,65.41666666666667,30.0,1.8875,24,24,24
20240306,종로구,2024030520,10.0,2.0,63.958333333333336,30.0,1.825,24,24,24
20240306,중구,2024030520,10.0,2.0,63.958333333333336,30.0,1.825,24,24,24
20240306,중랑구,2024030520,10.0,3.0,58.333333333333336,30.0,1.9916666666666665,24,24,24
20240307,강남구,2024030620,8.0,2.0,67.5,60.0,1.9333333333333331,24,24,24
20240307,강동구,2024030620,7.0,1.0,68.54166666666667,60.0,1.9708333333333332,24,24,24
20240307,강북구,2024030620,5.0,-1.0,70.41666666666667,60.0,1.7791666666666668,24,24,24
20240307,강서구,2024030620,7.0,1.0,69.16666666666667,60.0,1.8958333333333333,24,24,24
20240307,관악구,2024030620,7.0,2.0,67.29166666666667,60.0,1.925,24,24,24
20240307,광진구,2024030620,7.0,2.0,67.29166666666667,60.0,1.9208333333333332,24,24,24
20240307,구로구,2024030620,8.0,3.0,63.541666666666664,60.0,1.9083333333333332,24,24,24
20240307,금천구,2024030620,7.0,2.0,71.25,60.0,1.9541666666666664,24,24,24
20240307,노원구,2024030620,7.0,0.0,71.875,60.0,1.8458333333333332,24,24,24
20240307,도봉구,2024030620,7.0,0.0,71.875,60.0,1.8458333333333332,24,24,24
20240307,동대문구,2024030620,7.0,2.0,68.33333333333333,60.0,1.8625,24,24,24
20240307,동작구,2024030620,7.0,2.0,67.29166666666667,60.0,1.925,24,24,24
20240307,마포구,2024030620,7.0,2.0,67.29166666666667,60.0,1.8375,24,24,24
20240307,서대문구,2024030620,7.0,2.0,67.29166666666667,60.0,1.8375,24,24,24
20240307,서초구,2024030620,8.0,2.0,67.5,60.0,1.9333333333333331,24,24,24
20240307,성동구,2024030620,8.0,2.0,68.54166666666667,60.0,1.9041666666666668,24,24,24
20240307,성북구,2024030620,5.0,-1.0,70.41666666666667,60.0,1.7791666666666668,24,24,24
20240307,송파구,2024030620,8.0,2.0,66.45833333333333,60.0,1.9666666666666668,24,24,24
20240307,양천구,2024030620,7.0,2.0,65.41666666666667,60.0,1.8541666666666667,24,24,24
20240307,영등포구,2024030620,7.0,2.0,65.625,60.0,1.875,24,24,24
20240307,용산구,2024030620,7.0,2.0,67.29166666666667,60.0,1.8708333333333331,24,24,24
20240307,은평구,2024030620,7.0,1.0,70.0,60.0,1.8083333333333331,24,24,24
20240307,종로구,2024030620,8.0,2.0,71.45833333333333,60.0,1.8166666666666664,24,24,24
20240307,중구,2024030620,8.0,2.0,71.45833333333333,60.0,1.8166666666666664,24,24,24
20240307,중랑구,2024030620,7.0,2.0,68.125,60.0,1.9083333333333332,24,24,24
20240308,강남구,2024030720,7.0,0.0,49.166666666666664,30.0,2.7791666666666663,24,24,24
20240308,강동구,2024030720,7.0,-1.0,50.625,20.0,2.829166666666667,24,24,24
20240308,강북구,2024030720,4.0,-4.0,51.875,30.0,2.6166666666666667,24,24,24
20240308,강서구,2024030720,7.0,-1.0,54.166666666666664,30.0,3.1124999999999994,24,24,24
20240308,관악구,2024030720,6.0,0.0,51.041666666666664,30.0,2.9083333333333337,24,24,24
20240308,광진구,2024030720,7.0,0.0,47.916666666666664,20.0,2.795833333333333,24,24,24
20240308,구로구,2024030720,6.0,1.0,48.125,30.0,2.995833333333333,24,24,24
20240308,금천구,2024030720,6.0,-1.0,52.916666666666664,20.0,2.9499999999999997,24,24,24
20240308,노원구,2024030720,6.0,-2.0,52.916666666666664,20.0,2.7166666666666663,24,24,24
20240308,도봉구,2024030720,6.0,-2.0,52.916666666666664,20.0,2.7166666666666663,24,24,24
20240308,동대문구,2024030720,6.0,0.0,48.958333333333336,20.0,2.716666666666667,24,24,24
20240308,동작구,2024030720,6.0,0.0,51.041666666666664,30.0,2.9083333333333337,24,24,24
20240308,마포구,2024030720,6.0,-1.0,50.625,30.0,2.8041666666666667,24,24,24
20240308,서대문구,2024030720,6.0,-1.0,50.625,30.0,2.8041666666666667,24,24,24
20240308,서초구,2024030720,7.0,0.0,49.166666666666664,30.0,2.7791666666666663,24,24,24
20240308,성동구,2024030720,7.0,0.0,46.875,30.0,2.766666666666667,24,24,24
20240308,성북구,2024030720,4.0,-4.0,51.875,30.0,2.6166666666666667,24,24,24
20240308,송파구,2024030720,7.0,0.0,48.125,20.0,2.8125,24,24,24
20240308,양천구,2024030720,6.0,0.0,49.791666666666664,30.0,2.941666666666667,24,24,24
20240308,영등포구,2024030720,6.0,0.0,49.791666666666664,30.0,2.85,24,24,24
20240308,용산구,2024030720,6.0,0.0,50.625,30.0,2.7374999999999994,24,24,24
20240308,은평구,2024030720,7.0,-2.0,53.333333333333336,30.0,2.754166666666667,24,24,24
20240308,종로구,2024030720,6.0,-1.0,52.708333333333336,30.0,2.6875,24,24,24
20240308,중구,2024030720,6.0,-1.0,52.708333333333336,30.0,2.6875,24,24,24
20240308,중랑구,2024030720,7.0,-1.0,49.375,20.0,2.775,24,24,24
20240309,강남구,2024030820,7.0,-2.0,46.25,0.0,1.9708333333333332,24,24,24
20240309,강동구,2024030820,7.0,-2.0,48.125,0.0,1.9375,24,24,24
20240309,강북구,2024030820,5.0,-5.0,46.458333333333336,0.0,1.8541666666666667,24,24,24
20240309,강서구,2024030820,7.0,-3.0,50.208333333333336,0.0,2.079166666666667,24,24,24
20240309,관악구,2024030820,6.0,-2.0,47.708333333333336,0.0,2.029166666666667,24,24,24
20240309,광진구,2024030820,7.0,-2.0,45.0,0.0,1.9291666666666665,24,24,24
20240309,구로구,2024030820,6.0,-1.0,45.833333333333336,0.0,2.066666666666667,24,24,24
20240309,금천구,2024030820,6.0,-3.0,50.0,0.0,2.0500000000000003,24,24,24
20240309,노원구,2024030820,7.0,-4.0,47.5,0.0,1.8333333333333333,24,24,24
20240309,도봉구,2024030820,7.0,-4.0,47.5,0.0,1.8333333333333333,24,24,24
20240309,동대문구,2024030820,7.0,-2.0,44.791666666666664,0.0,1.8916666666666664,24,24,24
20240309,동작구,2024030820,6.0,-2.0,47.708333333333336,0.0,2.029166666666667,24,24,24
20240309,마포구,2024030820,7.0,-3.0,46.875,0.0,1.9375,24,24,24
20240309,서대문구,2024030820,7.0,-3.0,46.875,0.0,1.9375,24,24,24
20240309,서초구,2024030820,7.0,-2.0,46.25,0.0,1.9708333333333332,24,24,24
20240309,성동구,2024030820,7.0,-2.0,43.958333333333336,0.0,1.9375,24,24,24
20240309,성북구,2024030820,5.0,-5.0,46.458333333333336,0.0,1.8541666666666667,24,24,24
20240309,송파구,2024030820,7.0,-2.0,44.791666666666664,0.0,1.9583333333333333,24,24,24
20240309,양천구,2024030820,6.0,-2.0,46.458333333333336,0.0,2.016666666666667,24,24,24
20240309,영등포구,2024030820,7.0,-2.0,46.041666666666664,0.0,1.9875,24,24,24
20240309,용산구,2024030820,7.0,-2.0,45.833333333333336,0.0,1.9541666666666668,24,24,24
20240309,은평구,2024030820,7.0,-4.0,47.708333333333336,0.0,1.9166666666666667,24,24,24
20240309,종로구,2024030820,7.0,-3.0,47.5,0.0,1.8958333333333333,24,24,24
20240309,중구,2024030820,7.0,-3.0,47.5,0.0,1.8958333333333333,24,24,24
20240309,중랑구,2024030820,7.0,-2.0,45.416666666666664,0.0,1.8875,24,24,24
20240310,강남구,2024030920,10.0,0.0,52.708333333333336,20.0,1.1458333333333333,24,24,24
20240310,강동구,2024030920,10.0,-1.0,51.875,20.0,1.1875,24,24,24
20240310,강북구,2024030920,8.0,-4.0,52.916666666666664,20.0,1.1916666666666669,24,24,24
20240310,강서구,2024030920,9.0,-2.0,58.125,20.0,1.325,24,24,24
20240310,관악구,2024030920,9.0,-1.0,54.375,20.0,1.1916666666666669,24,24,24
20240310,광진구,2024030920,10.0,0.0,48.125,20.0,1.1875,24,24,24
20240310,구로구,2024030920,9.0,0.0,53.75,20.0,1.2291666666666663,24,24,24
20240310,금천구,2024030920,9.0,-2.0,57.916666666666664,20.0,1.1875,24,24,24
20240310,노원구,2024030920,10.0,-3.0,52.5,20.0,1.225,24,24,24
20240310,도봉구,2024030920,10.0,-3.0,52.5,20.0,1.225,24,24,24
20240310,동대문구,2024030920,10.0,-1.0,49.583333333333336,20.0,1.1625,24,24,24
20240310,동작구,2024030920,9.0,-1.0,54.375,20.0,1.1916666666666669,24,24,24
20240310,마포구,2024030920,10.0,-1.0,53.541666666666664,20.0,1.1958333333333333,24,24,24
20240310,서대문구,2024030920,10.0,-1.0,53.541666666666664,20.0,1.1958333333333333,24,24,24
20240310,서초구,2024030920,10.0,0.0,52.708333333333336,20.0,1.1458333333333333,24,24,24
20240310,성동구,2024030920,11.0,0.0,48.541666666666664,20.0,1.175,24,24,24
20240310,성북구,2024030920,8.0,-4.0,52.916666666666664,20.0,1.1916666666666669,24,24,24
20240310,송파구,2024030920,11.0,0.0,49.166666666666664,20.0,1.1541666666666668,24,24,24
20240310,양천구,2024030920,9.0,-1.0,53.333333333333336,20.0,1.25,24,24,24
20240310,영등포구,2024030920,10.0,-1.0,53.333333333333336,20.0,1.1875,24,24,24
20240310,용산구,2024030920,10.0,-1.0,52.916666666666664,20.0,1.1625,24,24,24
20240310,은평구,2024030920,10.0,-3.0,56.666666666666664,20.0,1.2083333333333333,24,24,24
20240310,종로구,2024030920,10.0,-1.0,53.541666666666664,20.0,1.1708333333333334,24,24,24
20240310,중구,2024030920,10.0,-1.0,53.541666666666664,20.0,1.1708333333333334,24,24,24
20240310,중랑구,2024030920,10.0,-1.0,49.791666666666664,20.0,1.1875,24,24,24
20240311,강남구,2024031020,12.0,2.0,60.625,60.0,1.5916666666666668,24,24,24
20240311,강동구,2024031020,12.0,1.0,60.833333333333336,60.0,1.5333333333333332,24,24,24
20240311,강북구,2024031020,9.0,-1.0,62.708333333333336,60.0,1.6125,24,24,24
20240311,강서구,2024031020,12.0,1.0,65.625,30.0,1.8625,24,24,24
20240311,관악구,2024031020,12.0,2.0,62.5,60.0,1.6625,24,24,24
20240311,광진구,2024031020,12.0,3.0,57.916666666666664,60.0,1.5708333333333335,24,24,24
20240311,구로구,2024031020,12.0,3.0,61.458333333333336,30.0,1.7333333333333334,24,24,24
20240311,금천구,2024031020,11.0,1.0,65.0,60.0,1.6499999999999997,24,24,24
20240311,노원구,2024031020,11.0,1.0,63.125,30.0,1.6166666666666665,24,24,24
20240311,도봉구,2024031020,11.0,1.0,63.125,30.0,1.6166666666666665,24,24,24
20240311,동대문구,2024031020,12.0,3.0,59.166666666666664,60.0,1.5958333333333332,24,24,24
20240311,동작구,2024031020,12.0,2.0,62.5,60.0,1.6625,24,24,24
20240311,마포구,2024031020,12.0,3.0,62.5,60.0,1.6833333333333331,24,24,24
20240311,서대문구,2024031020,12.0,3.0,62.5,60.0,1.6833333333333331,24,24,24
20240311,서초구,2024031020,12.0,2.0,60.625,60.0,1.5916666666666668,24,24,24
20240311,성동구,2024031020,12.0,3.0,55.625,60.0,1.5958333333333332,24,24,24
20240311,성북구,2024031020,9.0,-1.0,62.708333333333336,60.0,1.6125,24,24,24
20240311,송파구,2024031020,12.0,3.0,58.541666666666664,60.0,1.5708333333333335,24,24,24
20240311,양천구,2024031020,12.0,3.0,61.875,30.0,1.7458333333333331,24,24,24
20240311,영등포구,2024031020,12.0,3.0,61.458333333333336,60.0,1.6916666666666664,24,24,24
20240311,용산구,2024031020,12.0,3.0,60.625,60.0,1.6333333333333335,24,24,24
20240311,은평구,2024031020,12.0,1.0,65.20833333333333,60.0,1.683333333333333,24,24,24
20240311,종로구,2024031020,12.0,2.0,62.5,60.0,1.6208333333333331,24,24,24
20240311,중구,2024031020,12.0,2.0,62.5,60.0,1.6208333333333331,24,24,24
20240311,중랑구,2024031020,12.0,2.0,59.375,60.0,1.5708333333333335,24,24,24
20240312,강남구,2024031120,11.0,5.0,74.58333333333333,60.0,1.2666666666666668,24,24,24
20240312,강동구,2024031120,11.0,5.0,72.91666666666667,60.0,1.2958333333333334,24,24,24
20240312,강북구,2024031120,8.0,2.0,77.5,60.0,1.1916666666666669,24,24,24
20240312,강서구,2024031120,11.0,4.0,77.29166666666667,60.0,1.1291666666666669,24,24,24
20240312,관악구,2024031120,11.0,5.0,75.83333333333333,60.0,1.1833333333333331,24,24,24
20240312,광진구,2024031120,11.0,5.0,71.25,60.0,1.2666666666666668,24,24,24
20240312,구로구,2024031120,11.0,5.0,73.125,60.0,1.1291666666666669,24,24,24
20240312,금천구,2024031120,10.0,5.0,79.58333333333333,60.0,1.1833333333333331,24,24,24
20240312,노원구,2024031120,11.0,4.0,76.66666666666667,60.0,1.1708333333333334,24,24,24
20240312,도봉구,2024031120,11.0,4.0,76.66666666666667,60.0,1.1708333333333334,24,24,24
20240312,동대문구,2024031120,11.0,5.0,73.54166666666667,60.0,1.2166666666666668,24,24,24
20240312,동작구,2024031120,11.0,5.0,75.83333333333333,60.0,1.1833333333333331,24,24,24
20240312,마포구,2024031120,11.0,5.0,75.83333333333333,60.0,1.1541666666666668,24,24,24
20240312,서대문구,2024031120,11.0,5.0,75.83333333333333,60.0,1.1541666666666668,24,24,24
20240312,서초구,2024031120,11.0,5.0,74.58333333333333,60.0,1.2666666666666668,24,24,24
20240312,성동구,2024031120,11.0,5.0,71.45833333333333,60.0,1.2291666666666663,24,24,24
20240312,성북구,2024031120,8.0,2.0,77.5,60.0,1.1916666666666669,24,24,24
20240312,송파구,2024031120,11.0,6.0,71.66666666666667,60.0,1.3,24,24,24
20240312,양천구,2024031120,10.0,5.0,74.375,60.0,1.1291666666666669,24,24,24
20240312,영등포구,2024031120,11.0,5.0,74.79166666666667,60.0,1.1791666666666665,24,24,24
20240312,용산구,2024031120,11.0,5.0,75.0,60.0,1.2208333333333334,24,24,24
20240312,은평구,2024031120,11.0,4.0,78.95833333333333,60.0,1.175,24,24,24
20240312,종로구,2024031120,11.0,5.0,80.20833333333333,60.0,1.2166666666666666,24,24,24
20240312,중구,2024031120,11.0,5.0,80.20833333333333,60.0,1.2166666666666666,24,24,24
20240312,중랑구,2024031120,11.0,5.0,72.5,60.0,1.225,24,24,24
20240313,강남구,2024031220,12.0,2.0,56.666666666666664,20.0,2.0791666666666666,24,24,24
20240313,강동구,2024031220,12.0,1.0,57.708333333333336,20.0,2.1208333333333336,24,24,24
20240313,강북구,2024031220,10.0,-2.0,59.791666666666664,20.0,1.9625,24,24,24
20240313,강서구,2024031220,11.0,0.0,64.79166666666667,20.0,2.25,24,24,24
20240313,관악구,2024031220,11.0,1.0,60.625,20.0,2.120833333333333,24,24,24
20240313,광진구,2024031220,12.0,2.0,55.0,20.0,2.0958333333333337,24,24,24
20240313,구로구,2024031220,11.0,2.0,58.958333333333336,20.0,2.1666666666666665,24,24,24
20240313,금천구,2024031220,10.0,0.0,63.958333333333336,20.0,2.1125000000000003,24,24,24
20240313,노원구,2024031220,12.0,-1.0,59.375,20.0,2.029166666666667,24,24,24
20240313,도봉구,2024031220,12.0,-1.0,59.375,20.0,2.029166666666667,24,24,24
20240313,동대문구,2024031220,12.0,2.0,56.666666666666664,20.0,2.05,24,24,24
20240313,동작구,2024031220,11.0,1.0,60.625,20.0,2.120833333333333,24,24,24
20240313,마포구,2024031220,12.0,2.0,59.583333333333336,20.0,2.0625,24,24,24
20240313,서대문구,2024031220,12.0,2.0,59.583333333333336,20.0,2.0625,24,24,24
20240313,서초구,2024031220,12.0,2.0,56.666666666666664,20.0,2.0791666666666666,24,24,24
20240313,성동구,2024031220,12.0,2.0,53.958333333333336,20.0,2.0708333333333333,24,24,24
20240313,성북구,2024031220,10.0,-2.0,59.791666666666664,20.0,1.9625,24,24,24
20240313,송파구,2024031220,12.0,2.0,55.0,20.0,2.1041666666666665,24,24,24
20240313,양천구,2024031220,11.0,2.0,59.791666666666664,20.0,2.158333333333333,24,24,24
20240313,영등포구,2024031220,11.0,2.0,58.958333333333336,20.0,2.0875,24,24,24
20240313,용산구,2024031220,11.0,2.0,58.958333333333336,20.0,2.058333333333333,24,24,24
20240313,은평구,2024031220,12.0,0.0,63.333333333333336,20.0,2.0541666666666667,24,24,24
20240313,종로구,2024031220,12.0,1.0,60.416666666666664,20.0,2.0083333333333333,24,24,24
20240313,중구,2024031220,12.0,1.0,60.416666666666664,20.0,2.0083333333333333,24,24,24
20240313,중랑구,2024031220,12.0,1.0,55.833333333333336,20.0,2.1,24,24,24
20240314,강남구,2024031320,16.0,3.0,61.666666666666664,0.0,1.5,24,24,24
20240314,강동구,2024031320,15.0,2.0,60.625,0.0,1.4916666666666665,24,24,24
20240314,강북구,2024031320,13.0,-1.0,63.958333333333336,0.0,1.4166666666666667,24,24,24
20240314,강서구,2024031320,15.0,1.0,68.75,0.0,1.5791666666666668,24,24,24
20240314,관악구,2024031320,15.0,3.0,65.0,0.0,1.5499999999999998,24,24,24
20240314,광진구,2024031320,15.0,3.0,58.541666666666664,0.0,1.475,24,24,24
20240314,구로구,2024031320,14.0,4.0,62.708333333333336,0.0,1.5833333333333333,24,24,24
20240314,금천구,2024031320,14.0,2.0,67.91666666666667,0.0,1.5208333333333333,24,24,24
20240314,노원구,2024031320,15.0,0.0,63.541666666666664,0.0,1.425,24,24,24
20240314,도봉구,2024031320,15.0,0.0,63.541666666666664,0.0,1.425,24,24,24
20240314,동대문구,2024031320,15.0,3.0,60.625,0.0,1.45,24,24,24
20240314,동작구,2024031320,15.0,3.0,65.0,0.0,1.5499999999999998,24,24,24
20240314,마포구,2024031320,15.0,3.0,64.375,0.0,1.4875,24,24,24
20240314,서대문구,2024031320,15.0,3.0,64.375,0.0,1.4875,24,24,24
20240314,서초구,2024031320,16.0,3.0,61.666666666666664,0.0,1.5,24,24,24
20240314,성동구,2024031320,16.0,3.0,58.125,0.0,1.4666666666666668,24,24,24
20240314,성북구,2024031320,13.0,-1.0,63.958333333333336,0.0,1.4166666666666667,24,24,24
20240314,송파구,2024031320,16.0,3.0,58.75,0.0,1.4833333333333334,24,24,24
20240314,양천구,2024031320,14.0,3.0,64.16666666666667,0.0,1.5291666666666668,24,24,24
20240314,영등포구,2024031320,15.0,3.0,63.541666666666664,0.0,1.5125,24,24,24
20240314,용산구,2024031320,15.0,3.0,62.083333333333336,0.0,1.4958333333333336,24,24,24
20240314,은평구,2024031320,16.0,1.0,67.08333333333333,0.0,1.4541666666666666,24,24,24
20240314,종로구,2024031320,15.0,3.0,65.0,0.0,1.4500000000000002,24,24,24
20240314,중구,2024031320,15.0,3.0,65.0,0.0,1.4500000000000002,24,24,24
20240314,중랑구,2024031320,15.0,2.0,59.375,0.0,1.4708333333333332,24,24,24
20240315,강남구,2024031420,16.0,4.0,62.916666666666664,0.0,2.1333333333333333,24,24,24
20240315,강동구,2024031420,16.0,3.0,62.916666666666664,0.0,2.1208333333333336,24,24,24
20240315,강북구,2024031420,13.0,1.0,66.875,0.0,1.991666666666667,24,24,24
20240315,강서구,2024031420,15.0,3.0,71.875,0.0,2.2666666666666666,24,24,24
20240315,관악구,2024031420,15.0,4.0,67.08333333333333,0.0,2.1750000000000003,24,24,24
20240315,광진구,2024031420,16.0,5.0,59.791666666666664,0.0,2.1083333333333334,24,24,24
20240315,구로구,2024031420,14.0,6.0,66.04166666666667,0.0,2.2125,24,24,24
20240315,금천구,2024031420,14.0,3.0,69.79166666666667,0.0,2.1458333333333335,24,24,24
20240315,노원구,2024031420,16.0,2.0,66.45833333333333,0.0,2.004166666666667,24,24,24
20240315,도봉구,2024031420,16.0,2.0,66.45833333333333,0.0,2.004166666666667,24,24,24
20240315,동대문구,2024031420,15.0,5.0,62.708333333333336,0.0,2.0541666666666667,24,24,24
20240315,동작구,2024031420,15.0,4.0,67.08333333333333,0.0,2.1750000000000003,24,24,24
20240315,마포구,2024031420,15.0,5.0,67.08333333333333,0.0,2.1,24,24,24
20240315,서대문구,2024031420,15.0,5.0,67.08333333333333,0.0,2.1,24,24,24
20240315,서초구,2024031420,16.0,4.0,62.916666666666664,0.0,2.1333333333333333,24,24,24
20240315,성동구,2024031420,16.0,5.0,60.0,0.0,2.1083333333333334,24,24,24
20240315,성북구,2024031420,13.0,1.0,66.875,0.0,1.991666666666667,24,24,24
20240315,송파구,2024031420,16.0,5.0,60.625,0.0,2.125,24,24,24
20240315,양천구,2024031420,14.0,5.0,66.45833333333333,0.0,2.183333333333333,24,24,24
20240315,영등포구,2024031420,15.0,5.0,65.83333333333333,0.0,2.1416666666666666,24,24,24
20240315,용산구,2024031420,15.0,5.0,65.0,0.0,2.1166666666666667,24,24,24
20240315,은평구,2024031420,16.0,3.0,70.625,0.0,2.0541666666666667,24,24,24
20240315,종로구,2024031420,15.0,4.0,68.54166666666667,0.0,2.0416666666666665,24,24,24
20240315,중구,2024031420,15.0,4.0,68.54166666666667,0.0,2.0416666666666665,24,24,24
20240315,중랑구,2024031420,16.0,4.0,61.875,0.0,2.079166666666667,24,24,24
20240316,강남구,2024031520,19.0,5.0,57.916666666666664,30.0,1.6791666666666665,24,24,24
20240316,강동구,2024031520,18.0,4.0,58.125,30.0,1.4500000000000002,24,24,24
20240316,강북구,2024031520,16.0,2.0,60.625,30.0,1.7541666666666669,24,24,24
20240316,강서구,2024031520,18.0,3.0,65.625,30.0,1.7375,24,24,24
20240316,관악구,2024031520,18.0,5.0,61.458333333333336,30.0,1.8291666666666664,24,24,24
20240316,광진구,2024031520,18.0,5.0,55.416666666666664,30.0,1.4708333333333332,24,24,24
20240316,구로구,2024031520,18.0,6.0,60.208333333333336,30.0,1.875,24,24,24
20240316,금천구,2024031520,17.0,3.0,63.958333333333336,30.0,1.8083333333333331,24,24,24
20240316,노원구,2024031520,18.0,3.0,59.791666666666664,30.0,1.6625,24,24,24
20240316,도봉구,2024031520,18.0,3.0,59.791666666666664,30.0,1.6625,24,24,24
20240316,동대문구,2024031520,18.0,5.0,56.041666666666664,30.0,1.6166666666666665,24,24,24
20240316,동작구,2024031520,18.0,5.0,61.458333333333336,30.0,1.8291666666666664,24,24,24
20240316,마포구,2024031520,18.0,5.0,60.416666666666664,30.0,1.7875000000000003,24,24,24
20240316,서대문구,2024031520,18.0,5.0,60.416666666666664,30.0,1.7875000000000003,24,24,24
20240316,서초구,2024031520,19.0,5.0,57.916666666666664,30.0,1.6791666666666665,24,24,24
20240316,성동구,2024031520,18.0,5.0,54.791666666666664,30.0,1.6124999999999998,24,24,24
20240316,성북구,2024031520,16.0,2.0,60.625,30.0,1.7541666666666669,24,24,24
20240316,송파구,2024031520,19.0,5.0,55.208333333333336,30.0,1.5458333333333332,24,24,24
20240316,양천구,2024031520,18.0,5.0,59.791666666666664,30.0,1.8125,24,24,24
20240316,영등포구,2024031520,18.0,5.0,59.583333333333336,30.0,1.8083333333333331,24,24,24
20240316,용산구,2024031520,18.0,5.0,58.333333333333336,30.0,1.741666666666667,24,24,24
20240316,은평구,2024031520,18.0,4.0,62.708333333333336,30.0,1.7875,24,24,24
20240316,종로구,2024031520,18.0,5.0,61.041666666666664,30.0,1.7333333333333334,24,24,24
20240316,중구,2024031520,18.0,5.0,61.041666666666664,30.0,1.7333333333333334,24,24,24
20240316,중랑구,2024031520,18.0,4.0,56.458333333333336,30.0,1.4625,24,24,24
20240317,강남구,2024031620,11.0,7.0,50.0,60.0,3.2624999999999997,24,24,24
20240317,강동구,2024031620,11.0,7.0,50.833333333333336,60.0,3.2791666666666663,24,24,24
20240317,강북구,2024031620,9.0,4.0,54.375,60.0,3.1541666666666663,24,24,24
20240317,강서구,2024031620,11.0,5.0,54.791666666666664,60.0,3.5416666666666665,24,24,24
20240317,관악구,2024031620,11.0,7.0,52.708333333333336,60.0,3.3250000000000006,24,24,24
20240317,광진구,2024031620,11.0,8.0,50.0,60.0,3.266666666666667,24,24,24
20240317,구로구,2024031620,11.0,7.0,50.0,60.0,3.3874999999999997,24,24,24
20240317,금천구,2024031620,10.0,7.0,55.416666666666664,60.0,3.329166666666666,24,24,24
20240317,노원구,2024031620,11.0,6.0,54.166666666666664,60.0,3.233333333333333,24,24,24
20240317,도봉구,2024031620,11.0,6.0,54.166666666666664,60.0,3.233333333333333,24,24,24
20240317,동대문구,2024031620,11.0,7.0,51.041666666666664,60.0,3.2125,24,24,24
20240317,동작구,2024031620,11.0,7.0,52.708333333333336,60.0,3.3250000000000006,24,24,24
20240317,마포구,2024031620,11.0,7.0,52.708333333333336,60.0,3.295833333333333,24,24,24
20240317,서대문구,2024031620,11.0,7.0,52.708333333333336,60.0,3.295833333333333,24,24,24
20240317,서초구,2024031620,11.0,7.0,50.0,60.0,3.2624999999999997,24,24,24
20240317,성동구,2024031620,12.0,7.0,50.833333333333336,60.0,3.2458333333333336,24,24,24
20240317,성북구,2024031620,9.0,4.0,54.375,60.0,3.1541666666666663,24,24,24
20240317,송파구,2024031620,12.0,8.0,49.166666666666664,60.0,3.2708333333333335,24,24,24
20240317,양천구,2024031620,11.0,6.0,51.458333333333336,60.0,3.3666666666666667,24,24,24
20240317,영등포구,2024031620,11.0,7.0,51.666666666666664,60.0,3.3041666666666667,24,24,24
20240317,용산구,2024031620,11.0,7.0,51.875,60.0,3.233333333333333,24,24,24
20240317,은평구,2024031620,11.0,7.0,55.833333333333336,60.0,3.2916666666666665,24,24,24
20240317,종로구,2024031620,11.0,7.0,56.875,60.0,3.1958333333333333,24,24,24
20240317,중구,2024031620,11.0,7.0,56.875,60.0,3.1958333333333333,24,24,24
20240317,중랑구,2024031620,11.0,7.0,50.208333333333336,60.0,3.2541666666666664,24,24,24
20240318,강남구,2024031720,13.0,1.0,41.041666666666664,30.0,1.4958333333333331,24,24,24
20240318,강동구,2024031720,13.0,0.0,42.083333333333336,30.0,1.5291666666666668,24,24,24
20240318,강북구,2024031720,10.0,-2.0,41.666666666666664,30.0,1.4375,24,24,24
20240318,강서구,2024031720,12.0,-1.0,47.916666666666664,30.0,1.6333333333333335,24,24,24
20240318,관악구,2024031720,12.0,1.0,43.541666666666664,30.0,1.5333333333333332,24,24,24
20240318,광진구,2024031720,13.0,2.0,38.541666666666664,30.0,1.4958333333333331,24,24,24
20240318,구로구,2024031720,12.0,1.0,42.291666666666664,30.0,1.5666666666666664,24,24,24
20240318,금천구,2024031720,11.0,-1.0,47.083333333333336,30.0,1.55,24,24,24
20240318,노원구,2024031720,13.0,-1.0,41.666666666666664,30.0,1.4916666666666665,24,24,24
20240318,도봉구,2024031720,13.0,-1.0,41.666666666666664,30.0,1.4916666666666665,24,24,24
20240318,동대문구,2024031720,13.0,2.0,39.166666666666664,30.0,1.4666666666666668,24,24,24
20240318,동작구,2024031720,12.0,1.0,43.541666666666664,30.0,1.5333333333333332,24,24,24
20240318,마포구,2024031720,13.0,1.0,42.083333333333336,30.0,1.5,24,24,24
20240318,서대문구,2024031720,13.0,1.0,42.083333333333336,30.0,1.5,24,24,24
20240318,서초구,2024031720,13.0,1.0,41.041666666666664,30.0,1.4958333333333331,24,24,24
20240318,성동구,2024031720,13.0,1.0,37.916666666666664,30.0,1.4791666666666667,24,24,24
20240318,성북구,2024031720,10.0,-2.0,41.666666666666664,30.0,1.4375,24,24,24
20240318,송파구,2024031720,13.0,1.0,38.75,30.0,1.5,24,24,24
20240318,양천구,2024031720,12.0,1.0,42.916666666666664,30.0,1.5291666666666668,24,24,24
20240318,영등포구,2024031720,12.0,1.0,41.666666666666664,30.0,1.5166666666666666,24,24,24
20240318,용산구,2024031720,13.0,1.0,41.458333333333336,30.0,1.4708333333333332,24,24,24
20240318,은평구,2024031720,13.0,-1.0,45.208333333333336,30.0,1.4916666666666665,24,24,24
20240318,종로구,2024031720,12.0,1.0,42.708333333333336,30.0,1.4541666666666668,24,24,24
20240318,중구,2024031720,12.0,1.0,42.708333333333336,30.0,1.4541666666666668,24,24,24
20240318,중랑구,2024031720,13.0,1.0,39.791666666666664,30.0,1.4875,24,24,24
20240319,강남구,2024031820,12.0,4.0,59.791666666666664,60.0,3.0749999999999997,24,24,24
20240319,강동구,2024031820,12.0,3.0,59.791666666666664,60.0,2.983333333333333,24,24,24
20240319,강북구,2024031820,9.0,1.0,63.75,60.0,2.775,24,24,24
20240319,강서구,2024031820,12.0,4.0,66.25,60.0,3.295833333333333,24,24,24
20240319,관악구,2024031820,11.0,4.0,61.875,60.0,3.1750000000000003,24,24,24
20240319,광진구,2024031820,12.0,4.0,57.916666666666664,60.0,2.9958333333333336,24,24,24
20240319,구로구,2024031820,11.0,5.0,60.208333333333336,60.0,3.266666666666666,24,24,24
20240319,금천구,2024031820,11.0,3.0,65.41666666666667,60.0,3.2624999999999997,24,24,24
20240319,노원구,2024031820,12.0,2.0,65.20833333333333,60.0,2.7708333333333335,24,24,24
20240319,도봉구,2024031820,12.0,2.0,65.20833333333333,60.0,2.7708333333333335,24,24,24
20240319,동대문구,2024031820,12.0,4.0,59.583333333333336,60.0,2.8791666666666664,24,24,24
20240319,동작구,2024031820,11.0,4.0,61.875,60.0,3.1750000000000003,24,24,24
20240319,마포구,2024031820,12.0,4.0,62.291666666666664,60.0,2.9958333333333336,24,24,24
20240319,서대문구,2024031820,12.0,4.0,62.291666666666664,60.0,2.9958333333333336,24,24,24
20240319,서초구,2024031820,12.0,4.0,59.791666666666664,60.0,3.0749999999999997,24,24,24
20240319,성동구,2024031820,12.0,4.0,57.916666666666664,60.0,2.991666666666667,24,24,24
20240319,성북구,2024031820,9.0,1.0,63.75,60.0,2.775,24,24,24
20240319,송파구,2024031820,12.0,4.0,58.333333333333336,60.0,3.0625,24,24,24
20240319,양천구,2024031820,11.0,4.0,61.458333333333336,60.0,3.1583333333333337,24,24,24
20240319,영등포구,2024031820,12.0,4.0,61.458333333333336,60.0,3.0749999999999997,24,24,24
20240319,용산구,2024031820,12.0,4.0,60.625,60.0,3.0041666666666664,24,24,24
20240319,은평구,2024031820,12.0,3.0,66.25,60.0,2.8958333333333335,24,24,24
20240319,종로구,2024031820,12.0,3.0,62.916666666666664,60.0,2.8833333333333333,24,24,24
20240319,중구,2024031820,12.0,3.0,62.916666666666664,60.0,2.8833333333333333,24,24,24
20240319,중랑구,2024031820,12.0,3.0,59.166666666666664,60.0,2.9166666666666665,24,24,24
20240320,강남구,2024031920,10.0,2.0,43.75,20.0,2.6999999999999997,24,24,24
20240320,강동구,2024031920,10.0,1.0,44.583333333333336,0.0,2.7999999999999994,24,24,24
20240320,강북구,2024031920,7.0,-2.0,46.666666666666664,0.0,2.579166666666667,24,24,24
20240320,강서구,2024031920,10.0,0.0,47.708333333333336,0.0,3.0749999999999997,24,24,24
20240320,관악구,2024031920,9.0,2.0,46.041666666666664,0.0,2.8000000000000003,24,24,24
20240320,광진구,2024031920,10.0,2.0,42.5,0.0,2.7291666666666665,24,24,24
20240320,구로구,2024031920,10.0,2.0,42.916666666666664,0.0,2.929166666666667,24,24,24
20240320,금천구,2024031920,9.0,1.0,48.333333333333336,20.0,2.8791666666666664,24,24,24
20240320,노원구,2024031920,10.0,-1.0,47.291666666666664,0.0,2.654166666666667,24,24,24
20240320,도봉구,2024031920,10.0,-1.0,47.291666666666664,0.0,2.654166666666667,24,24,24
20240320,동대문구,2024031920,10.0,2.0,43.75,0.0,2.658333333333333,24,24,24
20240320,동작구,2024031920,9.0,2.0,46.041666666666664,0.0,2.8000000000000003,24,24,24
20240320,마포구,2024031920,10.0,1.0,45.625,0.0,2.7416666666666667,24,24,24
20240320,서대문구,2024031920,10.0,1.0,45.625,0.0,2.7416666666666667,24,24,24
20240320,서초구,2024031920,10.0,2.0,43.75,20.0,2.6999999999999997,24,24,24
20240320,성동구,2024031920,10.0,1.0,43.333333333333336,0.0,2.691666666666667,24,24,24
20240320,성북구,2024031920,7.0,-2.0,46.666666666666664,0.0,2.579166666666667,24,24,24
20240320,송파구,2024031920,10.0,2.0,42.291666666666664,20.0,2.7541666666666664,24,24,24
20240320,양천구,2024031920,9.0,1.0,44.791666666666664,0.0,2.879166666666667,24,24,24
20240320,영등포구,2024031920,10.0,1.0,44.583333333333336,0.0,2.7583333333333333,24,24,24
20240320,용산구,2024031920,9.0,1.0,44.583333333333336,0.0,2.6666666666666665,24,24,24
20240320,은평구,2024031920,10.0,0.0,48.958333333333336,0.0,2.7291666666666665,24,24,24
20240320,종로구,2024031920,9.0,1.0,48.125,0.0,2.6333333333333333,24,24,24
20240320,중구,2024031920,9.0,1.0,48.125,0.0,2.6333333333333333,24,24,24
20240320,중랑구,2024031920,10.0,1.0,43.333333333333336,0.0,2.720833333333333,24,24,24
20240321,강남구,2024032020,11.0,0.0,48.541666666666664,20.0,1.3,24,24,24
20240321,강동구,2024032020,11.0,0.0,49.166666666666664,20.0,1.4416666666666669,24,24,24
20240321,강북구,2024032020,9.0,-3.0,50.208333333333336,20.0,1.2833333333333332,24,24,24
20240321,강서구,2024032020,11.0,-1.0,54.375,30.0,1.4208333333333334,24,24,24
20240321,관악구,2024032020,11.0,0.0,51.25,20.0,1.3041666666666667,24,24,24
20240321,광진구,2024032020,11.0,1.0,46.041666666666664,20.0,1.3708333333333331,24,24,24
20240321,구로구,2024032020,10.0,2.0,50.0,20.0,1.3291666666666668,24,24,24
20240321,금천구,2024032020,10.0,-1.0,54.791666666666664,20.0,1.3166666666666669,24,24,24
20240321,노원구,2024032020,11.0,-2.0,50.625,20.0,1.3416666666666668,24,24,24
20240321,도봉구,2024032020,11.0,-2.0,50.625,20.0,1.3416666666666668,24,24,24
20240321,동대문구,2024032020,11.0,1.0,47.916666666666664,20.0,1.3166666666666669,24,24,24
20240321,동작구,2024032020,11.0,0.0,51.25,20.0,1.3041666666666667,24,24,24
20240321,마포구,2024032020,11.0,0.0,50.416666666666664,20.0,1.3208333333333333,24,24,24
20240321,서대문구,2024032020,11.0,0.0,50.416666666666664,20.0,1.3208333333333333,24,24,24
20240321,서초구,2024032020,11.0,0.0,48.541666666666664,20.0,1.3,24,24,24
20240321,성동구,2024032020,12.0,0.0,46.041666666666664,20.0,1.3083333333333331,24,24,24
20240321,성북구,2024032020,9.0,-3.0,50.208333333333336,20.0,1.2833333333333332,24,24,24
20240321,송파구,2024032020,12.0,1.0,46.458333333333336,20.0,1.3833333333333335,24,24,24
20240321,양천구,2024032020,10.0,1.0,49.791666666666664,20.0,1.3333333333333333,24,24,24
20240321,영등포구,2024032020,11.0,1.0,49.583333333333336,20.0,1.3125,24,24,24
20240321,용산구,2024032020,11.0,0.0,49.166666666666664,20.0,1.3,24,24,24
20240321,은평구,2024032020,11.0,-1.0,53.125,20.0,1.3208333333333333,24,24,24
20240321,종로구,2024032020,11.0,0.0,50.625,20.0,1.3,24,24,24
20240321,중구,2024032020,11.0,0.0,50.625,20.0,1.3,24,24,24
20240321,중랑구,2024032020,11.0,0.0,47.916666666666664,20.0,1.3791666666666664,24,24,24
20240322,강남구,2024032120,17.0,4.0,60.0,73.0,3.9458333333333337,24,24,24
20240322,강동구,2024032120,17.0,3.0,60.416666666666664,76.0,3.8041666666666663,24,24,24
20240322,강북구,2024032120,14.0,2.0,61.875,73.0,3.8375,24,24,24
20240322,강서구,2024032120,17.0,4.0,62.708333333333336,70.0,4.491666666666667,24,24,24
20240322,관악구,2024032120,17.0,5.0,61.458333333333336,69.0,4.158333333333334,24,24,24
20240322,광진구,2024032120,17.0,5.0,58.541666666666664,74.0,3.845833333333333,24,24,24
20240322,구로구,2024032120,17.0,6.0,58.541666666666664,69.0,4.2875,24,24,24
20240322,금천구,2024032120,16.0,4.0,63.125,69.0,4.166666666666667,24,24,24
20240322,노원구,2024032120,16.0,3.0,62.291666666666664,76.0,3.8166666666666664,24,24,24
20240322,도봉구,2024032120,16.0,3.0,62.291666666666664,76.0,3.8166666666666664,24,24,24
20240322,동대문구,2024032120,17.0,5.0,59.583333333333336,74.0,3.858333333333334,24,24,24
20240322,동작구,2024032120,17.0,5.0,61.458333333333336,69.0,4.158333333333334,24,24,24
20240322,마포구,2024032120,17.0,5.0,60.625,70.0,4.091666666666667,24,24,24
20240322,서대문구,2024032120,17.0,5.0,60.625,70.0,4.091666666666667,24,24,24
20240322,서초구,2024032120,17.0,4.0,60.0,73.0,3.9458333333333337,24,24,24
20240322,성동구,2024032120,17.0,4.0,59.583333333333336,73.0,3.9166666666666665,24,24,24
20240322,성북구,2024032120,14.0,2.0,61.875,73.0,3.8375,24,24,24
20240322,송파구,2024032120,17.0,5.0,58.333333333333336,74.0,3.8791666666666664,24,24,24
20240322,양천구,2024032120,17.0,5.0,59.375,70.0,4.266666666666667,24,24,24
20240322,영등포구,2024032120,17.0,5.0,60.0,70.0,4.133333333333334,24,24,24
20240322,용산구,2024032120,17.0,5.0,60.0,71.0,3.983333333333333,24,24,24
20240322,은평구,2024032120,17.0,4.0,63.958333333333336,71.0,4.05,24,24,24
20240322,종로구,2024032120,16.0,4.0,60.833333333333336,72.0,3.920833333333333,24,24,24
20240322,중구,2024032120,16.0,4.0,60.833333333333336,72.0,3.920833333333333,24,24,24
20240322,중랑구,2024032120,17.0,4.0,58.75,76.0,3.8166666666666664,24,24,24
20240323,강남구,2024032220,19.0,9.0,62.083333333333336,60.0,2.3541666666666665,24,24,24
20240323,강동구,2024032220,18.0,8.0,61.25,60.0,1.9708333333333332,24,24,24
20240323,강북구,2024032220,16.0,6.0,65.41666666666667,60.0,2.3125,24,24,24
20240323,강서구,2024032220,18.0,7.0,69.16666666666667,30.0,2.2958333333333334,24,24,24
20240323,관악구,2024032220,18.0,8.0,66.875,60.0,2.5458333333333334,24,24,24
20240323,광진구,2024032220,18.0,9.0,59.166666666666664,60.0,2.079166666666667,24,24,24
20240323,구로구,2024032220,18.0,8.0,65.625,60.0,2.5250000000000004,24,24,24
20240323,금천구,2024032220,17.0,7.0,70.20833333333333,60.0,2.4625,24,24,24
20240323,노원구,2024032220,18.0,8.0,63.333333333333336,60.0,2.079166666666666,24,24,24
20240323,도봉구,2024032220,18.0,8.0,63.333333333333336,60.0,2.079166666666666,24,24,24
20240323,동대문구,2024032220,18.0,9.0,61.25,60.0,2.225,24,24,24
20240323,동작구,2024032220,18.0,8.0,66.875,60.0,2.5458333333333334,24,24,24
20240323,마포구,2024032220,18.0,8.0,65.83333333333333,60.0,2.4458333333333333,24,24,24
20240323,서대문구,2024032220,18.0,8.0,65.83333333333333,60.0,2.4458333333333333,24,24,24
20240323,서초구,2024032220,19.0,9.0,62.083333333333336,60.0,2.3541666666666665,24,24,24
20240323,성동구,2024032220,19.0,8.0,60.416666666666664,60.0,2.283333333333333,24,24,24
20240323,성북구,2024032220,16.0,6.0,65.41666666666667,60.0,2.3125,24,24,24
20240323,송파구,2024032220,19.0,9.0,60.0,60.0,2.1458333333333335,24,24,24
20240323,양천구,2024032220,18.0,8.0,65.625,60.0,2.4791666666666665,24,24,24
20240323,영등포구,2024032220,18.0,8.0,65.41666666666667,60.0,2.5041666666666664,24,24,24
20240323,용산구,2024032220,18.0,8.0,63.541666666666664,60.0,2.4541666666666666,24,24,24
20240323,은평구,2024032220,19.0,7.0,68.33333333333333,60.0,2.3541666666666665,24,24,24
20240323,종로구,2024032220,18.0,8.0,66.66666666666667,60.0,2.4041666666666663,24,24,24
20240323,중구,2024032220,18.0,8.0,66.66666666666667,60.0,2.4041666666666663,24,24,24
20240323,중랑구,2024032220,18.0,9.0,60.208333333333336,60.0,2.0375,24,24,24
20240324,강남구,2024032320,21.0,8.0,56.666666666666664,0.0,1.9083333333333332,24,24,24
20240324,강동구,2024032320,21.0,7.0,54.375,0.0,1.9666666666666663,24,24,24
20240324,강북구,2024032320,19.0,6.0,55.0,0.0,1.7625,24,24,24
20240324,강서구,2024032320,21.0,7.0,59.583333333333336,0.0,1.7124999999999997,24,24,24
20240324,관악구,2024032320,21.0,9.0,58.125,0.0,1.825,24,24,24
20240324,광진구,2024032320,21.0,8.0,52.5,0.0,1.9125,24,24,24
20240324,구로구,2024032320,21.0,10.0,56.041666666666664,0.0,1.7708333333333333,24,24,24
20240324,금천구,2024032320,20.0,8.0,61.25,0.0,1.8708333333333331,24,24,24
20240324,노원구,2024032320,21.0,7.0,55.0,0.0,1.8666666666666665,24,24,24
20240324,도봉구,2024032320,21.0,7.0,55.0,0.0,1.8666666666666665,24,24,24
20240324,동대문구,2024032320,21.0,9.0,53.125,0.0,1.8416666666666668,24,24,24
20240324,동작구,2024032320,21.0,9.0,58.125,0.0,1.825,24,24,24
20240324,마포구,2024032320,21.0,9.0,55.625,0.0,1.7416666666666665,24,24,24
20240324,서대문구,2024032320,21.0,9.0,55.625,0.0,1.7416666666666665,24,24,24
20240324,서초구,2024032320,21.0,8.0,56.666666666666664,0.0,1.9083333333333332,24,24,24
20240324,성동구,2024032320,21.0,8.0,53.333333333333336,0.0,1.8541666666666667,24,24,24
20240324,성북구,2024032320,19.0,6.0,55.0,0.0,1.7625,24,24,24
20240324,송파구,2024032320,21.0,8.0,52.916666666666664,0.0,1.9375,24,24,24
20240324,양천구,2024032320,21.0,9.0,55.833333333333336,0.0,1.7458333333333331,24,24,24
20240324,영등포구,2024032320,21.0,9.0,55.833333333333336,0.0,1.7833333333333332,24,24,24
20240324,용산구,2024032320,21.0,9.0,55.625,0.0,1.8333333333333333,24,24,24
20240324,은평구,2024032320,21.0,8.0,57.916666666666664,0.0,1.7125,24,24,24
20240324,종로구,2024032320,21.0,8.0,55.833333333333336,0.0,1.8,24,24,24
20240324,중구,2024032320,21.0,8.0,55.833333333333336,0.0,1.8,24,24,24
20240324,중랑구,2024032320,21.0,8.0,53.125,0.0,1.9041666666666668,24,24,24
20240325,강남구,2024032420,14.0,9.0,65.83333333333333,60.0,2.1374999999999997,24,24,24
20240325,강동구,2024032420,14.0,9.0,65.0,60.0,2.341666666666667,24,24,24
20240325,강북구,2024032420,12.0,7.0,66.04166666666667,60.0,2.1666666666666665,24,24,24
20240325,강서구,2024032420,14.0,9.0,68.75,60.0,2.1125000000000003,24,24,24
20240325,관악구,2024032420,14.0,10.0,66.875,60.0,2.025,24,24,24
20240325,광진구,2024032420,13.0,9.0,63.333333333333336,60.0,2.283333333333333,24,24,24
20240325,구로구,2024032420,14.0,11.0,63.75,60.0,1.9958333333333336,24,24,24
20240325,금천구,2024032420,13.0,9.0,70.20833333333333,60.0,2.0,24,24,24
20240325,노원구,2024032420,14.0,8.0,66.45833333333333,60.0,2.4041666666666663,24,24,24
20240325,도봉구,2024032420,14.0,8.0,66.45833333333333,60.0,2.4041666666666663,24,24,24
20240325,동대문구,2024032420,14.0,9.0,63.958333333333336,60.0,2.2291666666666665,24,24,24
20240325,동작구,2024032420,14.0,10.0,66.875,60.0,2.025,24,24,24
20240325,마포구,2024032420,13.0,10.0,65.0,60.0,2.1166666666666667,24,24,24
20240325,서대문구,2024032420,13.0,10.0,65.0,60.0,2.1166666666666667,24,24,24
20240325,서초구,2024032420,14.0,9.0,65.83333333333333,60.0,2.1374999999999997,24,24,24
20240325,성동구,2024032420,13.0,9.0,64.79166666666667,60.0,2.1916666666666664,24,24,24
20240325,성북구,2024032420,12.0,7.0,66.04166666666667,60.0,2.1666666666666665,24,24,24
20240325,송파구,2024032420,14.0,10.0,63.75,60.0,2.1958333333333333,24,24,24
20240325,양천구,2024032420,13.0,10.0,64.79166666666667,60.0,2.0416666666666665,24,24,24
20240325,영등포구,2024032420,13.0,10.0,64.58333333333333,60.0,2.0708333333333333,24,24,24
20240325,용산구,2024032420,13.0,10.0,64.58333333333333,60.0,2.1,24,24,24
20240325,은평구,2024032420,14.0,9.0,68.125,60.0,2.1625,24,24,24
20240325,종로구,2024032420,13.0,9.0,68.125,60.0,2.129166666666667,24,24,24
20240325,중구,2024032420,13.0,9.0,68.125,60.0,2.129166666666667,24,24,24
20240325,중랑구,2024032420,13.0,9.0,65.0,60.0,2.3541666666666665,24,24,24
20240326,강남구,2024032520,14.0,5.0,68.54166666666667,61.0,2.279166666666667,24,24,24
20240326,강동구,2024032520,14.0,4.0,66.66666666666667,61.0,2.3833333333333333,24,24,24
20240326,강북구,2024032520,11.0,2.0,71.04166666666667,60.0,2.1166666666666667,24,24,24
20240326,강서구,2024032520,14.0,3.0,71.66666666666667,61.0,2.4833333333333334,24,24,24
20240326,관악구,2024032520,13.0,4.0,70.625,62.0,2.3000000000000003,24,24,24
20240326,광진구,2024032520,14.0,5.0,65.625,61.0,2.3000000000000003,24,24,24
20240326,구로구,2024032520,14.0,4.0,67.91666666666667,63.0,2.3666666666666667,24,24,24
20240326,금천구,2024032520,13.0,4.0,73.75,62.0,2.3,24,24,24
20240326,노원구,2024032520,14.0,4.0,69.79166666666667,60.0,2.2041666666666666,24,24,24
20240326,도봉구,2024032520,14.0,4.0,69.79166666666667,60.0,2.2041666666666666,24,24,24
20240326,동대문구,2024032520,13.0,5.0,68.33333333333333,60.0,2.2041666666666666,24,24,24
20240326,동작구,2024032520,13.0,4.0,70.625,62.0,2.3000000000000003,24,24,24
20240326,마포구,2024032520,13.0,4.0,70.20833333333333,60.0,2.25,24,24,24
20240326,서대문구,2024032520,13.0,4.0,70.20833333333333,60.0,2.25,24,24,24
20240326,서초구,2024032520,14.0,5.0,68.54166666666667,61.0,2.279166666666667,24,24,24
20240326,성동구,2024032520,14.0,4.0,67.91666666666667,61.0,2.2541666666666664,24,24,24
20240326,성북구,2024032520,11.0,2.0,71.04166666666667,60.0,2.1166666666666667,24,24,24
20240326,송파구,2024032520,14.0,5.0,66.25,61.0,2.3125,24,24,24
20240326,양천구,2024032520,13.0,3.0,69.58333333333333,62.0,2.3541666666666665,24,24,24
20240326,영등포구,2024032520,13.0,4.0,69.58333333333333,61.0,2.283333333333333,24,24,24
20240326,용산구,2024032520,13.0,4.0,69.16666666666667,60.0,2.2291666666666665,24,24,24
20240326,은평구,2024032520,14.0,4.0,72.70833333333333,60.0,2.220833333333333,24,24,24
20240326,종로구,2024032520,13.0,4.0,73.125,60.0,2.1625,24,24,24
20240326,중구,2024032520,13.0,4.0,73.125,60.0,2.1625,24,24,24
20240326,중랑구,2024032520,14.0,5.0,66.04166666666667,60.0,2.2916666666666665,24,24,24
20240327,강남구,2024032620,17.0,5.0,67.5,30.0,1.4041666666666668,24,24,24
20240327,강동구,2024032620,17.0,5.0,67.08333333333333,30.0,1.375,24,24,24
20240327,강북구,2024032620,14.0,2.0,70.41666666666667,30.0,1.4416666666666669,24,24,24
20240327,강서구,2024032620,16.0,4.0,73.54166666666667,30.0,1.65,24,24,24
20240327,관악구,2024032620,16.0,5.0,71.04166666666667,30.0,1.4833333333333334,24,24,24
20240327,광진구,2024032620,17.0,6.0,65.625,30.0,1.3625,24,24,24
20240327,구로구,2024032620,16.0,6.0,68.75,30.0,1.5125,24,24,24
20240327,금천구,2024032620,16.0,4.0,73.75,30.0,1.4833333333333334,24,24,24
20240327,노원구,2024032620,17.0,3.0,70.20833333333333,30.0,1.4541666666666668,24,24,24
20240327,도봉구,2024032620,17.0,3.0,70.20833333333333,30.0,1.4541666666666668,24,24,24
20240327,동대문구,2024032620,17.0,5.0,66.875,30.0,1.4083333333333334,24,24,24
20240327,동작구,2024032620,16.0,5.0,71.04166666666667,30.0,1.4833333333333334,24,24,24
20240327,마포구,2024032620,17.0,5.0,70.20833333333333,30.0,1.4708333333333334,24,24,24
20240327,서대문구,2024032620,17.0,5.0,70.20833333333333,30.0,1.4708333333333334,24,24,24
20240327,서초구,2024032620,17.0,5.0,67.5,30.0,1.4041666666666668,24,24,24
20240327,성동구,2024032620,18.0,5.0,65.83333333333333,30.0,1.4083333333333332,24,24,24
20240327,성북구,2024032620,14.0,2.0,70.41666666666667,30.0,1.4416666666666669,24,24,24
20240327,송파구,2024032620,18.0,6.0,66.45833333333333,30.0,1.3583333333333334,24,24,24
20240327,양천구,2024032620,16.0,5.0,69.79166666666667,30.0,1.5375000000000003,24,24,24
20240327,영등포구,2024032620,16.0,6.0,69.58333333333333,30.0,1.4958333333333331,24,24,24
20240327,용산구,2024032620,17.0,6.0,69.16666666666667,30.0,1.4375,24,24,24
20240327,은평구,2024032620,17.0,4.0,72.70833333333333,30.0,1.4958333333333331,24,24,24
20240327,종로구,2024032620,17.0,5.0,70.41666666666667,30.0,1.4291666666666665,24,24,24
20240327,중구,2024032620,17.0,5.0,70.41666666666667,30.0,1.4291666666666665,24,24,24
20240327,중랑구,2024032620,17.0,5.0,66.45833333333333,30.0,1.3833333333333335,24,24,24
20240328,강남구,2024032720,14.0,9.0,75.0,60.0,2.3333333333333335,24,24,24
20240328,강동구,2024032720,13.0,9.0,75.83333333333333,60.0,2.1041666666666665,24,24,24
20240328,강북구,2024032720,11.0,6.0,78.125,60.0,2.2708333333333335,24,24,24
20240328,강서구,2024032720,14.0,8.0,78.54166666666667,60.0,2.9375,24,24,24
20240328,관악구,2024032720,13.0,9.0,76.25,60.0,2.4916666666666667,24,24,24
20240328,광진구,2024032720,13.0,9.0,72.91666666666667,60.0,2.1875,24,24,24
20240328,구로구,2024032720,13.0,10.0,73.75,60.0,2.6958333333333333,24,24,24
20240328,금천구,2024032720,13.0,9.0,79.58333333333333,60.0,2.5875,24,24,24
20240328,노원구,2024032720,13.0,8.0,78.125,60.0,2.1791666666666667,24,24,24
20240328,도봉구,2024032720,13.0,8.0,78.125,60.0,2.1791666666666667,24,24,24
20240328,동대문구,2024032720,13.0,9.0,74.375,60.0,2.2125,24,24,24
20240328,동작구,2024032720,13.0,9.0,76.25,60.0,2.4916666666666667,24,24,24
20240328,마포구,2024032720,13.0,9.0,75.83333333333333,60.0,2.3916666666666666,24,24,24
20240328,서대문구,2024032720,13.0,9.0,75.83333333333333,60.0,2.3916666666666666,24,24,24
20240328,서초구,2024032720,14.0,9.0,75.0,60.0,2.3333333333333335,24,24,24
20240328,성동구,2024032720,14.0,8.0,73.54166666666667,60.0,2.266666666666667,24,24,24
20240328,성북구,2024032720,11.0,6.0,78.125,60.0,2.2708333333333335,24,24,24
20240328,송파구,2024032720,14.0,9.0,73.33333333333333,60.0,2.233333333333333,24,24,24
20240328,양천구,2024032720,13.0,9.0,75.41666666666667,60.0,2.6583333333333337,24,24,24
20240328,영등포구,2024032720,13.0,10.0,74.58333333333333,60.0,2.408333333333333,24,24,24
20240328,용산구,2024032720,13.0,9.0,74.79166666666667,60.0,2.3249999999999997,24,24,24
20240328,은평구,2024032720,14.0,9.0,79.375,60.0,2.375,24,24,24
20240328,종로구,2024032720,13.0,9.0,76.875,60.0,2.3000000000000003,24,24,24
20240328,중구,2024032720,13.0,9.0,76.875,60.0,2.3000000000000003,24,24,24
20240328,중랑구,2024032720,13.0,9.0,74.58333333333333,60.0,2.1374999999999997,24,24,24
20240329,강남구,2024032820,14.0,5.0,70.20833333333333,60.0,4.3374999999999995,24,24,24
20240329,강동구,2024032820,14.0,5.0,68.95833333333333,60.0,4.2124999999999995,24,24,24
20240329,강북구,2024032820,11.0,2.0,72.70833333333333,60.0,3.8166666666666664,24,24,24
20240329,강서구,2024032820,14.0,4.0,73.95833333333333,60.0,4.745833333333333,24,24,24
20240329,관악구,2024032820,14.0,6.0,71.875,60.0,4.391666666666667,24,24,24
20240329,광진구,2024032820,14.0,6.0,67.70833333333333,60.0,4.170833333333333,24,24,24
20240329,구로구,2024032820,13.0,6.0,68.95833333333333,60.0,4.6375,24,24,24
20240329,금천구,2024032820,13.0,5.0,74.79166666666667,60.0,4.6375,24,24,24
20240329,노원구,2024032820,14.0,4.0,72.91666666666667,60.0,3.6291666666666664,24,24,24
20240329,도봉구,2024032820,14.0,4.0,72.91666666666667,60.0,3.6291666666666664,24,24,24
20240329,동대문구,2024032820,14.0,6.0,70.20833333333333,60.0,3.920833333333334,24,24,24
20240329,동작구,2024032820,14.0,6.0,71.875,60.0,4.391666666666667,24,24,24
20240329,마포구,2024032820,14.0,6.0,72.5,60.0,4.058333333333334,24,24,24
20240329,서대문구,2024032820,14.0,6.0,72.5,60.0,4.058333333333334,24,24,24
20240329,서초구,2024032820,14.0,5.0,70.20833333333333,60.0,4.3374999999999995,24,24,24
20240329,성동구,2024032820,14.0,5.0,70.20833333333333,60.0,4.179166666666666,24,24,24
20240329,성북구,2024032820,11.0,2.0,72.70833333333333,60.0,3.8166666666666664,24,24,24
20240329,송파구,2024032820,14.0,6.0,68.54166666666667,60.0,4.408333333333334,24,24,24
20240329,양천구,2024032820,13.0,6.0,71.45833333333333,60.0,4.483333333333333,24,24,24
20240329,영등포구,2024032820,14.0,6.0,71.66666666666667,60.0,4.154166666666666,24,24,24
20240329,용산구,2024032820,14.0,5.0,71.25,60.0,4.208333333333333,24,24,24
20240329,은평구,2024032820,14.0,5.0,74.79166666666667,60.0,3.8875,24,24,24
20240329,종로구,2024032820,13.0,5.0,74.375,60.0,3.9958333333333336,24,24,24
20240329,중구,2024032820,13.0,5.0,74.375,60.0,3.9958333333333336,24,24,24
20240329,중랑구,2024032820,14.0,5.0,68.54166666666667,60.0,3.9458333333333337,24,24,24
20240330,강남구,2024032920,15.0,4.0,52.916666666666664,30.0,1.8041666666666665,24,24,24
20240330,강동구,2024032920,15.0,3.0,53.75,30.0,1.825,24,24,24
20240330,강북구,2024032920,13.0,1.0,55.833333333333336,30.0,1.8375,24,24,24
20240330,강서구,2024032920,14.0,4.0,58.541666666666664,30.0,2.0041666666666664,24,24,24
20240330,관악구,2024032920,15.0,5.0,55.416666666666664,30.0,1.8583333333333336,24,24,24
20240330,광진구,2024032920,15.0,5.0,51.041666666666664,30.0,1.8166666666666664,24,24,24
20240330,구로구,2024032920,14.0,6.0,53.75,30.0,1.8791666666666669,24,24,24
20240330,금천구,2024032920,14.0,3.0,58.125,30.0,1.8208333333333335,24,24,24
20240330,노원구,2024032920,15.0,2.0,57.5,30.0,1.8666666666666665,24,24,24
20240330,도봉구,2024032920,15.0,2.0,57.5,30.0,1.8666666666666665,24,24,24
20240330,동대문구,2024032920,15.0,5.0,51.666666666666664,30.0,1.825,24,24,24
20240330,동작구,2024032920,15.0,5.0,55.416666666666664,30.0,1.8583333333333336,24,24,24
20240330,마포구,2024032920,15.0,5.0,55.0,30.0,1.8833333333333335,24,24,24
20240330,서대문구,2024032920,15.0,5.0,55.0,30.0,1.8833333333333335,24,24,24
20240330,서초구,2024032920,15.0,4.0,52.916666666666664,30.0,1.8041666666666665,24,24,24
20240330,성동구,2024032920,15.0,4.0,49.791666666666664,30.0,1.8208333333333335,24,24,24
20240330,성북구,2024032920,13.0,1.0,55.833333333333336,30.0,1.8375,24,24,24
20240330,송파구,2024032920,15.0,5.0,51.041666666666664,30.0,1.7999999999999998,24,24,24
20240330,양천구,2024032920,14.0,5.0,53.958333333333336,30.0,1.8916666666666668,24,24,24
20240330,영등포구,2024032920,15.0,5.0,53.541666666666664,30.0,1.8625,24,24,24
20240330,용산구,2024032920,15.0,5.0,53.125,30.0,1.8375,24,24,24
20240330,은평구,2024032920,15.0,3.0,58.75,30.0,1.9041666666666668,24,24,24
20240330,종로구,2024032920,14.0,4.0,55.833333333333336,30.0,1.8375,24,24,24
20240330,중구,2024032920,14.0,4.0,55.833333333333336,30.0,1.8375,24,24,24
20240330,중랑구,2024032920,15.0,4.0,52.291666666666664,30.0,1.8166666666666664,24,24,24
20240331,강남구,2024033020,16.0,3.0,43.75,20.0,1.8083333333333331,24,24,24
20240331,강동구,2024033020,15.0,2.0,45.0,20.0,1.8083333333333336,24,24,24
20240331,강북구,2024033020,13.0,0.0,44.166666666666664,20.0,1.6916666666666669,24,24,24
20240331,강서구,2024033020,15.0,2.0,49.583333333333336,20.0,1.8833333333333335,24,24,24
20240331,관악구,2024033020,15.0,3.0,45.833333333333336,20.0,1.8125,24,24,24
20240331,광진구,2024033020,16.0,4.0,41.666666666666664,20.0,1.7916666666666667,24,24,24
20240331,구로구,2024033020,15.0,4.0,44.375,20.0,1.8333333333333333,24,24,24
20240331,금천구,2024033020,15.0,2.0,48.125,20.0,1.8166666666666669,24,24,24
20240331,노원구,2024033020,15.0,1.0,44.791666666666664,30.0,1.725,24,24,24
20240331,도봉구,2024033020,15.0,1.0,44.791666666666664,30.0,1.725,24,24,24
20240331,동대문구,2024033020,15.0,4.0,42.291666666666664,20.0,1.7458333333333336,24,24,24
20240331,동작구,2024033020,15.0,3.0,45.833333333333336,20.0,1.8125,24,24,24
20240331,마포구,2024033020,15.0,3.0,45.208333333333336,20.0,1.7625,24,24,24
20240331,서대문구,2024033020,15.0,3.0,45.208333333333336,20.0,1.7625,24,24,24
20240331,서초구,2024033020,16.0,3.0,43.75,20.0,1.8083333333333331,24,24,24
20240331,성동구,2024033020,16.0,4.0,41.666666666666664,20.0,1.7791666666666666,24,24,24
20240331,성북구,2024033020,13.0,0.0,44.166666666666664,20.0,1.6916666666666669,24,24,24
20240331,송파구,2024033020,16.0,4.0,42.5,20.0,1.8125,24,24,24
20240331,양천구,2024033020,15.0,3.0,45.0,20.0,1.8083333333333331,24,24,24
20240331,영등포구,2024033020,15.0,3.0,44.166666666666664,20.0,1.7916666666666667,24,24,24
20240331,용산구,2024033020,15.0,3.0,43.75,20.0,1.7666666666666666,24,24,24
20240331,은평구,2024033020,16.0,1.0,47.708333333333336,20.0,1.7583333333333335,24,24,24
20240331,종로구,2024033020,16.0,3.0,45.0,20.0,1.7291666666666667,24,24,24
20240331,중구,2024033020,16.0,3.0,45.0,20.0,1.7291666666666667,24,24,24
20240331,중랑구,2024033020,15.0,3.0,42.5,20.0,1.7708333333333333,24,24,24
20240401,강남구,2024033120,18.0,6.0,42.708333333333336,0.0,1.9041666666666668,24,24,24
20240401,강동구,2024033120,17.0,4.0,42.708333333333336,0.0,1.9624999999999997,24,24,24
20240401,강북구,2024033120,15.0,2.0,43.125,0.0,1.8333333333333333,24,24,24
20240401,강서구,2024033120,17.0,3.0,48.541666666666664,0.0,1.8875,24,24,24
20240401,관악구,2024033120,17.0,5.0,45.208333333333336,0.0,1.8500000000000003,24,24,24
20240401,광진구,2024033120,18.0,6.0,39.375,0.0,1.9458333333333335,24,24,24
20240401,구로구,2024033120,17.0,6.0,44.166666666666664,0.0,1.8458333333333332,24,24,24
20240401,금천구,2024033120,16.0,4.0,47.708333333333336,0.0,1.8333333333333333,24,24,24
20240401,노원구,2024033120,17.0,3.0,43.333333333333336,0.0,1.8833333333333335,24,24,24
20240401,도봉구,2024033120,17.0,3.0,43.333333333333336,0.0,1.8833333333333335,24,24,24
20240401,동대문구,2024033120,17.0,6.0,40.208333333333336,0.0,1.8833333333333335,24,24,24
20240401,동작구,2024033120,17.0,5.0,45.208333333333336,0.0,1.8500000000000003,24,24,24
20240401,마포구,2024033120,17.0,5.0,43.958333333333336,0.0,1.8374999999999997,24,24,24
20240401,서대문구,2024033120,17.0,5.0,43.958333333333336,0.0,1.8374999999999997,24,24,24
20240401,서초구,2024033120,18.0,6.0,42.708333333333336,0.0,1.9041666666666668,24,24,24
20240401,성동구,2024033120,18.0,6.0,39.375,0.0,1.8875,24,24,24
20240401,성북구,2024033120,15.0,2.0,43.125,0.0,1.8333333333333333,24,24,24
20240401,송파구,2024033120,18.0,6.0,40.208333333333336,0.0,1.925,24,24,24
20240401,양천구,2024033120,17.0,5.0,43.958333333333336,0.0,1.8458333333333332,24,24,24
20240401,영등포구,2024033120,17.0,6.0,43.541666666666664,0.0,1.8541666666666667,24,24,24
20240401,용산구,2024033120,17.0,6.0,42.916666666666664,0.0,1.8625,24,24,24
20240401,은평구,2024033120,17.0,4.0,47.083333333333336,0.0,1.8374999999999997,24,24,24
20240401,종로구,2024033120,17.0,5.0,43.541666666666664,0.0,1.85,24,24,24
20240401,중구,2024033120,17.0,5.0,43.541666666666664,0.0,1.85,24,24,24
20240401,중랑구,2024033120,17.0,5.0,40.0,0.0,1.9416666666666669,24,24,24
20240402,강남구,2024040120,23.0,8.0,46.25,20.0,1.5458333333333334,24,24,24
20240402,강동구,2024040120,23.0,6.0,44.791666666666664,20.0,1.5791666666666666,24,24,24
20240402,강북구,2024040120,21.0,5.0,46.458333333333336,20.0,1.5,24,24,24
20240402,강서구,2024040120,22.0,6.0,52.083333333333336,20.0,1.5083333333333335,24,24,24
20240402,관악구,2024040120,23.0,7.0,47.916666666666664,20.0,1.5208333333333333,24,24,24
20240402,광진구,2024040120,23.0,8.0,41.875,20.0,1.5583333333333336,24,24,24
20240402,구로구,2024040120,22.0,8.0,47.5,20.0,1.5125000000000002,24,24,24
20240402,금천구,2024040120,22.0,6.0,51.041666666666664,20.0,1.5375,24,24,24
20240402,노원구,2024040120,23.0,5.0,45.833333333333336,20.0,1.5166666666666666,24,24,24
20240402,도봉구,2024040120,23.0,5.0,45.833333333333336,20.0,1.5166666666666666,24,24,24
20240402,동대문구,2024040120,23.0,8.0,42.916666666666664,20.0,1.5416666666666667,24,24,24
20240402,동작구,2024040120,23.0,7.0,47.916666666666664,20.0,1.5208333333333333,24,24,24
20240402,마포구,2024040120,23.0,8.0,46.875,20.0,1.4875,24,24,24
20240402,서대문구,2024040120,23.0,8.0,46.875,20.0,1.4875,24,24,24
20240402,서초구,2024040120,23.0,8.0,46.25,20.0,1.5458333333333334,24,24,24
20240402,성동구,2024040120,23.0,8.0,42.5,20.0,1.55,24,24,24
20240402,성북구,2024040120,21.0,5.0,46.458333333333336,20.0,1.5,24,24,24
20240402,송파구,2024040120,23.0,8.0,43.125,20.0,1.5708333333333335,24,24,24
20240402,양천구,2024040120,22.0,7.0,47.5,20.0,1.508333333333333,24,24,24
20240402,영등포구,2024040120,23.0,8.0,46.458333333333336,20.0,1.5125,24,24,24
20240402,용산구,2024040120,23.0,8.0,45.208333333333336,20.0,1.5375000000000003,24,24,24
20240402,은평구,2024040120,23.0,6.0,49.791666666666664,20.0,1.4791666666666667,24,24,24
20240402,종로구,2024040120,23.0,8.0,44.166666666666664,20.0,1.5083333333333335,24,24,24
20240402,중구,2024040120,23.0,8.0,44.166666666666664,20.0,1.5083333333333335,24,24,24
20240402,중랑구,2024040120,23.0,7.0,43.75,20.0,1.5666666666666669,24,24,24
20240403,강남구,2024040220,20.0,14.0,62.708333333333336,60.0,2.025,24,24,24
20240403,강동구,2024040220,20.0,12.0,64.79166666666667,60.0,2.2041666666666666,24,24,24
20240403,강북구,2024040220,18.0,10.0,65.0,30.0,1.9791666666666667,24,24,24
20240403,강서구,2024040220,20.0,11.0,67.70833333333333,60.0,1.9708333333333332,24,24,24
20240403,관악구,2024040220,20.0,13.0,64.375,60.0,1.9416666666666669,24,24,24
20240403,광진구,2024040220,20.0,13.0,61.666666666666664,60.0,2.1291666666666664,24,24,24
20240403,구로구,2024040220,20.0,14.0,62.916666666666664,60.0,1.8875,24,24,24
20240403,금천구,2024040220,19.0,13.0,69.16666666666667,60.0,1.9541666666666664,24,24,24
20240403,노원구,2024040220,20.0,11.0,65.83333333333333,30.0,2.0833333333333335,24,24,24
20240403,도봉구,2024040220,20.0,11.0,65.83333333333333,30.0,2.0833333333333335,24,24,24
20240403,동대문구,2024040220,20.0,13.0,62.291666666666664,60.0,2.066666666666667,24,24,24
20240403,동작구,2024040220,20.0,13.0,64.375,60.0,1.9416666666666669,24,24,24
20240403,마포구,2024040220,20.0,13.0,63.541666666666664,60.0,1.9541666666666664,24,24,24
20240403,서대문구,2024040220,20.0,13.0,63.541666666666664,60.0,1.9541666666666664,24,24,24
20240403,서초구,2024040220,20.0,14.0,62.708333333333336,60.0,2.025,24,24,24
20240403,성동구,2024040220,20.0,13.0,62.291666666666664,60.0,2.0416666666666665,24,24,24
20240403,성북구,2024040220,18.0,10.0,65.0,30.0,1.9791666666666667,24,24,24
20240403,송파구,2024040220,20.0,14.0,62.083333333333336,60.0,2.1166666666666667,24,24,24
20240403,양천구,2024040220,20.0,13.0,62.916666666666664,60.0,1.8916666666666668,24,24,24
20240403,영등포구,2024040220,20.0,13.0,62.916666666666664,60.0,1.95,24,24,24
20240403,용산구,2024040220,20.0,14.0,63.333333333333336,60.0,1.9791666666666667,24,24,24
20240403,은평구,2024040220,21.0,12.0,67.5,30.0,1.95,24,24,24
20240403,종로구,2024040220,20.0,13.0,64.16666666666667,60.0,1.9583333333333333,24,24,24
20240403,중구,2024040220,20.0,13.0,64.16666666666667,60.0,1.9583333333333333,24,24,24
20240403,중랑구,2024040220,20.0,12.0,61.875,30.0,2.1291666666666664,24,24,24
20240404,강남구,2024040320,21.0,10.0,56.458333333333336,30.0,1.4916666666666665,24,24,24
20240404,강동구,2024040320,20.0,9.0,55.833333333333336,30.0,1.6791666666666665,24,24,24
20240404,강북구,2024040320,18.0,7.0,57.083333333333336,30.0,1.4708333333333332,24,24,24
20240404,강서구,2024040320,21.0,8.0,58.75,30.0,1.4,24,24,24
20240404,관악구,2024040320,20.0,10.0,57.708333333333336,30.0,1.3458333333333332,24,24,24
20240404,광진구,2024040320,20.0,10.0,53.333333333333336,30.0,1.6041666666666667,24,24,24
20240404,구로구,2024040320,20.0,11.0,55.416666666666664,30.0,1.2916666666666667,24,24,24
20240404,금천구,2024040320,20.0,9.0,60.625,30.0,1.3,24,24,24
20240404,노원구,2024040320,20.0,8.0,56.458333333333336,30.0,1.6416666666666668,24,24,24
20240404,도봉구,2024040320,20.0,8.0,56.458333333333336,30.0,1.6416666666666668,24,24,24
20240404,동대문구,2024040320,20.0,10.0,54.583333333333336,30.0,1.5333333333333332,24,24,24
20240404,동작구,2024040320,20.0,10.0,57.708333333333336,30.0,1.3458333333333332,24,24,24
20240404,마포구,2024040320,20.0,10.0,56.666666666666664,30.0,1.4083333333333332,24,24,24
20240404,서대문구,2024040320,20.0,10.0,56.666666666666664,30.0,1.4083333333333332,24,24,24
20240404,서초구,2024040320,21.0,10.0,56.458333333333336,30.0,1.4916666666666665,24,24,24
20240404,성동구,2024040320,20.0,10.0,55.208333333333336,30.0,1.5166666666666668,24,24,24
20240404,성북구,2024040320,18.0,7.0,57.083333333333336,30.0,1.4708333333333332,24,24,24
20240404,송파구,2024040320,20.0,10.0,54.375,30.0,1.5791666666666666,24,24,24
20240404,양천구,2024040320,20.0,10.0,56.25,30.0,1.3208333333333335,24,24,24
20240404,영등포구,2024040320,20.0,10.0,55.625,30.0,1.3708333333333331,24,24,24
20240404,용산구,2024040320,20.0,10.0,55.416666666666664,30.0,1.4166666666666667,24,24,24
20240404,은평구,2024040320,21.0,9.0,59.375,30.0,1.4750000000000003,24,24,24
20240404,종로구,2024040320,20.0,10.0,57.916666666666664,30.0,1.4416666666666669,24,24,24
20240404,중구,2024040320,20.0,10.0,57.916666666666664,30.0,1.4416666666666669,24,24,24
20240404,중랑구,2024040320,20.0,10.0,53.958333333333336,30.0,1.6166666666666665,24,24,24
20240405,강남구,2024040420,18.0,10.0,57.5,30.0,1.3958333333333333,24,24,24
20240405,강동구,2024040420,17.0,9.0,58.125,30.0,1.3541666666666667,24,24,24
20240405,강북구,2024040420,15.0,7.0,60.0,30.0,1.2708333333333337,24,24,24
20240405,강서구,2024040420,18.0,9.0,62.5,30.0,1.5208333333333333,24,24,24
20240405,관악구,2024040420,17.0,10.0,59.583333333333336,30.0,1.425,24,24,24
20240405,광진구,2024040420,17.0,10.0,54.791666666666664,30.0,1.3541666666666667,24,24,24
20240405,구로구,2024040420,18.0,12.0,57.708333333333336,30.0,1.4583333333333333,24,24,24
20240405,금천구,2024040420,17.0,10.0,62.291666666666664,30.0,1.425,24,24,24
20240405,노원구,2024040420,17.0,8.0,59.375,30.0,1.2666666666666668,24,24,24
20240405,도봉구,2024040420,17.0,8.0,59.375,30.0,1.2666666666666668,24,24,24
20240405,동대문구,2024040420,17.0,10.0,55.833333333333336,30.0,1.325,24,24,24
20240405,동작구,2024040420,17.0,10.0,59.583333333333336,30.0,1.425,24,24,24
20240405,마포구,2024040420,18.0,10.0,59.166666666666664,30.0,1.3625,24,24,24
20240405,서대문구,2024040420,18.0,10.0,59.166666666666664,30.0,1.3625,24,24,24
20240405,서초구,2024040420,18.0,10.0,57.5,30.0,1.3958333333333333,24,24,24
20240405,성동구,2024040420,17.0,10.0,56.666666666666664,30.0,1.3666666666666665,24,24,24
20240405,성북구,2024040420,15.0,7.0,60.0,30.0,1.2708333333333337,24,24,24
20240405,송파구,2024040420,18.0,10.0,55.625,30.0,1.3666666666666665,24,24,24
20240405,양천구,2024040420,17.0,10.0,58.75,30.0,1.4416666666666669,24,24,24
20240405,영등포구,2024040420,18.0,10.0,57.708333333333336,30.0,1.4,24,24,24
20240405,용산구,2024040420,17.0,10.0,57.5,30.0,1.3583333333333334,24,24,24
20240405,은평구,2024040420,18.0,9.0,62.5,30.0,1.3416666666666668,24,24,24
20240405,종로구,2024040420,18.0,9.0,58.125,30.0,1.3291666666666666,24,24,24
20240405,중구,2024040420,18.0,9.0,58.125,30.0,1.3291666666666666,24,24,24
20240405,중랑구,2024040420,17.0,9.0,56.041666666666664,30.0,1.3250000000000002,24,24,24
20240406,강남구,2024040520,20.0,7.0,52.916666666666664,30.0,1.3375,24,24,24
20240406,강동구,2024040520,20.0,7.0,54.583333333333336,30.0,1.3583333333333334,24,24,24
20240406,강북구,2024040520,17.0,4.0,54.791666666666664,20.0,1.4125,24,24,24
20240406,강서구,2024040520,19.0,6.0,60.833333333333336,30.0,1.5041666666666669,24,24,24
20240406,관악구,2024040520,19.0,7.0,56.666666666666664,30.0,1.3833333333333335,24,24,24
20240406,광진구,2024040520,19.0,8.0,50.625,30.0,1.3541666666666667,24,24,24
20240406,구로구,2024040520,18.0,9.0,56.041666666666664,30.0,1.4208333333333334,24,24,24
20240406,금천구,2024040520,18.0,6.0,60.833333333333336,30.0,1.3458333333333332,24,24,24
20240406,노원구,2024040520,20.0,5.0,56.25,20.0,1.425,24,24,24
20240406,도봉구,2024040520,20.0,5.0,56.25,20.0,1.425,24,24,24
20240406,동대문구,2024040520,19.0,8.0,50.833333333333336,20.0,1.375,24,24,24
20240406,동작구,2024040520,19.0,7.0,56.666666666666664,30.0,1.3833333333333335,24,24,24
20240406,마포구,2024040520,19.0,8.0,54.166666666666664,30.0,1.4166666666666667,24,24,24
20240406,서대문구,2024040520,19.0,8.0,54.166666666666664,30.0,1.4166666666666667,24,24,24
20240406,서초구,2024040520,20.0,7.0,52.916666666666664,30.0,1.3375,24,24,24
20240406,성동구,2024040520,20.0,8.0,51.666666666666664,30.0,1.3583333333333334,24,24,24
20240406,성북구,2024040520,17.0,4.0,54.791666666666664,20.0,1.4125,24,24,24
20240406,송파구,2024040520,20.0,8.0,51.458333333333336,30.0,1.325,24,24,24
20240406,양천구,2024040520,18.0,8.0,56.041666666666664,30.0,1.425,24,24,24
20240406,영등포구,2024040520,19.0,8.0,54.166666666666664,30.0,1.3916666666666666,24,24,24
20240406,용산구,2024040520,19.0,8.0,53.125,30.0,1.3791666666666664,24,24,24
20240406,은평구,2024040520,20.0,6.0,58.125,20.0,1.4333333333333331,24,24,24
20240406,종로구,2024040520,19.0,8.0,54.583333333333336,30.0,1.3999999999999997,24,24,24
20240406,중구,2024040520,19.0,8.0,54.583333333333336,30.0,1.3999999999999997,24,24,24
20240406,중랑구,2024040520,19.0,7.0,52.083333333333336,20.0,1.3708333333333331,24,24,24
20240407,강남구,2024040620,23.0,8.0,42.708333333333336,0.0,1.2333333333333334,24,24,24
20240407,강동구,2024040620,23.0,8.0,47.083333333333336,0.0,1.25,24,24,24
20240407,강북구,2024040620,21.0,5.0,44.791666666666664,0.0,1.25,24,24,24
20240407,강서구,2024040620,22.0,7.0,48.958333333333336,0.0,1.3458333333333332,24,24,24
20240407,관악구,2024040620,22.0,8.0,45.208333333333336,0.0,1.2625,24,24,24
20240407,광진구,2024040620,23.0,9.0,42.291666666666664,0.0,1.2333333333333334,24,24,24
20240407,구로구,2024040620,22.0,9.0,44.791666666666664,0.0,1.2791666666666666,24,24,24
20240407,금천구,2024040620,22.0,7.0,48.541666666666664,0.0,1.2375,24,24,24
20240407,노원구,2024040620,23.0,6.0,46.666666666666664,0.0,1.25,24,24,24
20240407,도봉구,2024040620,23.0,6.0,46.666666666666664,0.0,1.25,24,24,24
20240407,동대문구,2024040620,23.0,9.0,41.875,0.0,1.2458333333333331,24,24,24
20240407,동작구,2024040620,22.0,8.0,45.208333333333336,0.0,1.2625,24,24,24
20240407,마포구,2024040620,23.0,9.0,43.958333333333336,0.0,1.25,24,24,24
20240407,서대문구,2024040620,23.0,9.0,43.958333333333336,0.0,1.25,24,24,24
20240407,서초구,2024040620,23.0,8.0,42.708333333333336,0.0,1.2333333333333334,24,24,24
20240407,성동구,2024040620,23.0,8.0,41.041666666666664,0.0,1.2541666666666669,24,24,24
20240407,성북구,2024040620,21.0,5.0,44.791666666666664,0.0,1.25,24,24,24
20240407,송파구,2024040620,23.0,9.0,42.916666666666664,0.0,1.2375,24,24,24
20240407,양천구,2024040620,22.0,9.0,43.958333333333336,0.0,1.2875,24,24,24
20240407,영등포구,2024040620,23.0,9.0,43.541666666666664,0.0,1.275,24,24,24
20240407,용산구,2024040620,23.0,9.0,42.5,0.0,1.2625,24,24,24
20240407,은평구,2024040620,23.0,7.0,48.333333333333336,0.0,1.2625000000000002,24,24,24
20240407,종로구,2024040620,23.0,8.0,43.75,0.0,1.2583333333333333,24,24,24
20240407,중구,2024040620,23.0,8.0,43.75,0.0,1.2583333333333333,24,24,24
20240407,중랑구,2024040620,23.0,8.0,43.958333333333336,0.0,1.2458333333333331,24,24,24
20240408,강남구,2024040720,24.0,11.0,47.083333333333336,20.0,1.2291666666666667,24,24,24
20240408,강동구,2024040720,24.0,10.0,50.416666666666664,20.0,1.2875,24,24,24
20240408,강북구,2024040720,22.0,8.0,49.166666666666664,20.0,1.2125,24,24,24
20240408,강서구,2024040720,23.0,9.0,55.833333333333336,20.0,1.175,24,24,24
20240408,관악구,2024040720,24.0,11.0,51.041666666666664,20.0,1.1916666666666669,24,24,24
20240408,광진구,2024040720,24.0,12.0,45.416666666666664,20.0,1.2416666666666667,24,24,24
20240408,구로구,2024040720,23.0,11.0,51.041666666666664,20.0,1.175,24,24,24
20240408,금천구,2024040720,23.0,9.0,53.75,20.0,1.1791666666666667,24,24,24
20240408,노원구,2024040720,24.0,9.0,48.958333333333336,20.0,1.2791666666666666,24,24,24
20240408,도봉구,2024040720,24.0,9.0,48.958333333333336,20.0,1.2791666666666666,24,24,24
20240408,동대문구,2024040720,24.0,12.0,45.208333333333336,20.0,1.225,24,24,24
20240408,동작구,2024040720,24.0,11.0,51.041666666666664,20.0,1.1916666666666669,24,24,24
20240408,마포구,2024040720,24.0,11.0,49.791666666666664,20.0,1.1833333333333331,24,24,24
20240408,서대문구,2024040720,24.0,11.0,49.791666666666664,20.0,1.1833333333333331,24,24,24
20240408,서초구,2024040720,24.0,11.0,47.083333333333336,20.0,1.2291666666666667,24,24,24
20240408,성동구,2024040720,24.0,11.0,45.416666666666664,20.0,1.225,24,24,24
20240408,성북구,2024040720,22.0,8.0,49.166666666666664,20.0,1.2125,24,24,24
20240408,송파구,2024040720,24.0,11.0,46.458333333333336,20.0,1.2333333333333334,24,24,24
20240408,양천구,2024040720,23.0,11.0,50.625,20.0,1.1666666666666667,24,24,24
20240408,영등포구,2024040720,24.0,11.0,48.958333333333336,20.0,1.1833333333333331,24,24,24
20240408,용산구,2024040720,24.0,12.0,47.916666666666664,20.0,1.2166666666666668,24,24,24
20240408,은평구,2024040720,24.0,9.0,53.125,20.0,1.195833333333333,24,24,24
20240408,종로구,2024040720,24.0,11.0,47.5,20.0,1.1875,24,24,24
20240408,중구,2024040720,24.0,11.0,47.5,20.0,1.1875,24,24,24
20240408,중랑구,2024040720,24.0,11.0,46.25,20.0,1.2708333333333333,24,24,24
20240409,강남구,2024040820,19.0,9.0,38.333333333333336,20.0,2.5666666666666664,24,24,24
20240409,강동구,2024040820,18.0,9.0,38.958333333333336,20.0,2.891666666666666,24,24,24
20240409,강북구,2024040820,17.0,6.0,39.166666666666664,20.0,2.5,24,24,24
20240409,강서구,2024040820,20.0,9.0,43.75,20.0,2.466666666666667,24,24,24
20240409,관악구,2024040820,19.0,10.0,39.791666666666664,20.0,2.4208333333333334,24,24,24
20240409,광진구,2024040820,19.0,9.0,37.083333333333336,20.0,2.745833333333333,24,24,24
20240409,구로구,2024040820,19.0,11.0,38.958333333333336,20.0,2.404166666666667,24,24,24
20240409,금천구,2024040820,19.0,9.0,43.333333333333336,20.0,2.3874999999999997,24,24,24
20240409,노원구,2024040820,19.0,7.0,40.416666666666664,20.0,2.7583333333333333,24,24,24
20240409,도봉구,2024040820,19.0,7.0,40.416666666666664,20.0,2.7583333333333333,24,24,24
20240409,동대문구,2024040820,19.0,9.0,36.25,20.0,2.65,24,24,24
20240409,동작구,2024040820,19.0,10.0,39.791666666666664,20.0,2.4208333333333334,24,24,24
20240409,마포구,2024040820,19.0,10.0,37.916666666666664,20.0,2.4458333333333333,24,24,24
20240409,서대문구,2024040820,19.0,10.0,37.916666666666664,20.0,2.4458333333333333,24,24,24
20240409,서초구,2024040820,19.0,9.0,38.333333333333336,20.0,2.5666666666666664,24,24,24
20240409,성동구,2024040820,19.0,10.0,37.708333333333336,20.0,2.6,24,24,24
20240409,성북구,2024040820,17.0,6.0,39.166666666666664,20.0,2.5,24,24,24
20240409,송파구,2024040820,19.0,10.0,37.708333333333336,20.0,2.670833333333333,24,24,24
20240409,양천구,2024040820,19.0,10.0,38.958333333333336,20.0,2.4166666666666665,24,24,24
20240409,영등포구,2024040820,19.0,10.0,37.708333333333336,20.0,2.4291666666666667,24,24,24
20240409,용산구,2024040820,19.0,10.0,37.5,20.0,2.4875000000000003,24,24,24
20240409,은평구,2024040820,19.0,9.0,41.458333333333336,20.0,2.4541666666666666,24,24,24
20240409,종로구,2024040820,19.0,10.0,39.166666666666664,20.0,2.4916666666666667,24,24,24
20240409,중구,2024040820,19.0,10.0,39.166666666666664,20.0,2.4916666666666667,24,24,24
20240409,중랑구,2024040820,19.0,9.0,36.875,20.0,2.8083333333333336,24,24,24
20240410,강남구,2024040920,20.0,9.0,49.791666666666664,30.0,1.7541666666666669,24,24,24
20240410,강동구,2024040920,20.0,8.0,51.875,30.0,1.7708333333333333,24,24,24
20240410,강북구,2024040920,17.0,5.0,51.25,30.0,1.775,24,24,24
20240410,강서구,2024040920,19.0,8.0,55.416666666666664,30.0,1.9916666666666665,24,24,24
20240410,관악구,2024040920,19.0,9.0,51.458333333333336,30.0,1.7999999999999998,24,24,24
20240410,광진구,2024040920,20.0,9.0,47.916666666666664,30.0,1.775,24,24,24
20240410,구로구,2024040920,19.0,10.0,51.25,30.0,1.8333333333333333,24,24,24
20240410,금천구,2024040920,19.0,8.0,54.791666666666664,30.0,1.7916666666666667,24,24,24
20240410,노원구,2024040920,20.0,7.0,52.708333333333336,30.0,1.7583333333333335,24,24,24
20240410,도봉구,2024040920,20.0,7.0,52.708333333333336,30.0,1.7583333333333335,24,24,24
20240410,동대문구,2024040920,20.0,9.0,48.958333333333336,30.0,1.7541666666666669,24,24,24
20240410,동작구,2024040920,19.0,9.0,51.458333333333336,30.0,1.7999999999999998,24,24,24
20240410,마포구,2024040920,20.0,9.0,49.791666666666664,30.0,1.825,24,24,24
20240410,서대문구,2024040920,20.0,9.0,49.791666666666664,30.0,1.825,24,24,24
20240410,서초구,2024040920,20.0,9.0,49.791666666666664,30.0,1.7541666666666669,24,24,24
20240410,성동구,2024040920,20.0,9.0,47.5,30.0,1.7708333333333333,24,24,24
20240410,성북구,2024040920,17.0,5.0,51.25,30.0,1.775,24,24,24
20240410,송파구,2024040920,20.0,9.0,48.75,30.0,1.7666666666666668,24,24,24
20240410,양천구,2024040920,19.0,9.0,50.416666666666664,30.0,1.8374999999999997,24,24,24
20240410,영등포구,2024040920,19.0,9.0,50.0,30.0,1.8166666666666664,24,24,24
20240410,용산구,2024040920,20.0,9.0,49.375,30.0,1.7916666666666667,24,24,24
20240410,은평구,2024040920,20.0,8.0,53.541666666666664,30.0,1.8291666666666664,24,24,24
20240410,종로구,2024040920,19.0,9.0,50.208333333333336,30.0,1.7791666666666668,24,24,24
20240410,중구,2024040920,19.0,9.0,50.208333333333336,30.0,1.7791666666666668,24,24,24
20240410,중랑구,2024040920,20.0,8.0,48.958333333333336,30.0,1.7666666666666666,24,24,24
20240411,강남구,2024041020,20.0,12.0,64.16666666666667,60.0,1.1708333333333332,24,24,24
20240411,강동구,2024041020,20.0,11.0,64.79166666666667,30.0,1.025,24,24,24
20240411,강북구,2024041020,17.0,9.0,65.83333333333333,60.0,1.15,24,24,24
20240411,강서구,2024041020,19.0,11.0,68.54166666666667,60.0,1.1749999999999998,24,24,24
20240411,관악구,2024041020,19.0,12.0,65.0,60.0,1.2208333333333334,24,24,24
20240411,광진구,2024041020,20.0,12.0,62.291666666666664,60.0,1.0708333333333333,24,24,24
20240411,구로구,2024041020,19.0,13.0,63.333333333333336,60.0,1.2,24,24,24
20240411,금천구,2024041020,19.0,11.0,68.33333333333333,30.0,1.1625,24,24,24
20240411,노원구,2024041020,20.0,10.0,68.54166666666667,60.0,1.0083333333333333,24,24,24
20240411,도봉구,2024041020,20.0,10.0,68.54166666666667,60.0,1.0083333333333333,24,24,24
20240411,동대문구,2024041020,19.0,12.0,62.708333333333336,60.0,1.0875,24,24,24
20240411,동작구,2024041020,19.0,12.0,65.0,60.0,1.2208333333333334,24,24,24
20240411,마포구,2024041020,19.0,12.0,64.58333333333333,60.0,1.2208333333333332,24,24,24
20240411,서대문구,2024041020,19.0,12.0,64.58333333333333,60.0,1.2208333333333332,24,24,24
20240411,서초구,2024041020,20.0,12.0,64.16666666666667,60.0,1.1708333333333332,24,24,24
20240411,성동구,2024041020,20.0,12.0,64.375,60.0,1.1208333333333331,24,24,24
20240411,성북구,2024041020,17.0,9.0,65.83333333333333,60.0,1.15,24,24,24
20240411,송파구,2024041020,20.0,12.0,63.958333333333336,60.0,1.1125,24,24,24
20240411,양천구,2024041020,19.0,12.0,63.958333333333336,60.0,1.2125,24,24,24
20240411,영등포구,2024041020,19.0,12.0,62.708333333333336,60.0,1.2416666666666665,24,24,24
20240411,용산구,2024041020,19.0,12.0,62.916666666666664,60.0,1.2,24,24,24
20240411,은평구,2024041020,20.0,11.0,68.75,60.0,1.1833333333333331,24,24,24
20240411,종로구,2024041020,20.0,12.0,64.58333333333333,60.0,1.1916666666666669,24,24,24
20240411,중구,2024041020,20.0,12.0,64.58333333333333,60.0,1.1916666666666669,24,24,24
20240411,중랑구,2024041020,19.0,12.0,63.541666666666664,60.0,0.9875,24,24,24
20240412,강남구,2024041120,24.0,11.0,62.916666666666664,30.0,1.25,24,24,24
20240412,강동구,2024041120,24.0,11.0,62.291666666666664,30.0,1.2166666666666666,24,24,24
20240412,강북구,2024041120,22.0,8.0,64.58333333333333,30.0,1.2166666666666668,24,24,24
20240412,강서구,2024041120,23.0,9.0,68.95833333333333,30.0,1.2708333333333333,24,24,24
20240412,관악구,2024041120,23.0,11.0,65.41666666666667,30.0,1.2541666666666669,24,24,24
20240412,광진구,2024041120,24.0,11.0,60.416666666666664,30.0,1.2375,24,24,24
20240412,구로구,2024041120,23.0,11.0,63.333333333333336,30.0,1.25,24,24,24
20240412,금천구,2024041120,23.0,10.0,68.125,30.0,1.25,24,24,24
20240412,노원구,2024041120,24.0,9.0,65.83333333333333,30.0,1.2375,24,24,24
20240412,도봉구,2024041120,24.0,9.0,65.83333333333333,30.0,1.2375,24,24,24
20240412,동대문구,2024041120,24.0,11.0,61.25,30.0,1.2458333333333331,24,24,24
20240412,동작구,2024041120,23.0,11.0,65.41666666666667,30.0,1.2541666666666669,24,24,24
20240412,마포구,2024041120,24.0,11.0,63.958333333333336,30.0,1.2375,24,24,24
20240412,서대문구,2024041120,24.0,11.0,63.958333333333336,30.0,1.2375,24,24,24
20240412,서초구,2024041120,24.0,11.0,62.916666666666664,30.0,1.25,24,24,24
20240412,성동구,2024041120,24.0,11.0,62.291666666666664,30.0,1.2541666666666669,24,24,24
20240412,성북구,2024041120,22.0,8.0,64.58333333333333,30.0,1.2166666666666668,24,24,24
20240412,송파구,2024041120,24.0,11.0,61.666666666666664,30.0,1.2375,24,24,24
20240412,양천구,2024041120,23.0,11.0,63.958333333333336,30.0,1.2583333333333333,24,24,24
20240412,영등포구,2024041120,24.0,11.0,62.916666666666664,30.0,1.25,24,24,24
20240412,용산구,2024041120,24.0,11.0,62.708333333333336,30.0,1.25,24,24,24
20240412,은평구,2024041120,24.0,10.0,66.875,30.0,1.2333333333333334,24,24,24
20240412,종로구,2024041120,24.0,11.0,63.333333333333336,30.0,1.2291666666666667,24,24,24
20240412,중구,2024041120,24.0,11.0,63.333333333333336,30.0,1.2291666666666667,24,24,24
20240412,중랑구,2024041120,24.0,11.0,60.833333333333336,30.0,1.2375,24,24,24
20240413,강남구,2024041220,27.0,12.0,56.25,0.0,1.2583333333333333,24,24,24
20240413,강동구,2024041220,27.0,12.0,54.375,0.0,1.2875000000000003,24,24,24
20240413,강북구,2024041220,25.0,9.0,57.291666666666664,0.0,1.2,24,24,24
20240413,강서구,2024041220,26.0,11.0,63.333333333333336,0.0,1.2333333333333332,24,24,24
20240413,관악구,2024041220,26.0,12.0,59.583333333333336,0.0,1.25,24,24,24
20240413,광진구,2024041220,27.0,13.0,52.083333333333336,0.0,1.2666666666666668,24,24,24
20240413,구로구,2024041220,26.0,12.0,58.125,0.0,1.2208333333333334,24,24,24
20240413,금천구,2024041220,26.0,11.0,62.083333333333336,0.0,1.2375,24,24,24
20240413,노원구,2024041220,27.0,10.0,57.708333333333336,0.0,1.2333333333333334,24,24,24
20240413,도봉구,2024041220,27.0,10.0,57.708333333333336,0.0,1.2333333333333334,24,24,24
20240413,동대문구,2024041220,27.0,13.0,54.166666666666664,0.0,1.25,24,24,24
20240413,동작구,2024041220,26.0,12.0,59.583333333333336,0.0,1.25,24,24,24
20240413,마포구,2024041220,27.0,12.0,58.125,0.0,1.1958333333333333,24,24,24
20240413,서대문구,2024041220,27.0,12.0,58.125,0.0,1.1958333333333333,24,24,24
20240413,서초구,2024041220,27.0,12.0,56.25,0.0,1.2583333333333333,24,24,24
20240413,성동구,2024041220,27.0,12.0,54.166666666666664,0.0,1.2458333333333331,24,24,24
20240413,성북구,2024041220,25.0,9.0,57.291666666666664,0.0,1.2,24,24,24
20240413,송파구,2024041220,27.0,13.0,53.75,0.0,1.2583333333333335,24,24,24
20240413,양천구,2024041220,26.0,12.0,59.166666666666664,0.0,1.2041666666666666,24,24,24
20240413,영등포구,2024041220,27.0,12.0,58.125,0.0,1.2291666666666667,24,24,24
20240413,용산구,2024041220,27.0,12.0,56.666666666666664,0.0,1.2333333333333334,24,24,24
20240413,은평구,2024041220,27.0,11.0,60.208333333333336,0.0,1.2,24,24,24
20240413,종로구,2024041220,27.0,13.0,56.875,0.0,1.2166666666666666,24,24,24
20240413,중구,2024041220,27.0,13.0,56.875,0.0,1.2166666666666666,24,24,24
20240413,중랑구,2024041220,27.0,12.0,53.333333333333336,0.0,1.2666666666666668,24,24,24
20240414,강남구,2024041320,30.0,14.0,45.416666666666664,0.0,1.9791666666666667,24,24,24
20240414,강동구,2024041320,29.0,13.0,44.583333333333336,0.0,2.025,24,24,24
20240414,강북구,2024041320,27.0,11.0,46.25,0.0,1.875,24,24,24
20240414,강서구,2024041320,30.0,12.0,53.541666666666664,0.0,1.8083333333333336,24,24,24
20240414,관악구,2024041320,29.0,13.0,48.958333333333336,0.0,1.8791666666666664,24,24,24
20240414,광진구,2024041320,29.0,14.0,41.458333333333336,0.0,2.0,24,24,24
20240414,구로구,2024041320,29.0,14.0,48.75,0.0,1.8125,24,24,24
20240414,금천구,2024041320,29.0,12.0,51.666666666666664,0.0,1.8666666666666665,24,24,24
20240414,노원구,2024041320,29.0,12.0,47.5,0.0,1.925,24,24,24
20240414,도봉구,2024041320,29.0,12.0,47.5,0.0,1.925,24,24,24
20240414,동대문구,2024041320,29.0,15.0,42.708333333333336,0.0,1.9083333333333337,24,24,24
20240414,동작구,2024041320,29.0,13.0,48.958333333333336,0.0,1.8791666666666664,24,24,24
20240414,마포구,2024041320,30.0,14.0,47.291666666666664,0.0,1.8541666666666667,24,24,24
20240414,서대문구,2024041320,30.0,14.0,47.291666666666664,0.0,1.8541666666666667,24,24,24
20240414,서초구,2024041320,30.0,14.0,45.416666666666664,0.0,1.9791666666666667,24,24,24
20240414,성동구,2024041320,30.0,15.0,42.708333333333336,0.0,1.9666666666666663,24,24,24
20240414,성북구,2024041320,27.0,11.0,46.25,0.0,1.875,24,24,24
20240414,송파구,2024041320,29.0,15.0,43.333333333333336,0.0,2.0124999999999997,24,24,24
20240414,양천구,2024041320,29.0,14.0,48.541666666666664,0.0,1.8208333333333335,24,24,24
20240414,영등포구,2024041320,30.0,14.0,47.291666666666664,0.0,1.8583333333333332,24,24,24
20240414,용산구,2024041320,30.0,14.0,45.833333333333336,0.0,1.9208333333333336,24,24,24
20240414,은평구,2024041320,30.0,12.0,50.0,0.0,1.8541666666666667,24,24,24
20240414,종로구,2024041320,30.0,14.0,45.416666666666664,0.0,1.8875,24,24,24
20240414,중구,2024041320,30.0,14.0,45.416666666666664,0.0,1.8875,24,24,24
20240414,중랑구,2024041320,29.0,14.0,42.916666666666664,0.0,1.9625,24,24,24
20240415,강남구,2024041420,20.0,18.0,72.5,60.0,3.7583333333333337,24,24,24
20240415,강동구,2024041420,20.0,17.0,71.25,60.0,3.8333333333333335,24,24,24
20240415,강북구,2024041420,18.0,15.0,74.58333333333333,60.0,3.6375,24,24,24
20240415,강서구,2024041420,20.0,17.0,76.04166666666667,60.0,3.983333333333334,24,24,24
20240415,관악구,2024041420,20.0,18.0,73.75,60.0,3.766666666666667,24,24,24
20240415,광진구,2024041420,20.0,17.0,69.58333333333333,60.0,3.7875,24,24,24
20240415,구로구,2024041420,19.0,18.0,70.41666666666667,60.0,3.779166666666667,24,24,24
20240415,금천구,2024041420,19.0,18.0,76.04166666666667,60.0,3.75,24,24,24
20240415,노원구,2024041420,20.0,16.0,75.41666666666667,60.0,3.75,24,24,24
20240415,도봉구,2024041420,20.0,16.0,75.41666666666667,60.0,3.75,24,24,24
20240415,동대문구,2024041420,20.0,17.0,71.66666666666667,60.0,3.725,24,24,24
20240415,동작구,2024041420,20.0,18.0,73.75,60.0,3.766666666666667,24,24,24
20240415,마포구,2024041420,20.0,18.0,73.125,60.0,3.7416666666666663,24,24,24
20240415,서대문구,2024041420,20.0,18.0,73.125,60.0,3.7416666666666663,24,24,24
20240415,서초구,2024041420,20.0,18.0,72.5,60.0,3.7583333333333337,24,24,24
20240415,성동구,2024041420,20.0,17.0,70.625,60.0,3.7583333333333337,24,24,24
20240415,성북구,2024041420,18.0,15.0,74.58333333333333,60.0,3.6375,24,24,24
20240415,송파구,2024041420,20.0,18.0,70.83333333333333,60.0,3.775,24,24,24
20240415,양천구,2024041420,19.0,18.0,71.875,60.0,3.7916666666666665,24,24,24
20240415,영등포구,2024041420,20.0,18.0,72.29166666666667,60.0,3.766666666666667,24,24,24
20240415,용산구,2024041420,20.0,18.0,71.66666666666667,60.0,3.745833333333333,24,24,24
20240415,은평구,2024041420,20.0,18.0,76.45833333333333,60.0,3.725,24,24,24
20240415,종로구,2024041420,20.0,17.0,73.95833333333333,60.0,3.6791666666666663,24,24,24
20240415,중구,2024041420,20.0,17.0,73.95833333333333,60.0,3.6791666666666663,24,24,24
20240415,중랑구,2024041420,20.0,17.0,70.83333333333333,60.0,3.7916666666666665,24,24,24
20240416,강남구,2024041520,21.0,11.0,68.125,60.0,1.9666666666666668,24,24,24
20240416,강동구,2024041520,21.0,12.0,67.91666666666667,60.0,1.9541666666666668,24,24,24
20240416,강북구,2024041520,18.0,9.0,69.16666666666667,60.0,1.8416666666666668,24,24,24
20240416,강서구,2024041520,19.0,10.0,73.33333333333333,30.0,2.1333333333333333,24,24,24
20240416,관악구,2024041520,19.0,11.0,70.41666666666667,60.0,2.041666666666667,24,24,24
20240416,광진구,2024041520,21.0,12.0,65.20833333333333,60.0,1.9291666666666665,24,24,24
20240416,구로구,2024041520,19.0,12.0,67.5,60.0,2.108333333333333,24,24,24
20240416,금천구,2024041520,19.0,11.0,72.91666666666667,60.0,2.0541666666666667,24,24,24
20240416,노원구,2024041520,21.0,10.0,69.375,30.0,1.8666666666666665,24,24,24
20240416,도봉구,2024041520,21.0,10.0,69.375,30.0,1.8666666666666665,24,24,24
20240416,동대문구,2024041520,21.0,12.0,66.45833333333333,60.0,1.8791666666666669,24,24,24
20240416,동작구,2024041520,19.0,11.0,70.41666666666667,60.0,2.041666666666667,24,24,24
20240416,마포구,2024041520,20.0,11.0,70.0,60.0,1.95,24,24,24
20240416,서대문구,2024041520,20.0,11.0,70.0,60.0,1.95,24,24,24
20240416,서초구,2024041520,21.0,11.0,68.125,60.0,1.9666666666666668,24,24,24
20240416,성동구,2024041520,21.0,11.0,66.875,60.0,1.9333333333333331,24,24,24
20240416,성북구,2024041520,18.0,9.0,69.16666666666667,60.0,1.8416666666666668,24,24,24
20240416,송파구,2024041520,21.0,12.0,66.66666666666667,60.0,1.945833333333333,24,24,24
20240416,양천구,2024041520,19.0,11.0,70.41666666666667,60.0,2.0625,24,24,24
20240416,영등포구,2024041520,20.0,11.0,68.54166666666667,60.0,1.9958333333333336,24,24,24
20240416,용산구,2024041520,20.0,11.0,68.75,60.0,1.9375,24,24,24
20240416,은평구,2024041520,20.0,11.0,72.5,60.0,1.9041666666666663,24,24,24
20240416,종로구,2024041520,20.0,11.0,70.41666666666667,60.0,1.8791666666666669,24,24,24
20240416,중구,2024041520,20.0,11.0,70.41666666666667,60.0,1.8791666666666669,24,24,24
20240416,중랑구,2024041520,21.0,12.0,65.0,60.0,1.8999999999999997,24,24,24
20240417,강남구,2024041620,24.0,10.0,57.916666666666664,0.0,1.1791666666666665,24,24,24
20240417,강동구,2024041620,23.0,10.0,57.5,0.0,1.175,24,24,24
20240417,강북구,2024041620,21.0,7.0,57.708333333333336,0.0,1.15,24,24,24
20240417,강서구,2024041620,22.0,8.0,65.0,0.0,1.2,24,24,24
20240417,관악구,2024041620,23.0,10.0,61.25,0.0,1.1791666666666665,24,24,24
20240417,광진구,2024041620,23.0,11.0,55.208333333333336,0.0,1.1666666666666667,24,24,24
20240417,구로구,2024041620,22.0,10.0,59.375,0.0,1.175,24,24,24
20240417,금천구,2024041620,22.0,9.0,64.375,0.0,1.1958333333333333,24,24,24
20240417,노원구,2024041620,24.0,9.0,57.916666666666664,0.0,1.175,24,24,24
20240417,도봉구,2024041620,24.0,9.0,57.916666666666664,0.0,1.175,24,24,24
20240417,동대문구,2024041620,23.0,10.0,55.208333333333336,0.0,1.1625,24,24,24
20240417,동작구,2024041620,23.0,10.0,61.25,0.0,1.1791666666666665,24,24,24
20240417,마포구,2024041620,23.0,10.0,59.791666666666664,0.0,1.1708333333333334,24,24,24
20240417,서대문구,2024041620,23.0,10.0,59.791666666666664,0.0,1.1708333333333334,24,24,24
20240417,서초구,2024041620,24.0,10.0,57.916666666666664,0.0,1.1791666666666665,24,24,24
20240417,성동구,2024041620,23.0,10.0,56.041666666666664,0.0,1.1791666666666665,24,24,24
20240417,성북구,2024041620,21.0,7.0,57.708333333333336,0.0,1.15,24,24,24
20240417,송파구,2024041620,24.0,11.0,56.875,0.0,1.175,24,24,24
20240417,양천구,2024041620,22.0,10.0,60.416666666666664,0.0,1.1708333333333334,24,24,24
20240417,영등포구,2024041620,23.0,10.0,59.583333333333336,0.0,1.1541666666666666,24,24,24
20240417,용산구,2024041620,23.0,10.0,59.166666666666664,0.0,1.1666666666666667,24,24,24
20240417,은평구,2024041620,24.0,9.0,61.875,0.0,1.1708333333333334,24,24,24
20240417,종로구,2024041620,23.0,10.0,57.916666666666664,0.0,1.1583333333333332,24,24,24
20240417,중구,2024041620,23.0,10.0,57.916666666666664,0.0,1.1583333333333332,24,24,24
20240417,중랑구,2024041620,23.0,10.0,54.791666666666664,0.0,1.1833333333333331,24,24,24
20240418,강남구,2024041720,26.0,12.0,56.875,0.0,1.4416666666666669,24,24,24
20240418,강동구,2024041720,26.0,11.0,57.083333333333336,0.0,1.5125,24,24,24
20240418,강북구,2024041720,24.0,8.0,57.083333333333336,0.0,1.3875,24,24,24
20240418,강서구,2024041720,24.0,9.0,62.708333333333336,0.0,1.4333333333333331,24,24,24
20240418,관악구,2024041720,25.0,11.0,58.958333333333336,0.0,1.4125,24,24,24
20240418,광진구,2024041720,26.0,12.0,54.375,0.0,1.4624999999999997,24,24,24
20240418,구로구,2024041720,24.0,11.0,58.541666666666664,0.0,1.4208333333333332,24,24,24
20240418,금천구,2024041720,24.0,10.0,62.291666666666664,0.0,1.4333333333333331,24,24,24
20240418,노원구,2024041720,26.0,10.0,58.541666666666664,0.0,1.4125000000000003,24,24,24
20240418,도봉구,2024041720,26.0,10.0,58.541666666666664,0.0,1.4125000000000003,24,24,24
20240418,동대문구,2024041720,26.0,12.0,54.791666666666664,0.0,1.3999999999999997,24,24,24
20240418,동작구,2024041720,25.0,11.0,58.958333333333336,0.0,1.4125,24,24,24
20240418,마포구,2024041720,25.0,11.0,56.458333333333336,0.0,1.3833333333333335,24,24,24
20240418,서대문구,2024041720,25.0,11.0,56.458333333333336,0.0,1.3833333333333335,24,24,24
20240418,서초구,2024041720,26.0,12.0,56.875,0.0,1.4416666666666669,24,24,24
20240418,성동구,2024041720,26.0,12.0,55.0,0.0,1.4333333333333331,24,24,24
20240418,성북구,2024041720,24.0,8.0,57.083333333333336,0.0,1.3875,24,24,24
20240418,송파구,2024041720,26.0,12.0,56.25,0.0,1.4666666666666668,24,24,24
20240418,양천구,2024041720,24.0,11.0,58.541666666666664,0.0,1.3875,24,24,24
20240418,영등포구,2024041720,25.0,12.0,56.25,0.0,1.4041666666666668,24,24,24
20240418,용산구,2024041720,25.0,12.0,56.458333333333336,0.0,1.4041666666666668,24,24,24
20240418,은평구,2024041720,26.0,10.0,59.791666666666664,0.0,1.3875,24,24,24
20240418,종로구,2024041720,25.0,11.0,55.625,0.0,1.3958333333333333,24,24,24
20240418,중구,2024041720,25.0,11.0,55.625,0.0,1.3958333333333333,24,24,24
20240418,중랑구,2024041720,26.0,11.0,55.625,0.0,1.4375,24,24,24
20240419,강남구,2024041820,24.0,12.0,54.791666666666664,20.0,1.5958333333333332,24,24,24
20240419,강동구,2024041820,24.0,11.0,54.791666666666664,20.0,1.5291666666666668,24,24,24
20240419,강북구,2024041820,22.0,9.0,54.791666666666664,20.0,1.5499999999999998,24,24,24
20240419,강서구,2024041820,22.0,10.0,62.083333333333336,30.0,1.7416666666666665,24,24,24
20240419,관악구,2024041820,23.0,11.0,57.083333333333336,20.0,1.6583333333333332,24,24,24
20240419,광진구,2024041820,24.0,12.0,51.875,20.0,1.55,24,24,24
20240419,구로구,2024041820,22.0,12.0,57.708333333333336,20.0,1.6708333333333334,24,24,24
20240419,금천구,2024041820,22.0,10.0,60.625,20.0,1.625,24,24,24
20240419,노원구,2024041820,24.0,10.0,56.458333333333336,30.0,1.5041666666666669,24,24,24
20240419,도봉구,2024041820,24.0,10.0,56.458333333333336,30.0,1.5041666666666669,24,24,24
20240419,동대문구,2024041820,24.0,12.0,51.458333333333336,20.0,1.5375000000000003,24,24,24
20240419,동작구,2024041820,23.0,11.0,57.083333333333336,20.0,1.6583333333333332,24,24,24
20240419,마포구,2024041820,24.0,12.0,54.583333333333336,30.0,1.6125,24,24,24
20240419,서대문구,2024041820,24.0,12.0,54.583333333333336,30.0,1.6125,24,24,24
20240419,서초구,2024041820,24.0,12.0,54.791666666666664,20.0,1.5958333333333332,24,24,24
20240419,성동구,2024041820,25.0,12.0,51.875,20.0,1.5625,24,24,24
20240419,성북구,2024041820,22.0,9.0,54.791666666666664,20.0,1.5499999999999998,24,24,24
20240419,송파구,2024041820,24.0,12.0,53.75,20.0,1.5625,24,24,24
20240419,양천구,2024041820,22.0,12.0,56.041666666666664,20.0,1.6625,24,24,24
20240419,영등포구,2024041820,23.0,12.0,54.791666666666664,30.0,1.625,24,24,24
20240419,용산구,2024041820,24.0,12.0,53.125,20.0,1.5875000000000004,24,24,24
20240419,은평구,2024041820,24.0,11.0,58.541666666666664,30.0,1.5874999999999997,24,24,24
20240419,종로구,2024041820,24.0,12.0,53.541666666666664,20.0,1.5625,24,24,24
20240419,중구,2024041820,24.0,12.0,53.541666666666664,20.0,1.5625,24,24,24
20240419,중랑구,2024041820,24.0,11.0,52.916666666666664,20.0,1.5208333333333333,24,24,24
20240420,강남구,2024041920,19.0,15.0,66.66666666666667,60.0,2.3125,24,24,24
20240420,강동구,2024041920,19.0,14.0,66.04166666666667,60.0,2.3666666666666667,24,24,24
20240420,강북구,2024041920,17.0,12.0,65.83333333333333,60.0,2.095833333333333,24,24,24
20240420,강서구,2024041920,20.0,13.0,68.95833333333333,60.0,2.279166666666667,24,24,24
20240420,관악구,2024041920,19.0,15.0,66.875,60.0,2.2916666666666665,24,24,24
20240420,광진구,2024041920,19.0,15.0,63.333333333333336,60.0,2.3125,24,24,24
20240420,구로구,2024041920,20.0,15.0,64.16666666666667,60.0,2.2666666666666666,24,24,24
20240420,금천구,2024041920,18.0,14.0,69.375,60.0,2.3000000000000003,24,24,24
20240420,노원구,2024041920,20.0,13.0,66.25,60.0,2.1458333333333335,24,24,24
20240420,도봉구,2024041920,20.0,13.0,66.25,60.0,2.1458333333333335,24,24,24
20240420,동대문구,2024041920,19.0,15.0,63.333333333333336,60.0,2.2166666666666663,24,24,24
20240420,동작구,2024041920,19.0,15.0,66.875,60.0,2.2916666666666665,24,24,24
20240420,마포구,2024041920,19.0,15.0,64.79166666666667,60.0,2.1750000000000003,24,24,24
20240420,서대문구,2024041920,19.0,15.0,64.79166666666667,60.0,2.1750000000000003,24,24,24
20240420,서초구,2024041920,19.0,15.0,66.66666666666667,60.0,2.3125,24,24,24
20240420,성동구,2024041920,20.0,15.0,65.83333333333333,60.0,2.2583333333333333,24,24,24
20240420,성북구,2024041920,17.0,12.0,65.83333333333333,60.0,2.095833333333333,24,24,24
20240420,송파구,2024041920,20.0,15.0,65.625,60.0,2.3333333333333335,24,24,24
20240420,양천구,2024041920,19.0,15.0,64.58333333333333,60.0,2.225,24,24,24
20240420,영등포구,2024041920,19.0,15.0,63.958333333333336,60.0,2.2249999999999996,24,24,24
20240420,용산구,2024041920,19.0,15.0,65.0,60.0,2.2416666666666667,24,24,24
20240420,은평구,2024041920,20.0,14.0,67.5,60.0,2.1125,24,24,24
20240420,종로구,2024041920,20.0,15.0,64.58333333333333,60.0,2.154166666666667,24,24,24
20240420,중구,2024041920,20.0,15.0,64.58333333333333,60.0,2.154166666666667,24,24,24
20240420,중랑구,2024041920,19.0,14.0,63.75,60.0,2.3041666666666667,24,24,24
20240421,강남구,2024042020,23.0,15.0,65.41666666666667,60.0,2.0333333333333337,24,24,24
20240421,강동구,2024042020,22.0,15.0,64.375,60.0,2.525,24,24,24
20240421,강북구,2024042020,20.0,12.0,65.20833333333333,60.0,2.1374999999999997,24,24,24
20240421,강서구,2024042020,23.0,14.0,66.875,30.0,2.0708333333333333,24,24,24
20240421,관악구,2024042020,22.0,15.0,65.83333333333333,60.0,1.9333333333333331,24,24,24
20240421,광진구,2024042020,22.0,15.0,62.916666666666664,60.0,2.316666666666667,24,24,24
20240421,구로구,2024042020,22.0,16.0,62.083333333333336,60.0,1.925,24,24,24
20240421,금천구,2024042020,21.0,15.0,68.75,60.0,1.9375,24,24,24
20240421,노원구,2024042020,22.0,14.0,65.83333333333333,60.0,2.5083333333333333,24,24,24
20240421,도봉구,2024042020,22.0,14.0,65.83333333333333,60.0,2.5083333333333333,24,24,24
20240421,동대문구,2024042020,22.0,15.0,63.541666666666664,60.0,2.2416666666666667,24,24,24
20240421,동작구,2024042020,22.0,15.0,65.83333333333333,60.0,1.9333333333333331,24,24,24
20240421,마포구,2024042020,22.0,15.0,64.16666666666667,60.0,2.0375,24,24,24
20240421,서대문구,2024042020,22.0,15.0,64.16666666666667,60.0,2.0375,24,24,24
20240421,서초구,2024042020,23.0,15.0,65.41666666666667,60.0,2.0333333333333337,24,24,24
20240421,성동구,2024042020,22.0,14.0,66.04166666666667,60.0,2.1291666666666664,24,24,24
20240421,성북구,2024042020,20.0,12.0,65.20833333333333,60.0,2.1374999999999997,24,24,24
20240421,송파구,2024042020,23.0,15.0,64.375,60.0,2.191666666666667,24,24,24
20240421,양천구,2024042020,22.0,15.0,63.333333333333336,60.0,1.95,24,24,24
20240421,영등포구,2024042020,22.0,15.0,63.541666666666664,60.0,1.9666666666666668,24,24,24
20240421,용산구,2024042020,22.0,15.0,63.541666666666664,60.0,1.9833333333333336,24,24,24
20240421,은평구,2024042020,23.0,15.0,67.08333333333333,60.0,2.108333333333333,24,24,24
20240421,종로구,2024042020,22.0,15.0,66.66666666666667,60.0,2.0583333333333336,24,24,24
20240421,중구,2024042020,22.0,15.0,66.66666666666667,60.0,2.0583333333333336,24,24,24
20240421,중랑구,2024042020,22.0,15.0,63.125,60.0,2.483333333333334,24,24,24
20240422,강남구,2024042120,25.0,14.0,56.666666666666664,30.0,1.95,24,24,24
20240422,강동구,2024042120,24.0,14.0,56.458333333333336,30.0,2.1875,24,24,24
20240422,강북구,2024042120,23.0,11.0,57.708333333333336,30.0,2.0708333333333333,24,24,24
20240422,강서구,2024042120,25.0,14.0,59.583333333333336,30.0,2.029166666666667,24,24,24
20240422,관악구,2024042120,25.0,15.0,57.291666666666664,30.0,1.8375,24,24,24
20240422,광진구,2024042120,25.0,14.0,54.375,30.0,2.1083333333333334,24,24,24
20240422,구로구,2024042120,25.0,15.0,53.541666666666664,30.0,1.7791666666666668,24,24,24
20240422,금천구,2024042120,24.0,14.0,59.583333333333336,30.0,1.7458333333333331,24,24,24
20240422,노원구,2024042120,24.0,13.0,58.958333333333336,30.0,2.2666666666666666,24,24,24
20240422,도봉구,2024042120,24.0,13.0,58.958333333333336,30.0,2.2666666666666666,24,24,24
20240422,동대문구,2024042120,25.0,14.0,55.208333333333336,30.0,2.095833333333333,24,24,24
20240422,동작구,2024042120,25.0,15.0,57.291666666666664,30.0,1.8375,24,24,24
20240422,마포구,2024042120,25.0,15.0,55.833333333333336,30.0,1.9916666666666665,24,24,24
20240422,서대문구,2024042120,25.0,15.0,55.833333333333336,30.0,1.9916666666666665,24,24,24
20240422,서초구,2024042120,25.0,14.0,56.666666666666664,30.0,1.95,24,24,24
20240422,성동구,2024042120,24.0,14.0,57.708333333333336,30.0,2.029166666666667,24,24,24
20240422,성북구,2024042120,23.0,11.0,57.708333333333336,30.0,2.0708333333333333,24,24,24
20240422,송파구,2024042120,25.0,14.0,54.166666666666664,30.0,2.0166666666666666,24,24,24
20240422,양천구,2024042120,25.0,15.0,56.458333333333336,30.0,1.8708333333333331,24,24,24
20240422,영등포구,2024042120,25.0,15.0,55.208333333333336,30.0,1.9083333333333337,24,24,24
20240422,용산구,2024042120,25.0,15.0,55.416666666666664,30.0,1.9583333333333333,24,24,24
20240422,은평구,2024042120,25.0,14.0,58.541666666666664,30.0,2.0875,24,24,24
20240422,종로구,2024042120,24.0,14.0,57.083333333333336,30.0,2.0,24,24,24
20240422,중구,2024042120,24.0,14.0,57.083333333333336,30.0,2.0,24,24,24
20240422,중랑구,2024042120,25.0,14.0,54.375,30.0,2.2041666666666666,24,24,24
20240423,강남구,2024042220,25.0,12.0,52.708333333333336,30.0,2.5833333333333335,24,24,24
20240423,강동구,2024042220,24.0,12.0,54.166666666666664,30.0,2.795833333333333,24,24,24
20240423,강북구,2024042220,21.0,9.0,54.375,30.0,2.6,24,24,24
20240423,강서구,2024042220,25.0,12.0,56.875,30.0,2.5208333333333335,24,24,24
20240423,관악구,2024042220,25.0,13.0,53.333333333333336,30.0,2.466666666666667,24,24,24
20240423,광진구,2024042220,24.0,12.0,52.083333333333336,30.0,2.720833333333333,24,24,24
20240423,구로구,2024042220,25.0,14.0,50.625,30.0,2.404166666666667,24,24,24
20240423,금천구,2024042220,24.0,12.0,56.25,30.0,2.4291666666666667,24,24,24
20240423,노원구,2024042220,23.0,10.0,56.041666666666664,30.0,2.7916666666666665,24,24,24
20240423,도봉구,2024042220,23.0,10.0,56.041666666666664,30.0,2.7916666666666665,24,24,24
20240423,동대문구,2024042220,24.0,12.0,52.291666666666664,30.0,2.6750000000000003,24,24,24
20240423,동작구,2024042220,25.0,13.0,53.333333333333336,30.0,2.466666666666667,24,24,24
20240423,마포구,2024042220,24.0,13.0,53.125,30.0,2.5458333333333334,24,24,24
20240423,서대문구,2024042220,24.0,13.0,53.125,30.0,2.5458333333333334,24,24,24
20240423,서초구,2024042220,25.0,12.0,52.708333333333336,30.0,2.5833333333333335,24,24,24
20240423,성동구,2024042220,24.0,12.0,52.291666666666664,30.0,2.6375,24,24,24
20240423,성북구,2024042220,21.0,9.0,54.375,30.0,2.6,24,24,24
20240423,송파구,2024042220,25.0,12.0,52.5,30.0,2.658333333333333,24,24,24
20240423,양천구,2024042220,25.0,13.0,52.291666666666664,30.0,2.433333333333333,24,24,24
20240423,영등포구,2024042220,25.0,13.0,52.291666666666664,30.0,2.504166666666667,24,24,24
20240423,용산구,2024042220,24.0,13.0,52.5,30.0,2.5624999999999996,24,24,24
20240423,은평구,2024042220,24.0,11.0,56.666666666666664,30.0,2.5875,24,24,24
20240423,종로구,2024042220,24.0,13.0,54.166666666666664,30.0,2.5791666666666666,24,24,24
20240423,중구,2024042220,24.0,13.0,54.166666666666664,30.0,2.5791666666666666,24,24,24
20240423,중랑구,2024042220,24.0,12.0,52.916666666666664,30.0,2.783333333333333,24,24,24
20240424,강남구,2024042320,18.0,12.0,75.0,60.0,1.9208333333333336,24,24,24
20240424,강동구,2024042320,17.0,12.0,74.58333333333333,60.0,1.9791666666666667,24,24,24
20240424,강북구,2024042320,15.0,9.0,77.29166666666667,60.0,1.8666666666666665,24,24,24
20240424,강서구,2024042320,18.0,11.0,77.91666666666667,62.0,1.9,24,24,24
20240424,관악구,2024042320,17.0,12.0,75.83333333333333,60.0,1.8875,24,24,24
20240424,광진구,2024042320,17.0,12.0,72.5,60.0,1.9458333333333335,24,24,24
20240424,구로구,2024042320,18.0,13.0,72.91666666666667,61.0,1.8541666666666667,24,24,24
20240424,금천구,2024042320,17.0,12.0,79.58333333333333,60.0,1.8458333333333332,24,24,24
20240424,노원구,2024042320,17.0,11.0,78.125,60.0,1.9083333333333337,24,24,24
20240424,도봉구,2024042320,17.0,11.0,78.125,60.0,1.9083333333333337,24,24,24
20240424,동대문구,2024042320,17.0,12.0,74.79166666666667,60.0,1.8999999999999997,24,24,24
20240424,동작구,2024042320,17.0,12.0,75.83333333333333,60.0,1.8875,24,24,24
20240424,마포구,2024042320,17.0,12.0,75.83333333333333,60.0,1.8708333333333336,24,24,24
20240424,서대문구,2024042320,17.0,12.0,75.83333333333333,60.0,1.8708333333333336,24,24,24
20240424,서초구,2024042320,18.0,12.0,75.0,60.0,1.9208333333333336,24,24,24
20240424,성동구,2024042320,18.0,11.0,76.04166666666667,60.0,1.9125,24,24,24
20240424,성북구,2024042320,15.0,9.0,77.29166666666667,60.0,1.8666666666666665,24,24,24
20240424,송파구,2024042320,18.0,12.0,73.95833333333333,60.0,1.9375,24,24,24
20240424,양천구,2024042320,17.0,12.0,75.20833333333333,62.0,1.8583333333333332,24,24,24
20240424,영등포구,2024042320,17.0,12.0,75.20833333333333,60.0,1.8875,24,24,24
20240424,용산구,2024042320,17.0,12.0,75.41666666666667,60.0,1.8958333333333333,24,24,24
20240424,은평구,2024042320,17.0,12.0,78.75,60.0,1.8666666666666665,24,24,24
20240424,종로구,2024042320,17.0,12.0,77.08333333333333,60.0,1.875,24,24,24
20240424,중구,2024042320,17.0,12.0,77.08333333333333,60.0,1.875,24,24,24
20240424,중랑구,2024042320,17.0,12.0,73.95833333333333,60.0,1.9375,24,24,24
20240425,강남구,2024042420,24.0,11.0,67.08333333333333,20.0,1.425,24,24,24
20240425,강동구,2024042420,23.0,11.0,66.45833333333333,20.0,1.4041666666666666,24,24,24
20240425,강북구,2024042420,21.0,8.0,68.75,20.0,1.4708333333333332,24,24,24
20240425,강서구,2024042420,22.0,10.0,71.875,20.0,1.6958333333333335,24,24,24
20240425,관악구,2024042420,23.0,11.0,69.58333333333333,20.0,1.5166666666666666,24,24,24
20240425,광진구,2024042420,23.0,12.0,64.375,20.0,1.425,24,24,24
20240425,구로구,2024042420,22.0,12.0,67.29166666666667,20.0,1.5541666666666665,24,24,24
20240425,금천구,2024042420,22.0,11.0,72.29166666666667,20.0,1.475,24,24,24
20240425,노원구,2024042420,24.0,10.0,69.375,20.0,1.4624999999999997,24,24,24
20240425,도봉구,2024042420,24.0,10.0,69.375,20.0,1.4624999999999997,24,24,24
20240425,동대문구,2024042420,24.0,12.0,65.41666666666667,20.0,1.4291666666666665,24,24,24
20240425,동작구,2024042420,23.0,11.0,69.58333333333333,20.0,1.5166666666666666,24,24,24
20240425,마포구,2024042420,23.0,11.0,68.95833333333333,20.0,1.525,24,24,24
20240425,서대문구,2024042420,23.0,11.0,68.95833333333333,20.0,1.525,24,24,24
20240425,서초구,2024042420,24.0,11.0,67.08333333333333,20.0,1.425,24,24,24
20240425,성동구,2024042420,23.0,11.0,65.625,20.0,1.45,24,24,24
20240425,성북구,2024042420,21.0,8.0,68.75,20.0,1.4708333333333332,24,24,24
20240425,송파구,2024042420,24.0,12.0,65.20833333333333,20.0,1.4125,24,24,24
20240425,양천구,2024042420,22.0,11.0,68.95833333333333,20.0,1.5583333333333331,24,24,24
20240425,영등포구,2024042420,23.0,11.0,68.125,20.0,1.5333333333333332,24,24,24
20240425,용산구,2024042420,23.0,11.0,67.70833333333333,20.0,1.4708333333333332,24,24,24
20240425,은평구,2024042420,23.0,11.0,71.25,20.0,1.5333333333333332,24,24,24
20240425,종로구,2024042420,23.0,11.0,67.29166666666667,20.0,1.4583333333333333,24,24,24
20240425,중구,2024042420,23.0,11.0,67.29166666666667,20.0,1.4583333333333333,24,24,24
20240425,중랑구,2024042420,24.0,12.0,65.20833333333333,20.0,1.4333333333333336,24,24,24
20240426,강남구,2024042520,27.0,13.0,55.416666666666664,0.0,1.225,24,24,24
20240426,강동구,2024042520,27.0,12.0,54.166666666666664,0.0,1.1958333333333335,24,24,24
20240426,강북구,2024042520,24.0,9.0,54.166666666666664,0.0,1.1541666666666666,24,24,24
20240426,강서구,2024042520,25.0,11.0,61.25,0.0,1.2291666666666667,24,24,24
20240426,관악구,2024042520,26.0,12.0,58.125,0.0,1.2374999999999998,24,24,24
20240426,광진구,2024042520,27.0,13.0,51.041666666666664,0.0,1.1875,24,24,24
20240426,구로구,2024042520,25.0,13.0,56.875,0.0,1.2375,24,24,24
20240426,금천구,2024042520,25.0,11.0,61.875,0.0,1.2291666666666667,24,24,24
20240426,노원구,2024042520,27.0,10.0,54.791666666666664,0.0,1.1375,24,24,24
20240426,도봉구,2024042520,27.0,10.0,54.791666666666664,0.0,1.1375,24,24,24
20240426,동대문구,2024042520,27.0,13.0,51.875,0.0,1.175,24,24,24
20240426,동작구,2024042520,26.0,12.0,58.125,0.0,1.2374999999999998,24,24,24
20240426,마포구,2024042520,26.0,13.0,56.25,0.0,1.1791666666666665,24,24,24
20240426,서대문구,2024042520,26.0,13.0,56.25,0.0,1.1791666666666665,24,24,24
20240426,서초구,2024042520,27.0,13.0,55.416666666666664,0.0,1.225,24,24,24
20240426,성동구,2024042520,27.0,13.0,51.25,0.0,1.2,24,24,24
20240426,성북구,2024042520,24.0,9.0,54.166666666666664,0.0,1.1541666666666666,24,24,24
20240426,송파구,2024042520,27.0,13.0,52.5,0.0,1.2208333333333334,24,24,24
20240426,양천구,2024042520,25.0,12.0,55.833333333333336,0.0,1.2208333333333332,24,24,24
20240426,영등포구,2024042520,26.0,13.0,55.625,0.0,1.2083333333333333,24,24,24
20240426,용산구,2024042520,26.0,13.0,54.375,0.0,1.2083333333333333,24,24,24
20240426,은평구,2024042520,27.0,11.0,59.166666666666664,0.0,1.1583333333333334,24,24,24
20240426,종로구,2024042520,26.0,13.0,53.958333333333336,0.0,1.1791666666666665,24,24,24
20240426,중구,2024042520,26.0,13.0,53.958333333333336,0.0,1.1791666666666665,24,24,24
20240426,중랑구,2024042520,27.0,12.0,51.666666666666664,0.0,1.1708333333333334,24,24,24
20240427,강남구,2024042620,27.0,12.0,56.875,0.0,1.3041666666666667,24,24,24
20240427,강동구,2024042620,27.0,12.0,57.5,0.0,1.3416666666666666,24,24,24
20240427,강북구,2024042620,24.0,9.0,57.5,0.0,1.2583333333333335,24,24,24
20240427,강서구,2024042620,25.0,11.0,63.541666666666664,0.0,1.3125,24,24,24
20240427,관악구,2024042620,25.0,12.0,60.416666666666664,0.0,1.2833333333333334,24,24,24
20240427,광진구,2024042620,26.0,13.0,54.166666666666664,0.0,1.3208333333333335,24,24,24
20240427,구로구,2024042620,24.0,12.0,59.375,0.0,1.2916666666666667,24,24,24
20240427,금천구,2024042620,25.0,11.0,62.916666666666664,0.0,1.2875,24,24,24
20240427,노원구,2024042620,27.0,10.0,59.375,0.0,1.25,24,24,24
20240427,도봉구,2024042620,27.0,10.0,59.375,0.0,1.25,24,24,24
20240427,동대문구,2024042620,26.0,13.0,54.583333333333336,0.0,1.2916666666666667,24,24,24
20240427,동작구,2024042620,25.0,12.0,60.416666666666664,0.0,1.2833333333333334,24,24,24
20240427,마포구,2024042620,26.0,12.0,58.333333333333336,0.0,1.2625,24,24,24
20240427,서대문구,2024042620,26.0,12.0,58.333333333333336,0.0,1.2625,24,24,24
20240427,서초구,2024042620,27.0,12.0,56.875,0.0,1.3041666666666667,24,24,24
20240427,성동구,2024042620,27.0,12.0,53.75,0.0,1.3,24,24,24
20240427,성북구,2024042620,24.0,9.0,57.5,0.0,1.2583333333333335,24,24,24
20240427,송파구,2024042620,27.0,12.0,54.583333333333336,0.0,1.3375,24,24,24
20240427,양천구,2024042620,25.0,12.0,58.958333333333336,0.0,1.2708333333333333,24,24,24
20240427,영등포구,2024042620,26.0,13.0,57.916666666666664,0.0,1.2875,24,24,24
20240427,용산구,2024042620,26.0,13.0,56.458333333333336,0.0,1.275,24,24,24
20240427,은평구,2024042620,27.0,11.0,61.458333333333336,0.0,1.2416666666666667,24,24,24
20240427,종로구,2024042620,26.0,12.0,55.833333333333336,0.0,1.2708333333333333,24,24,24
20240427,중구,2024042620,26.0,12.0,55.833333333333336,0.0,1.2708333333333333,24,24,24
20240427,중랑구,2024042620,27.0,12.0,55.208333333333336,0.0,1.3083333333333331,24,24,24
20240428,강남구,2024042720,29.0,14.0,51.666666666666664,20.0,1.0375,24,24,24
20240428,강동구,2024042720,29.0,13.0,50.416666666666664,20.0,1.125,24,24,24
20240428,강북구,2024042720,27.0,11.0,50.625,20.0,0.9708333333333332,24,24,24
20240428,강서구,2024042720,28.0,11.0,58.75,20.0,1.0791666666666666,24,24,24
20240428,관악구,2024042720,28.0,13.0,54.791666666666664,20.0,1.0541666666666667,24,24,24
20240428,광진구,2024042720,29.0,14.0,47.5,20.0,1.0583333333333331,24,24,24
20240428,구로구,2024042720,28.0,13.0,54.166666666666664,20.0,1.0791666666666668,24,24,24
20240428,금천구,2024042720,28.0,11.0,57.916666666666664,20.0,1.0416666666666667,24,24,24
20240428,노원구,2024042720,29.0,12.0,51.458333333333336,20.0,1.008333333333333,24,24,24
20240428,도봉구,2024042720,29.0,12.0,51.458333333333336,20.0,1.008333333333333,24,24,24
20240428,동대문구,2024042720,29.0,15.0,47.916666666666664,20.0,1.0083333333333333,24,24,24
20240428,동작구,2024042720,28.0,13.0,54.791666666666664,20.0,1.0541666666666667,24,24,24
20240428,마포구,2024042720,29.0,14.0,52.291666666666664,20.0,1.0166666666666666,24,24,24
20240428,서대문구,2024042720,29.0,14.0,52.291666666666664,20.0,1.0166666666666666,24,24,24
20240428,서초구,2024042720,29.0,14.0,51.666666666666664,20.0,1.0375,24,24,24
20240428,성동구,2024042720,29.0,14.0,48.75,20.0,1.025,24,24,24
20240428,성북구,2024042720,27.0,11.0,50.625,20.0,0.9708333333333332,24,24,24
20240428,송파구,2024042720,29.0,14.0,48.75,20.0,1.075,24,24,24
20240428,양천구,2024042720,28.0,13.0,53.541666666666664,20.0,1.0541666666666665,24,24,24
20240428,영등포구,2024042720,29.0,14.0,52.291666666666664,20.0,1.0166666666666666,24,24,24
20240428,용산구,2024042720,29.0,14.0,51.458333333333336,20.0,1.0208333333333333,24,24,24
20240428,은평구,2024042720,29.0,12.0,55.0,20.0,0.975,24,24,24
20240428,종로구,2024042720,29.0,14.0,49.583333333333336,20.0,0.9833333333333332,24,24,24
20240428,중구,2024042720,29.0,14.0,49.583333333333336,20.0,0.9833333333333332,24,24,24
20240428,중랑구,2024042720,29.0,14.0,47.916666666666664,20.0,1.0625,24,24,24
20240429,강남구,2024042820,26.0,16.0,57.5,30.0,2.125,24,24,24
20240429,강동구,2024042820,25.0,15.0,56.875,30.0,2.220833333333333,24,24,24
20240429,강북구,2024042820,24.0,13.0,57.708333333333336,30.0,2.0666666666666664,24,24,24
20240429,강서구,2024042820,26.0,15.0,58.958333333333336,30.0,2.066666666666667,24,24,24
20240429,관악구,2024042820,26.0,16.0,57.708333333333336,30.0,2.0749999999999997,24,24,24
20240429,광진구,2024042820,26.0,16.0,54.375,30.0,2.1666666666666665,24,24,24
20240429,구로구,2024042820,26.0,17.0,53.333333333333336,30.0,2.0666666666666664,24,24,24
20240429,금천구,2024042820,25.0,15.0,61.458333333333336,30.0,2.045833333333333,24,24,24
20240429,노원구,2024042820,26.0,14.0,58.541666666666664,30.0,2.1958333333333333,24,24,24
20240429,도봉구,2024042820,26.0,14.0,58.541666666666664,30.0,2.1958333333333333,24,24,24
20240429,동대문구,2024042820,26.0,16.0,54.791666666666664,30.0,2.125,24,24,24
20240429,동작구,2024042820,26.0,16.0,57.708333333333336,30.0,2.0749999999999997,24,24,24
20240429,마포구,2024042820,26.0,16.0,55.208333333333336,30.0,2.033333333333333,24,24,24
20240429,서대문구,2024042820,26.0,16.0,55.208333333333336,30.0,2.033333333333333,24,24,24
20240429,서초구,2024042820,26.0,16.0,57.5,30.0,2.125,24,24,24
20240429,성동구,2024042820,26.0,16.0,56.666666666666664,30.0,2.1333333333333333,24,24,24
20240429,성북구,2024042820,24.0,13.0,57.708333333333336,30.0,2.0666666666666664,24,24,24
20240429,송파구,2024042820,26.0,16.0,55.833333333333336,30.0,2.1416666666666666,24,24,24
20240429,양천구,2024042820,26.0,16.0,55.833333333333336,30.0,2.033333333333333,24,24,24
20240429,영등포구,2024042820,26.0,17.0,55.0,30.0,2.0541666666666667,24,24,24
20240429,용산구,2024042820,26.0,16.0,55.416666666666664,30.0,2.0875000000000004,24,24,24
20240429,은평구,2024042820,27.0,15.0,58.541666666666664,30.0,2.0416666666666665,24,24,24
20240429,종로구,2024042820,26.0,17.0,56.25,30.0,2.0500000000000003,24,24,24
20240429,중구,2024042820,26.0,17.0,56.25,30.0,2.0500000000000003,24,24,24
20240429,중랑구,2024042820,26.0,16.0,55.208333333333336,30.0,2.183333333333333,24,24,24
20240430,강남구,2024042920,25.0,14.0,57.916666666666664,30.0,1.75,24,24,24
20240430,강동구,2024042920,24.0,14.0,57.916666666666664,30.0,1.75,24,24,24
20240430,강북구,2024042920,22.0,11.0,56.875,30.0,1.5791666666666668,24,24,24
20240430,강서구,2024042920,24.0,13.0,61.458333333333336,30.0,1.5833333333333333,24,24,24
20240430,관악구,2024042920,24.0,14.0,60.208333333333336,30.0,1.7125,24,24,24
20240430,광진구,2024042920,25.0,14.0,55.0,30.0,1.7083333333333333,24,24,24
20240430,구로구,2024042920,23.0,14.0,57.291666666666664,30.0,1.6916666666666669,24,24,24
20240430,금천구,2024042920,23.0,13.0,63.75,30.0,1.7708333333333333,24,24,24
20240430,노원구,2024042920,24.0,13.0,57.708333333333336,30.0,1.6666666666666667,24,24,24
20240430,도봉구,2024042920,24.0,13.0,57.708333333333336,30.0,1.6666666666666667,24,24,24
20240430,동대문구,2024042920,25.0,14.0,54.375,30.0,1.6333333333333335,24,24,24
20240430,동작구,2024042920,24.0,14.0,60.208333333333336,30.0,1.7125,24,24,24
20240430,마포구,2024042920,24.0,14.0,56.666666666666664,30.0,1.5625,24,24,24
20240430,서대문구,2024042920,24.0,14.0,56.666666666666664,30.0,1.5625,24,24,24
20240430,서초구,2024042920,25.0,14.0,57.916666666666664,30.0,1.75,24,24,24
20240430,성동구,2024042920,24.0,14.0,56.458333333333336,30.0,1.6833333333333336,24,24,24
20240430,성북구,2024042920,22.0,11.0,56.875,30.0,1.5791666666666668,24,24,24
20240430,송파구,2024042920,25.0,14.0,56.666666666666664,30.0,1.75,24,24,24
20240430,양천구,2024042920,24.0,14.0,57.291666666666664,30.0,1.5916666666666668,24,24,24
20240430,영등포구,2024042920,24.0,14.0,56.666666666666664,30.0,1.6166666666666665,24,24,24
20240430,용산구,2024042920,24.0,14.0,56.875,30.0,1.6708333333333334,24,24,24
20240430,은평구,2024042920,24.0,13.0,59.166666666666664,30.0,1.5416666666666667,24,24,24
20240430,종로구,2024042920,24.0,14.0,56.666666666666664,30.0,1.5833333333333333,24,24,24
20240430,중구,2024042920,24.0,14.0,56.666666666666664,30.0,1.5833333333333333,24,24,24
20240430,중랑구,2024042920,25.0,14.0,55.0,30.0,1.675,24,24,24
20240501,강남구,2024043020,24.0,14.0,45.0,30.0,1.5416666666666667,24,24,24
20240501,강동구,2024043020,23.0,13.0,42.916666666666664,30.0,1.5833333333333333,24,24,24
20240501,강북구,2024043020,22.0,10.0,43.958333333333336,30.0,1.4625,24,24,24
20240501,강서구,2024043020,24.0,12.0,48.958333333333336,30.0,1.5166666666666668,24,24,24
20240501,관악구,2024043020,24.0,13.0,47.083333333333336,30.0,1.5125,24,24,24
20240501,광진구,2024043020,24.0,14.0,41.25,30.0,1.5333333333333332,24,24,24
20240501,구로구,2024043020,23.0,14.0,44.166666666666664,30.0,1.5166666666666666,24,24,24
20240501,금천구,2024043020,23.0,13.0,50.0,30.0,1.5291666666666668,24,24,24
20240501,노원구,2024043020,24.0,11.0,44.583333333333336,30.0,1.4458333333333335,24,24,24
20240501,도봉구,2024043020,24.0,11.0,44.583333333333336,30.0,1.4458333333333335,24,24,24
20240501,동대문구,2024043020,24.0,13.0,41.666666666666664,30.0,1.4666666666666668,24,24,24
20240501,동작구,2024043020,24.0,13.0,47.083333333333336,30.0,1.5125,24,24,24
20240501,마포구,2024043020,24.0,13.0,44.375,30.0,1.4666666666666668,24,24,24
20240501,서대문구,2024043020,24.0,13.0,44.375,30.0,1.4666666666666668,24,24,24
20240501,서초구,2024043020,24.0,14.0,45.0,30.0,1.5416666666666667,24,24,24
20240501,성동구,2024043020,24.0,13.0,42.916666666666664,30.0,1.4958333333333331,24,24,24
20240501,성북구,2024043020,22.0,10.0,43.958333333333336,30.0,1.4625,24,24,24
20240501,송파구,2024043020,24.0,14.0,42.708333333333336,30.0,1.5625,24,24,24
20240501,양천구,2024043020,23.0,13.0,45.208333333333336,30.0,1.4958333333333331,24,24,24
20240501,영등포구,2024043020,24.0,13.0,44.375,30.0,1.475,24,24,24
20240501,용산구,2024043020,24.0,13.0,43.958333333333336,30.0,1.4791666666666667,24,24,24
20240501,은평구,2024043020,24.0,12.0,47.5,30.0,1.4416666666666664,24,24,24
20240501,종로구,2024043020,24.0,13.0,44.166666666666664,30.0,1.4666666666666668,24,24,24
20240501,중구,2024043020,24.0,13.0,44.166666666666664,30.0,1.4666666666666668,24,24,24
20240501,중랑구,2024043020,24.0,13.0,41.458333333333336,30.0,1.5041666666666669,24,24,24
20240502,강남구,2024050120,25.0,12.0,48.333333333333336,0.0,1.7166666666666668,24,24,24
20240502,강동구,2024050120,25.0,11.0,48.333333333333336,0.0,1.6875,24,24,24
20240502,강북구,2024050120,23.0,9.0,47.916666666666664,0.0,1.6541666666666668,24,24,24
20240502,강서구,2024050120,24.0,11.0,56.041666666666664,0.0,1.8416666666666668,24,24,24
20240502,관악구,2024050120,24.0,12.0,50.0,0.0,1.75,24,24,24
20240502,광진구,2024050120,25.0,12.0,45.0,0.0,1.6875,24,24,24
20240502,구로구,2024050120,24.0,13.0,48.75,0.0,1.7625,24,24,24
20240502,금천구,2024050120,23.0,11.0,54.166666666666664,0.0,1.7458333333333331,24,24,24
20240502,노원구,2024050120,25.0,10.0,50.0,0.0,1.6208333333333336,24,24,24
20240502,도봉구,2024050120,25.0,10.0,50.0,0.0,1.6208333333333336,24,24,24
20240502,동대문구,2024050120,25.0,13.0,45.416666666666664,0.0,1.6666666666666667,24,24,24
20240502,동작구,2024050120,24.0,12.0,50.0,0.0,1.75,24,24,24
20240502,마포구,2024050120,25.0,13.0,48.75,0.0,1.7208333333333332,24,24,24
20240502,서대문구,2024050120,25.0,13.0,48.75,0.0,1.7208333333333332,24,24,24
20240502,서초구,2024050120,25.0,12.0,48.333333333333336,0.0,1.7166666666666668,24,24,24
20240502,성동구,2024050120,25.0,12.0,45.416666666666664,0.0,1.7000000000000002,24,24,24
20240502,성북구,2024050120,23.0,9.0,47.916666666666664,0.0,1.6541666666666668,24,24,24
20240502,송파구,2024050120,25.0,12.0,46.875,0.0,1.7,24,24,24
20240502,양천구,2024050120,24.0,13.0,48.75,0.0,1.7583333333333335,24,24,24
20240502,영등포구,2024050120,24.0,13.0,48.333333333333336,0.0,1.7416666666666665,24,24,24
20240502,용산구,2024050120,24.0,12.0,47.5,0.0,1.7124999999999997,24,24,24
20240502,은평구,2024050120,25.0,11.0,52.5,0.0,1.6875,24,24,24
20240502,종로구,2024050120,24.0,12.0,48.125,0.0,1.675,24,24,24
20240502,중구,2024050120,24.0,12.0,48.125,0.0,1.675,24,24,24
20240502,중랑구,2024050120,25.0,12.0,46.458333333333336,0.0,1.6625,24,24,24
20240503,강남구,2024050220,29.0,12.0,51.25,0.0,1.4625,24,24,24
20240503,강동구,2024050220,28.0,12.0,50.0,0.0,1.4708333333333332,24,24,24
20240503,강북구,2024050220,27.0,9.0,50.416666666666664,0.0,1.3166666666666669,24,24,24
20240503,강서구,2024050220,28.0,11.0,57.5,0.0,1.5333333333333332,24,24,24
20240503,관악구,2024050220,28.0,12.0,53.958333333333336,0.0,1.4916666666666665,24,24,24
20240503,광진구,2024050220,28.0,13.0,46.666666666666664,0.0,1.4291666666666665,24,24,24
20240503,구로구,2024050220,28.0,14.0,53.125,0.0,1.5541666666666665,24,24,24
20240503,금천구,2024050220,27.0,11.0,57.5,0.0,1.5125,24,24,24
20240503,노원구,2024050220,29.0,11.0,50.625,0.0,1.3083333333333331,24,24,24
20240503,도봉구,2024050220,29.0,11.0,50.625,0.0,1.3083333333333331,24,24,24
20240503,동대문구,2024050220,29.0,13.0,46.875,0.0,1.3625,24,24,24
20240503,동작구,2024050220,28.0,12.0,53.958333333333336,0.0,1.4916666666666665,24,24,24
20240503,마포구,2024050220,29.0,13.0,51.041666666666664,0.0,1.4041666666666668,24,24,24
20240503,서대문구,2024050220,29.0,13.0,51.041666666666664,0.0,1.4041666666666668,24,24,24
20240503,서초구,2024050220,29.0,12.0,51.25,0.0,1.4625,24,24,24
20240503,성동구,2024050220,29.0,12.0,47.5,0.0,1.425,24,24,24
20240503,성북구,2024050220,27.0,9.0,50.416666666666664,0.0,1.3166666666666669,24,24,24
20240503,송파구,2024050220,29.0,12.0,48.333333333333336,0.0,1.4625,24,24,24
20240503,양천구,2024050220,28.0,13.0,52.708333333333336,0.0,1.5,24,24,24
20240503,영등포구,2024050220,28.0,13.0,51.25,0.0,1.4583333333333333,24,24,24
20240503,용산구,2024050220,29.0,13.0,51.041666666666664,0.0,1.3958333333333333,24,24,24
20240503,은평구,2024050220,29.0,11.0,53.958333333333336,0.0,1.3666666666666665,24,24,24
20240503,종로구,2024050220,28.0,13.0,50.0,0.0,1.3625,24,24,24
20240503,중구,2024050220,28.0,13.0,50.0,0.0,1.3625,24,24,24
20240503,중랑구,2024050220,29.0,13.0,47.5,0.0,1.3916666666666666,24,24,24
20240504,강남구,2024050320,28.0,14.0,50.0,30.0,1.4791666666666667,24,24,24
20240504,강동구,2024050320,28.0,14.0,50.833333333333336,30.0,1.4708333333333332,24,24,24
20240504,강북구,2024050320,26.0,12.0,50.208333333333336,30.0,1.4541666666666668,24,24,24
20240504,강서구,2024050320,27.0,13.0,57.083333333333336,30.0,1.55,24,24,24
20240504,관악구,2024050320,27.0,14.0,53.125,30.0,1.4750000000000003,24,24,24
20240504,광진구,2024050320,28.0,15.0,46.875,30.0,1.4583333333333333,24,24,24
20240504,구로구,2024050320,27.0,15.0,50.833333333333336,30.0,1.491666666666667,24,24,24
20240504,금천구,2024050320,26.0,12.0,56.041666666666664,30.0,1.4458333333333335,24,24,24
20240504,노원구,2024050320,28.0,13.0,50.208333333333336,30.0,1.45,24,24,24
20240504,도봉구,2024050320,28.0,13.0,50.208333333333336,30.0,1.45,24,24,24
20240504,동대문구,2024050320,28.0,15.0,46.458333333333336,30.0,1.4625,24,24,24
20240504,동작구,2024050320,27.0,14.0,53.125,30.0,1.4750000000000003,24,24,24
20240504,마포구,2024050320,28.0,15.0,50.625,30.0,1.4749999999999996,24,24,24
20240504,서대문구,2024050320,28.0,15.0,50.625,30.0,1.4749999999999996,24,24,24
20240504,서초구,2024050320,28.0,14.0,50.0,30.0,1.4791666666666667,24,24,24
20240504,성동구,2024050320,28.0,14.0,47.083333333333336,30.0,1.475,24,24,24
20240504,성북구,2024050320,26.0,12.0,50.208333333333336,30.0,1.4541666666666668,24,24,24
20240504,송파구,2024050320,29.0,15.0,47.291666666666664,30.0,1.4708333333333332,24,24,24
20240504,양천구,2024050320,27.0,15.0,51.25,30.0,1.5125,24,24,24
20240504,영등포구,2024050320,28.0,15.0,50.625,30.0,1.4958333333333331,24,24,24
20240504,용산구,2024050320,28.0,15.0,48.958333333333336,30.0,1.4833333333333334,24,24,24
20240504,은평구,2024050320,28.0,13.0,53.75,30.0,1.4583333333333333,24,24,24
20240504,종로구,2024050320,28.0,15.0,48.333333333333336,30.0,1.4708333333333332,24,24,24
20240504,중구,2024050320,28.0,15.0,48.333333333333336,30.0,1.4708333333333332,24,24,24
20240504,중랑구,2024050320,28.0,14.0,47.708333333333336,30.0,1.4666666666666668,24,24,24
20240505,강남구,2024050420,20.0,18.0,78.54166666666667,98.0,2.783333333333333,24,24,24
20240505,강동구,2024050420,20.0,17.0,76.04166666666667,97.0,2.7125,24,24,24
20240505,강북구,2024050420,17.0,15.0,80.41666666666667,98.0,2.845833333333333,24,24,24
20240505,강서구,2024050420,20.0,16.0,81.04166666666667,94.0,3.1833333333333336,24,24,24
20240505,관악구,2024050420,19.0,17.0,78.95833333333333,100.0,3.1958333333333333,24,24,24
20240505,광진구,2024050420,20.0,18.0,76.04166666666667,96.0,2.6208333333333336,24,24,24
20240505,구로구,2024050420,20.0,18.0,75.0,100.0,3.3874999999999997,24,24,24
20240505,금천구,2024050420,19.0,17.0,81.66666666666667,100.0,3.3166666666666664,24,24,24
20240505,노원구,2024050420,19.0,16.0,80.83333333333333,99.0,2.8375,24,24,24
20240505,도봉구,2024050420,19.0,16.0,80.83333333333333,99.0,2.8375,24,24,24
20240505,동대문구,2024050420,20.0,18.0,77.08333333333333,99.0,2.654166666666667,24,24,24
20240505,동작구,2024050420,19.0,17.0,78.95833333333333,100.0,3.1958333333333333,24,24,24
20240505,마포구,2024050420,19.0,17.0,79.16666666666667,99.0,3.0291666666666663,24,24,24
20240505,서대문구,2024050420,19.0,17.0,79.16666666666667,99.0,3.0291666666666663,24,24,24
20240505,서초구,2024050420,20.0,18.0,78.54166666666667,98.0,2.783333333333333,24,24,24
20240505,성동구,2024050420,20.0,17.0,81.04166666666667,99.0,2.704166666666667,24,24,24
20240505,성북구,2024050420,17.0,15.0,80.41666666666667,98.0,2.845833333333333,24,24,24
20240505,송파구,2024050420,20.0,18.0,77.29166666666667,99.0,2.6875,24,24,24
20240505,양천구,2024050420,19.0,17.0,77.5,100.0,3.279166666666667,24,24,24
20240505,영등포구,2024050420,19.0,17.0,77.5,100.0,3.091666666666667,24,24,24
20240505,용산구,2024050420,19.0,17.0,77.5,99.0,2.841666666666667,24,24,24
20240505,은평구,2024050420,19.0,17.0,82.29166666666667,97.0,3.025,24,24,24
20240505,종로구,2024050420,19.0,17.0,81.04166666666667,99.0,2.795833333333333,24,24,24
20240505,중구,2024050420,19.0,17.0,81.04166666666667,99.0,2.795833333333333,24,24,24
20240505,중랑구,2024050420,20.0,18.0,77.08333333333333,97.0,2.591666666666667,24,24,24
20240506,강남구,2024050520,17.0,15.0,84.375,62.0,2.6833333333333336,24,24,24
20240506,강동구,2024050520,17.0,15.0,83.75,62.0,2.558333333333333,24,24,24
20240506,강북구,2024050520,14.0,12.0,87.91666666666667,64.0,2.5749999999999997,24,24,24
20240506,강서구,2024050520,16.0,14.0,86.66666666666667,60.0,3.2000000000000006,24,24,24
20240506,관악구,2024050520,16.0,14.0,84.58333333333333,60.0,2.9250000000000003,24,24,24
20240506,광진구,2024050520,17.0,15.0,82.5,63.0,2.608333333333333,24,24,24
20240506,구로구,2024050520,16.0,14.0,80.41666666666667,60.0,3.0749999999999997,24,24,24
20240506,금천구,2024050520,16.0,14.0,86.04166666666667,60.0,2.920833333333333,24,24,24
20240506,노원구,2024050520,16.0,14.0,88.75,67.0,2.5541666666666667,24,24,24
20240506,도봉구,2024050520,16.0,14.0,88.75,67.0,2.5541666666666667,24,24,24
20240506,동대문구,2024050520,17.0,15.0,85.0,65.0,2.6,24,24,24
20240506,동작구,2024050520,16.0,14.0,84.58333333333333,60.0,2.9250000000000003,24,24,24
20240506,마포구,2024050520,16.0,14.0,85.41666666666667,61.0,2.795833333333333,24,24,24
20240506,서대문구,2024050520,16.0,14.0,85.41666666666667,61.0,2.795833333333333,24,24,24
20240506,서초구,2024050520,17.0,15.0,84.375,62.0,2.6833333333333336,24,24,24
20240506,성동구,2024050520,17.0,14.0,84.16666666666667,64.0,2.6541666666666663,24,24,24
20240506,성북구,2024050520,14.0,12.0,87.91666666666667,64.0,2.5749999999999997,24,24,24
20240506,송파구,2024050520,17.0,15.0,83.125,62.0,2.625,24,24,24
20240506,양천구,2024050520,16.0,14.0,82.91666666666667,60.0,3.025,24,24,24
20240506,영등포구,2024050520,16.0,14.0,82.5,60.0,2.8791666666666664,24,24,24
20240506,용산구,2024050520,16.0,14.0,84.375,62.0,2.720833333333333,24,24,24
20240506,은평구,2024050520,16.0,14.0,88.75,63.0,2.75,24,24,24
20240506,종로구,2024050520,16.0,14.0,86.45833333333333,63.0,2.6374999999999997,24,24,24
20240506,중구,2024050520,16.0,14.0,86.45833333333333,63.0,2.6374999999999997,24,24,24
20240506,중랑구,2024050520,17.0,15.0,83.75,64.0,2.5708333333333333,24,24,24
20240507,강남구,2024050620,18.0,14.0,73.95833333333333,60.0,2.266666666666667,24,24,24
20240507,강동구,2024050620,18.0,13.0,72.5,60.0,2.3666666666666667,24,24,24
20240507,강북구,2024050620,15.0,10.0,75.0,60.0,2.191666666666667,24,24,24
20240507,강서구,2024050620,18.0,13.0,75.41666666666667,60.0,2.408333333333333,24,24,24
20240507,관악구,2024050620,18.0,13.0,73.75,60.0,2.2249999999999996,24,24,24
20240507,광진구,2024050620,18.0,14.0,71.66666666666667,60.0,2.3000000000000003,24,24,24
20240507,구로구,2024050620,18.0,14.0,70.20833333333333,60.0,2.225,24,24,24
20240507,금천구,2024050620,18.0,13.0,77.08333333333333,60.0,2.2125,24,24,24
20240507,노원구,2024050620,18.0,13.0,75.83333333333333,60.0,2.225,24,24,24
20240507,도봉구,2024050620,18.0,13.0,75.83333333333333,60.0,2.225,24,24,24
20240507,동대문구,2024050620,18.0,13.0,72.29166666666667,60.0,2.216666666666667,24,24,24
20240507,동작구,2024050620,18.0,13.0,73.75,60.0,2.2249999999999996,24,24,24
20240507,마포구,2024050620,18.0,13.0,72.91666666666667,60.0,2.225,24,24,24
20240507,서대문구,2024050620,18.0,13.0,72.91666666666667,60.0,2.225,24,24,24
20240507,서초구,2024050620,18.0,14.0,73.95833333333333,60.0,2.266666666666667,24,24,24
20240507,성동구,2024050620,18.0,13.0,73.75,60.0,2.2625,24,24,24
20240507,성북구,2024050620,15.0,10.0,75.0,60.0,2.191666666666667,24,24,24
20240507,송파구,2024050620,18.0,14.0,72.5,60.0,2.316666666666667,24,24,24
20240507,양천구,2024050620,18.0,13.0,72.29166666666667,60.0,2.25,24,24,24
20240507,영등포구,2024050620,18.0,13.0,72.5,60.0,2.2333333333333334,24,24,24
20240507,용산구,2024050620,18.0,13.0,72.91666666666667,60.0,2.2083333333333335,24,24,24
20240507,은평구,2024050620,18.0,13.0,76.45833333333333,60.0,2.245833333333333,24,24,24
20240507,종로구,2024050620,18.0,13.0,75.83333333333333,60.0,2.1791666666666667,24,24,24
20240507,중구,2024050620,18.0,13.0,75.83333333333333,60.0,2.1791666666666667,24,24,24
20240507,중랑구,2024050620,18.0,14.0,71.875,60.0,2.2958333333333334,24,24,24
20240508,강남구,2024050720,21.0,11.0,55.833333333333336,30.0,1.879166666666667,24,24,24
20240508,강동구,2024050720,21.0,10.0,54.166666666666664,30.0,1.9208333333333336,24,24,24
20240508,강북구,2024050720,19.0,7.0,55.833333333333336,30.0,1.75,24,24,24
20240508,강서구,2024050720,20.0,10.0,60.625,30.0,1.9333333333333331,24,24,24
20240508,관악구,2024050720,21.0,11.0,56.041666666666664,30.0,1.85,24,24,24
20240508,광진구,2024050720,21.0,11.0,52.083333333333336,30.0,1.883333333333333,24,24,24
20240508,구로구,2024050720,21.0,12.0,53.125,30.0,1.8958333333333333,24,24,24
20240508,금천구,2024050720,20.0,10.0,58.75,30.0,1.9125000000000003,24,24,24
20240508,노원구,2024050720,21.0,9.0,58.541666666666664,30.0,1.7958333333333334,24,24,24
20240508,도봉구,2024050720,21.0,9.0,58.541666666666664,30.0,1.7958333333333334,24,24,24
20240508,동대문구,2024050720,21.0,11.0,53.333333333333336,30.0,1.8125,24,24,24
20240508,동작구,2024050720,21.0,11.0,56.041666666666664,30.0,1.85,24,24,24
20240508,마포구,2024050720,21.0,10.0,55.0,30.0,1.8125,24,24,24
20240508,서대문구,2024050720,21.0,10.0,55.0,30.0,1.8125,24,24,24
20240508,서초구,2024050720,21.0,11.0,55.833333333333336,30.0,1.879166666666667,24,24,24
20240508,성동구,2024050720,21.0,11.0,53.541666666666664,30.0,1.8374999999999997,24,24,24
20240508,성북구,2024050720,19.0,7.0,55.833333333333336,30.0,1.75,24,24,24
20240508,송파구,2024050720,21.0,11.0,53.958333333333336,30.0,1.9041666666666668,24,24,24
20240508,양천구,2024050720,20.0,11.0,55.0,30.0,1.875,24,24,24
20240508,영등포구,2024050720,21.0,11.0,54.375,30.0,1.8333333333333333,24,24,24
20240508,용산구,2024050720,21.0,11.0,53.958333333333336,30.0,1.8041666666666665,24,24,24
20240508,은평구,2024050720,21.0,9.0,58.958333333333336,30.0,1.8041666666666665,24,24,24
20240508,종로구,2024050720,21.0,11.0,55.0,30.0,1.7833333333333332,24,24,24
20240508,중구,2024050720,21.0,11.0,55.0,30.0,1.7833333333333332,24,24,24
20240508,중랑구,2024050720,21.0,10.0,52.708333333333336,30.0,1.8625,24,24,24
20240509,강남구,2024050820,22.0,12.0,61.041666666666664,20.0,2.3333333333333335,24,24,24
20240509,강동구,2024050820,22.0,11.0,57.291666666666664,20.0,2.329166666666667,24,24,24
20240509,강북구,2024050820,20.0,8.0,61.041666666666664,20.0,2.316666666666667,24,24,24
20240509,강서구,2024050820,21.0,10.0,66.04166666666667,20.0,2.6374999999999997,24,24,24
20240509,관악구,2024050820,21.0,11.0,62.291666666666664,20.0,2.420833333333334,24,24,24
20240509,광진구,2024050820,22.0,12.0,56.25,20.0,2.3375,24,24,24
20240509,구로구,2024050820,21.0,12.0,59.791666666666664,20.0,2.5,24,24,24
20240509,금천구,2024050820,21.0,10.0,63.75,20.0,2.404166666666667,24,24,24
20240509,노원구,2024050820,22.0,10.0,62.083333333333336,20.0,2.345833333333333,24,24,24
20240509,도봉구,2024050820,22.0,10.0,62.083333333333336,20.0,2.345833333333333,24,24,24
20240509,동대문구,2024050820,22.0,12.0,58.75,20.0,2.316666666666667,24,24,24
20240509,동작구,2024050820,21.0,11.0,62.291666666666664,20.0,2.420833333333334,24,24,24
20240509,마포구,2024050820,22.0,11.0,60.833333333333336,20.0,2.4166666666666665,24,24,24
20240509,서대문구,2024050820,22.0,11.0,60.833333333333336,20.0,2.4166666666666665,24,24,24
20240509,서초구,2024050820,22.0,12.0,61.041666666666664,20.0,2.3333333333333335,24,24,24
20240509,성동구,2024050820,23.0,12.0,58.541666666666664,20.0,2.3125,24,24,24
20240509,성북구,2024050820,20.0,8.0,61.041666666666664,20.0,2.316666666666667,24,24,24
20240509,송파구,2024050820,23.0,12.0,57.291666666666664,20.0,2.3249999999999997,24,24,24
20240509,양천구,2024050820,21.0,11.0,61.25,20.0,2.4916666666666667,24,24,24
20240509,영등포구,2024050820,21.0,12.0,60.208333333333336,20.0,2.4291666666666667,24,24,24
20240509,용산구,2024050820,22.0,12.0,60.416666666666664,20.0,2.3583333333333334,24,24,24
20240509,은평구,2024050820,22.0,10.0,63.958333333333336,20.0,2.391666666666667,24,24,24
20240509,종로구,2024050820,22.0,12.0,62.291666666666664,20.0,2.3249999999999997,24,24,24
20240509,중구,2024050820,22.0,12.0,62.291666666666664,20.0,2.3249999999999997,24,24,24
20240509,중랑구,2024050820,22.0,11.0,57.5,20.0,2.3375000000000004,24,24,24
20240510,강남구,2024050920,24.0,13.0,56.458333333333336,0.0,2.3541666666666665,24,24,24
20240510,강동구,2024050920,25.0,12.0,54.583333333333336,0.0,2.2916666666666665,24,24,24
20240510,강북구,2024050920,21.0,10.0,57.5,0.0,2.4083333333333337,24,24,24
20240510,강서구,2024050920,23.0,12.0,62.083333333333336,0.0,2.8041666666666667,24,24,24
20240510,관악구,2024050920,23.0,13.0,58.125,0.0,2.4875,24,24,24
20240510,광진구,2024050920,24.0,13.0,53.333333333333336,0.0,2.329166666666667,24,24,24
20240510,구로구,2024050920,23.0,14.0,56.25,0.0,2.5875,24,24,24
20240510,금천구,2024050920,23.0,12.0,60.833333333333336,0.0,2.475,24,24,24
20240510,노원구,2024050920,24.0,11.0,59.166666666666664,0.0,2.3874999999999997,24,24,24
20240510,도봉구,2024050920,24.0,11.0,59.166666666666664,0.0,2.3874999999999997,24,24,24
20240510,동대문구,2024050920,24.0,13.0,54.791666666666664,0.0,2.3625000000000003,24,24,24
20240510,동작구,2024050920,23.0,13.0,58.125,0.0,2.4875,24,24,24
20240510,마포구,2024050920,24.0,13.0,57.708333333333336,0.0,2.525,24,24,24
20240510,서대문구,2024050920,24.0,13.0,57.708333333333336,0.0,2.525,24,24,24
20240510,서초구,2024050920,24.0,13.0,56.458333333333336,0.0,2.3541666666666665,24,24,24
20240510,성동구,2024050920,25.0,13.0,54.791666666666664,0.0,2.3625000000000003,24,24,24
20240510,성북구,2024050920,21.0,10.0,57.5,0.0,2.4083333333333337,24,24,24
20240510,송파구,2024050920,25.0,13.0,54.375,0.0,2.3375,24,24,24
20240510,양천구,2024050920,23.0,13.0,57.708333333333336,0.0,2.6,24,24,24
20240510,영등포구,2024050920,23.0,13.0,57.083333333333336,0.0,2.4958333333333336,24,24,24
20240510,용산구,2024050920,24.0,13.0,56.458333333333336,0.0,2.4,24,24,24
20240510,은평구,2024050920,24.0,12.0,61.041666666666664,0.0,2.545833333333333,24,24,24
20240510,종로구,2024050920,24.0,13.0,58.125,0.0,2.408333333333333,24,24,24
20240510,중구,2024050920,24.0,13.0,58.125,0.0,2.408333333333333,24,24,24
20240510,중랑구,2024050920,24.0,13.0,54.166666666666664,0.0,2.3249999999999997,24,24,24
20240511,강남구,2024051020,24.0,14.0,70.20833333333333,72.0,3.725,24,24,24
20240511,강동구,2024051020,24.0,14.0,68.75,71.0,3.6,24,24,24
20240511,강북구,2024051020,21.0,11.0,72.08333333333333,77.0,3.5666666666666664,24,24,24
20240511,강서구,2024051020,23.0,14.0,75.41666666666667,77.0,4.1875,24,24,24
20240511,관악구,2024051020,23.0,14.0,70.83333333333333,73.0,3.9291666666666663,24,24,24
20240511,광진구,2024051020,24.0,14.0,66.66666666666667,74.0,3.641666666666667,24,24,24
20240511,구로구,2024051020,23.0,15.0,68.54166666666667,75.0,4.054166666666667,24,24,24
20240511,금천구,2024051020,23.0,13.0,73.75,74.0,3.954166666666666,24,24,24
20240511,노원구,2024051020,23.0,12.0,73.125,80.0,3.516666666666667,24,24,24
20240511,도봉구,2024051020,23.0,12.0,73.125,80.0,3.516666666666667,24,24,24
20240511,동대문구,2024051020,23.0,14.0,68.75,75.0,3.591666666666667,24,24,24
20240511,동작구,2024051020,23.0,14.0,70.83333333333333,73.0,3.9291666666666663,24,24,24
20240511,마포구,2024051020,23.0,14.0,71.66666666666667,76.0,3.8125,24,24,24
20240511,서대문구,2024051020,23.0,14.0,71.66666666666667,76.0,3.8125,24,24,24
20240511,서초구,2024051020,24.0,14.0,70.20833333333333,72.0,3.725,24,24,24
20240511,성동구,2024051020,24.0,14.0,68.125,73.0,3.675,24,24,24
20240511,성북구,2024051020,21.0,11.0,72.08333333333333,77.0,3.5666666666666664,24,24,24
20240511,송파구,2024051020,24.0,14.0,68.125,71.0,3.679166666666667,24,24,24
20240511,양천구,2024051020,23.0,14.0,70.41666666666667,75.0,4.020833333333333,24,24,24
20240511,영등포구,2024051020,23.0,14.0,70.20833333333333,75.0,3.8666666666666663,24,24,24
20240511,용산구,2024051020,23.0,14.0,70.20833333333333,73.0,3.7458333333333336,24,24,24
20240511,은평구,2024051020,23.0,13.0,74.375,78.0,3.75,24,24,24
20240511,종로구,2024051020,23.0,14.0,70.41666666666667,75.0,3.65,24,24,24
20240511,중구,2024051020,23.0,14.0,70.41666666666667,75.0,3.65,24,24,24
20240511,중랑구,2024051020,23.0,14.0,68.95833333333333,77.0,3.5749999999999997,24,24,24
20240512,강남구,2024051120,24.0,12.0,58.75,20.0,1.9416666666666669,24,24,24
20240512,강동구,2024051120,23.0,12.0,57.083333333333336,20.0,1.9916666666666665,24,24,24
20240512,강북구,2024051120,21.0,9.0,59.166666666666664,0.0,2.0,24,24,24
20240512,강서구,2024051120,23.0,11.0,62.708333333333336,0.0,2.1750000000000003,24,24,24
20240512,관악구,2024051120,23.0,12.0,59.791666666666664,0.0,1.9625,24,24,24
20240512,광진구,2024051120,23.0,13.0,55.416666666666664,20.0,1.9666666666666668,24,24,24
20240512,구로구,2024051120,23.0,12.0,57.083333333333336,0.0,2.0,24,24,24
20240512,금천구,2024051120,22.0,11.0,62.291666666666664,0.0,1.95,24,24,24
20240512,노원구,2024051120,23.0,11.0,60.0,0.0,2.029166666666667,24,24,24
20240512,도봉구,2024051120,23.0,11.0,60.0,0.0,2.029166666666667,24,24,24
20240512,동대문구,2024051120,23.0,12.0,56.25,0.0,1.9750000000000003,24,24,24
20240512,동작구,2024051120,23.0,12.0,59.791666666666664,0.0,1.9625,24,24,24
20240512,마포구,2024051120,23.0,12.0,59.791666666666664,0.0,2.004166666666667,24,24,24
20240512,서대문구,2024051120,23.0,12.0,59.791666666666664,0.0,2.004166666666667,24,24,24
20240512,서초구,2024051120,24.0,12.0,58.75,20.0,1.9416666666666669,24,24,24
20240512,성동구,2024051120,23.0,13.0,56.25,20.0,1.95,24,24,24
20240512,성북구,2024051120,21.0,9.0,59.166666666666664,0.0,2.0,24,24,24
20240512,송파구,2024051120,23.0,13.0,56.666666666666664,20.0,1.9541666666666664,24,24,24
20240512,양천구,2024051120,23.0,12.0,58.75,0.0,2.0166666666666666,24,24,24
20240512,영등포구,2024051120,23.0,12.0,58.541666666666664,0.0,1.9875,24,24,24
20240512,용산구,2024051120,23.0,12.0,58.541666666666664,0.0,1.9541666666666664,24,24,24
20240512,은평구,2024051120,23.0,11.0,62.291666666666664,0.0,2.0541666666666667,24,24,24
20240512,종로구,2024051120,23.0,12.0,58.75,0.0,1.9708333333333332,24,24,24
20240512,중구,2024051120,23.0,12.0,58.75,0.0,1.9708333333333332,24,24,24
20240512,중랑구,2024051120,23.0,12.0,56.666666666666664,20.0,1.9833333333333336,24,24,24
20240513,강남구,2024051220,25.0,13.0,55.833333333333336,0.0,1.8166666666666669,24,24,24
20240513,강동구,2024051220,25.0,12.0,54.166666666666664,0.0,1.8374999999999997,24,24,24
20240513,강북구,2024051220,22.0,9.0,54.166666666666664,0.0,1.775,24,24,24
20240513,강서구,2024051220,24.0,11.0,60.625,0.0,1.929166666666667,24,24,24
20240513,관악구,2024051220,24.0,12.0,56.458333333333336,0.0,1.8374999999999997,24,24,24
20240513,광진구,2024051220,24.0,13.0,51.458333333333336,0.0,1.8125,24,24,24
20240513,구로구,2024051220,24.0,13.0,56.458333333333336,0.0,1.8541666666666667,24,24,24
20240513,금천구,2024051220,23.0,11.0,60.0,0.0,1.8125,24,24,24
20240513,노원구,2024051220,24.0,10.0,54.791666666666664,0.0,1.8291666666666664,24,24,24
20240513,도봉구,2024051220,24.0,10.0,54.791666666666664,0.0,1.8291666666666664,24,24,24
20240513,동대문구,2024051220,24.0,13.0,51.666666666666664,0.0,1.8041666666666665,24,24,24
20240513,동작구,2024051220,24.0,12.0,56.458333333333336,0.0,1.8374999999999997,24,24,24
20240513,마포구,2024051220,24.0,12.0,54.791666666666664,0.0,1.8374999999999997,24,24,24
20240513,서대문구,2024051220,24.0,12.0,54.791666666666664,0.0,1.8374999999999997,24,24,24
20240513,서초구,2024051220,25.0,13.0,55.833333333333336,0.0,1.8166666666666669,24,24,24
20240513,성동구,2024051220,25.0,13.0,51.666666666666664,0.0,1.8208333333333335,24,24,24
20240513,성북구,2024051220,22.0,9.0,54.166666666666664,0.0,1.775,24,24,24
20240513,송파구,2024051220,25.0,13.0,53.75,0.0,1.8208333333333335,24,24,24
20240513,양천구,2024051220,24.0,13.0,55.833333333333336,0.0,1.8583333333333336,24,24,24
20240513,영등포구,2024051220,24.0,13.0,55.0,0.0,1.8375000000000004,24,24,24
20240513,용산구,2024051220,24.0,13.0,54.375,0.0,1.8291666666666664,24,24,24
20240513,은평구,2024051220,25.0,11.0,57.916666666666664,0.0,1.8208333333333335,24,24,24
20240513,종로구,2024051220,24.0,12.0,52.916666666666664,0.0,1.8125,24,24,24
20240513,중구,2024051220,24.0,12.0,52.916666666666664,0.0,1.8125,24,24,24
20240513,중랑구,2024051220,24.0,12.0,52.291666666666664,0.0,1.8291666666666668,24,24,24
20240514,강남구,2024051320,25.0,13.0,53.541666666666664,0.0,1.95,24,24,24
20240514,강동구,2024051320,25.0,12.0,52.708333333333336,0.0,1.8958333333333333,24,24,24
20240514,강북구,2024051320,23.0,10.0,51.875,0.0,1.9458333333333335,24,24,24
20240514,강서구,2024051320,24.0,12.0,58.541666666666664,0.0,2.216666666666667,24,24,24
20240514,관악구,2024051320,24.0,13.0,53.75,0.0,2.0375,24,24,24
20240514,광진구,2024051320,25.0,14.0,49.375,0.0,1.9291666666666665,24,24,24
20240514,구로구,2024051320,24.0,14.0,53.125,0.0,2.0875,24,24,24
20240514,금천구,2024051320,24.0,12.0,57.291666666666664,0.0,1.9916666666666665,24,24,24
20240514,노원구,2024051320,25.0,11.0,54.166666666666664,0.0,1.9583333333333333,24,24,24
20240514,도봉구,2024051320,25.0,11.0,54.166666666666664,0.0,1.9583333333333333,24,24,24
20240514,동대문구,2024051320,25.0,14.0,49.375,0.0,1.9333333333333331,24,24,24
20240514,동작구,2024051320,24.0,13.0,53.75,0.0,2.0375,24,24,24
20240514,마포구,2024051320,25.0,13.0,51.875,0.0,2.025,24,24,24
20240514,서대문구,2024051320,25.0,13.0,51.875,0.0,2.025,24,24,24
20240514,서초구,2024051320,25.0,13.0,53.541666666666664,0.0,1.95,24,24,24
20240514,성동구,2024051320,25.0,13.0,49.583333333333336,0.0,1.9708333333333332,24,24,24
20240514,성북구,2024051320,23.0,10.0,51.875,0.0,1.9458333333333335,24,24,24
20240514,송파구,2024051320,25.0,14.0,51.458333333333336,0.0,1.925,24,24,24
20240514,양천구,2024051320,24.0,13.0,52.5,0.0,2.0875,24,24,24
20240514,영등포구,2024051320,24.0,14.0,52.083333333333336,0.0,2.0458333333333334,24,24,24
20240514,용산구,2024051320,25.0,14.0,51.666666666666664,0.0,1.9875,24,24,24
20240514,은평구,2024051320,25.0,12.0,55.416666666666664,0.0,2.033333333333333,24,24,24
20240514,종로구,2024051320,25.0,13.0,49.791666666666664,0.0,1.9666666666666668,24,24,24
20240514,중구,2024051320,25.0,13.0,49.791666666666664,0.0,1.9666666666666668,24,24,24
20240514,중랑구,2024051320,25.0,13.0,50.208333333333336,0.0,1.9166666666666667,24,24,24
20240515,강남구,2024051420,18.0,13.0,73.33333333333333,62.0,3.65,24,24,24
20240515,강동구,2024051420,19.0,13.0,71.25,63.0,3.2624999999999997,24,24,24
20240515,강북구,2024051420,15.0,11.0,75.0,61.0,3.6291666666666664,24,24,24
20240515,강서구,2024051420,18.0,12.0,76.45833333333333,60.0,3.6666666666666665,24,24,24
20240515,관악구,2024051420,18.0,13.0,73.75,60.0,3.9166666666666665,24,24,24
20240515,광진구,2024051420,18.0,14.0,69.79166666666667,63.0,3.4125,24,24,24
20240515,구로구,2024051420,18.0,14.0,71.66666666666667,60.0,3.945833333333333,24,24,24
20240515,금천구,2024051420,18.0,12.0,76.66666666666667,60.0,3.9125,24,24,24
20240515,노원구,2024051420,18.0,12.0,76.875,62.0,3.4666666666666672,24,24,24
20240515,도봉구,2024051420,18.0,12.0,76.875,62.0,3.4666666666666672,24,24,24
20240515,동대문구,2024051420,18.0,14.0,71.875,62.0,3.525,24,24,24
20240515,동작구,2024051420,18.0,13.0,73.75,60.0,3.9166666666666665,24,24,24
20240515,마포구,2024051420,18.0,14.0,73.33333333333333,60.0,3.725,24,24,24
20240515,서대문구,2024051420,18.0,14.0,73.33333333333333,60.0,3.725,24,24,24
20240515,서초구,2024051420,18.0,13.0,73.33333333333333,62.0,3.65,24,24,24
20240515,성동구,2024051420,19.0,14.0,71.04166666666667,62.0,3.5833333333333335,24,24,24
20240515,성북구,2024051420,15.0,11.0,75.0,61.0,3.6291666666666664,24,24,24
20240515,송파구,2024051420,19.0,14.0,71.875,62.0,3.4583333333333335,24,24,24
20240515,양천구,2024051420,18.0,14.0,72.29166666666667,60.0,3.8416666666666663,24,24,24
20240515,영등포구,2024051420,18.0,14.0,72.08333333333333,60.0,3.8250000000000006,24,24,24
20240515,용산구,2024051420,18.0,14.0,72.08333333333333,60.0,3.766666666666667,24,24,24
20240515,은평구,2024051420,18.0,12.0,77.5,60.0,3.654166666666667,24,24,24
20240515,종로구,2024051420,18.0,14.0,72.70833333333333,61.0,3.6833333333333336,24,24,24
20240515,중구,2024051420,18.0,14.0,72.70833333333333,61.0,3.6833333333333336,24,24,24
20240515,중랑구,2024051420,18.0,13.0,71.45833333333333,63.0,3.366666666666667,24,24,24
20240516,강남구,2024051520,21.0,9.0,60.625,60.0,4.1875,24,24,24
20240516,강동구,2024051520,21.0,9.0,58.75,62.0,4.329166666666667,24,24,24
20240516,강북구,2024051520,18.0,6.0,61.458333333333336,60.0,3.825,24,24,24
20240516,강서구,2024051520,21.0,8.0,63.125,60.0,4.254166666666666,24,24,24
20240516,관악구,2024051520,21.0,9.0,60.625,60.0,4.016666666666667,24,24,24
20240516,광진구,2024051520,21.0,10.0,58.333333333333336,60.0,4.170833333333333,24,24,24
20240516,구로구,2024051520,20.0,9.0,57.291666666666664,60.0,4.1499999999999995,24,24,24
20240516,금천구,2024051520,20.0,8.0,63.75,60.0,4.1875,24,24,24
20240516,노원구,2024051520,21.0,8.0,62.083333333333336,60.0,3.9500000000000006,24,24,24
20240516,도봉구,2024051520,21.0,8.0,62.083333333333336,60.0,3.9500000000000006,24,24,24
20240516,동대문구,2024051520,21.0,9.0,58.541666666666664,60.0,3.9875,24,24,24
20240516,동작구,2024051520,21.0,9.0,60.625,60.0,4.016666666666667,24,24,24
20240516,마포구,2024051520,21.0,9.0,60.625,60.0,3.7875,24,24,24
20240516,서대문구,2024051520,21.0,9.0,60.625,60.0,3.7875,24,24,24
20240516,서초구,2024051520,21.0,9.0,60.625,60.0,4.1875,24,24,24
20240516,성동구,2024051520,21.0,9.0,60.208333333333336,60.0,4.05,24,24,24
20240516,성북구,2024051520,18.0,6.0,61.458333333333336,60.0,3.825,24,24,24
20240516,송파구,2024051520,21.0,10.0,58.75,62.0,4.270833333333333,24,24,24
20240516,양천구,2024051520,21.0,9.0,59.791666666666664,60.0,4.05,24,24,24
20240516,영등포구,2024051520,21.0,9.0,60.0,60.0,3.875,24,24,24
20240516,용산구,2024051520,21.0,9.0,60.208333333333336,60.0,3.9416666666666664,24,24,24
20240516,은평구,2024051520,21.0,8.0,63.541666666666664,60.0,3.7125,24,24,24
20240516,종로구,2024051520,20.0,8.0,62.5,60.0,3.875,24,24,24
20240516,중구,2024051520,20.0,8.0,62.5,60.0,3.875,24,24,24
20240516,중랑구,2024051520,21.0,9.0,58.125,60.0,4.1375,24,24,24
20240517,강남구,2024051620,26.0,12.0,65.625,20.0,2.254166666666667,24,24,24
20240517,강동구,2024051620,26.0,10.0,63.75,20.0,2.2041666666666666,24,24,24
20240517,강북구,2024051620,23.0,9.0,65.625,20.0,2.2041666666666666,24,24,24
20240517,강서구,2024051620,24.0,11.0,70.0,0.0,2.5,24,24,24
20240517,관악구,2024051620,25.0,12.0,66.66666666666667,0.0,2.3333333333333335,24,24,24
20240517,광진구,2024051620,25.0,12.0,61.041666666666664,20.0,2.216666666666667,24,24,24
20240517,구로구,2024051620,24.0,13.0,65.83333333333333,0.0,2.3874999999999997,24,24,24
20240517,금천구,2024051620,24.0,11.0,70.20833333333333,20.0,2.295833333333333,24,24,24
20240517,노원구,2024051620,25.0,10.0,66.45833333333333,20.0,2.183333333333333,24,24,24
20240517,도봉구,2024051620,25.0,10.0,66.45833333333333,20.0,2.183333333333333,24,24,24
20240517,동대문구,2024051620,25.0,12.0,61.875,20.0,2.216666666666667,24,24,24
20240517,동작구,2024051620,25.0,12.0,66.66666666666667,0.0,2.3333333333333335,24,24,24
20240517,마포구,2024051620,25.0,12.0,65.625,20.0,2.308333333333333,24,24,24
20240517,서대문구,2024051620,25.0,12.0,65.625,20.0,2.308333333333333,24,24,24
20240517,서초구,2024051620,26.0,12.0,65.625,20.0,2.254166666666667,24,24,24
20240517,성동구,2024051620,26.0,11.0,61.458333333333336,20.0,2.2458333333333336,24,24,24
20240517,성북구,2024051620,23.0,9.0,65.625,20.0,2.2041666666666666,24,24,24
20240517,송파구,2024051620,26.0,12.0,63.75,20.0,2.2166666666666663,24,24,24
20240517,양천구,2024051620,24.0,12.0,65.41666666666667,0.0,2.3708333333333336,24,24,24
20240517,영등포구,2024051620,25.0,12.0,65.0,20.0,2.3166666666666664,24,24,24
20240517,용산구,2024051620,25.0,12.0,65.0,20.0,2.2708333333333335,24,24,24
20240517,은평구,2024051620,25.0,11.0,68.75,20.0,2.2916666666666665,24,24,24
20240517,종로구,2024051620,25.0,12.0,63.541666666666664,20.0,2.2541666666666664,24,24,24
20240517,중구,2024051620,25.0,12.0,63.541666666666664,20.0,2.2541666666666664,24,24,24
20240517,중랑구,2024051620,25.0,11.0,62.5,20.0,2.2125,24,24,24
20240518,강남구,2024051720,27.0,15.0,66.875,30.0,2.0541666666666667,24,24,24
20240518,강동구,2024051720,27.0,14.0,65.0,30.0,1.9958333333333331,24,24,24
20240518,강북구,2024051720,24.0,12.0,67.70833333333333,30.0,2.0749999999999997,24,24,24
20240518,강서구,2024051720,25.0,15.0,72.29166666666667,20.0,2.35,24,24,24
20240518,관악구,2024051720,26.0,15.0,68.125,20.0,2.154166666666667,24,24,24
20240518,광진구,2024051720,27.0,15.0,63.333333333333336,30.0,2.0083333333333333,24,24,24
20240518,구로구,2024051720,26.0,16.0,65.20833333333333,20.0,2.225,24,24,24
20240518,금천구,2024051720,25.0,14.0,70.41666666666667,20.0,2.1291666666666664,24,24,24
20240518,노원구,2024051720,26.0,14.0,69.58333333333333,30.0,2.0416666666666665,24,24,24
20240518,도봉구,2024051720,26.0,14.0,69.58333333333333,30.0,2.0416666666666665,24,24,24
20240518,동대문구,2024051720,27.0,15.0,64.58333333333333,30.0,2.0500000000000003,24,24,24
20240518,동작구,2024051720,26.0,15.0,68.125,20.0,2.154166666666667,24,24,24
20240518,마포구,2024051720,26.0,15.0,67.5,30.0,2.158333333333333,24,24,24
20240518,서대문구,2024051720,26.0,15.0,67.5,30.0,2.158333333333333,24,24,24
20240518,서초구,2024051720,27.0,15.0,66.875,30.0,2.0541666666666667,24,24,24
20240518,성동구,2024051720,27.0,15.0,63.958333333333336,30.0,2.0416666666666665,24,24,24
20240518,성북구,2024051720,24.0,12.0,67.70833333333333,30.0,2.0749999999999997,24,24,24
20240518,송파구,2024051720,27.0,15.0,63.958333333333336,30.0,2.004166666666667,24,24,24
20240518,양천구,2024051720,25.0,15.0,67.29166666666667,20.0,2.220833333333333,24,24,24
20240518,영등포구,2024051720,26.0,16.0,66.25,20.0,2.15,24,24,24
20240518,용산구,2024051720,26.0,15.0,66.04166666666667,30.0,2.1,24,24,24
20240518,은평구,2024051720,26.0,14.0,71.04166666666667,30.0,2.1625,24,24,24
20240518,종로구,2024051720,26.0,15.0,66.66666666666667,30.0,2.0833333333333335,24,24,24
20240518,중구,2024051720,26.0,15.0,66.66666666666667,30.0,2.0833333333333335,24,24,24
20240518,중랑구,2024051720,27.0,15.0,64.16666666666667,30.0,2.0124999999999997,24,24,24
20240519,강남구,2024051820,29.0,15.0,62.291666666666664,0.0,1.0541666666666667,24,24,24
20240519,강동구,2024051820,29.0,15.0,59.375,0.0,0.9791666666666666,24,24,24
20240519,강북구,2024051820,26.0,13.0,61.875,0.0,1.05,24,24,24
20240519,강서구,2024051820,27.0,14.0,67.5,0.0,1.195833333333333,24,24,24
20240519,관악구,2024051820,28.0,15.0,63.541666666666664,0.0,1.1166666666666665,24,24,24
20240519,광진구,2024051820,28.0,16.0,57.708333333333336,0.0,1.0208333333333333,24,24,24
20240519,구로구,2024051820,27.0,16.0,61.458333333333336,0.0,1.1625,24,24,24
20240519,금천구,2024051820,27.0,14.0,66.45833333333333,0.0,1.1125,24,24,24
20240519,노원구,2024051820,28.0,14.0,62.916666666666664,0.0,1.0041666666666669,24,24,24
20240519,도봉구,2024051820,28.0,14.0,62.916666666666664,0.0,1.0041666666666669,24,24,24
20240519,동대문구,2024051820,29.0,16.0,58.541666666666664,0.0,1.0125,24,24,24
20240519,동작구,2024051820,28.0,15.0,63.541666666666664,0.0,1.1166666666666665,24,24,24
20240519,마포구,2024051820,28.0,15.0,61.875,0.0,1.075,24,24,24
20240519,서대문구,2024051820,28.0,15.0,61.875,0.0,1.075,24,24,24
20240519,서초구,2024051820,29.0,15.0,62.291666666666664,0.0,1.0541666666666667,24,24,24
20240519,성동구,2024051820,29.0,15.0,58.541666666666664,0.0,1.0333333333333334,24,24,24
20240519,성북구,2024051820,26.0,13.0,61.875,0.0,1.05,24,24,24
20240519,송파구,2024051820,29.0,16.0,58.541666666666664,0.0,1.0333333333333332,24,24,24
20240519,양천구,2024051820,27.0,15.0,62.083333333333336,0.0,1.1458333333333333,24,24,24
20240519,영등포구,2024051820,28.0,16.0,61.25,0.0,1.1083333333333332,24,24,24
20240519,용산구,2024051820,28.0,16.0,60.833333333333336,0.0,1.0833333333333333,24,24,24
20240519,은평구,2024051820,29.0,14.0,65.83333333333333,0.0,1.0666666666666669,24,24,24
20240519,종로구,2024051820,28.0,16.0,61.875,0.0,1.0708333333333335,24,24,24
20240519,중구,2024051820,28.0,16.0,61.875,0.0,1.0708333333333335,24,24,24
20240519,중랑구,2024051820,29.0,15.0,58.333333333333336,0.0,1.0,24,24,24
20240520,강남구,2024051920,25.0,16.0,70.83333333333333,30.0,1.7166666666666666,24,24,24
20240520,강동구,2024051920,25.0,15.0,68.95833333333333,30.0,1.7166666666666666,24,24,24
20240520,강북구,2024051920,22.0,13.0,72.5,30.0,1.6416666666666668,24,24,24
20240520,강서구,2024051920,23.0,14.0,76.25,30.0,1.7875000000000003,24,24,24
20240520,관악구,2024051920,23.0,15.0,72.91666666666667,30.0,1.7041666666666668,24,24,24
20240520,광진구,2024051920,25.0,16.0,67.08333333333333,30.0,1.6958333333333335,24,24,24
20240520,구로구,2024051920,23.0,15.0,70.625,30.0,1.7125,24,24,24
20240520,금천구,2024051920,23.0,14.0,75.41666666666667,30.0,1.6833333333333336,24,24,24
20240520,노원구,2024051920,24.0,14.0,73.33333333333333,30.0,1.6291666666666664,24,24,24
20240520,도봉구,2024051920,24.0,14.0,73.33333333333333,30.0,1.6291666666666664,24,24,24
20240520,동대문구,2024051920,24.0,16.0,69.375,30.0,1.6666666666666667,24,24,24
20240520,동작구,2024051920,23.0,15.0,72.91666666666667,30.0,1.7041666666666668,24,24,24
20240520,마포구,2024051920,24.0,15.0,72.70833333333333,30.0,1.6875,24,24,24
20240520,서대문구,2024051920,24.0,15.0,72.70833333333333,30.0,1.6875,24,24,24
20240520,서초구,2024051920,25.0,16.0,70.83333333333333,30.0,1.7166666666666666,24,24,24
20240520,성동구,2024051920,25.0,16.0,68.75,30.0,1.6833333333333331,24,24,24
20240520,성북구,2024051920,22.0,13.0,72.5,30.0,1.6416666666666668,24,24,24
20240520,송파구,2024051920,25.0,16.0,68.95833333333333,30.0,1.7125000000000004,24,24,24
20240520,양천구,2024051920,23.0,15.0,71.875,30.0,1.7125,24,24,24
20240520,영등포구,2024051920,24.0,15.0,71.875,30.0,1.7000000000000002,24,24,24
20240520,용산구,2024051920,24.0,16.0,71.875,30.0,1.6916666666666669,24,24,24
20240520,은평구,2024051920,24.0,14.0,75.83333333333333,30.0,1.6833333333333331,24,24,24
20240520,종로구,2024051920,24.0,16.0,71.45833333333333,30.0,1.6875,24,24,24
20240520,중구,2024051920,24.0,16.0,71.45833333333333,30.0,1.6875,24,24,24
20240520,중랑구,2024051920,25.0,15.0,67.70833333333333,30.0,1.6916666666666669,24,24,24
20240521,강남구,2024052020,28.0,17.0,69.79166666666667,30.0,,24,20,0
20240521,강동구,2024052020,28.0,17.0,68.54166666666667,30.0,,24,20,0
20240521,강북구,2024052020,26.0,14.0,70.41666666666667,30.0,,24,20,0
20240521,강서구,2024052020,28.0,16.0,74.375,30.0,,24,20,0
20240521,관악구,2024052020,28.0,17.0,71.25,30.0,,24,20,0
20240521,광진구,2024052020,28.0,17.0,66.45833333333333,30.0,,24,20,0
20240521,구로구,2024052020,28.0,17.0,68.33333333333333,30.0,,24,20,0
20240521,금천구,2024052020,27.0,16.0,74.16666666666667,30.0,,24,20,0
20240521,노원구,2024052020,27.0,16.0,72.29166666666667,30.0,,24,20,0
20240521,도봉구,2024052020,27.0,16.0,72.29166666666667,30.0,,24,20,0
20240521,동대문구,2024052020,28.0,17.0,67.70833333333333,30.0,,24,20,0
20240521,동작구,2024052020,28.0,17.0,71.25,30.0,,24,20,0
20240521,마포구,2024052020,28.0,16.0,70.625,30.0,,24,20,0
20240521,서대문구,2024052020,28.0,16.0,70.625,30.0,,24,20,0
20240521,서초구,2024052020,28.0,17.0,69.79166666666667,30.0,,24,20,0
20240521,성동구,2024052020,29.0,17.0,68.95833333333333,30.0,,24,20,0
20240521,성북구,2024052020,26.0,14.0,70.41666666666667,30.0,,24,20,0
20240521,송파구,2024052020,28.0,17.0,68.33333333333333,30.0,,24,20,0
20240521,양천구,2024052020,28.0,16.0,70.20833333333333,30.0,,24,20,0
20240521,영등포구,2024052020,28.0,17.0,70.41666666666667,30.0,,24,20,0
20240521,용산구,2024052020,28.0,17.0,69.375,30.0,,24,20,0
20240521,은평구,2024052020,28.0,16.0,73.75,30.0,,24,20,0
20240521,종로구,2024052020,28.0,17.0,70.20833333333333,30.0,,24,20,0
20240521,중구,2024052020,28.0,17.0,70.20833333333333,30.0,,24,20,0
20240521,중랑구,2024052020,28.0,17.0,67.5,30.0,,24,20,0
20240522,강남구,2024052120,27.0,17.0,70.625,20.0,1.7,24,24,24
20240522,강동구,2024052120,28.0,16.0,67.91666666666667,20.0,1.7,24,24,24
20240522,강북구,2024052120,25.0,14.0,70.41666666666667,20.0,1.6875,24,24,24
20240522,강서구,2024052120,26.0,16.0,75.0,20.0,1.6916666666666669,24,24,24
20240522,관악구,2024052120,26.0,16.0,72.5,20.0,1.6625,24,24,24
20240522,광진구,2024052120,27.0,17.0,66.04166666666667,20.0,1.7083333333333333,24,24,24
20240522,구로구,2024052120,26.0,17.0,69.375,20.0,1.6416666666666668,24,24,24
20240522,금천구,2024052120,26.0,15.0,74.79166666666667,20.0,1.6333333333333335,24,24,24
20240522,노원구,2024052120,27.0,15.0,72.08333333333333,20.0,1.7,24,24,24
20240522,도봉구,2024052120,27.0,15.0,72.08333333333333,20.0,1.7,24,24,24
20240522,동대문구,2024052120,27.0,17.0,67.08333333333333,20.0,1.7,24,24,24
20240522,동작구,2024052120,26.0,16.0,72.5,20.0,1.6625,24,24,24
20240522,마포구,2024052120,27.0,17.0,70.625,20.0,1.6916666666666669,24,24,24
20240522,서대문구,2024052120,27.0,17.0,70.625,20.0,1.6916666666666669,24,24,24
20240522,서초구,2024052120,27.0,17.0,70.625,20.0,1.7,24,24,24
20240522,성동구,2024052120,28.0,17.0,68.33333333333333,20.0,1.7124999999999997,24,24,24
20240522,성북구,2024052120,25.0,14.0,70.41666666666667,20.0,1.6875,24,24,24
20240522,송파구,2024052120,28.0,17.0,67.91666666666667,20.0,1.7041666666666668,24,24,24
20240522,양천구,2024052120,26.0,17.0,70.625,20.0,1.6499999999999997,24,24,24
20240522,영등포구,2024052120,27.0,17.0,70.41666666666667,20.0,1.6791666666666665,24,24,24
20240522,용산구,2024052120,27.0,17.0,70.0,20.0,1.7124999999999997,24,24,24
20240522,은평구,2024052120,27.0,16.0,73.33333333333333,20.0,1.6833333333333336,24,24,24
20240522,종로구,2024052120,27.0,16.0,69.16666666666667,20.0,1.691666666666667,24,24,24
20240522,중구,2024052120,27.0,16.0,69.16666666666667,20.0,1.691666666666667,24,24,24
20240522,중랑구,2024052120,27.0,17.0,66.45833333333333,20.0,1.7083333333333333,24,24,24
20240523,강남구,2024052220,27.0,16.0,68.125,0.0,1.8458333333333332,24,24,24
20240523,강동구,2024052220,27.0,15.0,64.58333333333333,0.0,1.875,24,24,24
20240523,강북구,2024052220,24.0,13.0,68.33333333333333,0.0,1.8416666666666668,24,24,24
20240523,강서구,2024052220,25.0,15.0,75.41666666666667,0.0,2.0083333333333333,24,24,24
20240523,관악구,2024052220,26.0,16.0,70.83333333333333,0.0,1.8666666666666665,24,24,24
20240523,광진구,2024052220,27.0,16.0,63.75,0.0,1.8666666666666665,24,24,24
20240523,구로구,2024052220,25.0,16.0,69.16666666666667,0.0,1.8916666666666664,24,24,24
20240523,금천구,2024052220,25.0,14.0,73.125,0.0,1.8458333333333337,24,24,24
20240523,노원구,2024052220,27.0,14.0,67.91666666666667,0.0,1.85,24,24,24
20240523,도봉구,2024052220,27.0,14.0,67.91666666666667,0.0,1.85,24,24,24
20240523,동대문구,2024052220,27.0,16.0,64.58333333333333,0.0,1.85,24,24,24
20240523,동작구,2024052220,26.0,16.0,70.83333333333333,0.0,1.8666666666666665,24,24,24
20240523,마포구,2024052220,26.0,16.0,70.20833333333333,0.0,1.8916666666666668,24,24,24
20240523,서대문구,2024052220,26.0,16.0,70.20833333333333,0.0,1.8916666666666668,24,24,24
20240523,서초구,2024052220,27.0,16.0,68.125,0.0,1.8458333333333332,24,24,24
20240523,성동구,2024052220,27.0,16.0,65.0,0.0,1.8541666666666667,24,24,24
20240523,성북구,2024052220,24.0,13.0,68.33333333333333,0.0,1.8416666666666668,24,24,24
20240523,송파구,2024052220,27.0,16.0,64.58333333333333,0.0,1.8666666666666665,24,24,24
20240523,양천구,2024052220,25.0,16.0,70.0,0.0,1.8916666666666664,24,24,24
20240523,영등포구,2024052220,26.0,16.0,69.16666666666667,0.0,1.8791666666666669,24,24,24
20240523,용산구,2024052220,26.0,16.0,68.33333333333333,0.0,1.8583333333333336,24,24,24
20240523,은평구,2024052220,27.0,15.0,72.70833333333333,0.0,1.8916666666666664,24,24,24
20240523,종로구,2024052220,26.0,16.0,67.91666666666667,0.0,1.8374999999999997,24,24,24
20240523,중구,2024052220,26.0,16.0,67.91666666666667,0.0,1.8374999999999997,24,24,24
20240523,중랑구,2024052220,27.0,16.0,63.75,0.0,1.8625,24,24,24
20240524,강남구,2024052320,26.0,16.0,77.70833333333333,30.0,0.7875,24,24,24
20240524,강동구,2024052320,25.0,15.0,75.0,30.0,0.7875,24,24,24
20240524,강북구,2024052320,22.0,14.0,78.125,30.0,0.775,24,24,24
20240524,강서구,2024052320,25.0,15.0,81.04166666666667,30.0,0.8333333333333334,24,24,24
20240524,관악구,2024052320,25.0,16.0,78.33333333333333,30.0,0.875,24,24,24
20240524,광진구,2024052320,25.0,16.0,73.125,30.0,0.7541666666666668,24,24,24
20240524,구로구,2024052320,25.0,16.0,76.04166666666667,30.0,0.9666666666666668,24,24,24
20240524,금천구,2024052320,24.0,15.0,81.45833333333333,30.0,0.9625,24,24,24
20240524,노원구,2024052320,24.0,15.0,79.79166666666667,30.0,0.8041666666666666,24,24,24
20240524,도봉구,2024052320,24.0,15.0,79.79166666666667,30.0,0.8041666666666666,24,24,24
20240524,동대문구,2024052320,25.0,17.0,75.83333333333333,30.0,0.7583333333333334,24,24,24
20240524,동작구,2024052320,25.0,16.0,78.33333333333333,30.0,0.875,24,24,24
20240524,마포구,2024052320,25.0,16.0,77.70833333333333,30.0,0.7625000000000001,24,24,24
20240524,서대문구,2024052320,25.0,16.0,77.70833333333333,30.0,0.7625000000000001,24,24,24
20240524,서초구,2024052320,26.0,16.0,77.70833333333333,30.0,0.7875,24,24,24
20240524,성동구,2024052320,25.0,16.0,76.25,30.0,0.7541666666666668,24,24,24
20240524,성북구,2024052320,22.0,14.0,78.125,30.0,0.775,24,24,24
20240524,송파구,2024052320,26.0,16.0,74.58333333333333,30.0,0.7625000000000001,24,24,24
20240524,양천구,2024052320,25.0,16.0,77.08333333333333,30.0,0.8333333333333334,24,24,24
20240524,영등포구,2024052320,25.0,16.0,77.29166666666667,30.0,0.8125,24,24,24
20240524,용산구,2024052320,25.0,16.0,76.875,30.0,0.7916666666666666,24,24,24
20240524,은평구,2024052320,25.0,15.0,81.04166666666667,30.0,0.7749999999999999,24,24,24
20240524,종로구,2024052320,25.0,16.0,76.66666666666667,30.0,0.7583333333333334,24,24,24
20240524,중구,2024052320,25.0,16.0,76.66666666666667,30.0,0.7583333333333334,24,24,24
20240524,중랑구,2024052320,25.0,16.0,74.58333333333333,30.0,0.7625000000000001,24,24,24
20240525,강남구,2024052420,24.0,18.0,61.458333333333336,30.0,1.825,24,24,24
20240525,강동구,2024052420,23.0,18.0,59.791666666666664,30.0,1.8416666666666668,24,24,24
20240525,강북구,2024052420,21.0,15.0,63.75,30.0,1.8541666666666667,24,24,24
20240525,강서구,2024052420,23.0,17.0,66.66666666666667,30.0,1.8458333333333332,24,24,24
20240525,관악구,2024052420,23.0,18.0,63.541666666666664,30.0,1.7958333333333334,24,24,24
20240525,광진구,2024052420,23.0,18.0,58.125,30.0,1.8333333333333333,24,24,24
20240525,구로구,2024052420,23.0,19.0,61.041666666666664,30.0,1.7458333333333336,24,24,24
20240525,금천구,2024052420,23.0,17.0,66.66666666666667,30.0,1.7833333333333332,24,24,24
20240525,노원구,2024052420,22.0,16.0,66.45833333333333,30.0,1.8916666666666668,24,24,24
20240525,도봉구,2024052420,22.0,16.0,66.45833333333333,30.0,1.8916666666666668,24,24,24
20240525,동대문구,2024052420,23.0,18.0,60.416666666666664,30.0,1.8541666666666667,24,24,24
20240525,동작구,2024052420,23.0,18.0,63.541666666666664,30.0,1.7958333333333334,24,24,24
20240525,마포구,2024052420,23.0,18.0,63.125,30.0,1.8333333333333333,24,24,24
20240525,서대문구,2024052420,23.0,18.0,63.125,30.0,1.8333333333333333,24,24,24
20240525,서초구,2024052420,24.0,18.0,61.458333333333336,30.0,1.825,24,24,24
20240525,성동구,2024052420,24.0,18.0,60.0,30.0,1.8333333333333333,24,24,24
20240525,성북구,2024052420,21.0,15.0,63.75,30.0,1.8541666666666667,24,24,24
20240525,송파구,2024052420,24.0,19.0,58.75,30.0,1.8458333333333332,24,24,24
20240525,양천구,2024052420,23.0,18.0,62.083333333333336,30.0,1.7875,24,24,24
20240525,영등포구,2024052420,23.0,18.0,61.666666666666664,30.0,1.8083333333333331,24,24,24
20240525,용산구,2024052420,23.0,18.0,61.458333333333336,30.0,1.8208333333333335,24,24,24
20240525,은평구,2024052420,23.0,17.0,67.08333333333333,30.0,1.8708333333333331,24,24,24
20240525,종로구,2024052420,23.0,18.0,62.708333333333336,30.0,1.8333333333333333,24,24,24
20240525,중구,2024052420,23.0,18.0,62.708333333333336,30.0,1.8333333333333333,24,24,24
20240525,중랑구,2024052420,23.0,18.0,59.375,30.0,1.8416666666666663,24,24,24
20240526,강남구,2024052520,25.0,18.0,67.08333333333333,94.0,3.6875,24,24,24
20240526,강동구,2024052520,24.0,17.0,64.79166666666667,79.0,3.4,24,24,24
20240526,강북구,2024052520,22.0,15.0,70.625,100.0,3.358333333333333,24,24,24
20240526,강서구,2024052520,24.0,17.0,72.91666666666667,100.0,4.175,24,24,24
20240526,관악구,2024052520,24.0,18.0,70.20833333333333,100.0,3.8333333333333335,24,24,24
20240526,광진구,2024052520,24.0,18.0,65.41666666666667,85.0,3.4166666666666665,24,24,24
20240526,구로구,2024052520,25.0,19.0,66.66666666666667,100.0,4.05,24,24,24
20240526,금천구,2024052520,24.0,17.0,71.875,100.0,4.0249999999999995,24,24,24
20240526,노원구,2024052520,24.0,16.0,71.25,99.0,3.2625000000000006,24,24,24
20240526,도봉구,2024052520,24.0,16.0,71.25,99.0,3.2625000000000006,24,24,24
20240526,동대문구,2024052520,24.0,18.0,67.08333333333333,94.0,3.3125,24,24,24
20240526,동작구,2024052520,24.0,18.0,70.20833333333333,100.0,3.8333333333333335,24,24,24
20240526,마포구,2024052520,24.0,18.0,69.79166666666667,97.0,3.545833333333333,24,24,24
20240526,서대문구,2024052520,24.0,18.0,69.79166666666667,97.0,3.545833333333333,24,24,24
20240526,서초구,2024052520,25.0,18.0,67.08333333333333,94.0,3.6875,24,24,24
20240526,성동구,2024052520,25.0,18.0,67.5,90.0,3.475,24,24,24
20240526,성북구,2024052520,22.0,15.0,70.625,100.0,3.358333333333333,24,24,24
20240526,송파구,2024052520,25.0,18.0,65.41666666666667,85.0,3.6124999999999994,24,24,24
20240526,양천구,2024052520,24.0,18.0,68.75,96.0,3.908333333333333,24,24,24
20240526,영등포구,2024052520,24.0,18.0,69.375,95.0,3.6375,24,24,24
20240526,용산구,2024052520,24.0,18.0,69.16666666666667,94.0,3.5208333333333335,24,24,24
20240526,은평구,2024052520,24.0,17.0,73.33333333333333,100.0,3.4625,24,24,24
20240526,종로구,2024052520,24.0,18.0,71.66666666666667,100.0,3.4250000000000003,24,24,24
20240526,중구,2024052520,24.0,18.0,71.66666666666667,100.0,3.4250000000000003,24,24,24
20240526,중랑구,2024052520,24.0,18.0,65.41666666666667,87.0,3.3208333333333333,24,24,24
20240527,강남구,2024052620,23.0,14.0,63.333333333333336,30.0,2.845833333333333,24,24,24
20240527,강동구,2024052620,23.0,14.0,62.083333333333336,30.0,2.9583333333333335,24,24,24
20240527,강북구,2024052620,21.0,11.0,64.79166666666667,30.0,2.7999999999999994,24,24,24
20240527,강서구,2024052620,23.0,14.0,66.04166666666667,30.0,2.9791666666666665,24,24,24
20240527,관악구,2024052620,23.0,14.0,63.958333333333336,30.0,2.841666666666667,24,24,24
20240527,광진구,2024052620,23.0,15.0,60.416666666666664,30.0,2.8874999999999997,24,24,24
20240527,구로구,2024052620,23.0,14.0,60.416666666666664,30.0,2.8666666666666667,24,24,24
20240527,금천구,2024052620,22.0,14.0,67.29166666666667,30.0,2.8791666666666664,24,24,24
20240527,노원구,2024052620,22.0,13.0,66.25,30.0,2.866666666666667,24,24,24
20240527,도봉구,2024052620,22.0,13.0,66.25,30.0,2.866666666666667,24,24,24
20240527,동대문구,2024052620,23.0,15.0,61.666666666666664,30.0,2.8250000000000006,24,24,24
20240527,동작구,2024052620,23.0,14.0,63.958333333333336,30.0,2.841666666666667,24,24,24
20240527,마포구,2024052620,23.0,14.0,63.958333333333336,30.0,2.8249999999999997,24,24,24
20240527,서대문구,2024052620,23.0,14.0,63.958333333333336,30.0,2.8249999999999997,24,24,24
20240527,서초구,2024052620,23.0,14.0,63.333333333333336,30.0,2.845833333333333,24,24,24
20240527,성동구,2024052620,23.0,14.0,62.708333333333336,30.0,2.8541666666666665,24,24,24
20240527,성북구,2024052620,21.0,11.0,64.79166666666667,30.0,2.7999999999999994,24,24,24
20240527,송파구,2024052620,23.0,15.0,61.875,30.0,2.9041666666666663,24,24,24
20240527,양천구,2024052620,23.0,15.0,62.291666666666664,30.0,2.85,24,24,24
20240527,영등포구,2024052620,23.0,15.0,63.125,30.0,2.8208333333333333,24,24,24
20240527,용산구,2024052620,23.0,14.0,63.125,30.0,2.8083333333333336,24,24,24
20240527,은평구,2024052620,23.0,13.0,66.04166666666667,30.0,2.829166666666667,24,24,24
20240527,종로구,2024052620,23.0,14.0,63.958333333333336,30.0,2.775,24,24,24
20240527,중구,2024052620,23.0,14.0,63.958333333333336,30.0,2.775,24,24,24
20240527,중랑구,2024052620,23.0,14.0,61.25,30.0,2.9166666666666665,24,24,24
20240528,강남구,2024052720,26.0,14.0,56.458333333333336,20.0,2.2666666666666666,24,24,24
20240528,강동구,2024052720,25.0,14.0,55.208333333333336,20.0,2.266666666666667,24,24,24
20240528,강북구,2024052720,23.0,11.0,55.208333333333336,30.0,2.1,24,24,24
20240528,강서구,2024052720,26.0,13.0,59.791666666666664,20.0,2.2874999999999996,24,24,24
20240528,관악구,2024052720,26.0,14.0,56.875,30.0,2.254166666666667,24,24,24
20240528,광진구,2024052720,25.0,15.0,52.708333333333336,20.0,2.2375000000000003,24,24,24
20240528,구로구,2024052720,26.0,15.0,53.75,30.0,2.245833333333333,24,24,24
20240528,금천구,2024052720,25.0,13.0,60.625,20.0,2.225,24,24,24
20240528,노원구,2024052720,25.0,13.0,57.291666666666664,30.0,2.120833333333333,24,24,24
20240528,도봉구,2024052720,25.0,13.0,57.291666666666664,30.0,2.120833333333333,24,24,24
20240528,동대문구,2024052720,25.0,15.0,52.916666666666664,30.0,2.1791666666666667,24,24,24
20240528,동작구,2024052720,26.0,14.0,56.875,30.0,2.254166666666667,24,24,24
20240528,마포구,2024052720,26.0,14.0,55.0,30.0,2.1625,24,24,24
20240528,서대문구,2024052720,26.0,14.0,55.0,30.0,2.1625,24,24,24
20240528,서초구,2024052720,26.0,14.0,56.458333333333336,20.0,2.2666666666666666,24,24,24
20240528,성동구,2024052720,25.0,14.0,54.791666666666664,30.0,2.220833333333333,24,24,24
20240528,성북구,2024052720,23.0,11.0,55.208333333333336,30.0,2.1,24,24,24
20240528,송파구,2024052720,25.0,15.0,55.208333333333336,20.0,2.2541666666666664,24,24,24
20240528,양천구,2024052720,26.0,14.0,55.208333333333336,30.0,2.2291666666666665,24,24,24
20240528,영등포구,2024052720,26.0,14.0,54.583333333333336,30.0,2.2125,24,24,24
20240528,용산구,2024052720,25.0,15.0,55.416666666666664,30.0,2.2083333333333335,24,24,24
20240528,은평구,2024052720,26.0,13.0,58.333333333333336,30.0,2.1374999999999997,24,24,24
20240528,종로구,2024052720,26.0,14.0,54.791666666666664,30.0,2.1458333333333335,24,24,24
20240528,중구,2024052720,26.0,14.0,54.791666666666664,30.0,2.1458333333333335,24,24,24
20240528,중랑구,2024052720,25.0,14.0,53.75,20.0,2.2125,24,24,24
20240529,강남구,2024052820,28.0,15.0,55.0,0.0,1.7000000000000002,24,24,24
20240529,강동구,2024052820,28.0,14.0,52.916666666666664,0.0,1.6333333333333335,24,24,24
20240529,강북구,2024052820,25.0,13.0,52.5,0.0,1.6708333333333334,24,24,24
20240529,강서구,2024052820,27.0,14.0,60.208333333333336,0.0,1.8541666666666667,24,24,24
20240529,관악구,2024052820,27.0,15.0,56.666666666666664,0.0,1.7583333333333335,24,24,24
20240529,광진구,2024052820,27.0,16.0,50.208333333333336,0.0,1.6708333333333334,24,24,24
20240529,구로구,2024052820,27.0,16.0,55.833333333333336,0.0,1.7916666666666667,24,24,24
20240529,금천구,2024052820,26.0,14.0,60.208333333333336,0.0,1.7291666666666667,24,24,24
20240529,노원구,2024052820,27.0,14.0,53.75,0.0,1.6166666666666665,24,24,24
20240529,도봉구,2024052820,27.0,14.0,53.75,0.0,1.6166666666666665,24,24,24
20240529,동대문구,2024052820,27.0,16.0,50.416666666666664,0.0,1.6708333333333332,24,24,24
20240529,동작구,2024052820,27.0,15.0,56.666666666666664,0.0,1.7583333333333335,24,24,24
20240529,마포구,2024052820,27.0,15.0,53.958333333333336,0.0,1.7291666666666667,24,24,24
20240529,서대문구,2024052820,27.0,15.0,53.958333333333336,0.0,1.7291666666666667,24,24,24
20240529,서초구,2024052820,28.0,15.0,55.0,0.0,1.7000000000000002,24,24,24
20240529,성동구,2024052820,28.0,15.0,50.416666666666664,0.0,1.6958333333333335,24,24,24
20240529,성북구,2024052820,25.0,13.0,52.5,0.0,1.6708333333333334,24,24,24
20240529,송파구,2024052820,28.0,16.0,52.291666666666664,0.0,1.6708333333333334,24,24,24
20240529,양천구,2024052820,27.0,15.0,55.208333333333336,0.0,1.7958333333333336,24,24,24
20240529,영등포구,2024052820,27.0,16.0,54.166666666666664,0.0,1.75,24,24,24
20240529,용산구,2024052820,27.0,16.0,52.5,0.0,1.7375,24,24,24
20240529,은평구,2024052820,28.0,14.0,56.875,0.0,1.7208333333333332,24,24,24
20240529,종로구,2024052820,27.0,16.0,52.291666666666664,0.0,1.7041666666666668,24,24,24
20240529,중구,2024052820,27.0,16.0,52.291666666666664,0.0,1.7041666666666668,24,24,24
20240529,중랑구,2024052820,27.0,15.0,51.25,0.0,1.6416666666666666,24,24,24
20240530,강남구,2024052920,26.0,17.0,52.5,30.0,1.445833333333333,24,24,24
20240530,강동구,2024052920,26.0,16.0,50.625,30.0,1.4,24,24,24
20240530,강북구,2024052920,24.0,14.0,51.875,30.0,1.375,24,24,24
20240530,강서구,2024052920,25.0,16.0,59.791666666666664,30.0,1.4958333333333331,24,24,24
20240530,관악구,2024052920,26.0,16.0,55.208333333333336,30.0,1.4541666666666668,24,24,24
20240530,광진구,2024052920,26.0,17.0,47.916666666666664,30.0,1.4249999999999998,24,24,24
20240530,구로구,2024052920,26.0,17.0,52.708333333333336,30.0,1.4375,24,24,24
20240530,금천구,2024052920,25.0,15.0,58.125,30.0,1.4375,24,24,24
20240530,노원구,2024052920,26.0,15.0,53.541666666666664,30.0,1.3375,24,24,24
20240530,도봉구,2024052920,26.0,15.0,53.541666666666664,30.0,1.3375,24,24,24
20240530,동대문구,2024052920,26.0,17.0,48.333333333333336,30.0,1.3999999999999997,24,24,24
20240530,동작구,2024052920,26.0,16.0,55.208333333333336,30.0,1.4541666666666668,24,24,24
20240530,마포구,2024052920,26.0,17.0,53.125,30.0,1.4083333333333332,24,24,24
20240530,서대문구,2024052920,26.0,17.0,53.125,30.0,1.4083333333333332,24,24,24
20240530,서초구,2024052920,26.0,17.0,52.5,30.0,1.445833333333333,24,24,24
20240530,성동구,2024052920,26.0,17.0,47.916666666666664,30.0,1.4208333333333334,24,24,24
20240530,성북구,2024052920,24.0,14.0,51.875,30.0,1.375,24,24,24
20240530,송파구,2024052920,27.0,17.0,49.375,30.0,1.4333333333333331,24,24,24
20240530,양천구,2024052920,26.0,17.0,53.75,30.0,1.425,24,24,24
20240530,영등포구,2024052920,26.0,17.0,53.125,30.0,1.425,24,24,24
20240530,용산구,2024052920,26.0,17.0,52.5,30.0,1.4375,24,24,24
20240530,은평구,2024052920,26.0,15.0,55.833333333333336,30.0,1.3916666666666668,24,24,24
20240530,종로구,2024052920,26.0,17.0,50.416666666666664,30.0,1.4166666666666667,24,24,24
20240530,중구,2024052920,26.0,17.0,50.416666666666664,30.0,1.4166666666666667,24,24,24
20240530,중랑구,2024052920,26.0,16.0,48.75,30.0,1.3875,24,24,24
20240531,강남구,2024053020,27.0,17.0,58.125,30.0,1.9708333333333332,24,24,24
20240531,강동구,2024053020,27.0,16.0,55.625,30.0,1.9625,24,24,24
20240531,강북구,2024053020,24.0,14.0,58.958333333333336,30.0,1.9083333333333337,24,24,24
20240531,강서구,2024053020,26.0,15.0,67.5,30.0,2.125,24,24,24
20240531,관악구,2024053020,26.0,16.0,63.125,30.0,2.0124999999999997,24,24,24
20240531,광진구,2024053020,27.0,17.0,53.541666666666664,30.0,1.9583333333333333,24,24,24
20240531,구로구,2024053020,25.0,17.0,62.083333333333336,30.0,2.0541666666666667,24,24,24
20240531,금천구,2024053020,25.0,15.0,66.04166666666667,30.0,2.0208333333333335,24,24,24
20240531,노원구,2024053020,26.0,15.0,59.583333333333336,30.0,1.8875,24,24,24
20240531,도봉구,2024053020,26.0,15.0,59.583333333333336,30.0,1.8875,24,24,24
20240531,동대문구,2024053020,27.0,17.0,54.583333333333336,30.0,1.9125000000000003,24,24,24
20240531,동작구,2024053020,26.0,16.0,63.125,30.0,2.0124999999999997,24,24,24
20240531,마포구,2024053020,26.0,16.0,61.666666666666664,30.0,1.9750000000000003,24,24,24
20240531,서대문구,2024053020,26.0,16.0,61.666666666666664,30.0,1.9750000000000003,24,24,24
20240531,서초구,2024053020,27.0,17.0,58.125,30.0,1.9708333333333332,24,24,24
20240531,성동구,2024053020,27.0,17.0,53.333333333333336,30.0,1.95,24,24,24
20240531,성북구,2024053020,24.0,14.0,58.958333333333336,30.0,1.9083333333333337,24,24,24
20240531,송파구,2024053020,27.0,17.0,54.166666666666664,30.0,1.9833333333333332,24,24,24
20240531,양천구,2024053020,25.0,16.0,62.083333333333336,30.0,2.033333333333333,24,24,24
20240531,영등포구,2024053020,26.0,17.0,61.041666666666664,30.0,2.0,24,24,24
20240531,용산구,2024053020,26.0,17.0,58.958333333333336,30.0,1.9708333333333332,24,24,24
20240531,은평구,2024053020,26.0,15.0,63.541666666666664,30.0,1.95,24,24,24
20240531,종로구,2024053020,26.0,17.0,58.333333333333336,30.0,1.9208333333333336,24,24,24
20240531,중구,2024053020,26.0,17.0,58.333333333333336,30.0,1.9208333333333336,24,24,24
20240531,중랑구,2024053020,27.0,17.0,54.583333333333336,30.0,1.929166666666667,24,24,24
20240601,강남구,2024053120,27.0,17.0,60.416666666666664,60.0,2.4583333333333335,24,24,24
20240601,강동구,2024053120,26.0,17.0,60.833333333333336,60.0,2.4208333333333334,24,24,24
20240601,강북구,2024053120,24.0,14.0,61.875,60.0,2.375,24,24,24
20240601,강서구,2024053120,27.0,16.0,61.875,60.0,2.6916666666666664,24,24,24
20240601,관악구,2024053120,27.0,16.0,60.416666666666664,60.0,2.525,24,24,24
20240601,광진구,2024053120,27.0,17.0,58.541666666666664,60.0,2.4125,24,24,24
20240601,구로구,2024053120,27.0,17.0,55.833333333333336,60.0,2.5666666666666664,24,24,24
20240601,금천구,2024053120,26.0,16.0,62.5,30.0,2.5166666666666666,24,24,24
20240601,노원구,2024053120,26.0,16.0,63.541666666666664,60.0,2.341666666666667,24,24,24
20240601,도봉구,2024053120,26.0,16.0,63.541666666666664,60.0,2.341666666666667,24,24,24
20240601,동대문구,2024053120,27.0,17.0,59.375,60.0,2.3958333333333335,24,24,24
20240601,동작구,2024053120,27.0,16.0,60.416666666666664,60.0,2.525,24,24,24
20240601,마포구,2024053120,27.0,16.0,60.625,60.0,2.4791666666666665,24,24,24
20240601,서대문구,2024053120,27.0,16.0,60.625,60.0,2.4791666666666665,24,24,24
20240601,서초구,2024053120,27.0,17.0,60.416666666666664,60.0,2.4583333333333335,24,24,24
20240601,성동구,2024053120,27.0,17.0,60.208333333333336,60.0,2.441666666666667,24,24,24
20240601,성북구,2024053120,24.0,14.0,61.875,60.0,2.375,24,24,24
20240601,송파구,2024053120,27.0,17.0,58.75,60.0,2.4416666666666664,24,24,24
20240601,양천구,2024053120,27.0,16.0,58.333333333333336,60.0,2.5500000000000003,24,24,24
20240601,영등포구,2024053120,27.0,16.0,59.583333333333336,60.0,2.495833333333333,24,24,24
20240601,용산구,2024053120,27.0,17.0,60.208333333333336,60.0,2.4583333333333335,24,24,24
20240601,은평구,2024053120,27.0,16.0,62.916666666666664,60.0,2.470833333333333,24,24,24
20240601,종로구,2024053120,27.0,16.0,61.041666666666664,60.0,2.3958333333333335,24,24,24
20240601,중구,2024053120,27.0,16.0,61.041666666666664,60.0,2.3958333333333335,24,24,24
20240601,중랑구,2024053120,27.0,17.0,59.166666666666664,60.0,2.4083333333333337,24,24,24
20240602,강남구,2024060120,27.0,15.0,52.083333333333336,30.0,1.9791666666666667,24,24,24
20240602,강동구,2024060120,27.0,15.0,51.666666666666664,30.0,2.025,24,24,24
20240602,강북구,2024060120,25.0,12.0,53.958333333333336,30.0,1.9666666666666668,24,24,24
20240602,강서구,2024060120,27.0,14.0,56.458333333333336,30.0,1.9333333333333331,24,24,24
20240602,관악구,2024060120,27.0,15.0,53.333333333333336,30.0,1.9708333333333337,24,24,24
20240602,광진구,2024060120,27.0,16.0,48.75,30.0,1.9791666666666667,24,24,24
20240602,구로구,2024060120,27.0,15.0,50.833333333333336,30.0,1.95,24,24,24
20240602,금천구,2024060120,26.0,14.0,55.833333333333336,30.0,1.9791666666666667,24,24,24
20240602,노원구,2024060120,26.0,14.0,56.666666666666664,30.0,1.991666666666667,24,24,24
20240602,도봉구,2024060120,26.0,14.0,56.666666666666664,30.0,1.991666666666667,24,24,24
20240602,동대문구,2024060120,27.0,16.0,51.041666666666664,30.0,1.9624999999999997,24,24,24
20240602,동작구,2024060120,27.0,15.0,53.333333333333336,30.0,1.9708333333333337,24,24,24
20240602,마포구,2024060120,28.0,15.0,52.708333333333336,30.0,1.9166666666666667,24,24,24
20240602,서대문구,2024060120,28.0,15.0,52.708333333333336,30.0,1.9166666666666667,24,24,24
20240602,서초구,2024060120,27.0,15.0,52.083333333333336,30.0,1.9791666666666667,24,24,24
20240602,성동구,2024060120,27.0,16.0,48.75,30.0,1.9583333333333333,24,24,24
20240602,성북구,2024060120,25.0,12.0,53.958333333333336,30.0,1.9666666666666668,24,24,24
20240602,송파구,2024060120,27.0,16.0,48.958333333333336,30.0,1.975,24,24,24
20240602,양천구,2024060120,27.0,15.0,52.083333333333336,30.0,1.9125,24,24,24
20240602,영등포구,2024060120,27.0,15.0,52.5,30.0,1.9291666666666665,24,24,24
20240602,용산구,2024060120,27.0,16.0,51.666666666666664,30.0,1.9541666666666668,24,24,24
20240602,은평구,2024060120,28.0,14.0,56.041666666666664,30.0,1.9375,24,24,24
20240602,종로구,2024060120,27.0,16.0,53.125,30.0,1.95,24,24,24
20240602,중구,2024060120,27.0,16.0,53.125,30.0,1.95,24,24,24
20240602,중랑구,2024060120,27.0,15.0,51.458333333333336,30.0,1.9833333333333332,24,24,24
20240603,강남구,2024060220,28.0,16.0,53.75,0.0,1.9666666666666668,24,24,24
20240603,강동구,2024060220,27.0,15.0,54.166666666666664,0.0,2.0125,24,24,24
20240603,강북구,2024060220,25.0,13.0,54.583333333333336,0.0,1.9166666666666667,24,24,24
20240603,강서구,2024060220,28.0,15.0,56.875,0.0,1.875,24,24,24
20240603,관악구,2024060220,28.0,16.0,54.375,0.0,1.8791666666666669,24,24,24
20240603,광진구,2024060220,27.0,16.0,51.041666666666664,0.0,1.9916666666666665,24,24,24
20240603,구로구,2024060220,28.0,16.0,50.416666666666664,0.0,1.8083333333333331,24,24,24
20240603,금천구,2024060220,27.0,14.0,56.666666666666664,0.0,1.8291666666666668,24,24,24
20240603,노원구,2024060220,27.0,14.0,56.666666666666664,0.0,1.9875,24,24,24
20240603,도봉구,2024060220,27.0,14.0,56.666666666666664,0.0,1.9875,24,24,24
20240603,동대문구,2024060220,27.0,16.0,52.5,0.0,1.9833333333333336,24,24,24
20240603,동작구,2024060220,28.0,16.0,54.375,0.0,1.8791666666666669,24,24,24
20240603,마포구,2024060220,28.0,16.0,53.541666666666664,0.0,1.8875,24,24,24
20240603,서대문구,2024060220,28.0,16.0,53.541666666666664,0.0,1.8875,24,24,24
20240603,서초구,2024060220,28.0,16.0,53.75,0.0,1.9666666666666668,24,24,24
20240603,성동구,2024060220,28.0,16.0,51.875,0.0,1.9791666666666667,24,24,24
20240603,성북구,2024060220,25.0,13.0,54.583333333333336,0.0,1.9166666666666667,24,24,24
20240603,송파구,2024060220,28.0,16.0,51.458333333333336,0.0,1.9833333333333332,24,24,24
20240603,양천구,2024060220,28.0,16.0,51.666666666666664,0.0,1.8458333333333332,24,24,24
20240603,영등포구,2024060220,28.0,16.0,52.5,0.0,1.8833333333333335,24,24,24
20240603,용산구,2024060220,28.0,16.0,52.916666666666664,0.0,1.9416666666666664,24,24,24
20240603,은평구,2024060220,28.0,15.0,57.083333333333336,0.0,1.8916666666666668,24,24,24
20240603,종로구,2024060220,28.0,16.0,54.791666666666664,0.0,1.9291666666666665,24,24,24
20240603,중구,2024060220,28.0,16.0,54.791666666666664,0.0,1.9291666666666665,24,24,24
20240603,중랑구,2024060220,27.0,16.0,52.291666666666664,0.0,2.016666666666667,24,24,24
20240604,강남구,2024060320,30.0,16.0,49.166666666666664,0.0,1.2416666666666667,24,24,24
20240604,강동구,2024060320,29.0,15.0,49.375,0.0,1.2208333333333332,24,24,24
20240604,강북구,2024060320,27.0,13.0,49.166666666666664,0.0,1.3,24,24,24
20240604,강서구,2024060320,29.0,15.0,52.916666666666664,0.0,1.3500000000000003,24,24,24
20240604,관악구,2024060320,29.0,16.0,49.583333333333336,0.0,1.3125,24,24,24
20240604,광진구,2024060320,29.0,16.0,45.625,0.0,1.2166666666666666,24,24,24
20240604,구로구,2024060320,29.0,17.0,47.083333333333336,0.0,1.3416666666666666,24,24,24
20240604,금천구,2024060320,28.0,14.0,53.541666666666664,0.0,1.3166666666666669,24,24,24
20240604,노원구,2024060320,29.0,14.0,52.5,0.0,1.304166666666667,24,24,24
20240604,도봉구,2024060320,29.0,14.0,52.5,0.0,1.304166666666667,24,24,24
20240604,동대문구,2024060320,29.0,16.0,46.875,0.0,1.2625,24,24,24
20240604,동작구,2024060320,29.0,16.0,49.583333333333336,0.0,1.3125,24,24,24
20240604,마포구,2024060320,29.0,16.0,48.75,0.0,1.2958333333333334,24,24,24
20240604,서대문구,2024060320,29.0,16.0,48.75,0.0,1.2958333333333334,24,24,24
20240604,서초구,2024060320,30.0,16.0,49.166666666666664,0.0,1.2416666666666667,24,24,24
20240604,성동구,2024060320,29.0,16.0,47.708333333333336,0.0,1.2541666666666669,24,24,24
20240604,성북구,2024060320,27.0,13.0,49.166666666666664,0.0,1.3,24,24,24
20240604,송파구,2024060320,29.0,16.0,47.083333333333336,0.0,1.2041666666666666,24,24,24
20240604,양천구,2024060320,29.0,16.0,47.916666666666664,0.0,1.3041666666666665,24,24,24
20240604,영등포구,2024060320,29.0,16.0,47.708333333333336,0.0,1.2875,24,24,24
20240604,용산구,2024060320,29.0,16.0,48.125,0.0,1.2875,24,24,24
20240604,은평구,2024060320,30.0,14.0,52.291666666666664,0.0,1.3083333333333331,24,24,24
20240604,종로구,2024060320,29.0,16.0,49.166666666666664,0.0,1.3041666666666667,24,24,24
20240604,중구,2024060320,29.0,16.0,49.166666666666664,0.0,1.3041666666666667,24,24,24
20240604,중랑구,2024060320,29.0,15.0,48.125,0.0,1.2333333333333334,24,24,24
20240605,강남구,2024060420,31.0,17.0,51.458333333333336,20.0,1.0083333333333335,24,24,24
20240605,강동구,2024060420,31.0,17.0,51.041666666666664,30.0,1.0166666666666666,24,24,24
20240605,강북구,2024060420,29.0,15.0,52.708333333333336,0.0,1.0291666666666666,24,24,24
20240605,강서구,2024060420,30.0,17.0,60.208333333333336,0.0,1.2333333333333334,24,24,24
20240605,관악구,2024060420,30.0,18.0,54.583333333333336,0.0,1.1625,24,24,24
20240605,광진구,2024060420,31.0,18.0,48.125,20.0,0.9791666666666666,24,24,24
20240605,구로구,2024060420,30.0,18.0,53.958333333333336,0.0,1.2125,24,24,24
20240605,금천구,2024060420,30.0,16.0,59.166666666666664,0.0,1.1666666666666667,24,24,24
20240605,노원구,2024060420,30.0,16.0,54.166666666666664,0.0,0.9875,24,24,24
20240605,도봉구,2024060420,30.0,16.0,54.166666666666664,0.0,0.9875,24,24,24
20240605,동대문구,2024060420,31.0,18.0,48.541666666666664,0.0,0.975,24,24,24
20240605,동작구,2024060420,30.0,18.0,54.583333333333336,0.0,1.1625,24,24,24
20240605,마포구,2024060420,31.0,18.0,52.708333333333336,0.0,1.0833333333333333,24,24,24
20240605,서대문구,2024060420,31.0,18.0,52.708333333333336,0.0,1.0833333333333333,24,24,24
20240605,서초구,2024060420,31.0,17.0,51.458333333333336,20.0,1.0083333333333335,24,24,24
20240605,성동구,2024060420,31.0,18.0,48.125,20.0,1.0083333333333333,24,24,24
20240605,성북구,2024060420,29.0,15.0,52.708333333333336,0.0,1.0291666666666666,24,24,24
20240605,송파구,2024060420,31.0,18.0,48.75,20.0,0.9958333333333332,24,24,24
20240605,양천구,2024060420,30.0,18.0,53.541666666666664,0.0,1.175,24,24,24
20240605,영등포구,2024060420,31.0,18.0,52.291666666666664,0.0,1.1166666666666667,24,24,24
20240605,용산구,2024060420,31.0,18.0,51.041666666666664,0.0,1.0833333333333337,24,24,24
20240605,은평구,2024060420,31.0,16.0,56.666666666666664,0.0,1.0708333333333333,24,24,24
20240605,종로구,2024060420,31.0,18.0,51.666666666666664,0.0,1.0416666666666667,24,24,24
20240605,중구,2024060420,31.0,18.0,51.666666666666664,0.0,1.0416666666666667,24,24,24
20240605,중랑구,2024060420,31.0,17.0,48.958333333333336,20.0,0.9416666666666664,24,24,24
20240606,강남구,2024060520,31.0,19.0,53.75,0.0,1.4583333333333333,24,24,24
20240606,강동구,2024060520,30.0,18.0,52.291666666666664,20.0,1.4666666666666668,24,24,24
20240606,강북구,2024060520,28.0,16.0,53.958333333333336,0.0,1.3500000000000003,24,24,24
20240606,강서구,2024060520,30.0,18.0,63.125,0.0,1.5125,24,24,24
20240606,관악구,2024060520,30.0,19.0,58.125,0.0,1.4875,24,24,24
20240606,광진구,2024060520,30.0,19.0,50.0,0.0,1.4333333333333336,24,24,24
20240606,구로구,2024060520,30.0,19.0,58.125,0.0,1.5208333333333333,24,24,24
20240606,금천구,2024060520,29.0,17.0,62.708333333333336,0.0,1.4583333333333333,24,24,24
20240606,노원구,2024060520,30.0,17.0,55.625,20.0,1.2583333333333333,24,24,24
20240606,도봉구,2024060520,30.0,17.0,55.625,20.0,1.2583333333333333,24,24,24
20240606,동대문구,2024060520,31.0,19.0,50.833333333333336,0.0,1.3708333333333336,24,24,24
20240606,동작구,2024060520,30.0,19.0,58.125,0.0,1.4875,24,24,24
20240606,마포구,2024060520,31.0,19.0,56.458333333333336,0.0,1.4083333333333332,24,24,24
20240606,서대문구,2024060520,31.0,19.0,56.458333333333336,0.0,1.4083333333333332,24,24,24
20240606,서초구,2024060520,31.0,19.0,53.75,0.0,1.4583333333333333,24,24,24
20240606,성동구,2024060520,31.0,19.0,50.416666666666664,0.0,1.4083333333333332,24,24,24
20240606,성북구,2024060520,28.0,16.0,53.958333333333336,0.0,1.3500000000000003,24,24,24
20240606,송파구,2024060520,31.0,19.0,51.458333333333336,0.0,1.4458333333333335,24,24,24
20240606,양천구,2024060520,30.0,19.0,57.916666666666664,0.0,1.4916666666666665,24,24,24
20240606,영등포구,2024060520,30.0,19.0,56.458333333333336,0.0,1.4624999999999997,24,24,24
20240606,용산구,2024060520,30.0,19.0,54.166666666666664,0.0,1.4500000000000002,24,24,24
20240606,은평구,2024060520,31.0,18.0,58.75,0.0,1.3833333333333335,24,24,24
20240606,종로구,2024060520,30.0,19.0,52.083333333333336,0.0,1.3875000000000002,24,24,24
20240606,중구,2024060520,30.0,19.0,52.083333333333336,0.0,1.3875000000000002,24,24,24
20240606,중랑구,2024060520,30.0,19.0,51.041666666666664,0.0,1.3916666666666668,24,24,24
20240607,강남구,2024060620,29.0,17.0,58.333333333333336,30.0,1.2875,24,24,24
20240607,강동구,2024060620,29.0,17.0,57.5,30.0,1.1166666666666665,24,24,24
20240607,강북구,2024060620,26.0,15.0,59.583333333333336,30.0,1.3625,24,24,24
20240607,강서구,2024060620,28.0,17.0,65.20833333333333,30.0,1.6458333333333333,24,24,24
20240607,관악구,2024060620,28.0,17.0,61.25,30.0,1.4541666666666666,24,24,24
20240607,광진구,2024060620,29.0,18.0,55.625,30.0,1.1875,24,24,24
20240607,구로구,2024060620,28.0,18.0,59.375,30.0,1.5333333333333332,24,24,24
20240607,금천구,2024060620,28.0,16.0,64.79166666666667,30.0,1.4166666666666667,24,24,24
20240607,노원구,2024060620,28.0,16.0,61.666666666666664,30.0,1.2083333333333333,24,24,24
20240607,도봉구,2024060620,28.0,16.0,61.666666666666664,30.0,1.2083333333333333,24,24,24
20240607,동대문구,2024060620,29.0,18.0,57.083333333333336,30.0,1.2583333333333335,24,24,24
20240607,동작구,2024060620,28.0,17.0,61.25,30.0,1.4541666666666666,24,24,24
20240607,마포구,2024060620,29.0,18.0,60.208333333333336,30.0,1.4541666666666668,24,24,24
20240607,서대문구,2024060620,29.0,18.0,60.208333333333336,30.0,1.4541666666666668,24,24,24
20240607,서초구,2024060620,29.0,17.0,58.333333333333336,30.0,1.2875,24,24,24
20240607,성동구,2024060620,29.0,18.0,56.041666666666664,30.0,1.3,24,24,24
20240607,성북구,2024060620,26.0,15.0,59.583333333333336,30.0,1.3625,24,24,24
20240607,송파구,2024060620,29.0,18.0,55.833333333333336,30.0,1.1958333333333335,24,24,24
20240607,양천구,2024060620,28.0,18.0,59.791666666666664,30.0,1.5333333333333332,24,24,24
20240607,영등포구,2024060620,29.0,18.0,59.166666666666664,30.0,1.4708333333333332,24,24,24
20240607,용산구,2024060620,29.0,18.0,58.75,30.0,1.3999999999999997,24,24,24
20240607,은평구,2024060620,29.0,17.0,63.333333333333336,30.0,1.4416666666666669,24,24,24
20240607,종로구,2024060620,29.0,18.0,58.333333333333336,30.0,1.375,24,24,24
20240607,중구,2024060620,29.0,18.0,58.333333333333336,30.0,1.375,24,24,24
20240607,중랑구,2024060620,29.0,18.0,56.458333333333336,30.0,1.175,24,24,24
20240608,강남구,2024060720,26.0,18.0,75.625,68.0,1.2666666666666668,24,24,24
20240608,강동구,2024060720,25.0,18.0,75.83333333333333,65.0,1.2,24,24,24
20240608,강북구,2024060720,23.0,15.0,78.54166666666667,63.0,1.2458333333333331,24,24,24
20240608,강서구,2024060720,25.0,18.0,80.625,65.0,1.4541666666666666,24,24,24
20240608,관악구,2024060720,25.0,18.0,77.5,68.0,1.3374999999999997,24,24,24
20240608,광진구,2024060720,25.0,18.0,73.95833333333333,69.0,1.2208333333333332,24,24,24
20240608,구로구,2024060720,25.0,19.0,73.54166666666667,67.0,1.3708333333333336,24,24,24
20240608,금천구,2024060720,24.0,18.0,80.20833333333333,66.0,1.3291666666666668,24,24,24
20240608,노원구,2024060720,25.0,17.0,80.83333333333333,67.0,1.2375,24,24,24
20240608,도봉구,2024060720,25.0,17.0,80.83333333333333,67.0,1.2375,24,24,24
20240608,동대문구,2024060720,25.0,19.0,75.625,70.0,1.2333333333333334,24,24,24
20240608,동작구,2024060720,25.0,18.0,77.5,68.0,1.3374999999999997,24,24,24
20240608,마포구,2024060720,25.0,18.0,77.70833333333333,62.0,1.3125,24,24,24
20240608,서대문구,2024060720,25.0,18.0,77.70833333333333,62.0,1.3125,24,24,24
20240608,서초구,2024060720,26.0,18.0,75.625,68.0,1.2666666666666668,24,24,24
20240608,성동구,2024060720,26.0,18.0,73.75,70.0,1.2541666666666669,24,24,24
20240608,성북구,2024060720,23.0,15.0,78.54166666666667,63.0,1.2458333333333331,24,24,24
20240608,송파구,2024060720,26.0,18.0,74.58333333333333,66.0,1.2416666666666665,24,24,24
20240608,양천구,2024060720,25.0,18.0,76.25,66.0,1.375,24,24,24
20240608,영등포구,2024060720,25.0,18.0,75.625,65.0,1.3250000000000002,24,24,24
20240608,용산구,2024060720,25.0,18.0,75.41666666666667,68.0,1.3041666666666667,24,24,24
20240608,은평구,2024060720,25.0,17.0,81.25,60.0,1.2875,24,24,24
20240608,종로구,2024060720,25.0,17.0,77.91666666666667,65.0,1.2666666666666668,24,24,24
20240608,중구,2024060720,25.0,17.0,77.91666666666667,65.0,1.2666666666666668,24,24,24
20240608,중랑구,2024060720,25.0,18.0,74.79166666666667,73.0,1.2083333333333333,24,24,24
20240609,강남구,2024060820,30.0,18.0,71.45833333333333,0.0,0.975,24,24,24
20240609,강동구,2024060820,29.0,18.0,70.83333333333333,20.0,0.9375,24,24,24
20240609,강북구,2024060820,27.0,15.0,74.375,0.0,0.9458333333333334,24,24,24
20240609,강서구,2024060820,29.0,17.0,77.91666666666667,0.0,1.1125,24,24,24
20240609,관악구,2024060820,29.0,18.0,74.375,0.0,1.0291666666666666,24,24,24
20240609,광진구,2024060820,29.0,19.0,68.95833333333333,0.0,0.95,24,24,24
20240609,구로구,2024060820,29.0,18.0,71.25,0.0,1.075,24,24,24
20240609,금천구,2024060820,28.0,17.0,76.66666666666667,0.0,1.0375,24,24,24
20240609,노원구,2024060820,29.0,17.0,76.04166666666667,20.0,0.9291666666666668,24,24,24
20240609,도봉구,2024060820,29.0,17.0,76.04166666666667,20.0,0.9291666666666668,24,24,24
20240609,동대문구,2024060820,30.0,19.0,70.83333333333333,0.0,0.9458333333333334,24,24,24
20240609,동작구,2024060820,29.0,18.0,74.375,0.0,1.0291666666666666,24,24,24
20240609,마포구,2024060820,29.0,18.0,74.58333333333333,0.0,1.0083333333333335,24,24,24
20240609,서대문구,2024060820,29.0,18.0,74.58333333333333,0.0,1.0083333333333335,24,24,24
20240609,서초구,2024060820,30.0,18.0,71.45833333333333,0.0,0.975,24,24,24
20240609,성동구,2024060820,30.0,18.0,69.79166666666667,0.0,0.95,24,24,24
20240609,성북구,2024060820,27.0,15.0,74.375,0.0,0.9458333333333334,24,24,24
20240609,송파구,2024060820,30.0,19.0,69.58333333333333,0.0,0.9583333333333334,24,24,24
20240609,양천구,2024060820,29.0,18.0,73.95833333333333,0.0,1.0625,24,24,24
20240609,영등포구,2024060820,29.0,18.0,72.91666666666667,0.0,1.0083333333333335,24,24,24
20240609,용산구,2024060820,29.0,18.0,72.08333333333333,0.0,0.9916666666666668,24,24,24
20240609,은평구,2024060820,30.0,17.0,76.875,0.0,0.9875000000000002,24,24,24
20240609,종로구,2024060820,29.0,18.0,73.33333333333333,0.0,0.9583333333333334,24,24,24
20240609,중구,2024060820,29.0,18.0,73.33333333333333,0.0,0.9583333333333334,24,24,24
20240609,중랑구,2024060820,30.0,18.0,70.41666666666667,0.0,0.9458333333333334,24,24,24
20240610,강남구,2024060920,31.0,19.0,67.29166666666667,30.0,1.9541666666666664,24,24,24
20240610,강동구,2024060920,31.0,18.0,66.45833333333333,30.0,1.9125000000000003,24,24,24
20240610,강북구,2024060920,28.0,16.0,70.20833333333333,30.0,1.9791666666666667,24,24,24
20240610,강서구,2024060920,29.0,18.0,75.0,30.0,2.2375000000000003,24,24,24
20240610,관악구,2024060920,30.0,19.0,70.41666666666667,30.0,2.0541666666666667,24,24,24
20240610,광진구,2024060920,31.0,19.0,64.16666666666667,30.0,1.9291666666666665,24,24,24
20240610,구로구,2024060920,30.0,19.0,70.20833333333333,30.0,2.120833333333333,24,24,24
20240610,금천구,2024060920,29.0,18.0,73.54166666666667,30.0,2.0625,24,24,24
20240610,노원구,2024060920,30.0,18.0,71.875,30.0,1.9458333333333335,24,24,24
20240610,도봉구,2024060920,30.0,18.0,71.875,30.0,1.9458333333333335,24,24,24
20240610,동대문구,2024060920,31.0,19.0,66.45833333333333,30.0,1.9541666666666664,24,24,24
20240610,동작구,2024060920,30.0,19.0,70.41666666666667,30.0,2.0541666666666667,24,24,24
20240610,마포구,2024060920,30.0,19.0,70.0,30.0,2.0500000000000003,24,24,24
20240610,서대문구,2024060920,30.0,19.0,70.0,30.0,2.0500000000000003,24,24,24
20240610,서초구,2024060920,31.0,19.0,67.29166666666667,30.0,1.9541666666666664,24,24,24
20240610,성동구,2024060920,31.0,19.0,64.16666666666667,30.0,1.9624999999999997,24,24,24
20240610,성북구,2024060920,28.0,16.0,70.20833333333333,30.0,1.9791666666666667,24,24,24
20240610,송파구,2024060920,31.0,19.0,65.83333333333333,30.0,1.9333333333333331,24,24,24
20240610,양천구,2024060920,30.0,19.0,70.625,30.0,2.108333333333333,24,24,24
20240610,영등포구,2024060920,30.0,19.0,69.375,30.0,2.045833333333333,24,24,24
20240610,용산구,2024060920,30.0,19.0,68.125,30.0,2.0083333333333333,24,24,24
20240610,은평구,2024060920,30.0,18.0,73.33333333333333,30.0,2.0500000000000003,24,24,24
20240610,종로구,2024060920,30.0,19.0,67.91666666666667,30.0,1.9833333333333332,24,24,24
20240610,중구,2024060920,30.0,19.0,67.91666666666667,30.0,1.9833333333333332,24,24,24
20240610,중랑구,2024060920,31.0,19.0,66.04166666666667,30.0,1.929166666666667,24,24,24
20240611,강남구,2024061020,32.0,21.0,65.625,30.0,2.095833333333333,24,24,24
20240611,강동구,2024061020,32.0,20.0,64.16666666666667,30.0,2.0416666666666665,24,24,24
20240611,강북구,2024061020,29.0,18.0,67.70833333333333,30.0,2.1125,24,24,24
20240611,강서구,2024061020,30.0,20.0,72.5,0.0,2.3208333333333333,24,24,24
20240611,관악구,2024061020,31.0,21.0,68.33333333333333,0.0,2.1625,24,24,24
20240611,광진구,2024061020,32.0,21.0,62.083333333333336,30.0,2.0708333333333333,24,24,24
20240611,구로구,2024061020,30.0,21.0,66.04166666666667,0.0,2.1999999999999997,24,24,24
20240611,금천구,2024061020,30.0,20.0,71.66666666666667,0.0,2.1166666666666667,24,24,24
20240611,노원구,2024061020,32.0,19.0,69.16666666666667,30.0,2.0708333333333333,24,24,24
20240611,도봉구,2024061020,32.0,19.0,69.16666666666667,30.0,2.0708333333333333,24,24,24
20240611,동대문구,2024061020,32.0,21.0,64.16666666666667,30.0,2.0833333333333335,24,24,24
20240611,동작구,2024061020,31.0,21.0,68.33333333333333,0.0,2.1625,24,24,24
20240611,마포구,2024061020,31.0,21.0,67.91666666666667,20.0,2.1708333333333334,24,24,24
20240611,서대문구,2024061020,31.0,21.0,67.91666666666667,20.0,2.1708333333333334,24,24,24
20240611,서초구,2024061020,32.0,21.0,65.625,30.0,2.095833333333333,24,24,24
20240611,성동구,2024061020,32.0,21.0,63.333333333333336,30.0,2.0875,24,24,24
20240611,성북구,2024061020,29.0,18.0,67.70833333333333,30.0,2.1125,24,24,24
20240611,송파구,2024061020,32.0,21.0,62.708333333333336,30.0,2.0749999999999997,24,24,24
20240611,양천구,2024061020,31.0,21.0,67.08333333333333,0.0,2.2125,24,24,24
20240611,영등포구,2024061020,31.0,21.0,67.5,0.0,2.1583333333333337,24,24,24
20240611,용산구,2024061020,31.0,21.0,66.25,20.0,2.1041666666666665,24,24,24
20240611,은평구,2024061020,32.0,20.0,70.625,20.0,2.1708333333333334,24,24,24
20240611,종로구,2024061020,31.0,21.0,65.20833333333333,20.0,2.125,24,24,24
20240611,중구,2024061020,31.0,21.0,65.20833333333333,20.0,2.125,24,24,24
20240611,중랑구,2024061020,32.0,21.0,62.916666666666664,30.0,2.0625,24,24,24
20240612,강남구,2024061120,31.0,19.0,58.333333333333336,30.0,1.6125,24,24,24
20240612,강동구,2024061120,31.0,19.0,55.833333333333336,30.0,1.5583333333333336,24,24,24
20240612,강북구,2024061120,28.0,16.0,60.416666666666664,30.0,1.5666666666666669,24,24,24
20240612,강서구,2024061120,30.0,18.0,68.125,30.0,1.7125,24,24,24
20240612,관악구,2024061120,30.0,19.0,62.291666666666664,30.0,1.6208333333333331,24,24,24
20240612,광진구,2024061120,31.0,20.0,54.375,30.0,1.6000000000000003,24,24,24
20240612,구로구,2024061120,30.0,20.0,60.833333333333336,30.0,1.6083333333333334,24,24,24
20240612,금천구,2024061120,30.0,18.0,65.20833333333333,30.0,1.6083333333333332,24,24,24
20240612,노원구,2024061120,30.0,18.0,61.875,30.0,1.5333333333333332,24,24,24
20240612,도봉구,2024061120,30.0,18.0,61.875,30.0,1.5333333333333332,24,24,24
20240612,동대문구,2024061120,31.0,20.0,56.458333333333336,30.0,1.5875,24,24,24
20240612,동작구,2024061120,30.0,19.0,62.291666666666664,30.0,1.6208333333333331,24,24,24
20240612,마포구,2024061120,31.0,19.0,61.458333333333336,30.0,1.6041666666666667,24,24,24
20240612,서대문구,2024061120,31.0,19.0,61.458333333333336,30.0,1.6041666666666667,24,24,24
20240612,서초구,2024061120,31.0,19.0,58.333333333333336,30.0,1.6125,24,24,24
20240612,성동구,2024061120,31.0,20.0,56.041666666666664,30.0,1.5958333333333332,24,24,24
20240612,성북구,2024061120,28.0,16.0,60.416666666666664,30.0,1.5666666666666669,24,24,24
20240612,송파구,2024061120,31.0,20.0,56.041666666666664,30.0,1.6166666666666665,24,24,24
20240612,양천구,2024061120,30.0,19.0,62.083333333333336,30.0,1.625,24,24,24
20240612,영등포구,2024061120,30.0,20.0,60.625,30.0,1.6208333333333331,24,24,24
20240612,용산구,2024061120,31.0,20.0,59.375,30.0,1.6291666666666669,24,24,24
20240612,은평구,2024061120,31.0,18.0,64.375,30.0,1.6041666666666667,24,24,24
20240612,종로구,2024061120,30.0,20.0,59.375,30.0,1.5958333333333332,24,24,24
20240612,중구,2024061120,30.0,20.0,59.375,30.0,1.5958333333333332,24,24,24
20240612,중랑구,2024061120,31.0,19.0,55.625,30.0,1.5625,24,24,24
20240613,강남구,2024061220,33.0,20.0,57.5,0.0,1.3458333333333332,24,24,24
20240613,강동구,2024061220,33.0,19.0,54.583333333333336,0.0,1.2541666666666669,24,24,24
20240613,강북구,2024061220,31.0,17.0,58.541666666666664,0.0,1.275,24,24,24
20240613,강서구,2024061220,32.0,18.0,67.91666666666667,0.0,1.475,24,24,24
20240613,관악구,2024061220,32.0,19.0,61.458333333333336,0.0,1.3916666666666668,24,24,24
20240613,광진구,2024061220,33.0,20.0,53.333333333333336,0.0,1.2791666666666666,24,24,24
20240613,구로구,2024061220,32.0,20.0,61.041666666666664,0.0,1.4041666666666668,24,24,24
20240613,금천구,2024061220,31.0,18.0,64.79166666666667,0.0,1.3833333333333335,24,24,24
20240613,노원구,2024061220,33.0,18.0,59.583333333333336,0.0,1.2041666666666666,24,24,24
20240613,도봉구,2024061220,33.0,18.0,59.583333333333336,0.0,1.2041666666666666,24,24,24
20240613,동대문구,2024061220,33.0,20.0,55.625,0.0,1.2833333333333332,24,24,24
20240613,동작구,2024061220,32.0,19.0,61.458333333333336,0.0,1.3916666666666668,24,24,24
20240613,마포구,2024061220,33.0,20.0,61.458333333333336,0.0,1.3208333333333333,24,24,24
20240613,서대문구,2024061220,33.0,20.0,61.458333333333336,0.0,1.3208333333333333,24,24,24
20240613,서초구,2024061220,33.0,20.0,57.5,0.0,1.3458333333333332,24,24,24
20240613,성동구,2024061220,33.0,20.0,54.375,0.0,1.3125,24,24,24
20240613,성북구,2024061220,31.0,17.0,58.541666666666664,0.0,1.275,24,24,24
20240613,송파구,2024061220,33.0,20.0,54.375,0.0,1.2958333333333334,24,24,24
20240613,양천구,2024061220,32.0,19.0,61.458333333333336,0.0,1.3958333333333333,24,24,24
20240613,영등포구,2024061220,33.0,20.0,60.625,0.0,1.3625,24,24,24
20240613,용산구,2024061220,33.0,20.0,58.125,0.0,1.3375,24,24,24
20240613,은평구,2024061220,33.0,18.0,63.333333333333336,0.0,1.3125,24,24,24
20240613,종로구,2024061220,32.0,20.0,58.125,0.0,1.3,24,24,24
20240613,중구,2024061220,32.0,20.0,58.125,0.0,1.3,24,24,24
20240613,중랑구,2024061220,33.0,20.0,53.958333333333336,0.0,1.2500000000000002,24,24,24
20240614,강남구,2024061320,34.0,21.0,55.208333333333336,20.0,1.6625000000000003,24,24,24
20240614,강동구,2024061320,34.0,20.0,53.541666666666664,20.0,1.625,24,24,24
20240614,강북구,2024061320,31.0,18.0,57.083333333333336,20.0,1.7583333333333335,24,24,24
20240614,강서구,2024061320,33.0,19.0,65.20833333333333,20.0,1.8458333333333332,24,24,24
20240614,관악구,2024061320,33.0,20.0,59.583333333333336,20.0,1.7041666666666666,24,24,24
20240614,광진구,2024061320,33.0,21.0,52.5,20.0,1.6541666666666668,24,24,24
20240614,구로구,2024061320,33.0,21.0,57.291666666666664,20.0,1.7333333333333334,24,24,24
20240614,금천구,2024061320,32.0,19.0,61.875,20.0,1.6625,24,24,24
20240614,노원구,2024061320,33.0,19.0,58.75,20.0,1.6916666666666664,24,24,24
20240614,도봉구,2024061320,33.0,19.0,58.75,20.0,1.6916666666666664,24,24,24
20240614,동대문구,2024061320,33.0,21.0,53.958333333333336,0.0,1.6875,24,24,24
20240614,동작구,2024061320,33.0,20.0,59.583333333333336,20.0,1.7041666666666666,24,24,24
20240614,마포구,2024061320,33.0,21.0,58.333333333333336,20.0,1.754166666666667,24,24,24
20240614,서대문구,2024061320,33.0,21.0,58.333333333333336,20.0,1.754166666666667,24,24,24
20240614,서초구,2024061320,34.0,21.0,55.208333333333336,20.0,1.6625000000000003,24,24,24
20240614,성동구,2024061320,34.0,21.0,52.708333333333336,0.0,1.6708333333333332,24,24,24
20240614,성북구,2024061320,31.0,18.0,57.083333333333336,20.0,1.7583333333333335,24,24,24
20240614,송파구,2024061320,34.0,21.0,52.916666666666664,20.0,1.6458333333333333,24,24,24
20240614,양천구,2024061320,33.0,21.0,59.166666666666664,20.0,1.75,24,24,24
20240614,영등포구,2024061320,33.0,21.0,58.125,20.0,1.7291666666666667,24,24,24
20240614,용산구,2024061320,33.0,21.0,56.25,0.0,1.7124999999999997,24,24,24
20240614,은평구,2024061320,33.0,19.0,61.458333333333336,20.0,1.7791666666666668,24,24,24
20240614,종로구,2024061320,33.0,21.0,56.666666666666664,0.0,1.7250000000000003,24,24,24
20240614,중구,2024061320,33.0,21.0,56.666666666666664,0.0,1.7250000000000003,24,24,24
20240614,중랑구,2024061320,33.0,21.0,53.125,0.0,1.6625000000000003,24,24,24
20240615,강남구,2024061420,28.0,21.0,75.83333333333333,60.0,1.2958333333333334,24,24,24
20240615,강동구,2024061420,27.0,21.0,76.04166666666667,60.0,1.2041666666666666,24,24,24
20240615,강북구,2024061420,25.0,18.0,79.79166666666667,60.0,1.175,24,24,24
20240615,강서구,2024061420,28.0,20.0,80.20833333333333,60.0,1.525,24,24,24
20240615,관악구,2024061420,28.0,21.0,76.66666666666667,60.0,1.4208333333333334,24,24,24
20240615,광진구,2024061420,28.0,21.0,73.95833333333333,60.0,1.2333333333333332,24,24,24
20240615,구로구,2024061420,28.0,21.0,73.125,60.0,1.4916666666666665,24,24,24
20240615,금천구,2024061420,27.0,20.0,79.58333333333333,60.0,1.4458333333333335,24,24,24
20240615,노원구,2024061420,27.0,20.0,82.08333333333333,60.0,1.1375,24,24,24
20240615,도봉구,2024061420,27.0,20.0,82.08333333333333,60.0,1.1375,24,24,24
20240615,동대문구,2024061420,28.0,21.0,76.45833333333333,60.0,1.1958333333333333,24,24,24
20240615,동작구,2024061420,28.0,21.0,76.66666666666667,60.0,1.4208333333333334,24,24,24
20240615,마포구,2024061420,27.0,21.0,77.5,60.0,1.3083333333333331,24,24,24
20240615,서대문구,2024061420,27.0,21.0,77.5,60.0,1.3083333333333331,24,24,24
20240615,서초구,2024061420,28.0,21.0,75.83333333333333,60.0,1.2958333333333334,24,24,24
20240615,성동구,2024061420,28.0,20.0,74.58333333333333,60.0,1.2541666666666669,24,24,24
20240615,성북구,2024061420,25.0,18.0,79.79166666666667,60.0,1.175,24,24,24
20240615,송파구,2024061420,28.0,21.0,74.16666666666667,60.0,1.275,24,24,24
20240615,양천구,2024061420,27.0,21.0,75.41666666666667,60.0,1.4416666666666664,24,24,24
20240615,영등포구,2024061420,28.0,21.0,75.41666666666667,60.0,1.3624999999999998,24,24,24
20240615,용산구,2024061420,28.0,21.0,76.04166666666667,60.0,1.2916666666666667,24,24,24
20240615,은평구,2024061420,27.0,20.0,80.625,60.0,1.2625,24,24,24
20240615,종로구,2024061420,27.0,21.0,77.91666666666667,60.0,1.2041666666666666,24,24,24
20240615,중구,2024061420,27.0,21.0,77.91666666666667,60.0,1.2041666666666666,24,24,24
20240615,중랑구,2024061420,28.0,21.0,75.625,60.0,1.1958333333333333,24,24,24
20240616,강남구,2024061520,31.0,19.0,59.166666666666664,20.0,2.0124999999999997,24,24,24
20240616,강동구,2024061520,31.0,19.0,57.916666666666664,30.0,2.091666666666667,24,24,24
20240616,강북구,2024061520,28.0,16.0,60.833333333333336,20.0,1.9958333333333331,24,24,24
20240616,강서구,2024061520,30.0,18.0,63.75,20.0,2.0541666666666667,24,24,24
20240616,관악구,2024061520,30.0,19.0,60.416666666666664,20.0,2.0083333333333333,24,24,24
20240616,광진구,2024061520,30.0,20.0,56.458333333333336,20.0,2.0500000000000003,24,24,24
20240616,구로구,2024061520,30.0,19.0,57.5,20.0,2.0124999999999997,24,24,24
20240616,금천구,2024061520,29.0,19.0,63.958333333333336,20.0,2.0124999999999997,24,24,24
20240616,노원구,2024061520,30.0,18.0,62.5,20.0,2.004166666666667,24,24,24
20240616,도봉구,2024061520,30.0,18.0,62.5,20.0,2.004166666666667,24,24,24
20240616,동대문구,2024061520,30.0,19.0,58.125,20.0,2.0208333333333335,24,24,24
20240616,동작구,2024061520,30.0,19.0,60.416666666666664,20.0,2.0083333333333333,24,24,24
20240616,마포구,2024061520,30.0,19.0,60.208333333333336,20.0,2.0083333333333333,24,24,24
20240616,서대문구,2024061520,30.0,19.0,60.208333333333336,20.0,2.0083333333333333,24,24,24
20240616,서초구,2024061520,31.0,19.0,59.166666666666664,20.0,2.0124999999999997,24,24,24
20240616,성동구,2024061520,31.0,19.0,57.916666666666664,20.0,2.033333333333333,24,24,24
20240616,성북구,2024061520,28.0,16.0,60.833333333333336,20.0,1.9958333333333331,24,24,24
20240616,송파구,2024061520,31.0,20.0,57.291666666666664,20.0,2.0500000000000003,24,24,24
20240616,양천구,2024061520,30.0,19.0,59.166666666666664,20.0,2.0,24,24,24
20240616,영등포구,2024061520,30.0,19.0,59.375,20.0,1.9833333333333332,24,24,24
20240616,용산구,2024061520,30.0,19.0,60.0,20.0,2.0,24,24,24
20240616,은평구,2024061520,31.0,18.0,62.5,20.0,1.9958333333333331,24,24,24
20240616,종로구,2024061520,30.0,19.0,60.0,20.0,2.0,24,24,24
20240616,중구,2024061520,30.0,19.0,60.0,20.0,2.0,24,24,24
20240616,중랑구,2024061520,30.0,19.0,57.708333333333336,20.0,2.0458333333333334,24,24,24
20240617,강남구,2024061620,31.0,19.0,56.875,0.0,1.7916666666666667,24,24,24
20240617,강동구,2024061620,31.0,18.0,55.416666666666664,0.0,1.825,24,24,24
20240617,강북구,2024061620,28.0,16.0,58.333333333333336,0.0,1.8083333333333336,24,24,24
20240617,강서구,2024061620,30.0,18.0,65.83333333333333,0.0,2.0,24,24,24
20240617,관악구,2024061620,30.0,19.0,60.625,0.0,1.8375,24,24,24
20240617,광진구,2024061620,31.0,19.0,53.125,0.0,1.7958333333333334,24,24,24
20240617,구로구,2024061620,30.0,20.0,60.0,0.0,1.8625,24,24,24
20240617,금천구,2024061620,30.0,18.0,64.16666666666667,0.0,1.7791666666666668,24,24,24
20240617,노원구,2024061620,30.0,17.0,59.791666666666664,0.0,1.7791666666666666,24,24,24
20240617,도봉구,2024061620,30.0,17.0,59.791666666666664,0.0,1.7791666666666666,24,24,24
20240617,동대문구,2024061620,31.0,19.0,54.791666666666664,0.0,1.7916666666666667,24,24,24
20240617,동작구,2024061620,30.0,19.0,60.625,0.0,1.8375,24,24,24
20240617,마포구,2024061620,31.0,19.0,59.375,0.0,1.8541666666666667,24,24,24
20240617,서대문구,2024061620,31.0,19.0,59.375,0.0,1.8541666666666667,24,24,24
20240617,서초구,2024061620,31.0,19.0,56.875,0.0,1.7916666666666667,24,24,24
20240617,성동구,2024061620,31.0,19.0,53.333333333333336,0.0,1.7791666666666668,24,24,24
20240617,성북구,2024061620,28.0,16.0,58.333333333333336,0.0,1.8083333333333336,24,24,24
20240617,송파구,2024061620,31.0,19.0,54.583333333333336,0.0,1.8041666666666665,24,24,24
20240617,양천구,2024061620,30.0,19.0,60.625,0.0,1.8916666666666668,24,24,24
20240617,영등포구,2024061620,31.0,19.0,58.541666666666664,0.0,1.8374999999999997,24,24,24
20240617,용산구,2024061620,31.0,19.0,57.291666666666664,0.0,1.8083333333333331,24,24,24
20240617,은평구,2024061620,31.0,17.0,61.666666666666664,0.0,1.8666666666666665,24,24,24
20240617,종로구,2024061620,30.0,19.0,57.5,0.0,1.8041666666666665,24,24,24
20240617,중구,2024061620,30.0,19.0,57.5,0.0,1.8041666666666665,24,24,24
20240617,중랑구,2024061620,31.0,18.0,55.0,0.0,1.7833333333333332,24,24,24
20240618,강남구,2024061720,33.0,20.0,64.16666666666667,0.0,1.9666666666666668,24,24,24
20240618,강동구,2024061720,33.0,19.0,62.5,0.0,1.9208333333333336,24,24,24
20240618,강북구,2024061720,31.0,17.0,63.958333333333336,0.0,1.8291666666666668,24,24,24
20240618,강서구,2024061720,32.0,19.0,71.04166666666667,0.0,2.0375,24,24,24
20240618,관악구,2024061720,32.0,20.0,66.875,0.0,1.9708333333333332,24,24,24
20240618,광진구,2024061720,33.0,20.0,60.0,0.0,1.9208333333333336,24,24,24
20240618,구로구,2024061720,32.0,20.0,65.83333333333333,0.0,1.9916666666666665,24,24,24
20240618,금천구,2024061720,31.0,19.0,69.375,0.0,1.9875,24,24,24
20240618,노원구,2024061720,33.0,19.0,64.79166666666667,0.0,1.8208333333333335,24,24,24
20240618,도봉구,2024061720,33.0,19.0,64.79166666666667,0.0,1.8208333333333335,24,24,24
20240618,동대문구,2024061720,33.0,20.0,60.833333333333336,0.0,1.8666666666666665,24,24,24
20240618,동작구,2024061720,32.0,20.0,66.875,0.0,1.9708333333333332,24,24,24
20240618,마포구,2024061720,33.0,20.0,65.83333333333333,0.0,1.9041666666666668,24,24,24
20240618,서대문구,2024061720,33.0,20.0,65.83333333333333,0.0,1.9041666666666668,24,24,24
20240618,서초구,2024061720,33.0,20.0,64.16666666666667,0.0,1.9666666666666668,24,24,24
20240618,성동구,2024061720,33.0,21.0,59.791666666666664,0.0,1.925,24,24,24
20240618,성북구,2024061720,31.0,17.0,63.958333333333336,0.0,1.8291666666666668,24,24,24
20240618,송파구,2024061720,33.0,20.0,61.041666666666664,0.0,1.95,24,24,24
20240618,양천구,2024061720,32.0,20.0,66.45833333333333,0.0,1.9708333333333332,24,24,24
20240618,영등포구,2024061720,33.0,20.0,66.04166666666667,0.0,1.9666666666666668,24,24,24
20240618,용산구,2024061720,33.0,20.0,64.58333333333333,0.0,1.9208333333333336,24,24,24
20240618,은평구,2024061720,33.0,19.0,67.70833333333333,0.0,1.866666666666667,24,24,24
20240618,종로구,2024061720,32.0,20.0,62.5,0.0,1.875,24,24,24
20240618,중구,2024061720,32.0,20.0,62.5,0.0,1.875,24,24,24
20240618,중랑구,2024061720,33.0,20.0,60.625,0.0,1.9,24,24,24
20240619,강남구,2024061820,35.0,21.0,57.916666666666664,0.0,1.1083333333333334,24,24,24
20240619,강동구,2024061820,35.0,20.0,57.916666666666664,0.0,0.9125,24,24,24
20240619,강북구,2024061820,33.0,18.0,58.333333333333336,0.0,1.0791666666666666,24,24,24
20240619,강서구,2024061820,35.0,20.0,65.0,0.0,1.3,24,24,24
20240619,관악구,2024061820,35.0,21.0,60.208333333333336,0.0,1.2458333333333331,24,24,24
20240619,광진구,2024061820,35.0,21.0,55.0,0.0,0.9958333333333336,24,24,24
20240619,구로구,2024061820,35.0,21.0,59.166666666666664,0.0,1.2708333333333333,24,24,24
20240619,금천구,2024061820,34.0,19.0,63.125,0.0,1.2125,24,24,24
20240619,노원구,2024061820,34.0,19.0,60.416666666666664,0.0,0.9875,24,24,24
20240619,도봉구,2024061820,34.0,19.0,60.416666666666664,0.0,0.9875,24,24,24
20240619,동대문구,2024061820,35.0,21.0,56.041666666666664,0.0,1.0416666666666667,24,24,24
20240619,동작구,2024061820,35.0,21.0,60.208333333333336,0.0,1.2458333333333331,24,24,24
20240619,마포구,2024061820,35.0,21.0,59.791666666666664,0.0,1.1666666666666667,24,24,24
20240619,서대문구,2024061820,35.0,21.0,59.791666666666664,0.0,1.1666666666666667,24,24,24
20240619,서초구,2024061820,35.0,21.0,57.916666666666664,0.0,1.1083333333333334,24,24,24
20240619,성동구,2024061820,35.0,21.0,54.375,0.0,1.0958333333333334,24,24,24
20240619,성북구,2024061820,33.0,18.0,58.333333333333336,0.0,1.0791666666666666,24,24,24
20240619,송파구,2024061820,35.0,21.0,55.625,0.0,1.0291666666666666,24,24,24
20240619,양천구,2024061820,34.0,21.0,60.0,0.0,1.2666666666666666,24,24,24
20240619,영등포구,2024061820,35.0,21.0,59.583333333333336,0.0,1.2166666666666668,24,24,24
20240619,용산구,2024061820,35.0,21.0,58.958333333333336,0.0,1.1875,24,24,24
20240619,은평구,2024061820,35.0,19.0,62.083333333333336,0.0,1.125,24,24,24
20240619,종로구,2024061820,35.0,21.0,57.083333333333336,0.0,1.1208333333333331,24,24,24
20240619,중구,2024061820,35.0,21.0,57.083333333333336,0.0,1.1208333333333331,24,24,24
20240619,중랑구,2024061820,35.0,21.0,55.625,0.0,0.9666666666666668,24,24,24
20240620,강남구,2024061920,35.0,22.0,50.833333333333336,20.0,1.6375,24,24,24
20240620,강동구,2024061920,35.0,22.0,52.083333333333336,20.0,1.6916666666666664,24,24,24
20240620,강북구,2024061920,33.0,19.0,52.083333333333336,20.0,1.4166666666666667,24,24,24
20240620,강서구,2024061920,35.0,21.0,58.333333333333336,20.0,1.4625,24,24,24
20240620,관악구,2024061920,35.0,22.0,52.291666666666664,20.0,1.5333333333333332,24,24,24
20240620,광진구,2024061920,35.0,23.0,48.958333333333336,20.0,1.6458333333333333,24,24,24
20240620,구로구,2024061920,35.0,23.0,50.833333333333336,20.0,1.5291666666666668,24,24,24
20240620,금천구,2024061920,34.0,21.0,55.208333333333336,20.0,1.5208333333333333,24,24,24
20240620,노원구,2024061920,35.0,21.0,54.375,20.0,1.4166666666666667,24,24,24
20240620,도봉구,2024061920,35.0,21.0,54.375,20.0,1.4166666666666667,24,24,24
20240620,동대문구,2024061920,35.0,23.0,49.583333333333336,20.0,1.525,24,24,24
20240620,동작구,2024061920,35.0,22.0,52.291666666666664,20.0,1.5333333333333332,24,24,24
20240620,마포구,2024061920,35.0,23.0,52.291666666666664,20.0,1.4333333333333331,24,24,24
20240620,서대문구,2024061920,35.0,23.0,52.291666666666664,20.0,1.4333333333333331,24,24,24
20240620,서초구,2024061920,35.0,22.0,50.833333333333336,20.0,1.6375,24,24,24
20240620,성동구,2024061920,36.0,23.0,48.333333333333336,20.0,1.6083333333333334,24,24,24
20240620,성북구,2024061920,33.0,19.0,52.083333333333336,20.0,1.4166666666666667,24,24,24
20240620,송파구,2024061920,35.0,23.0,49.583333333333336,20.0,1.6875,24,24,24
20240620,양천구,2024061920,35.0,23.0,51.458333333333336,20.0,1.4875,24,24,24
20240620,영등포구,2024061920,35.0,23.0,50.833333333333336,20.0,1.4958333333333336,24,24,24
20240620,용산구,2024061920,35.0,23.0,50.625,20.0,1.5583333333333331,24,24,24
20240620,은평구,2024061920,35.0,21.0,55.0,20.0,1.3583333333333334,24,24,24
20240620,종로구,2024061920,35.0,23.0,50.833333333333336,20.0,1.4916666666666665,24,24,24
20240620,중구,2024061920,35.0,23.0,50.833333333333336,20.0,1.4916666666666665,24,24,24
20240620,중랑구,2024061920,35.0,22.0,50.416666666666664,20.0,1.6,24,24,24
20240621,강남구,2024062020,33.0,22.0,54.791666666666664,30.0,1.4458333333333335,24,24,24
20240621,강동구,2024062020,33.0,21.0,56.25,30.0,1.5416666666666667,24,24,24
20240621,강북구,2024062020,31.0,19.0,54.791666666666664,30.0,1.3333333333333333,24,24,24
20240621,강서구,2024062020,33.0,21.0,60.416666666666664,30.0,1.2958333333333334,24,24,24
20240621,관악구,2024062020,33.0,22.0,55.0,30.0,1.3041666666666665,24,24,24
20240621,광진구,2024062020,33.0,22.0,53.125,30.0,1.4666666666666668,24,24,24
20240621,구로구,2024062020,33.0,23.0,53.125,30.0,1.2791666666666666,24,24,24
20240621,금천구,2024062020,32.0,21.0,58.333333333333336,30.0,1.2958333333333334,24,24,24
20240621,노원구,2024062020,32.0,20.0,56.875,30.0,1.35,24,24,24
20240621,도봉구,2024062020,32.0,20.0,56.875,30.0,1.35,24,24,24
20240621,동대문구,2024062020,33.0,23.0,53.333333333333336,30.0,1.3916666666666668,24,24,24
20240621,동작구,2024062020,33.0,22.0,55.0,30.0,1.3041666666666665,24,24,24
20240621,마포구,2024062020,33.0,22.0,54.166666666666664,30.0,1.2708333333333333,24,24,24
20240621,서대문구,2024062020,33.0,22.0,54.166666666666664,30.0,1.2708333333333333,24,24,24
20240621,서초구,2024062020,33.0,22.0,54.791666666666664,30.0,1.4458333333333335,24,24,24
20240621,성동구,2024062020,33.0,22.0,52.708333333333336,30.0,1.4291666666666665,24,24,24
20240621,성북구,2024062020,31.0,19.0,54.791666666666664,30.0,1.3333333333333333,24,24,24
20240621,송파구,2024062020,33.0,22.0,53.958333333333336,30.0,1.5,24,24,24
20240621,양천구,2024062020,32.0,23.0,53.333333333333336,30.0,1.2625,24,24,24
20240621,영등포구,2024062020,33.0,23.0,53.333333333333336,30.0,1.275,24,24,24
20240621,용산구,2024062020,33.0,22.0,53.958333333333336,30.0,1.375,24,24,24
20240621,은평구,2024062020,33.0,21.0,57.5,30.0,1.2541666666666669,24,24,24
20240621,종로구,2024062020,33.0,23.0,52.916666666666664,30.0,1.3333333333333333,24,24,24
20240621,중구,2024062020,33.0,23.0,52.916666666666664,30.0,1.3333333333333333,24,24,24
20240621,중랑구,2024062020,33.0,22.0,54.166666666666664,30.0,1.4583333333333333,24,24,24
20240622,강남구,2024062120,30.0,23.0,68.125,60.0,1.2875,24,24,24
20240622,강동구,2024062120,29.0,22.0,67.5,60.0,1.3208333333333333,24,24,24
20240622,강북구,2024062120,27.0,20.0,69.79166666666667,60.0,1.1875,24,24,24
20240622,강서구,2024062120,30.0,23.0,73.125,60.0,1.2625,24,24,24
20240622,관악구,2024062120,30.0,23.0,69.375,60.0,1.2541666666666669,24,24,24
20240622,광진구,2024062120,30.0,23.0,66.04166666666667,60.0,1.2916666666666667,24,24,24
20240622,구로구,2024062120,30.0,24.0,66.66666666666667,60.0,1.25,24,24,24
20240622,금천구,2024062120,29.0,22.0,72.70833333333333,60.0,1.2625,24,24,24
20240622,노원구,2024062120,29.0,22.0,72.08333333333333,60.0,1.2041666666666666,24,24,24
20240622,도봉구,2024062120,29.0,22.0,72.08333333333333,60.0,1.2041666666666666,24,24,24
20240622,동대문구,2024062120,30.0,23.0,67.08333333333333,60.0,1.225,24,24,24
20240622,동작구,2024062120,30.0,23.0,69.375,60.0,1.2541666666666669,24,24,24
20240622,마포구,2024062120,30.0,23.0,69.16666666666667,60.0,1.225,24,24,24
20240622,서대문구,2024062120,30.0,23.0,69.16666666666667,60.0,1.225,24,24,24
20240622,서초구,2024062120,30.0,23.0,68.125,60.0,1.2875,24,24,24
20240622,성동구,2024062120,30.0,22.0,68.125,60.0,1.2666666666666668,24,24,24
20240622,성북구,2024062120,27.0,20.0,69.79166666666667,60.0,1.1875,24,24,24
20240622,송파구,2024062120,30.0,23.0,66.875,60.0,1.3125,24,24,24
20240622,양천구,2024062120,30.0,23.0,68.33333333333333,60.0,1.2416666666666667,24,24,24
20240622,영등포구,2024062120,30.0,23.0,67.29166666666667,60.0,1.225,24,24,24
20240622,용산구,2024062120,30.0,23.0,67.91666666666667,60.0,1.2375,24,24,24
20240622,은평구,2024062120,30.0,22.0,72.08333333333333,60.0,1.1833333333333331,24,24,24
20240622,종로구,2024062120,30.0,23.0,68.75,60.0,1.2,24,24,24
20240622,중구,2024062120,30.0,23.0,68.75,60.0,1.2,24,24,24
20240622,중랑구,2024062120,30.0,23.0,66.25,60.0,1.275,24,24,24
20240623,강남구,2024062220,31.0,23.0,72.91666666666667,60.0,1.9166666666666667,24,24,24
20240623,강동구,2024062220,31.0,22.0,71.875,60.0,1.8416666666666668,24,24,24
20240623,강북구,2024062220,28.0,20.0,73.95833333333333,60.0,1.9,24,24,24
20240623,강서구,2024062220,30.0,22.0,77.91666666666667,60.0,2.1416666666666666,24,24,24
20240623,관악구,2024062220,30.0,23.0,75.0,60.0,1.9916666666666665,24,24,24
20240623,광진구,2024062220,31.0,23.0,70.0,60.0,1.875,24,24,24
20240623,구로구,2024062220,30.0,23.0,71.45833333333333,60.0,2.0375,24,24,24
20240623,금천구,2024062220,29.0,22.0,76.875,60.0,1.9875,24,24,24
20240623,노원구,2024062220,31.0,22.0,75.83333333333333,60.0,1.8708333333333331,24,24,24
20240623,도봉구,2024062220,31.0,22.0,75.83333333333333,60.0,1.8708333333333331,24,24,24
20240623,동대문구,2024062220,31.0,23.0,71.45833333333333,60.0,1.875,24,24,24
20240623,동작구,2024062220,30.0,23.0,75.0,60.0,1.9916666666666665,24,24,24
20240623,마포구,2024062220,30.0,22.0,73.95833333333333,60.0,1.9750000000000003,24,24,24
20240623,서대문구,2024062220,30.0,22.0,73.95833333333333,60.0,1.9750000000000003,24,24,24
20240623,서초구,2024062220,31.0,23.0,72.91666666666667,60.0,1.9166666666666667,24,24,24
20240623,성동구,2024062220,32.0,22.0,71.66666666666667,60.0,1.9,24,24,24
20240623,성북구,2024062220,28.0,20.0,73.95833333333333,60.0,1.9,24,24,24
20240623,송파구,2024062220,31.0,23.0,71.04166666666667,60.0,1.8875,24,24,24
20240623,양천구,2024062220,30.0,23.0,73.75,60.0,2.045833333333333,24,24,24
20240623,영등포구,2024062220,30.0,23.0,73.75,60.0,1.9833333333333332,24,24,24
20240623,용산구,2024062220,30.0,23.0,74.16666666666667,60.0,1.9416666666666669,24,24,24
20240623,은평구,2024062220,31.0,22.0,75.625,60.0,1.975,24,24,24
20240623,종로구,2024062220,30.0,22.0,73.33333333333333,60.0,1.9125,24,24,24
20240623,중구,2024062220,30.0,22.0,73.33333333333333,60.0,1.9125,24,24,24
20240623,중랑구,2024062220,31.0,23.0,70.41666666666667,60.0,1.8708333333333331,24,24,24
20240624,강남구,2024062320,29.0,21.0,68.125,60.0,2.1125000000000003,24,24,24
20240624,강동구,2024062320,29.0,21.0,65.625,60.0,2.1416666666666666,24,24,24
20240624,강북구,2024062320,26.0,19.0,67.70833333333333,65.0,2.095833333333333,24,24,24
20240624,강서구,2024062320,28.0,21.0,72.29166666666667,63.0,2.2875,24,24,24
20240624,관악구,2024062320,28.0,21.0,70.41666666666667,60.0,2.154166666666667,24,24,24
20240624,광진구,2024062320,29.0,22.0,65.20833333333333,60.0,2.125,24,24,24
20240624,구로구,2024062320,28.0,21.0,66.66666666666667,60.0,2.2,24,24,24
20240624,금천구,2024062320,27.0,21.0,73.125,60.0,2.158333333333333,24,24,24
20240624,노원구,2024062320,28.0,21.0,69.79166666666667,65.0,2.0625,24,24,24
20240624,도봉구,2024062320,28.0,21.0,69.79166666666667,65.0,2.0625,24,24,24
20240624,동대문구,2024062320,29.0,22.0,66.25,60.0,2.1041666666666665,24,24,24
20240624,동작구,2024062320,28.0,21.0,70.41666666666667,60.0,2.154166666666667,24,24,24
20240624,마포구,2024062320,28.0,21.0,68.95833333333333,62.0,2.1458333333333335,24,24,24
20240624,서대문구,2024062320,28.0,21.0,68.95833333333333,62.0,2.1458333333333335,24,24,24
20240624,서초구,2024062320,29.0,21.0,68.125,60.0,2.1125000000000003,24,24,24
20240624,성동구,2024062320,29.0,21.0,65.83333333333333,60.0,2.091666666666667,24,24,24
20240624,성북구,2024062320,26.0,19.0,67.70833333333333,65.0,2.095833333333333,24,24,24
20240624,송파구,2024062320,29.0,22.0,66.25,60.0,2.1416666666666666,24,24,24
20240624,양천구,2024062320,28.0,21.0,69.16666666666667,60.0,2.1875,24,24,24
20240624,영등포구,2024062320,28.0,21.0,68.75,60.0,2.15,24,24,24
20240624,용산구,2024062320,28.0,21.0,68.95833333333333,60.0,2.125,24,24,24
20240624,은평구,2024062320,29.0,21.0,69.58333333333333,63.0,2.1416666666666666,24,24,24
20240624,종로구,2024062320,28.0,22.0,68.95833333333333,62.0,2.1125000000000003,24,24,24
20240624,중구,2024062320,28.0,22.0,68.95833333333333,62.0,2.1125000000000003,24,24,24
20240624,중랑구,2024062320,29.0,22.0,65.41666666666667,60.0,2.1041666666666665,24,24,24
20240625,강남구,2024062420,28.0,19.0,56.25,0.0,2.3375,24,24,24
20240625,강동구,2024062420,28.0,18.0,56.25,0.0,2.3375,24,24,24
20240625,강북구,2024062420,25.0,16.0,57.291666666666664,0.0,2.225,24,24,24
20240625,강서구,2024062420,28.0,18.0,62.083333333333336,0.0,2.441666666666667,24,24,24
20240625,관악구,2024062420,27.0,19.0,57.708333333333336,0.0,2.3583333333333334,24,24,24
20240625,광진구,2024062420,28.0,19.0,54.166666666666664,0.0,2.3083333333333336,24,24,24
20240625,구로구,2024062420,27.0,19.0,54.791666666666664,0.0,2.4166666666666665,24,24,24
20240625,금천구,2024062420,27.0,18.0,61.041666666666664,0.0,2.4166666666666665,24,24,24
20240625,노원구,2024062420,28.0,17.0,60.0,0.0,2.275,24,24,24
20240625,도봉구,2024062420,28.0,17.0,60.0,0.0,2.275,24,24,24
20240625,동대문구,2024062420,28.0,19.0,55.208333333333336,0.0,2.275,24,24,24
20240625,동작구,2024062420,27.0,19.0,57.708333333333336,0.0,2.3583333333333334,24,24,24
20240625,마포구,2024062420,27.0,18.0,57.916666666666664,0.0,2.2875,24,24,24
20240625,서대문구,2024062420,27.0,18.0,57.916666666666664,0.0,2.2875,24,24,24
20240625,서초구,2024062420,28.0,19.0,56.25,0.0,2.3375,24,24,24
20240625,성동구,2024062420,28.0,19.0,55.0,0.0,2.2875,24,24,24
20240625,성북구,2024062420,25.0,16.0,57.291666666666664,0.0,2.225,24,24,24
20240625,송파구,2024062420,28.0,19.0,54.583333333333336,0.0,2.35,24,24,24
20240625,양천구,2024062420,27.0,19.0,56.458333333333336,0.0,2.3625000000000003,24,24,24
20240625,영등포구,2024062420,27.0,19.0,56.25,0.0,2.3375,24,24,24
20240625,용산구,2024062420,27.0,19.0,56.875,0.0,2.2833333333333337,24,24,24
20240625,은평구,2024062420,28.0,17.0,59.375,0.0,2.283333333333333,24,24,24
20240625,종로구,2024062420,27.0,19.0,57.291666666666664,0.0,2.254166666666667,24,24,24
20240625,중구,2024062420,27.0,19.0,57.291666666666664,0.0,2.254166666666667,24,24,24
20240625,중랑구,2024062420,28.0,18.0,55.208333333333336,0.0,2.3000000000000003,24,24,24
20240626,강남구,2024062520,31.0,19.0,58.333333333333336,0.0,1.6083333333333332,24,24,24
20240626,강동구,2024062520,31.0,18.0,57.291666666666664,0.0,1.566666666666667,24,24,24
20240626,강북구,2024062520,28.0,16.0,59.166666666666664,0.0,1.5,24,24,24
20240626,강서구,2024062520,30.0,18.0,63.75,0.0,1.6124999999999998,24,24,24
20240626,관악구,2024062520,30.0,19.0,59.791666666666664,0.0,1.6166666666666665,24,24,24
20240626,광진구,2024062520,31.0,19.0,55.625,0.0,1.5666666666666669,24,24,24
20240626,구로구,2024062520,30.0,19.0,56.666666666666664,0.0,1.6125,24,24,24
20240626,금천구,2024062520,29.0,18.0,63.333333333333336,0.0,1.6041666666666667,24,24,24
20240626,노원구,2024062520,31.0,18.0,60.833333333333336,0.0,1.5166666666666668,24,24,24
20240626,도봉구,2024062520,31.0,18.0,60.833333333333336,0.0,1.5166666666666668,24,24,24
20240626,동대문구,2024062520,31.0,20.0,56.875,0.0,1.55,24,24,24
20240626,동작구,2024062520,30.0,19.0,59.791666666666664,0.0,1.6166666666666665,24,24,24
20240626,마포구,2024062520,31.0,19.0,58.958333333333336,0.0,1.5583333333333331,24,24,24
20240626,서대문구,2024062520,31.0,19.0,58.958333333333336,0.0,1.5583333333333331,24,24,24
20240626,서초구,2024062520,31.0,19.0,58.333333333333336,0.0,1.6083333333333332,24,24,24
20240626,성동구,2024062520,31.0,19.0,56.041666666666664,0.0,1.5874999999999997,24,24,24
20240626,성북구,2024062520,28.0,16.0,59.166666666666664,0.0,1.5,24,24,24
20240626,송파구,2024062520,31.0,19.0,56.041666666666664,0.0,1.5874999999999997,24,24,24
20240626,양천구,2024062520,30.0,19.0,58.333333333333336,0.0,1.5916666666666668,24,24,24
20240626,영등포구,2024062520,30.0,19.0,57.916666666666664,0.0,1.6083333333333334,24,24,24
20240626,용산구,2024062520,30.0,19.0,58.333333333333336,0.0,1.6083333333333332,24,24,24
20240626,은평구,2024062520,31.0,18.0,61.25,0.0,1.525,24,24,24
20240626,종로구,2024062520,30.0,19.0,59.375,0.0,1.5583333333333331,24,24,24
20240626,중구,2024062520,30.0,19.0,59.375,0.0,1.5583333333333331,24,24,24
20240626,중랑구,2024062520,31.0,19.0,56.666666666666664,0.0,1.5458333333333332,24,24,24
20240627,강남구,2024062620,33.0,21.0,53.75,0.0,1.4416666666666664,24,24,24
20240627,강동구,2024062620,32.0,20.0,53.541666666666664,0.0,1.4833333333333334,24,24,24
20240627,강북구,2024062620,30.0,18.0,54.375,0.0,1.1791666666666665,24,24,24
20240627,강서구,2024062620,33.0,20.0,60.208333333333336,0.0,0.9833333333333334,24,24,24
20240627,관악구,2024062620,32.0,21.0,56.041666666666664,0.0,1.3041666666666667,24,24,24
20240627,광진구,2024062620,32.0,21.0,50.833333333333336,0.0,1.4249999999999998,24,24,24
20240627,구로구,2024062620,32.0,21.0,53.958333333333336,0.0,1.2208333333333334,24,24,24
20240627,금천구,2024062620,31.0,19.0,58.333333333333336,0.0,1.3041666666666667,24,24,24
20240627,노원구,2024062620,32.0,19.0,56.666666666666664,0.0,1.1708333333333334,24,24,24
20240627,도봉구,2024062620,32.0,19.0,56.666666666666664,0.0,1.1708333333333334,24,24,24
20240627,동대문구,2024062620,32.0,21.0,51.25,0.0,1.2875,24,24,24
20240627,동작구,2024062620,32.0,21.0,56.041666666666664,0.0,1.3041666666666667,24,24,24
20240627,마포구,2024062620,33.0,21.0,55.0,0.0,1.1458333333333333,24,24,24
20240627,서대문구,2024062620,33.0,21.0,55.0,0.0,1.1458333333333333,24,24,24
20240627,서초구,2024062620,33.0,21.0,53.75,0.0,1.4416666666666664,24,24,24
20240627,성동구,2024062620,33.0,21.0,52.083333333333336,0.0,1.3875,24,24,24
20240627,성북구,2024062620,30.0,18.0,54.375,0.0,1.1791666666666665,24,24,24
20240627,송파구,2024062620,33.0,21.0,51.875,0.0,1.5,24,24,24
20240627,양천구,2024062620,32.0,21.0,54.375,0.0,1.1458333333333333,24,24,24
20240627,영등포구,2024062620,32.0,21.0,54.166666666666664,0.0,1.225,24,24,24
20240627,용산구,2024062620,32.0,21.0,54.583333333333336,0.0,1.3208333333333335,24,24,24
20240627,은평구,2024062620,33.0,19.0,57.5,0.0,1.0791666666666666,24,24,24
20240627,종로구,2024062620,32.0,21.0,52.5,0.0,1.2458333333333331,24,24,24
20240627,중구,2024062620,32.0,21.0,52.5,0.0,1.2458333333333331,24,24,24
20240627,중랑구,2024062620,32.0,20.0,52.291666666666664,0.0,1.3583333333333334,24,24,24
20240628,강남구,2024062720,33.0,22.0,55.208333333333336,20.0,1.425,24,24,24
20240628,강동구,2024062720,33.0,21.0,53.958333333333336,30.0,1.2291666666666667,24,24,24
20240628,강북구,2024062720,31.0,19.0,54.166666666666664,30.0,1.4083333333333332,24,24,24
20240628,강서구,2024062720,33.0,21.0,59.583333333333336,20.0,1.65,24,24,24
20240628,관악구,2024062720,32.0,22.0,56.25,20.0,1.5499999999999998,24,24,24
20240628,광진구,2024062720,33.0,22.0,51.666666666666664,30.0,1.325,24,24,24
20240628,구로구,2024062720,32.0,22.0,53.541666666666664,20.0,1.5833333333333333,24,24,24
20240628,금천구,2024062720,32.0,20.0,58.541666666666664,20.0,1.5208333333333333,24,24,24
20240628,노원구,2024062720,33.0,20.0,56.25,30.0,1.2708333333333333,24,24,24
20240628,도봉구,2024062720,33.0,20.0,56.25,30.0,1.2708333333333333,24,24,24
20240628,동대문구,2024062720,33.0,23.0,52.5,30.0,1.3458333333333332,24,24,24
20240628,동작구,2024062720,32.0,22.0,56.25,20.0,1.5499999999999998,24,24,24
20240628,마포구,2024062720,33.0,22.0,55.0,30.0,1.4958333333333336,24,24,24
20240628,서대문구,2024062720,33.0,22.0,55.0,30.0,1.4958333333333336,24,24,24
20240628,서초구,2024062720,33.0,22.0,55.208333333333336,20.0,1.425,24,24,24
20240628,성동구,2024062720,34.0,22.0,53.125,30.0,1.3958333333333333,24,24,24
20240628,성북구,2024062720,31.0,19.0,54.166666666666664,30.0,1.4083333333333332,24,24,24
20240628,송파구,2024062720,33.0,22.0,52.708333333333336,30.0,1.3583333333333332,24,24,24
20240628,양천구,2024062720,32.0,22.0,54.791666666666664,20.0,1.5833333333333333,24,24,24
20240628,영등포구,2024062720,33.0,22.0,55.0,20.0,1.5333333333333334,24,24,24
20240628,용산구,2024062720,33.0,22.0,55.0,30.0,1.475,24,24,24
20240628,은평구,2024062720,33.0,20.0,57.708333333333336,30.0,1.4833333333333334,24,24,24
20240628,종로구,2024062720,33.0,22.0,53.333333333333336,30.0,1.4416666666666669,24,24,24
20240628,중구,2024062720,33.0,22.0,53.333333333333336,30.0,1.4416666666666669,24,24,24
20240628,중랑구,2024062720,33.0,22.0,52.291666666666664,30.0,1.275,24,24,24
20240629,강남구,2024062820,32.0,21.0,65.20833333333333,72.0,2.1333333333333333,24,24,24
20240629,강동구,2024062820,31.0,21.0,65.20833333333333,74.0,2.0833333333333335,24,24,24
20240629,강북구,2024062820,29.0,19.0,66.04166666666667,65.0,2.004166666666667,24,24,24
20240629,강서구,2024062820,32.0,21.0,70.20833333333333,60.0,2.216666666666667,24,24,24
20240629,관악구,2024062820,31.0,21.0,66.25,69.0,2.1625,24,24,24
20240629,광진구,2024062820,32.0,22.0,63.125,72.0,2.1041666666666665,24,24,24
20240629,구로구,2024062820,31.0,22.0,64.375,67.0,2.1583333333333337,24,24,24
20240629,금천구,2024062820,31.0,20.0,69.58333333333333,70.0,2.120833333333333,24,24,24
20240629,노원구,2024062820,31.0,20.0,68.125,64.0,1.9624999999999997,24,24,24
20240629,도봉구,2024062820,31.0,20.0,68.125,64.0,1.9624999999999997,24,24,24
20240629,동대문구,2024062820,32.0,22.0,64.16666666666667,69.0,2.0416666666666665,24,24,24
20240629,동작구,2024062820,31.0,21.0,66.25,69.0,2.1625,24,24,24
20240629,마포구,2024062820,31.0,22.0,65.83333333333333,63.0,2.0958333333333337,24,24,24
20240629,서대문구,2024062820,31.0,22.0,65.83333333333333,63.0,2.0958333333333337,24,24,24
20240629,서초구,2024062820,32.0,21.0,65.20833333333333,72.0,2.1333333333333333,24,24,24
20240629,성동구,2024062820,32.0,22.0,64.375,71.0,2.108333333333333,24,24,24
20240629,성북구,2024062820,29.0,19.0,66.04166666666667,65.0,2.004166666666667,24,24,24
20240629,송파구,2024062820,32.0,22.0,64.16666666666667,72.0,2.125,24,24,24
20240629,양천구,2024062820,31.0,22.0,65.0,65.0,2.1625,24,24,24
20240629,영등포구,2024062820,31.0,22.0,65.0,66.0,2.1291666666666664,24,24,24
20240629,용산구,2024062820,31.0,22.0,65.0,69.0,2.1083333333333334,24,24,24
20240629,은평구,2024062820,32.0,20.0,68.125,61.0,2.0833333333333335,24,24,24
20240629,종로구,2024062820,31.0,22.0,65.625,66.0,2.0708333333333333,24,24,24
20240629,중구,2024062820,31.0,22.0,65.625,66.0,2.0708333333333333,24,24,24
20240629,중랑구,2024062820,32.0,21.0,64.58333333333333,72.0,2.058333333333333,24,24,24
20240630,강남구,2024062920,28.0,23.0,80.625,88.0,3.6625,24,24,24
20240630,강동구,2024062920,28.0,23.0,78.75,90.0,3.5124999999999997,24,24,24
20240630,강북구,2024062920,26.0,20.0,82.08333333333333,100.0,3.266666666666666,24,24,24
20240630,강서구,2024062920,29.0,22.0,82.91666666666667,100.0,4.016666666666667,24,24,24
20240630,관악구,2024062920,28.0,23.0,81.25,92.0,3.8791666666666664,24,24,24
20240630,광진구,2024062920,28.0,23.0,78.125,94.0,3.516666666666667,24,24,24
20240630,구로구,2024062920,28.0,23.0,77.5,96.0,4.041666666666667,24,24,24
20240630,금천구,2024062920,27.0,22.0,84.16666666666667,84.0,3.9583333333333335,24,24,24
20240630,노원구,2024062920,29.0,22.0,82.70833333333333,100.0,3.154166666666667,24,24,24
20240630,도봉구,2024062920,29.0,22.0,82.70833333333333,100.0,3.154166666666667,24,24,24
20240630,동대문구,2024062920,28.0,23.0,79.79166666666667,100.0,3.3958333333333335,24,24,24
20240630,동작구,2024062920,28.0,23.0,81.25,92.0,3.8791666666666664,24,24,24
20240630,마포구,2024062920,28.0,22.0,82.08333333333333,100.0,3.579166666666667,24,24,24
20240630,서대문구,2024062920,28.0,22.0,82.08333333333333,100.0,3.579166666666667,24,24,24
20240630,서초구,2024062920,28.0,23.0,80.625,88.0,3.6625,24,24,24
20240630,성동구,2024062920,29.0,22.0,81.66666666666667,100.0,3.5374999999999996,24,24,24
20240630,성북구,2024062920,26.0,20.0,82.08333333333333,100.0,3.266666666666666,24,24,24
20240630,송파구,2024062920,29.0,23.0,78.75,85.0,3.6458333333333335,24,24,24
20240630,양천구,2024062920,28.0,22.0,79.16666666666667,100.0,3.8958333333333335,24,24,24
20240630,영등포구,2024062920,28.0,23.0,80.41666666666667,100.0,3.733333333333333,24,24,24
20240630,용산구,2024062920,28.0,22.0,81.25,100.0,3.5875,24,24,24
20240630,은평구,2024062920,29.0,22.0,83.125,100.0,3.420833333333333,24,24,24
20240630,종로구,2024062920,28.0,22.0,81.875,100.0,3.433333333333333,24,24,24
20240630,중구,2024062920,28.0,22.0,81.875,100.0,3.433333333333333,24,24,24
20240630,중랑구,2024062920,29.0,23.0,78.54166666666667,100.0,3.3958333333333335,24,24,24
20240701,강남구,2024063020,31.0,22.0,74.375,30.0,1.025,24,24,24
20240701,강동구,2024063020,31.0,21.0,72.08333333333333,30.0,0.95,24,24,24
20240701,강북구,2024063020,28.0,19.0,74.16666666666667,30.0,1.0583333333333331,24,24,24
20240701,강서구,2024063020,30.0,21.0,77.29166666666667,30.0,1.4583333333333333,24,24,24
20240701,관악구,2024063020,30.0,22.0,75.20833333333333,30.0,1.2125,24,24,24
20240701,광진구,2024063020,31.0,22.0,70.20833333333333,30.0,0.9208333333333334,24,24,24
20240701,구로구,2024063020,30.0,22.0,71.66666666666667,30.0,1.3333333333333333,24,24,24
20240701,금천구,2024063020,30.0,21.0,78.125,30.0,1.2041666666666668,24,24,24
20240701,노원구,2024063020,30.0,21.0,76.04166666666667,30.0,0.8791666666666668,24,24,24
20240701,도봉구,2024063020,30.0,21.0,76.04166666666667,30.0,0.8791666666666668,24,24,24
20240701,동대문구,2024063020,31.0,22.0,71.04166666666667,30.0,0.9458333333333334,24,24,24
20240701,동작구,2024063020,30.0,22.0,75.20833333333333,30.0,1.2125,24,24,24
20240701,마포구,2024063020,30.0,22.0,73.75,30.0,1.2,24,24,24
20240701,서대문구,2024063020,30.0,22.0,73.75,30.0,1.2,24,24,24
20240701,서초구,2024063020,31.0,22.0,74.375,30.0,1.025,24,24,24
20240701,성동구,2024063020,31.0,21.0,72.91666666666667,30.0,0.9875000000000002,24,24,24
20240701,성북구,2024063020,28.0,19.0,74.16666666666667,30.0,1.0583333333333331,24,24,24
20240701,송파구,2024063020,31.0,22.0,71.875,30.0,0.9458333333333334,24,24,24
20240701,양천구,2024063020,30.0,22.0,72.70833333333333,30.0,1.3374999999999997,24,24,24
20240701,영등포구,2024063020,30.0,22.0,73.125,30.0,1.2208333333333334,24,24,24
20240701,용산구,2024063020,31.0,22.0,73.125,30.0,1.1124999999999998,24,24,24
20240701,은평구,2024063020,31.0,21.0,76.25,30.0,1.1708333333333334,24,24,24
20240701,종로구,2024063020,30.0,22.0,73.75,30.0,1.0833333333333333,24,24,24
20240701,중구,2024063020,30.0,22.0,73.75,30.0,1.0833333333333333,24,24,24
20240701,중랑구,2024063020,31.0,22.0,70.83333333333333,30.0,0.875,24,24,24
20240702,강남구,2024070120,25.0,24.0,84.375,87.0,2.6666666666666665,24,24,24
20240702,강동구,2024070120,24.0,23.0,84.16666666666667,90.0,2.6875,24,24,24
20240702,강북구,2024070120,23.0,21.0,85.41666666666667,90.0,2.6666666666666665,24,24,24
20240702,강서구,2024070120,25.0,23.0,87.70833333333333,87.0,2.845833333333333,24,24,24
20240702,관악구,2024070120,25.0,24.0,85.0,90.0,2.6833333333333336,24,24,24
20240702,광진구,2024070120,25.0,24.0,82.5,90.0,2.6833333333333336,24,24,24
20240702,구로구,2024070120,26.0,25.0,81.45833333333333,90.0,2.7125,24,24,24
20240702,금천구,2024070120,25.0,23.0,87.5,90.0,2.670833333333333,24,24,24
20240702,노원구,2024070120,25.0,22.0,86.875,90.0,2.7625000000000006,24,24,24
20240702,도봉구,2024070120,25.0,22.0,86.875,90.0,2.7625000000000006,24,24,24
20240702,동대문구,2024070120,25.0,24.0,83.54166666666667,90.0,2.6750000000000003,24,24,24
20240702,동작구,2024070120,25.0,24.0,85.0,90.0,2.6833333333333336,24,24,24
20240702,마포구,2024070120,25.0,24.0,84.375,90.0,2.7125,24,24,24
20240702,서대문구,2024070120,25.0,24.0,84.375,90.0,2.7125,24,24,24
20240702,서초구,2024070120,25.0,24.0,84.375,87.0,2.6666666666666665,24,24,24
20240702,성동구,2024070120,25.0,23.0,83.75,87.0,2.6916666666666664,24,24,24
20240702,성북구,2024070120,23.0,21.0,85.41666666666667,90.0,2.6666666666666665,24,24,24
20240702,송파구,2024070120,25.0,24.0,83.125,90.0,2.6750000000000003,24,24,24
20240702,양천구,2024070120,25.0,24.0,83.33333333333333,83.0,2.7375000000000003,24,24,24
20240702,영등포구,2024070120,25.0,24.0,83.75,84.0,2.7166666666666663,24,24,24
20240702,용산구,2024070120,25.0,24.0,84.375,85.0,2.6958333333333333,24,24,24
20240702,은평구,2024070120,25.0,22.0,86.66666666666667,90.0,2.6999999999999997,24,24,24
20240702,종로구,2024070120,25.0,24.0,85.83333333333333,90.0,2.658333333333333,24,24,24
20240702,중구,2024070120,25.0,24.0,85.83333333333333,90.0,2.658333333333333,24,24,24
20240702,중랑구,2024070120,25.0,23.0,83.54166666666667,90.0,2.704166666666667,24,24,24
20240703,강남구,2024070220,28.0,23.0,80.625,60.0,3.1208333333333336,24,24,24
20240703,강동구,2024070220,28.0,23.0,80.83333333333333,60.0,3.0583333333333336,24,24,24
20240703,강북구,2024070220,25.0,21.0,82.91666666666667,60.0,2.9416666666666664,24,24,24
20240703,강서구,2024070220,28.0,23.0,83.95833333333333,60.0,3.5666666666666664,24,24,24
20240703,관악구,2024070220,27.0,23.0,81.875,60.0,3.275,24,24,24
20240703,광진구,2024070220,28.0,23.0,79.16666666666667,60.0,3.0708333333333333,24,24,24
20240703,구로구,2024070220,27.0,23.0,78.54166666666667,60.0,3.3791666666666664,24,24,24
20240703,금천구,2024070220,27.0,23.0,84.58333333333333,60.0,3.279166666666667,24,24,24
20240703,노원구,2024070220,28.0,23.0,84.375,60.0,2.9625,24,24,24
20240703,도봉구,2024070220,28.0,23.0,84.375,60.0,2.9625,24,24,24
20240703,동대문구,2024070220,28.0,23.0,81.66666666666667,60.0,3.0125000000000006,24,24,24
20240703,동작구,2024070220,27.0,23.0,81.875,60.0,3.275,24,24,24
20240703,마포구,2024070220,27.0,23.0,82.5,60.0,3.1750000000000003,24,24,24
20240703,서대문구,2024070220,27.0,23.0,82.5,60.0,3.1750000000000003,24,24,24
20240703,서초구,2024070220,28.0,23.0,80.625,60.0,3.1208333333333336,24,24,24
20240703,성동구,2024070220,29.0,23.0,80.41666666666667,60.0,3.0833333333333335,24,24,24
20240703,성북구,2024070220,25.0,21.0,82.91666666666667,60.0,2.9416666666666664,24,24,24
20240703,송파구,2024070220,29.0,23.0,79.16666666666667,60.0,3.108333333333333,24,24,24
20240703,양천구,2024070220,27.0,23.0,81.25,60.0,3.3625000000000003,24,24,24
20240703,영등포구,2024070220,27.0,23.0,81.66666666666667,60.0,3.233333333333333,24,24,24
20240703,용산구,2024070220,27.0,23.0,81.66666666666667,60.0,3.108333333333334,24,24,24
20240703,은평구,2024070220,27.0,23.0,84.79166666666667,60.0,3.1208333333333336,24,24,24
20240703,종로구,2024070220,27.0,23.0,82.70833333333333,60.0,3.016666666666667,24,24,24
20240703,중구,2024070220,27.0,23.0,82.70833333333333,60.0,3.016666666666667,24,24,24
20240703,중랑구,2024070220,28.0,23.0,80.0,60.0,3.025,24,24,24
20240704,강남구,2024070320,30.0,23.0,78.95833333333333,61.0,3.9333333333333336,24,24,24
20240704,강동구,2024070320,30.0,23.0,79.16666666666667,84.0,3.5333333333333337,24,24,24
20240704,강북구,2024070320,27.0,20.0,83.125,60.0,3.875,24,24,24
20240704,강서구,2024070320,29.0,22.0,85.0,60.0,4.054166666666666,24,24,24
20240704,관악구,2024070320,29.0,23.0,81.66666666666667,60.0,4.283333333333333,24,24,24
20240704,광진구,2024070320,30.0,23.0,77.91666666666667,72.0,3.6875,24,24,24
20240704,구로구,2024070320,29.0,23.0,77.91666666666667,60.0,4.379166666666666,24,24,24
20240704,금천구,2024070320,29.0,23.0,82.91666666666667,61.0,4.2125,24,24,24
20240704,노원구,2024070320,29.0,22.0,83.95833333333333,60.0,3.7208333333333328,24,24,24
20240704,도봉구,2024070320,29.0,22.0,83.95833333333333,60.0,3.7208333333333328,24,24,24
20240704,동대문구,2024070320,30.0,23.0,79.375,60.0,3.8083333333333336,24,24,24
20240704,동작구,2024070320,29.0,23.0,81.66666666666667,60.0,4.283333333333333,24,24,24
20240704,마포구,2024070320,29.0,23.0,81.66666666666667,60.0,4.033333333333334,24,24,24
20240704,서대문구,2024070320,29.0,23.0,81.66666666666667,60.0,4.033333333333334,24,24,24
20240704,서초구,2024070320,30.0,23.0,78.95833333333333,61.0,3.9333333333333336,24,24,24
20240704,성동구,2024070320,30.0,23.0,78.95833333333333,61.0,3.879166666666667,24,24,24
20240704,성북구,2024070320,27.0,20.0,83.125,60.0,3.875,24,24,24
20240704,송파구,2024070320,30.0,23.0,78.125,91.0,3.725,24,24,24
20240704,양천구,2024070320,29.0,23.0,80.41666666666667,60.0,4.258333333333333,24,24,24
20240704,영등포구,2024070320,29.0,23.0,80.41666666666667,60.0,4.195833333333334,24,24,24
20240704,용산구,2024070320,29.0,23.0,80.41666666666667,60.0,4.095833333333334,24,24,24
20240704,은평구,2024070320,29.0,22.0,83.54166666666667,60.0,3.9,24,24,24
20240704,종로구,2024070320,29.0,23.0,81.45833333333333,60.0,3.9791666666666665,24,24,24
20240704,중구,2024070320,29.0,23.0,81.45833333333333,60.0,3.9791666666666665,24,24,24
20240704,중랑구,2024070320,30.0,23.0,78.33333333333333,63.0,3.65,24,24,24
20240705,강남구,2024070420,29.0,23.0,73.54166666666667,60.0,4.304166666666667,24,24,24
20240705,강동구,2024070420,29.0,23.0,72.08333333333333,60.0,3.9791666666666665,24,24,24
20240705,강북구,2024070420,26.0,20.0,73.95833333333333,88.0,3.7416666666666663,24,24,24
20240705,강서구,2024070420,29.0,22.0,77.91666666666667,82.0,4.654166666666666,24,24,24
20240705,관악구,2024070420,28.0,23.0,75.41666666666667,60.0,4.508333333333333,24,24,24
20240705,광진구,2024070420,29.0,23.0,70.625,60.0,3.9625,24,24,24
20240705,구로구,2024070420,28.0,23.0,72.29166666666667,60.0,4.7250000000000005,24,24,24
20240705,금천구,2024070420,28.0,22.0,76.875,60.0,4.820833333333333,24,24,24
20240705,노원구,2024070420,29.0,22.0,75.41666666666667,87.0,3.566666666666667,24,24,24
20240705,도봉구,2024070420,29.0,22.0,75.41666666666667,87.0,3.566666666666667,24,24,24
20240705,동대문구,2024070420,29.0,23.0,72.08333333333333,60.0,3.7875,24,24,24
20240705,동작구,2024070420,28.0,23.0,75.41666666666667,60.0,4.508333333333333,24,24,24
20240705,마포구,2024070420,29.0,23.0,75.41666666666667,84.0,3.983333333333333,24,24,24
20240705,서대문구,2024070420,29.0,23.0,75.41666666666667,84.0,3.983333333333333,24,24,24
20240705,서초구,2024070420,29.0,23.0,73.54166666666667,60.0,4.304166666666667,24,24,24
20240705,성동구,2024070420,29.0,23.0,72.29166666666667,60.0,3.9583333333333335,24,24,24
20240705,성북구,2024070420,26.0,20.0,73.95833333333333,88.0,3.7416666666666663,24,24,24
20240705,송파구,2024070420,30.0,23.0,70.625,60.0,4.266666666666667,24,24,24
20240705,양천구,2024070420,28.0,23.0,73.75,60.0,4.4624999999999995,24,24,24
20240705,영등포구,2024070420,29.0,23.0,73.95833333333333,60.0,4.141666666666667,24,24,24
20240705,용산구,2024070420,29.0,23.0,74.375,60.0,4.033333333333333,24,24,24
20240705,은평구,2024070420,29.0,22.0,76.45833333333333,88.0,3.8541666666666665,24,24,24
20240705,종로구,2024070420,28.0,23.0,74.79166666666667,60.0,3.858333333333333,24,24,24
20240705,중구,2024070420,28.0,23.0,74.79166666666667,60.0,3.858333333333333,24,24,24
20240705,중랑구,2024070420,29.0,23.0,71.25,60.0,3.779166666666667,24,24,24
20240706,강남구,2024070520,31.0,23.0,82.70833333333333,90.0,3.5583333333333336,24,24,24
20240706,강동구,2024070520,30.0,22.0,82.70833333333333,90.0,3.5083333333333333,24,24,24
20240706,강북구,2024070520,27.0,20.0,85.41666666666667,90.0,3.4708333333333337,24,24,24
20240706,강서구,2024070520,30.0,22.0,85.83333333333333,90.0,3.829166666666667,24,24,24
20240706,관악구,2024070520,30.0,23.0,83.125,90.0,3.675,24,24,24
20240706,광진구,2024070520,31.0,23.0,81.25,90.0,3.5208333333333335,24,24,24
20240706,구로구,2024070520,30.0,23.0,80.20833333333333,90.0,3.75,24,24,24
20240706,금천구,2024070520,30.0,22.0,85.41666666666667,90.0,3.675,24,24,24
20240706,노원구,2024070520,29.0,22.0,85.83333333333333,90.0,3.454166666666667,24,24,24
20240706,도봉구,2024070520,29.0,22.0,85.83333333333333,90.0,3.454166666666667,24,24,24
20240706,동대문구,2024070520,30.0,23.0,81.875,90.0,3.4791666666666665,24,24,24
20240706,동작구,2024070520,30.0,23.0,83.125,90.0,3.675,24,24,24
20240706,마포구,2024070520,30.0,23.0,83.54166666666667,90.0,3.6125,24,24,24
20240706,서대문구,2024070520,30.0,23.0,83.54166666666667,90.0,3.6125,24,24,24
20240706,서초구,2024070520,31.0,23.0,82.70833333333333,90.0,3.5583333333333336,24,24,24
20240706,성동구,2024070520,31.0,23.0,82.29166666666667,90.0,3.5333333333333337,24,24,24
20240706,성북구,2024070520,27.0,20.0,85.41666666666667,90.0,3.4708333333333337,24,24,24
20240706,송파구,2024070520,31.0,23.0,81.04166666666667,90.0,3.554166666666667,24,24,24
20240706,양천구,2024070520,30.0,23.0,82.70833333333333,90.0,3.7458333333333336,24,24,24
20240706,영등포구,2024070520,30.0,23.0,83.125,90.0,3.6375,24,24,24
20240706,용산구,2024070520,30.0,23.0,83.33333333333333,90.0,3.579166666666667,24,24,24
20240706,은평구,2024070520,29.0,22.0,85.625,90.0,3.591666666666667,24,24,24
20240706,종로구,2024070520,29.0,23.0,84.375,90.0,3.525,24,24,24
20240706,중구,2024070520,29.0,23.0,84.375,90.0,3.525,24,24,24
20240706,중랑구,2024070520,30.0,23.0,82.08333333333333,90.0,3.5083333333333333,24,24,24
20240707,강남구,2024070620,30.0,23.0,83.75,30.0,2.170833333333333,24,24,24
20240707,강동구,2024070620,30.0,22.0,82.70833333333333,30.0,2.1458333333333335,24,24,24
20240707,강북구,2024070620,27.0,20.0,83.125,30.0,1.9875,24,24,24
20240707,강서구,2024070620,29.0,22.0,85.83333333333333,30.0,2.583333333333333,24,24,24
20240707,관악구,2024070620,29.0,23.0,85.0,30.0,2.3375,24,24,24
20240707,광진구,2024070620,30.0,23.0,81.04166666666667,30.0,2.1125000000000003,24,24,24
20240707,구로구,2024070620,29.0,23.0,81.25,30.0,2.4375,24,24,24
20240707,금천구,2024070620,28.0,22.0,87.29166666666667,30.0,2.5291666666666663,24,24,24
20240707,노원구,2024070620,30.0,22.0,83.125,30.0,1.9958333333333331,24,24,24
20240707,도봉구,2024070620,30.0,22.0,83.125,30.0,1.9958333333333331,24,24,24
20240707,동대문구,2024070620,30.0,23.0,81.25,30.0,2.033333333333333,24,24,24
20240707,동작구,2024070620,29.0,23.0,85.0,30.0,2.3375,24,24,24
20240707,마포구,2024070620,29.0,22.0,83.54166666666667,30.0,2.1333333333333333,24,24,24
20240707,서대문구,2024070620,29.0,22.0,83.54166666666667,30.0,2.1333333333333333,24,24,24
20240707,서초구,2024070620,30.0,23.0,83.75,30.0,2.170833333333333,24,24,24
20240707,성동구,2024070620,30.0,23.0,82.08333333333333,30.0,2.1041666666666665,24,24,24
20240707,성북구,2024070620,27.0,20.0,83.125,30.0,1.9875,24,24,24
20240707,송파구,2024070620,30.0,23.0,82.29166666666667,30.0,2.1958333333333333,24,24,24
20240707,양천구,2024070620,29.0,23.0,83.33333333333333,30.0,2.3833333333333333,24,24,24
20240707,영등포구,2024070620,29.0,23.0,83.54166666666667,30.0,2.2125,24,24,24
20240707,용산구,2024070620,29.0,23.0,83.95833333333333,30.0,2.129166666666667,24,24,24
20240707,은평구,2024070620,30.0,21.0,83.75,30.0,2.0666666666666664,24,24,24
20240707,종로구,2024070620,29.0,23.0,82.5,30.0,2.0500000000000003,24,24,24
20240707,중구,2024070620,29.0,23.0,82.5,30.0,2.0500000000000003,24,24,24
20240707,중랑구,2024070620,30.0,23.0,81.45833333333333,30.0,2.0791666666666666,24,24,24
20240708,강남구,2024070720,28.0,23.0,85.0,72.0,1.6958333333333335,24,24,24
20240708,강동구,2024070720,28.0,23.0,83.95833333333333,77.0,1.7333333333333334,24,24,24
20240708,강북구,2024070720,26.0,21.0,86.66666666666667,82.0,1.5166666666666666,24,24,24
20240708,강서구,2024070720,29.0,23.0,87.91666666666667,83.0,1.6958333333333335,24,24,24
20240708,관악구,2024070720,28.0,24.0,86.875,76.0,1.6875,24,24,24
20240708,광진구,2024070720,28.0,24.0,83.95833333333333,74.0,1.6916666666666664,24,24,24
20240708,구로구,2024070720,28.0,24.0,83.33333333333333,74.0,1.7166666666666668,24,24,24
20240708,금천구,2024070720,27.0,23.0,88.95833333333333,73.0,1.7166666666666668,24,24,24
20240708,노원구,2024070720,28.0,23.0,87.08333333333333,87.0,1.55,24,24,24
20240708,도봉구,2024070720,28.0,23.0,87.08333333333333,87.0,1.55,24,24,24
20240708,동대문구,2024070720,28.0,24.0,84.58333333333333,82.0,1.5958333333333334,24,24,24
20240708,동작구,2024070720,28.0,24.0,86.875,76.0,1.6875,24,24,24
20240708,마포구,2024070720,28.0,23.0,86.875,78.0,1.5916666666666668,24,24,24
20240708,서대문구,2024070720,28.0,23.0,86.875,78.0,1.5916666666666668,24,24,24
20240708,서초구,2024070720,28.0,23.0,85.0,72.0,1.6958333333333335,24,24,24
20240708,성동구,2024070720,28.0,23.0,84.79166666666667,77.0,1.6624999999999996,24,24,24
20240708,성북구,2024070720,26.0,21.0,86.66666666666667,82.0,1.5166666666666666,24,24,24
20240708,송파구,2024070720,28.0,24.0,83.95833333333333,71.0,1.75,24,24,24
20240708,양천구,2024070720,28.0,23.0,85.41666666666667,76.0,1.6666666666666667,24,24,24
20240708,영등포구,2024070720,28.0,24.0,86.45833333333333,77.0,1.6458333333333333,24,24,24
20240708,용산구,2024070720,28.0,23.0,87.08333333333333,78.0,1.6458333333333333,24,24,24
20240708,은평구,2024070720,28.0,23.0,88.125,80.0,1.5583333333333336,24,24,24
20240708,종로구,2024070720,27.0,23.0,86.25,80.0,1.5791666666666668,24,24,24
20240708,중구,2024070720,27.0,23.0,86.25,80.0,1.5791666666666668,24,24,24
20240708,중랑구,2024070720,28.0,24.0,83.95833333333333,82.0,1.6333333333333335,24,24,24
20240709,강남구,2024070820,27.0,23.0,85.83333333333333,76.0,1.7333333333333332,24,24,24
20240709,강동구,2024070820,27.0,23.0,85.83333333333333,73.0,1.7125,24,24,24
20240709,강북구,2024070820,24.0,20.0,87.5,60.0,1.6833333333333336,24,24,24
20240709,강서구,2024070820,27.0,23.0,88.54166666666667,68.0,1.9083333333333332,24,24,24
20240709,관악구,2024070820,27.0,23.0,87.29166666666667,75.0,1.8083333333333331,24,24,24
20240709,광진구,2024070820,27.0,23.0,84.16666666666667,73.0,1.7125,24,24,24
20240709,구로구,2024070820,27.0,23.0,84.16666666666667,77.0,1.8291666666666664,24,24,24
20240709,금천구,2024070820,26.0,22.0,90.0,85.0,1.7833333333333334,24,24,24
20240709,노원구,2024070820,27.0,23.0,88.125,60.0,1.6541666666666668,24,24,24
20240709,도봉구,2024070820,27.0,23.0,88.125,60.0,1.6541666666666668,24,24,24
20240709,동대문구,2024070820,27.0,23.0,86.25,67.0,1.7041666666666668,24,24,24
20240709,동작구,2024070820,27.0,23.0,87.29166666666667,75.0,1.8083333333333331,24,24,24
20240709,마포구,2024070820,27.0,23.0,87.08333333333333,63.0,1.7583333333333335,24,24,24
20240709,서대문구,2024070820,27.0,23.0,87.08333333333333,63.0,1.7583333333333335,24,24,24
20240709,서초구,2024070820,27.0,23.0,85.83333333333333,76.0,1.7333333333333332,24,24,24
20240709,성동구,2024070820,28.0,23.0,85.0,71.0,1.7208333333333332,24,24,24
20240709,성북구,2024070820,24.0,20.0,87.5,60.0,1.6833333333333336,24,24,24
20240709,송파구,2024070820,27.0,23.0,84.375,76.0,1.7208333333333332,24,24,24
20240709,양천구,2024070820,27.0,23.0,85.83333333333333,70.0,1.8166666666666669,24,24,24
20240709,영등포구,2024070820,27.0,23.0,86.875,68.0,1.7916666666666667,24,24,24
20240709,용산구,2024070820,27.0,23.0,86.875,69.0,1.7458333333333336,24,24,24
20240709,은평구,2024070820,27.0,22.0,88.95833333333333,60.0,1.7416666666666665,24,24,24
20240709,종로구,2024070820,27.0,23.0,87.08333333333333,64.0,1.7041666666666666,24,24,24
20240709,중구,2024070820,27.0,23.0,87.08333333333333,64.0,1.7041666666666666,24,24,24
20240709,중랑구,2024070820,27.0,23.0,84.79166666666667,71.0,1.7041666666666664,24,24,24
20240710,강남구,2024070920,31.0,24.0,81.04166666666667,100.0,2.525,24,24,24
20240710,강동구,2024070920,30.0,23.0,79.58333333333333,100.0,2.533333333333333,24,24,24
20240710,강북구,2024070920,28.0,21.0,81.04166666666667,100.0,2.1875,24,24,24
20240710,강서구,2024070920,31.0,23.0,82.08333333333333,99.0,2.370833333333333,24,24,24
20240710,관악구,2024070920,31.0,23.0,82.29166666666667,95.0,2.4625,24,24,24
20240710,광진구,2024070920,30.0,24.0,77.5,100.0,2.483333333333333,24,24,24
20240710,구로구,2024070920,31.0,24.0,78.54166666666667,100.0,2.4541666666666666,24,24,24
20240710,금천구,2024070920,30.0,23.0,82.70833333333333,96.0,2.5,24,24,24
20240710,노원구,2024070920,30.0,23.0,81.66666666666667,97.0,2.2416666666666667,24,24,24
20240710,도봉구,2024070920,30.0,23.0,81.66666666666667,97.0,2.2416666666666667,24,24,24
20240710,동대문구,2024070920,31.0,24.0,78.33333333333333,100.0,2.345833333333333,24,24,24
20240710,동작구,2024070920,31.0,23.0,82.29166666666667,95.0,2.4625,24,24,24
20240710,마포구,2024070920,30.0,23.0,81.66666666666667,100.0,2.3000000000000003,24,24,24
20240710,서대문구,2024070920,30.0,23.0,81.66666666666667,100.0,2.3000000000000003,24,24,24
20240710,서초구,2024070920,31.0,24.0,81.04166666666667,100.0,2.525,24,24,24
20240710,성동구,2024070920,30.0,23.0,78.125,100.0,2.4458333333333333,24,24,24
20240710,성북구,2024070920,28.0,21.0,81.04166666666667,100.0,2.1875,24,24,24
20240710,송파구,2024070920,31.0,24.0,78.33333333333333,100.0,2.5583333333333336,24,24,24
20240710,양천구,2024070920,31.0,24.0,80.20833333333333,95.0,2.3749999999999996,24,24,24
20240710,영등포구,2024070920,31.0,24.0,81.25,97.0,2.3875,24,24,24
20240710,용산구,2024070920,31.0,23.0,81.66666666666667,100.0,2.4125,24,24,24
20240710,은평구,2024070920,30.0,23.0,81.875,100.0,2.220833333333333,24,24,24
20240710,종로구,2024070920,30.0,23.0,79.16666666666667,100.0,2.3041666666666667,24,24,24
20240710,중구,2024070920,30.0,23.0,79.16666666666667,100.0,2.3041666666666667,24,24,24
20240710,중랑구,2024070920,31.0,24.0,77.70833333333333,95.0,2.4250000000000003,24,24,24
20240711,강남구,2024071020,32.0,22.0,71.875,60.0,1.4416666666666669,24,24,24
20240711,강동구,2024071020,32.0,22.0,69.58333333333333,60.0,1.375,24,24,24
20240711,강북구,2024071020,30.0,20.0,69.79166666666667,20.0,1.375,24,24,24
20240711,강서구,2024071020,31.0,22.0,73.75,20.0,1.5833333333333333,24,24,24
20240711,관악구,2024071020,31.0,23.0,73.33333333333333,60.0,1.5375,24,24,24
20240711,광진구,2024071020,32.0,23.0,68.54166666666667,60.0,1.3666666666666665,24,24,24
20240711,구로구,2024071020,31.0,23.0,71.04166666666667,60.0,1.5791666666666666,24,24,24
20240711,금천구,2024071020,30.0,22.0,75.625,30.0,1.4958333333333336,24,24,24
20240711,노원구,2024071020,32.0,22.0,72.70833333333333,60.0,1.2791666666666668,24,24,24
20240711,도봉구,2024071020,32.0,22.0,72.70833333333333,60.0,1.2791666666666668,24,24,24
20240711,동대문구,2024071020,32.0,23.0,69.16666666666667,20.0,1.366666666666667,24,24,24
20240711,동작구,2024071020,31.0,23.0,73.33333333333333,60.0,1.5375,24,24,24
20240711,마포구,2024071020,32.0,23.0,71.66666666666667,20.0,1.4625000000000004,24,24,24
20240711,서대문구,2024071020,32.0,23.0,71.66666666666667,20.0,1.4625000000000004,24,24,24
20240711,서초구,2024071020,32.0,22.0,71.875,60.0,1.4416666666666669,24,24,24
20240711,성동구,2024071020,33.0,23.0,69.375,60.0,1.4208333333333334,24,24,24
20240711,성북구,2024071020,30.0,20.0,69.79166666666667,20.0,1.375,24,24,24
20240711,송파구,2024071020,32.0,23.0,70.0,60.0,1.4041666666666668,24,24,24
20240711,양천구,2024071020,31.0,23.0,71.04166666666667,60.0,1.5416666666666667,24,24,24
20240711,영등포구,2024071020,31.0,23.0,71.66666666666667,20.0,1.5166666666666666,24,24,24
20240711,용산구,2024071020,32.0,23.0,71.875,60.0,1.4875,24,24,24
20240711,은평구,2024071020,32.0,22.0,71.875,20.0,1.4208333333333334,24,24,24
20240711,종로구,2024071020,31.0,23.0,70.83333333333333,20.0,1.429166666666667,24,24,24
20240711,중구,2024071020,31.0,23.0,70.83333333333333,20.0,1.429166666666667,24,24,24
20240711,중랑구,2024071020,32.0,23.0,68.33333333333333,30.0,1.3333333333333333,24,24,24
20240712,강남구,2024071120,33.0,22.0,75.41666666666667,30.0,1.3041666666666667,24,24,24
20240712,강동구,2024071120,32.0,22.0,75.41666666666667,60.0,1.0541666666666665,24,24,24
20240712,강북구,2024071120,30.0,20.0,76.25,60.0,1.2041666666666668,24,24,24
20240712,강서구,2024071120,32.0,22.0,79.375,30.0,1.5666666666666669,24,24,24
20240712,관악구,2024071120,32.0,22.0,77.08333333333333,30.0,1.4666666666666668,24,24,24
20240712,광진구,2024071120,32.0,23.0,72.91666666666667,60.0,1.1625,24,24,24
20240712,구로구,2024071120,31.0,23.0,75.0,30.0,1.5333333333333332,24,24,24
20240712,금천구,2024071120,31.0,22.0,79.58333333333333,30.0,1.4666666666666668,24,24,24
20240712,노원구,2024071120,32.0,22.0,78.33333333333333,60.0,1.0666666666666669,24,24,24
20240712,도봉구,2024071120,32.0,22.0,78.33333333333333,60.0,1.0666666666666669,24,24,24
20240712,동대문구,2024071120,32.0,23.0,74.58333333333333,60.0,1.1833333333333331,24,24,24
20240712,동작구,2024071120,32.0,22.0,77.08333333333333,30.0,1.4666666666666668,24,24,24
20240712,마포구,2024071120,32.0,22.0,76.45833333333333,30.0,1.3541666666666667,24,24,24
20240712,서대문구,2024071120,32.0,22.0,76.45833333333333,30.0,1.3541666666666667,24,24,24
20240712,서초구,2024071120,33.0,22.0,75.41666666666667,30.0,1.3041666666666667,24,24,24
20240712,성동구,2024071120,32.0,22.0,72.70833333333333,30.0,1.2375,24,24,24
20240712,성북구,2024071120,30.0,20.0,76.25,60.0,1.2041666666666668,24,24,24
20240712,송파구,2024071120,33.0,23.0,73.33333333333333,60.0,1.2,24,24,24
20240712,양천구,2024071120,32.0,23.0,75.83333333333333,30.0,1.4791666666666667,24,24,24
20240712,영등포구,2024071120,32.0,23.0,76.45833333333333,30.0,1.4083333333333332,24,24,24
20240712,용산구,2024071120,32.0,23.0,76.25,30.0,1.3458333333333332,24,24,24
20240712,은평구,2024071120,32.0,22.0,77.70833333333333,30.0,1.3208333333333333,24,24,24
20240712,종로구,2024071120,31.0,23.0,74.16666666666667,30.0,1.275,24,24,24
20240712,중구,2024071120,31.0,23.0,74.16666666666667,30.0,1.275,24,24,24
20240712,중랑구,2024071120,32.0,22.0,73.75,60.0,1.1083333333333334,24,24,24
20240713,강남구,2024071220,34.0,24.0,71.875,20.0,1.6916666666666664,24,24,24
20240713,강동구,2024071220,33.0,23.0,68.95833333333333,20.0,1.7875,24,24,24
20240713,강북구,2024071220,31.0,21.0,70.83333333333333,20.0,1.6541666666666668,24,24,24
20240713,강서구,2024071220,33.0,23.0,77.29166666666667,20.0,1.3375,24,24,24
20240713,관악구,2024071220,33.0,24.0,73.95833333333333,20.0,1.5125,24,24,24
20240713,광진구,2024071220,33.0,24.0,67.70833333333333,20.0,1.7375,24,24,24
20240713,구로구,2024071220,33.0,24.0,72.70833333333333,20.0,1.425,24,24,24
20240713,금천구,2024071220,32.0,23.0,76.45833333333333,20.0,1.5166666666666666,24,24,24
20240713,노원구,2024071220,33.0,22.0,72.91666666666667,20.0,1.6916666666666669,24,24,24
20240713,도봉구,2024071220,33.0,22.0,72.91666666666667,20.0,1.6916666666666669,24,24,24
20240713,동대문구,2024071220,33.0,24.0,68.75,20.0,1.6791666666666665,24,24,24
20240713,동작구,2024071220,33.0,24.0,73.95833333333333,20.0,1.5125,24,24,24
20240713,마포구,2024071220,33.0,24.0,72.08333333333333,20.0,1.5416666666666667,24,24,24
20240713,서대문구,2024071220,33.0,24.0,72.08333333333333,20.0,1.5416666666666667,24,24,24
20240713,서초구,2024071220,34.0,24.0,71.875,20.0,1.6916666666666664,24,24,24
20240713,성동구,2024071220,34.0,24.0,68.95833333333333,20.0,1.6958333333333335,24,24,24
20240713,성북구,2024071220,31.0,21.0,70.83333333333333,20.0,1.6541666666666668,24,24,24
20240713,송파구,2024071220,34.0,24.0,69.375,20.0,1.7375,24,24,24
20240713,양천구,2024071220,33.0,24.0,72.29166666666667,20.0,1.45,24,24,24
20240713,영등포구,2024071220,33.0,24.0,72.08333333333333,20.0,1.5333333333333332,24,24,24
20240713,용산구,2024071220,33.0,24.0,71.875,20.0,1.65,24,24,24
20240713,은평구,2024071220,33.0,23.0,73.125,20.0,1.55,24,24,24
20240713,종로구,2024071220,33.0,24.0,68.95833333333333,20.0,1.6541666666666668,24,24,24
20240713,중구,2024071220,33.0,24.0,68.95833333333333,20.0,1.6541666666666668,24,24,24
20240713,중랑구,2024071220,33.0,23.0,68.33333333333333,20.0,1.7250000000000003,24,24,24
20240714,강남구,2024071320,31.0,24.0,74.375,30.0,2.125,24,24,24
20240714,강동구,2024071320,31.0,23.0,73.54166666666667,30.0,2.0041666666666664,24,24,24
20240714,강북구,2024071320,29.0,21.0,71.66666666666667,30.0,2.141666666666667,24,24,24
20240714,강서구,2024071320,31.0,24.0,74.375,60.0,2.220833333333333,24,24,24
20240714,관악구,2024071320,31.0,24.0,73.54166666666667,30.0,2.1916666666666664,24,24,24
20240714,광진구,2024071320,31.0,24.0,71.875,30.0,2.0708333333333333,24,24,24
20240714,구로구,2024071320,31.0,24.0,69.58333333333333,30.0,2.216666666666667,24,24,24
20240714,금천구,2024071320,30.0,23.0,76.04166666666667,30.0,2.1875,24,24,24
20240714,노원구,2024071320,31.0,23.0,73.33333333333333,60.0,2.0875,24,24,24
20240714,도봉구,2024071320,31.0,23.0,73.33333333333333,60.0,2.0875,24,24,24
20240714,동대문구,2024071320,31.0,24.0,71.04166666666667,30.0,2.095833333333333,24,24,24
20240714,동작구,2024071320,31.0,24.0,73.54166666666667,30.0,2.1916666666666664,24,24,24
20240714,마포구,2024071320,31.0,24.0,72.08333333333333,30.0,2.1708333333333334,24,24,24
20240714,서대문구,2024071320,31.0,24.0,72.08333333333333,30.0,2.1708333333333334,24,24,24
20240714,서초구,2024071320,31.0,24.0,74.375,30.0,2.125,24,24,24
20240714,성동구,2024071320,31.0,24.0,73.125,30.0,2.1208333333333336,24,24,24
20240714,성북구,2024071320,29.0,21.0,71.66666666666667,30.0,2.141666666666667,24,24,24
20240714,송파구,2024071320,31.0,24.0,72.70833333333333,60.0,2.0833333333333335,24,24,24
20240714,양천구,2024071320,31.0,24.0,70.625,60.0,2.1916666666666664,24,24,24
20240714,영등포구,2024071320,31.0,24.0,72.29166666666667,30.0,2.1875,24,24,24
20240714,용산구,2024071320,31.0,24.0,73.125,30.0,2.170833333333333,24,24,24
20240714,은평구,2024071320,31.0,23.0,72.5,60.0,2.154166666666667,24,24,24
20240714,종로구,2024071320,31.0,24.0,74.16666666666667,30.0,2.1625,24,24,24
20240714,중구,2024071320,31.0,24.0,74.16666666666667,30.0,2.1625,24,24,24
20240714,중랑구,2024071320,31.0,24.0,71.875,30.0,2.0416666666666665,24,24,24
20240715,강남구,2024071420,32.0,23.0,71.45833333333333,60.0,2.3125,24,24,24
20240715,강동구,2024071420,31.0,22.0,70.20833333333333,60.0,2.283333333333333,24,24,24
20240715,강북구,2024071420,29.0,20.0,68.54166666666667,60.0,2.220833333333333,24,24,24
20240715,강서구,2024071420,32.0,23.0,71.45833333333333,60.0,2.2416666666666667,24,24,24
20240715,관악구,2024071420,32.0,23.0,71.66666666666667,60.0,2.3000000000000003,24,24,24
20240715,광진구,2024071420,31.0,23.0,68.75,60.0,2.2875,24,24,24
20240715,구로구,2024071420,32.0,24.0,68.33333333333333,60.0,2.2916666666666665,24,24,24
20240715,금천구,2024071420,31.0,23.0,75.625,60.0,2.3375,24,24,24
20240715,노원구,2024071420,31.0,22.0,71.25,60.0,2.220833333333333,24,24,24
20240715,도봉구,2024071420,31.0,22.0,71.25,60.0,2.220833333333333,24,24,24
20240715,동대문구,2024071420,32.0,23.0,68.54166666666667,60.0,2.2624999999999997,24,24,24
20240715,동작구,2024071420,32.0,23.0,71.66666666666667,60.0,2.3000000000000003,24,24,24
20240715,마포구,2024071420,32.0,23.0,69.16666666666667,60.0,2.2375000000000003,24,24,24
20240715,서대문구,2024071420,32.0,23.0,69.16666666666667,60.0,2.2375000000000003,24,24,24
20240715,서초구,2024071420,32.0,23.0,71.45833333333333,60.0,2.3125,24,24,24
20240715,성동구,2024071420,32.0,23.0,70.41666666666667,60.0,2.275,24,24,24
20240715,성북구,2024071420,29.0,20.0,68.54166666666667,60.0,2.220833333333333,24,24,24
20240715,송파구,2024071420,32.0,23.0,69.79166666666667,60.0,2.3249999999999997,24,24,24
20240715,양천구,2024071420,32.0,24.0,69.16666666666667,60.0,2.2500000000000004,24,24,24
20240715,영등포구,2024071420,32.0,23.0,69.375,60.0,2.266666666666667,24,24,24
20240715,용산구,2024071420,32.0,23.0,70.0,60.0,2.283333333333333,24,24,24
20240715,은평구,2024071420,32.0,22.0,69.16666666666667,60.0,2.2083333333333335,24,24,24
20240715,종로구,2024071420,31.0,23.0,68.33333333333333,60.0,2.254166666666667,24,24,24
20240715,중구,2024071420,31.0,23.0,68.33333333333333,60.0,2.254166666666667,24,24,24
20240715,중랑구,2024071420,31.0,23.0,68.75,60.0,2.275,24,24,24
20240716,강남구,2024071520,31.0,24.0,79.58333333333333,77.0,2.4125,24,24,24
20240716,강동구,2024071520,31.0,24.0,78.54166666666667,78.0,2.4375,24,24,24
20240716,강북구,2024071520,28.0,22.0,78.95833333333333,79.0,2.3874999999999997,24,24,24
20240716,강서구,2024071520,31.0,24.0,80.20833333333333,76.0,2.595833333333333,24,24,24
20240716,관악구,2024071520,31.0,24.0,80.20833333333333,81.0,2.4291666666666667,24,24,24
20240716,광진구,2024071520,31.0,24.0,77.08333333333333,78.0,2.4208333333333334,24,24,24
20240716,구로구,2024071520,31.0,24.0,77.08333333333333,79.0,2.4375,24,24,24
20240716,금천구,2024071520,30.0,24.0,82.08333333333333,78.0,2.3749999999999996,24,24,24
20240716,노원구,2024071520,31.0,23.0,80.41666666666667,79.0,2.3958333333333335,24,24,24
20240716,도봉구,2024071520,31.0,23.0,80.41666666666667,79.0,2.3958333333333335,24,24,24
20240716,동대문구,2024071520,31.0,24.0,77.91666666666667,79.0,2.404166666666667,24,24,24
20240716,동작구,2024071520,31.0,24.0,80.20833333333333,81.0,2.4291666666666667,24,24,24
20240716,마포구,2024071520,31.0,24.0,79.375,77.0,2.4333333333333336,24,24,24
20240716,서대문구,2024071520,31.0,24.0,79.375,77.0,2.4333333333333336,24,24,24
20240716,서초구,2024071520,31.0,24.0,79.58333333333333,77.0,2.4125,24,24,24
20240716,성동구,2024071520,31.0,24.0,78.33333333333333,79.0,2.4166666666666665,24,24,24
20240716,성북구,2024071520,28.0,22.0,78.95833333333333,79.0,2.3874999999999997,24,24,24
20240716,송파구,2024071520,31.0,24.0,77.29166666666667,76.0,2.420833333333333,24,24,24
20240716,양천구,2024071520,31.0,24.0,78.33333333333333,80.0,2.466666666666667,24,24,24
20240716,영등포구,2024071520,31.0,24.0,78.95833333333333,82.0,2.433333333333333,24,24,24
20240716,용산구,2024071520,31.0,24.0,79.79166666666667,80.0,2.420833333333333,24,24,24
20240716,은평구,2024071520,31.0,24.0,80.41666666666667,78.0,2.4375,24,24,24
20240716,종로구,2024071520,30.0,24.0,78.54166666666667,78.0,2.4125,24,24,24
20240716,중구,2024071520,30.0,24.0,78.54166666666667,78.0,2.4125,24,24,24
20240716,중랑구,2024071520,31.0,24.0,76.875,79.0,2.425,24,24,24
20240717,강남구,2024071620,29.0,25.0,88.33333333333333,90.0,5.175,24,24,24
20240717,강동구,2024071620,29.0,24.0,87.70833333333333,90.0,4.895833333333333,24,24,24
20240717,강북구,2024071620,25.0,22.0,89.58333333333333,90.0,4.829166666666667,24,24,24
20240717,강서구,2024071620,28.0,24.0,91.04166666666669,90.0,6.075,24,24,24
20240717,관악구,2024071620,28.0,25.0,88.75,90.0,5.2625,24,24,24
20240717,광진구,2024071620,29.0,25.0,85.20833333333333,90.0,4.9125000000000005,24,24,24
20240717,구로구,2024071620,28.0,25.0,84.58333333333333,90.0,5.658333333333334,24,24,24
20240717,금천구,2024071620,28.0,24.0,90.0,90.0,5.4750000000000005,24,24,24
20240717,노원구,2024071620,28.0,24.0,90.20833333333331,90.0,4.716666666666667,24,24,24
20240717,도봉구,2024071620,28.0,24.0,90.20833333333331,90.0,4.716666666666667,24,24,24
20240717,동대문구,2024071620,28.0,25.0,87.91666666666667,90.0,4.7749999999999995,24,24,24
20240717,동작구,2024071620,28.0,25.0,88.75,90.0,5.2625,24,24,24
20240717,마포구,2024071620,28.0,24.0,89.375,90.0,5.0125,24,24,24
20240717,서대문구,2024071620,28.0,24.0,89.375,90.0,5.0125,24,24,24
20240717,서초구,2024071620,29.0,25.0,88.33333333333333,90.0,5.175,24,24,24
20240717,성동구,2024071620,29.0,24.0,88.75,90.0,4.95,24,24,24
20240717,성북구,2024071620,25.0,22.0,89.58333333333333,90.0,4.829166666666667,24,24,24
20240717,송파구,2024071620,29.0,25.0,86.25,87.0,5.1125,24,24,24
20240717,양천구,2024071620,28.0,25.0,87.91666666666667,90.0,5.4750000000000005,24,24,24
20240717,영등포구,2024071620,28.0,25.0,88.54166666666667,90.0,5.070833333333334,24,24,24
20240717,용산구,2024071620,28.0,24.0,88.95833333333333,90.0,5.0,24,24,24
20240717,은평구,2024071620,28.0,24.0,89.58333333333333,90.0,5.029166666666666,24,24,24
20240717,종로구,2024071620,27.0,24.0,89.375,90.0,4.908333333333333,24,24,24
20240717,중구,2024071620,27.0,24.0,89.375,90.0,4.908333333333333,24,24,24
20240717,중랑구,2024071620,29.0,25.0,86.45833333333333,90.0,4.766666666666667,24,24,24
20240718,강남구,2024071720,28.0,24.0,88.75,90.0,5.208333333333333,24,24,24
20240718,강동구,2024071720,28.0,24.0,88.33333333333333,90.0,5.091666666666666,24,24,24
20240718,강북구,2024071720,25.0,22.0,89.79166666666667,90.0,4.983333333333333,24,24,24
20240718,강서구,2024071720,28.0,24.0,90.41666666666669,90.0,6.008333333333333,24,24,24
20240718,관악구,2024071720,28.0,25.0,89.375,90.0,5.2625,24,24,24
20240718,광진구,2024071720,28.0,25.0,85.83333333333333,90.0,5.0249999999999995,24,24,24
20240718,구로구,2024071720,27.0,25.0,85.625,90.0,5.595833333333334,24,24,24
20240718,금천구,2024071720,27.0,24.0,90.83333333333331,90.0,5.425,24,24,24
20240718,노원구,2024071720,28.0,24.0,90.83333333333331,90.0,4.929166666666666,24,24,24
20240718,도봉구,2024071720,28.0,24.0,90.83333333333331,90.0,4.929166666666666,24,24,24
20240718,동대문구,2024071720,28.0,24.0,88.125,90.0,4.9375,24,24,24
20240718,동작구,2024071720,28.0,25.0,89.375,90.0,5.2625,24,24,24
20240718,마포구,2024071720,28.0,24.0,89.375,90.0,5.054166666666666,24,24,24
20240718,서대문구,2024071720,28.0,24.0,89.375,90.0,5.054166666666666,24,24,24
20240718,서초구,2024071720,28.0,24.0,88.75,90.0,5.208333333333333,24,24,24
20240718,성동구,2024071720,28.0,24.0,87.70833333333333,90.0,5.0249999999999995,24,24,24
20240718,성북구,2024071720,25.0,22.0,89.79166666666667,90.0,4.983333333333333,24,24,24
20240718,송파구,2024071720,28.0,25.0,86.45833333333333,90.0,5.183333333333334,24,24,24
20240718,양천구,2024071720,27.0,24.0,88.125,90.0,5.454166666666667,24,24,24
20240718,영등포구,2024071720,28.0,25.0,89.16666666666667,90.0,5.070833333333334,24,24,24
20240718,용산구,2024071720,28.0,24.0,89.16666666666667,90.0,5.0375,24,24,24
20240718,은평구,2024071720,28.0,24.0,90.0,90.0,5.0874999999999995,24,24,24
20240718,종로구,2024071720,27.0,24.0,89.58333333333333,90.0,4.995833333333334,24,24,24
20240718,중구,2024071720,27.0,24.0,89.58333333333333,90.0,4.995833333333334,24,24,24
20240718,중랑구,2024071720,28.0,24.0,87.5,90.0,4.983333333333333,24,24,24
20240719,강남구,2024071820,32.0,24.0,79.375,60.0,1.7,24,24,24
20240719,강동구,2024071820,31.0,24.0,78.33333333333333,60.0,1.6958333333333335,24,24,24
20240719,강북구,2024071820,29.0,21.0,79.79166666666667,60.0,1.6625,24,24,24
20240719,강서구,2024071820,31.0,24.0,83.75,60.0,1.9624999999999997,24,24,24
20240719,관악구,2024071820,30.0,24.0,80.625,60.0,1.7916666666666667,24,24,24
20240719,광진구,2024071820,31.0,24.0,76.25,60.0,1.7083333333333333,24,24,24
20240719,구로구,2024071820,30.0,25.0,77.91666666666667,60.0,1.8708333333333336,24,24,24
20240719,금천구,2024071820,30.0,24.0,83.54166666666667,60.0,1.7916666666666667,24,24,24
20240719,노원구,2024071820,31.0,23.0,80.625,60.0,1.679166666666667,24,24,24
20240719,도봉구,2024071820,31.0,23.0,80.625,60.0,1.679166666666667,24,24,24
20240719,동대문구,2024071820,31.0,24.0,78.33333333333333,60.0,1.675,24,24,24
20240719,동작구,2024071820,30.0,24.0,80.625,60.0,1.7916666666666667,24,24,24
20240719,마포구,2024071820,31.0,24.0,80.625,60.0,1.7583333333333335,24,24,24
20240719,서대문구,2024071820,31.0,24.0,80.625,60.0,1.7583333333333335,24,24,24
20240719,서초구,2024071820,32.0,24.0,79.375,60.0,1.7,24,24,24
20240719,성동구,2024071820,32.0,24.0,76.66666666666667,60.0,1.6875,24,24,24
20240719,성북구,2024071820,29.0,21.0,79.79166666666667,60.0,1.6625,24,24,24
20240719,송파구,2024071820,32.0,24.0,75.83333333333333,30.0,1.7083333333333333,24,24,24
20240719,양천구,2024071820,30.0,24.0,80.20833333333333,60.0,1.8541666666666667,24,24,24
20240719,영등포구,2024071820,31.0,24.0,80.20833333333333,60.0,1.7708333333333333,24,24,24
20240719,용산구,2024071820,31.0,24.0,80.625,60.0,1.7083333333333333,24,24,24
20240719,은평구,2024071820,31.0,23.0,81.04166666666667,60.0,1.7416666666666665,24,24,24
20240719,종로구,2024071820,31.0,24.0,78.54166666666667,60.0,1.6666666666666667,24,24,24
20240719,중구,2024071820,31.0,24.0,78.54166666666667,60.0,1.6666666666666667,24,24,24
20240719,중랑구,2024071820,31.0,24.0,77.29166666666667,60.0,1.6875,24,24,24
20240720,강남구,2024071920,29.0,24.0,87.5,90.0,2.3416666666666663,24,24,24
20240720,강동구,2024071920,29.0,24.0,87.08333333333333,90.0,2.216666666666667,24,24,24
20240720,강북구,2024071920,26.0,22.0,88.33333333333333,90.0,2.2583333333333333,24,24,24
20240720,강서구,2024071920,28.0,24.0,89.79166666666667,90.0,2.85,24,24,24
20240720,관악구,2024071920,28.0,24.0,87.70833333333333,90.0,2.566666666666667,24,24,24
20240720,광진구,2024071920,29.0,24.0,85.20833333333333,90.0,2.2583333333333333,24,24,24
20240720,구로구,2024071920,29.0,24.0,83.95833333333333,90.0,2.7166666666666663,24,24,24
20240720,금천구,2024071920,28.0,24.0,90.0,90.0,2.5708333333333333,24,24,24
20240720,노원구,2024071920,28.0,24.0,89.16666666666667,90.0,2.2083333333333335,24,24,24
20240720,도봉구,2024071920,28.0,24.0,89.16666666666667,90.0,2.2083333333333335,24,24,24
20240720,동대문구,2024071920,28.0,24.0,87.5,90.0,2.25,24,24,24
20240720,동작구,2024071920,28.0,24.0,87.70833333333333,90.0,2.566666666666667,24,24,24
20240720,마포구,2024071920,28.0,24.0,88.54166666666667,90.0,2.4875,24,24,24
20240720,서대문구,2024071920,28.0,24.0,88.54166666666667,90.0,2.4875,24,24,24
20240720,서초구,2024071920,29.0,24.0,87.5,90.0,2.3416666666666663,24,24,24
20240720,성동구,2024071920,29.0,24.0,86.66666666666667,90.0,2.2875,24,24,24
20240720,성북구,2024071920,26.0,22.0,88.33333333333333,90.0,2.2583333333333333,24,24,24
20240720,송파구,2024071920,29.0,24.0,85.0,90.0,2.2958333333333334,24,24,24
20240720,양천구,2024071920,28.0,24.0,87.08333333333333,90.0,2.6750000000000003,24,24,24
20240720,영등포구,2024071920,28.0,24.0,87.91666666666667,90.0,2.5375,24,24,24
20240720,용산구,2024071920,28.0,24.0,88.33333333333333,90.0,2.3875,24,24,24
20240720,은평구,2024071920,28.0,24.0,88.75,90.0,2.4333333333333336,24,24,24
20240720,종로구,2024071920,27.0,24.0,88.125,90.0,2.3291666666666666,24,24,24
20240720,중구,2024071920,27.0,24.0,88.125,90.0,2.3291666666666666,24,24,24
20240720,중랑구,2024071920,28.0,24.0,86.66666666666667,90.0,2.2041666666666666,24,24,24
20240721,강남구,2024072020,31.0,24.0,82.08333333333333,90.0,4.541666666666667,24,24,24
20240721,강동구,2024072020,31.0,24.0,80.20833333333333,90.0,4.466666666666666,24,24,24
20240721,강북구,2024072020,28.0,22.0,82.08333333333333,79.0,4.45,24,24,24
20240721,강서구,2024072020,30.0,24.0,85.20833333333333,90.0,4.875,24,24,24
20240721,관악구,2024072020,30.0,24.0,83.54166666666667,90.0,4.541666666666667,24,24,24
20240721,광진구,2024072020,31.0,24.0,78.54166666666667,90.0,4.429166666666666,24,24,24
20240721,구로구,2024072020,30.0,24.0,80.20833333333333,90.0,4.691666666666666,24,24,24
20240721,금천구,2024072020,30.0,24.0,84.16666666666667,90.0,4.729166666666667,24,24,24
20240721,노원구,2024072020,31.0,24.0,82.91666666666667,89.0,4.4125000000000005,24,24,24
20240721,도봉구,2024072020,31.0,24.0,82.91666666666667,89.0,4.4125000000000005,24,24,24
20240721,동대문구,2024072020,31.0,24.0,80.83333333333333,84.0,4.354166666666667,24,24,24
20240721,동작구,2024072020,30.0,24.0,83.54166666666667,90.0,4.541666666666667,24,24,24
20240721,마포구,2024072020,30.0,24.0,83.33333333333333,90.0,4.383333333333333,24,24,24
20240721,서대문구,2024072020,30.0,24.0,83.33333333333333,90.0,4.383333333333333,24,24,24
20240721,서초구,2024072020,31.0,24.0,82.08333333333333,90.0,4.541666666666667,24,24,24
20240721,성동구,2024072020,32.0,24.0,80.0,90.0,4.366666666666667,24,24,24
20240721,성북구,2024072020,28.0,22.0,82.08333333333333,79.0,4.45,24,24,24
20240721,송파구,2024072020,32.0,25.0,78.54166666666667,90.0,4.529166666666666,24,24,24
20240721,양천구,2024072020,30.0,24.0,82.5,90.0,4.541666666666667,24,24,24
20240721,영등포구,2024072020,30.0,24.0,83.125,90.0,4.370833333333334,24,24,24
20240721,용산구,2024072020,30.0,24.0,82.91666666666667,90.0,4.358333333333333,24,24,24
20240721,은평구,2024072020,31.0,24.0,83.125,82.0,4.4750000000000005,24,24,24
20240721,종로구,2024072020,30.0,24.0,82.70833333333333,88.0,4.358333333333333,24,24,24
20240721,중구,2024072020,30.0,24.0,82.70833333333333,88.0,4.358333333333333,24,24,24
20240721,중랑구,2024072020,31.0,24.0,79.58333333333333,87.0,4.408333333333333,24,24,24
20240722,강남구,2024072120,30.0,25.0,86.45833333333333,66.0,2.6291666666666664,24,24,24
20240722,강동구,2024072120,29.0,25.0,86.04166666666667,64.0,2.5416666666666665,24,24,24
20240722,강북구,2024072120,26.0,23.0,88.33333333333333,70.0,2.4625000000000004,24,24,24
20240722,강서구,2024072120,29.0,25.0,90.20833333333331,60.0,3.0416666666666665,24,24,24
20240722,관악구,2024072120,29.0,25.0,87.70833333333333,60.0,2.841666666666667,24,24,24
20240722,광진구,2024072120,29.0,25.0,83.75,65.0,2.5583333333333336,24,24,24
20240722,구로구,2024072120,29.0,26.0,83.75,60.0,3.0041666666666664,24,24,24
20240722,금천구,2024072120,29.0,25.0,89.375,60.0,2.904166666666667,24,24,24
20240722,노원구,2024072120,29.0,25.0,89.79166666666667,66.0,2.4625,24,24,24
20240722,도봉구,2024072120,29.0,25.0,89.79166666666667,66.0,2.4625,24,24,24
20240722,동대문구,2024072120,29.0,25.0,86.66666666666667,68.0,2.5375,24,24,24
20240722,동작구,2024072120,29.0,25.0,87.70833333333333,60.0,2.841666666666667,24,24,24
20240722,마포구,2024072120,29.0,25.0,87.91666666666667,62.0,2.6833333333333336,24,24,24
20240722,서대문구,2024072120,29.0,25.0,87.91666666666667,62.0,2.6833333333333336,24,24,24
20240722,서초구,2024072120,30.0,25.0,86.45833333333333,66.0,2.6291666666666664,24,24,24
20240722,성동구,2024072120,30.0,25.0,84.375,68.0,2.5833333333333335,24,24,24
20240722,성북구,2024072120,26.0,23.0,88.33333333333333,70.0,2.4625000000000004,24,24,24
20240722,송파구,2024072120,30.0,26.0,83.125,64.0,2.5833333333333335,24,24,24
20240722,양천구,2024072120,29.0,25.0,86.875,60.0,2.9041666666666663,24,24,24
20240722,영등포구,2024072120,29.0,25.0,87.70833333333333,60.0,2.779166666666667,24,24,24
20240722,용산구,2024072120,29.0,25.0,87.70833333333333,69.0,2.6374999999999997,24,24,24
20240722,은평구,2024072120,29.0,25.0,88.33333333333333,62.0,2.608333333333334,24,24,24
20240722,종로구,2024072120,28.0,26.0,86.875,71.0,2.5458333333333334,24,24,24
20240722,중구,2024072120,28.0,26.0,86.875,71.0,2.5458333333333334,24,24,24
20240722,중랑구,2024072120,29.0,25.0,85.83333333333333,64.0,2.5208333333333335,24,24,24
20240723,강남구,2024072220,30.0,25.0,86.25,77.0,2.9,24,24,24
20240723,강동구,2024072220,30.0,25.0,85.20833333333333,84.0,2.845833333333333,24,24,24
20240723,강북구,2024072220,27.0,23.0,88.54166666666667,90.0,2.804166666666667,24,24,24
20240723,강서구,2024072220,30.0,25.0,89.16666666666667,77.0,3.6125,24,24,24
20240723,관악구,2024072220,30.0,25.0,87.70833333333333,75.0,3.1750000000000003,24,24,24
20240723,광진구,2024072220,30.0,25.0,83.33333333333333,74.0,2.858333333333333,24,24,24
20240723,구로구,2024072220,30.0,26.0,83.75,74.0,3.366666666666667,24,24,24
20240723,금천구,2024072220,29.0,25.0,88.54166666666667,74.0,3.1916666666666664,24,24,24
20240723,노원구,2024072220,29.0,25.0,89.375,85.0,2.841666666666667,24,24,24
20240723,도봉구,2024072220,29.0,25.0,89.375,85.0,2.841666666666667,24,24,24
20240723,동대문구,2024072220,30.0,25.0,85.83333333333333,80.0,2.8250000000000006,24,24,24
20240723,동작구,2024072220,30.0,25.0,87.70833333333333,75.0,3.1750000000000003,24,24,24
20240723,마포구,2024072220,29.0,25.0,88.125,91.0,3.0749999999999997,24,24,24
20240723,서대문구,2024072220,29.0,25.0,88.125,91.0,3.0749999999999997,24,24,24
20240723,서초구,2024072220,30.0,25.0,86.25,77.0,2.9,24,24,24
20240723,성동구,2024072220,30.0,25.0,85.20833333333333,72.0,2.8791666666666664,24,24,24
20240723,성북구,2024072220,27.0,23.0,88.54166666666667,90.0,2.804166666666667,24,24,24
20240723,송파구,2024072220,30.0,25.0,83.33333333333333,86.0,2.8666666666666667,24,24,24
20240723,양천구,2024072220,29.0,25.0,86.875,79.0,3.3375,24,24,24
20240723,영등포구,2024072220,30.0,25.0,87.70833333333333,82.0,3.116666666666667,24,24,24
20240723,용산구,2024072220,30.0,25.0,87.29166666666667,74.0,2.9250000000000003,24,24,24
20240723,은평구,2024072220,29.0,25.0,88.54166666666667,97.0,3.0291666666666663,24,24,24
20240723,종로구,2024072220,29.0,25.0,87.5,84.0,2.858333333333333,24,24,24
20240723,중구,2024072220,29.0,25.0,87.5,84.0,2.858333333333333,24,24,24
20240723,중랑구,2024072220,30.0,25.0,84.16666666666667,76.0,2.85,24,24,24
20240724,강남구,2024072320,32.0,25.0,86.45833333333333,60.0,1.5291666666666668,24,24,24
20240724,강동구,2024072320,31.0,25.0,84.58333333333333,60.0,1.4208333333333334,24,24,24
20240724,강북구,2024072320,28.0,23.0,86.875,60.0,1.4833333333333332,24,24,24
20240724,강서구,2024072320,31.0,25.0,90.0,60.0,1.8875,24,24,24
20240724,관악구,2024072320,31.0,26.0,87.5,60.0,1.7125,24,24,24
20240724,광진구,2024072320,31.0,25.0,83.125,60.0,1.4583333333333333,24,24,24
20240724,구로구,2024072320,31.0,26.0,85.625,60.0,1.8375,24,24,24
20240724,금천구,2024072320,30.0,25.0,90.41666666666669,60.0,1.7208333333333332,24,24,24
20240724,노원구,2024072320,31.0,25.0,87.91666666666667,60.0,1.5125,24,24,24
20240724,도봉구,2024072320,31.0,25.0,87.91666666666667,60.0,1.5125,24,24,24
20240724,동대문구,2024072320,31.0,25.0,85.625,60.0,1.4666666666666668,24,24,24
20240724,동작구,2024072320,31.0,26.0,87.5,60.0,1.7125,24,24,24
20240724,마포구,2024072320,31.0,25.0,87.29166666666667,60.0,1.5916666666666668,24,24,24
20240724,서대문구,2024072320,31.0,25.0,87.29166666666667,60.0,1.5916666666666668,24,24,24
20240724,서초구,2024072320,32.0,25.0,86.45833333333333,60.0,1.5291666666666668,24,24,24
20240724,성동구,2024072320,32.0,26.0,85.20833333333333,60.0,1.5208333333333333,24,24,24
20240724,성북구,2024072320,28.0,23.0,86.875,60.0,1.4833333333333332,24,24,24
20240724,송파구,2024072320,32.0,26.0,83.125,60.0,1.4625,24,24,24
20240724,양천구,2024072320,30.0,25.0,87.08333333333333,60.0,1.75,24,24,24
20240724,영등포구,2024072320,31.0,25.0,87.29166666666667,60.0,1.6583333333333332,24,24,24
20240724,용산구,2024072320,31.0,25.0,87.29166666666667,60.0,1.5541666666666665,24,24,24
20240724,은평구,2024072320,31.0,25.0,88.125,60.0,1.5791666666666666,24,24,24
20240724,종로구,2024072320,30.0,25.0,86.66666666666667,60.0,1.5208333333333333,24,24,24
20240724,중구,2024072320,30.0,25.0,86.66666666666667,60.0,1.5208333333333333,24,24,24
20240724,중랑구,2024072320,31.0,25.0,83.95833333333333,60.0,1.4541666666666666,24,24,24
20240725,강남구,2024072420,35.0,26.0,79.79166666666667,60.0,1.1166666666666667,24,24,24
20240725,강동구,2024072420,34.0,25.0,79.79166666666667,60.0,1.1,24,24,24
20240725,강북구,2024072420,32.0,23.0,79.375,60.0,1.2041666666666668,24,24,24
20240725,강서구,2024072420,34.0,26.0,82.5,60.0,1.2083333333333333,24,24,24
20240725,관악구,2024072420,34.0,26.0,80.83333333333333,60.0,1.1291666666666669,24,24,24
20240725,광진구,2024072420,34.0,26.0,77.29166666666667,60.0,1.1291666666666669,24,24,24
20240725,구로구,2024072420,34.0,26.0,76.66666666666667,60.0,1.1541666666666666,24,24,24
20240725,금천구,2024072420,34.0,25.0,82.70833333333333,60.0,1.0875,24,24,24
20240725,노원구,2024072420,34.0,25.0,81.04166666666667,60.0,1.1916666666666669,24,24,24
20240725,도봉구,2024072420,34.0,25.0,81.04166666666667,60.0,1.1916666666666669,24,24,24
20240725,동대문구,2024072420,34.0,26.0,78.33333333333333,60.0,1.1625,24,24,24
20240725,동작구,2024072420,34.0,26.0,80.83333333333333,60.0,1.1291666666666669,24,24,24
20240725,마포구,2024072420,34.0,26.0,79.79166666666667,60.0,1.1708333333333334,24,24,24
20240725,서대문구,2024072420,34.0,26.0,79.79166666666667,60.0,1.1708333333333334,24,24,24
20240725,서초구,2024072420,35.0,26.0,79.79166666666667,60.0,1.1166666666666667,24,24,24
20240725,성동구,2024072420,35.0,26.0,78.54166666666667,60.0,1.15,24,24,24
20240725,성북구,2024072420,32.0,23.0,79.375,60.0,1.2041666666666668,24,24,24
20240725,송파구,2024072420,35.0,26.0,77.5,60.0,1.0916666666666668,24,24,24
20240725,양천구,2024072420,34.0,26.0,78.54166666666667,60.0,1.1625,24,24,24
20240725,영등포구,2024072420,34.0,26.0,79.79166666666667,60.0,1.1583333333333334,24,24,24
20240725,용산구,2024072420,34.0,26.0,79.79166666666667,60.0,1.1583333333333334,24,24,24
20240725,은평구,2024072420,34.0,25.0,80.625,60.0,1.1916666666666669,24,24,24
20240725,종로구,2024072420,33.0,26.0,80.41666666666667,60.0,1.175,24,24,24
20240725,중구,2024072420,33.0,26.0,80.41666666666667,60.0,1.175,24,24,24
20240725,중랑구,2024072420,34.0,26.0,78.95833333333333,60.0,1.1333333333333335,24,24,24
20240726,강남구,2024072520,34.0,27.0,76.66666666666667,60.0,2.858333333333333,24,24,24
20240726,강동구,2024072520,34.0,26.0,76.66666666666667,60.0,2.8166666666666664,24,24,24
20240726,강북구,2024072520,31.0,24.0,76.66666666666667,60.0,2.7291666666666665,24,24,24
20240726,강서구,2024072520,34.0,26.0,77.91666666666667,60.0,3.029166666666667,24,24,24
20240726,관악구,2024072520,34.0,27.0,76.45833333333333,60.0,2.9,24,24,24
20240726,광진구,2024072520,34.0,26.0,74.79166666666667,60.0,2.8000000000000003,24,24,24
20240726,구로구,2024072520,34.0,27.0,72.70833333333333,60.0,2.9333333333333336,24,24,24
20240726,금천구,2024072520,34.0,26.0,78.75,60.0,2.904166666666667,24,24,24
20240726,노원구,2024072520,33.0,26.0,78.75,60.0,2.7083333333333335,24,24,24
20240726,도봉구,2024072520,33.0,26.0,78.75,60.0,2.7083333333333335,24,24,24
20240726,동대문구,2024072520,33.0,27.0,76.04166666666667,60.0,2.758333333333333,24,24,24
20240726,동작구,2024072520,34.0,27.0,76.45833333333333,60.0,2.9,24,24,24
20240726,마포구,2024072520,33.0,27.0,76.45833333333333,60.0,2.8499999999999996,24,24,24
20240726,서대문구,2024072520,33.0,27.0,76.45833333333333,60.0,2.8499999999999996,24,24,24
20240726,서초구,2024072520,34.0,27.0,76.66666666666667,60.0,2.858333333333333,24,24,24
20240726,성동구,2024072520,34.0,27.0,75.83333333333333,60.0,2.8125,24,24,24
20240726,성북구,2024072520,31.0,24.0,76.66666666666667,60.0,2.7291666666666665,24,24,24
20240726,송파구,2024072520,34.0,27.0,74.58333333333333,60.0,2.8666666666666667,24,24,24
20240726,양천구,2024072520,34.0,27.0,75.0,60.0,2.9333333333333336,24,24,24
20240726,영등포구,2024072520,34.0,27.0,76.25,60.0,2.8708333333333336,24,24,24
20240726,용산구,2024072520,33.0,27.0,76.45833333333333,60.0,2.8250000000000006,24,24,24
20240726,은평구,2024072520,33.0,26.0,77.08333333333333,60.0,2.8208333333333333,24,24,24
20240726,종로구,2024072520,34.0,27.0,77.08333333333333,60.0,2.766666666666667,24,24,24
20240726,중구,2024072520,34.0,27.0,77.08333333333333,60.0,2.766666666666667,24,24,24
20240726,중랑구,2024072520,33.0,26.0,75.83333333333333,60.0,2.7416666666666667,24,24,24
20240727,강남구,2024072620,32.0,26.0,83.125,69.0,2.0791666666666666,24,24,24
20240727,강동구,2024072620,32.0,26.0,81.45833333333333,64.0,2.0208333333333335,24,24,24
20240727,강북구,2024072620,29.0,23.0,83.75,68.0,1.9333333333333331,24,24,24
20240727,강서구,2024072620,32.0,26.0,84.16666666666667,68.0,2.2041666666666666,24,24,24
20240727,관악구,2024072620,32.0,26.0,82.91666666666667,74.0,2.1125000000000003,24,24,24
20240727,광진구,2024072620,32.0,26.0,80.20833333333333,66.0,2.033333333333333,24,24,24
20240727,구로구,2024072620,32.0,26.0,80.20833333333333,74.0,2.1333333333333333,24,24,24
20240727,금천구,2024072620,31.0,26.0,85.625,72.0,2.091666666666667,24,24,24
20240727,노원구,2024072620,31.0,25.0,86.25,69.0,1.8999999999999997,24,24,24
20240727,도봉구,2024072620,31.0,25.0,86.25,69.0,1.8999999999999997,24,24,24
20240727,동대문구,2024072620,32.0,26.0,82.70833333333333,70.0,2.0,24,24,24
20240727,동작구,2024072620,32.0,26.0,82.91666666666667,74.0,2.1125000000000003,24,24,24
20240727,마포구,2024072620,31.0,26.0,83.33333333333333,68.0,2.0500000000000003,24,24,24
20240727,서대문구,2024072620,31.0,26.0,83.33333333333333,68.0,2.0500000000000003,24,24,24
20240727,서초구,2024072620,32.0,26.0,83.125,69.0,2.0791666666666666,24,24,24
20240727,성동구,2024072620,32.0,26.0,82.70833333333333,69.0,2.0583333333333336,24,24,24
20240727,성북구,2024072620,29.0,23.0,83.75,68.0,1.9333333333333331,24,24,24
20240727,송파구,2024072620,32.0,26.0,80.20833333333333,65.0,2.0625,24,24,24
20240727,양천구,2024072620,31.0,26.0,82.08333333333333,72.0,2.1166666666666667,24,24,24
20240727,영등포구,2024072620,32.0,26.0,82.5,72.0,2.091666666666667,24,24,24
20240727,용산구,2024072620,32.0,26.0,83.33333333333333,71.0,2.066666666666667,24,24,24
20240727,은평구,2024072620,31.0,26.0,84.375,64.0,2.0125,24,24,24
20240727,종로구,2024072620,31.0,26.0,82.91666666666667,70.0,1.9875,24,24,24
20240727,중구,2024072620,31.0,26.0,82.91666666666667,70.0,1.9875,24,24,24
20240727,중랑구,2024072620,32.0,26.0,80.625,70.0,2.004166666666667,24,24,24
20240728,강남구,2024072720,34.0,27.0,74.16666666666667,30.0,3.3958333333333335,24,24,24
20240728,강동구,2024072720,34.0,26.0,72.70833333333333,30.0,3.3249999999999997,24,24,24
20240728,강북구,2024072720,31.0,24.0,74.58333333333333,30.0,3.4458333333333333,24,24,24
20240728,강서구,2024072720,33.0,27.0,77.5,30.0,4.058333333333333,24,24,24
20240728,관악구,2024072720,33.0,27.0,75.41666666666667,30.0,3.6333333333333337,24,24,24
20240728,광진구,2024072720,34.0,27.0,71.45833333333333,30.0,3.3708333333333336,24,24,24
20240728,구로구,2024072720,33.0,27.0,72.5,30.0,3.804166666666667,24,24,24
20240728,금천구,2024072720,32.0,26.0,77.29166666666667,30.0,3.641666666666667,24,24,24
20240728,노원구,2024072720,33.0,26.0,76.45833333333333,30.0,3.4375,24,24,24
20240728,도봉구,2024072720,33.0,26.0,76.45833333333333,30.0,3.4375,24,24,24
20240728,동대문구,2024072720,33.0,27.0,72.91666666666667,30.0,3.3958333333333335,24,24,24
20240728,동작구,2024072720,33.0,27.0,75.41666666666667,30.0,3.6333333333333337,24,24,24
20240728,마포구,2024072720,33.0,27.0,74.79166666666667,30.0,3.6458333333333335,24,24,24
20240728,서대문구,2024072720,33.0,27.0,74.79166666666667,30.0,3.6458333333333335,24,24,24
20240728,서초구,2024072720,34.0,27.0,74.16666666666667,30.0,3.3958333333333335,24,24,24
20240728,성동구,2024072720,34.0,27.0,72.08333333333333,30.0,3.404166666666667,24,24,24
20240728,성북구,2024072720,31.0,24.0,74.58333333333333,30.0,3.4458333333333333,24,24,24
20240728,송파구,2024072720,34.0,27.0,71.875,30.0,3.3541666666666665,24,24,24
20240728,양천구,2024072720,33.0,27.0,73.95833333333333,30.0,3.8041666666666663,24,24,24
20240728,영등포구,2024072720,33.0,27.0,74.58333333333333,30.0,3.6291666666666664,24,24,24
20240728,용산구,2024072720,33.0,27.0,75.0,30.0,3.4583333333333335,24,24,24
20240728,은평구,2024072720,33.0,26.0,76.66666666666667,30.0,3.633333333333333,24,24,24
20240728,종로구,2024072720,33.0,27.0,73.95833333333333,30.0,3.4666666666666663,24,24,24
20240728,중구,2024072720,33.0,27.0,73.95833333333333,30.0,3.4666666666666663,24,24,24
20240728,중랑구,2024072720,34.0,26.0,71.66666666666667,30.0,3.366666666666667,24,24,24
20240729,강남구,2024072820,31.0,26.0,83.125,60.0,3.233333333333333,24,24,24
20240729,강동구,2024072820,31.0,26.0,82.5,60.0,3.0208333333333335,24,24,24
20240729,강북구,2024072820,28.0,24.0,85.20833333333333,60.0,3.2125,24,24,24
20240729,강서구,2024072820,30.0,26.0,86.04166666666667,60.0,3.8875,24,24,24
20240729,관악구,2024072820,30.0,26.0,84.16666666666667,60.0,3.579166666666667,24,24,24
20240729,광진구,2024072820,31.0,26.0,81.66666666666667,60.0,3.1208333333333336,24,24,24
20240729,구로구,2024072820,30.0,26.0,81.45833333333333,60.0,3.7999999999999994,24,24,24
20240729,금천구,2024072820,30.0,26.0,86.04166666666667,60.0,3.5833333333333335,24,24,24
20240729,노원구,2024072820,30.0,26.0,87.91666666666667,60.0,3.133333333333333,24,24,24
20240729,도봉구,2024072820,30.0,26.0,87.91666666666667,60.0,3.133333333333333,24,24,24
20240729,동대문구,2024072820,31.0,26.0,82.70833333333333,60.0,3.179166666666667,24,24,24
20240729,동작구,2024072820,30.0,26.0,84.16666666666667,60.0,3.579166666666667,24,24,24
20240729,마포구,2024072820,30.0,26.0,85.0,60.0,3.483333333333333,24,24,24
20240729,서대문구,2024072820,30.0,26.0,85.0,60.0,3.483333333333333,24,24,24
20240729,서초구,2024072820,31.0,26.0,83.125,60.0,3.233333333333333,24,24,24
20240729,성동구,2024072820,31.0,26.0,81.04166666666667,60.0,3.2125,24,24,24
20240729,성북구,2024072820,28.0,24.0,85.20833333333333,60.0,3.2125,24,24,24
20240729,송파구,2024072820,31.0,26.0,80.83333333333333,60.0,3.1333333333333333,24,24,24
20240729,양천구,2024072820,30.0,26.0,83.33333333333333,60.0,3.7291666666666665,24,24,24
20240729,영등포구,2024072820,30.0,26.0,83.54166666666667,60.0,3.545833333333333,24,24,24
20240729,용산구,2024072820,30.0,26.0,84.58333333333333,60.0,3.345833333333333,24,24,24
20240729,은평구,2024072820,30.0,26.0,85.83333333333333,60.0,3.429166666666667,24,24,24
20240729,종로구,2024072820,30.0,26.0,83.54166666666667,60.0,3.279166666666667,24,24,24
20240729,중구,2024072820,30.0,26.0,83.54166666666667,60.0,3.279166666666667,24,24,24
20240729,중랑구,2024072820,31.0,26.0,82.29166666666667,60.0,3.1208333333333336,24,24,24
20240730,강남구,2024072920,32.0,26.0,83.75,60.0,2.1875,24,24,24
20240730,강동구,2024072920,32.0,26.0,83.33333333333333,60.0,2.2125,24,24,24
20240730,강북구,2024072920,29.0,23.0,85.41666666666667,60.0,2.1125000000000003,24,24,24
20240730,강서구,2024072920,32.0,26.0,87.08333333333333,60.0,2.4499999999999997,24,24,24
20240730,관악구,2024072920,31.0,26.0,84.58333333333333,60.0,2.3125,24,24,24
20240730,광진구,2024072920,32.0,26.0,81.45833333333333,60.0,2.1625,24,24,24
20240730,구로구,2024072920,32.0,26.0,82.08333333333333,60.0,2.4166666666666665,24,24,24
20240730,금천구,2024072920,31.0,26.0,86.25,60.0,2.3583333333333334,24,24,24
20240730,노원구,2024072920,32.0,26.0,87.29166666666667,60.0,2.1333333333333333,24,24,24
20240730,도봉구,2024072920,32.0,26.0,87.29166666666667,60.0,2.1333333333333333,24,24,24
20240730,동대문구,2024072920,32.0,26.0,83.54166666666667,60.0,2.1208333333333336,24,24,24
20240730,동작구,2024072920,31.0,26.0,84.58333333333333,60.0,2.3125,24,24,24
20240730,마포구,2024072920,31.0,26.0,85.625,60.0,2.2291666666666665,24,24,24
20240730,서대문구,2024072920,31.0,26.0,85.625,60.0,2.2291666666666665,24,24,24
20240730,서초구,2024072920,32.0,26.0,83.75,60.0,2.1875,24,24,24
20240730,성동구,2024072920,33.0,26.0,81.45833333333333,60.0,2.1625,24,24,24
20240730,성북구,2024072920,29.0,23.0,85.41666666666667,60.0,2.1125000000000003,24,24,24
20240730,송파구,2024072920,33.0,26.0,81.25,60.0,2.2083333333333335,24,24,24
20240730,양천구,2024072920,31.0,26.0,84.16666666666667,60.0,2.358333333333333,24,24,24
20240730,영등포구,2024072920,32.0,26.0,85.0,60.0,2.2624999999999997,24,24,24
20240730,용산구,2024072920,32.0,26.0,85.20833333333333,60.0,2.1708333333333334,24,24,24
20240730,은평구,2024072920,32.0,25.0,86.04166666666667,60.0,2.1833333333333336,24,24,24
20240730,종로구,2024072920,31.0,26.0,84.16666666666667,60.0,2.125,24,24,24
20240730,중구,2024072920,31.0,26.0,84.16666666666667,60.0,2.125,24,24,24
20240730,중랑구,2024072920,32.0,26.0,82.5,60.0,2.1708333333333334,24,24,24
20240731,강남구,2024073020,34.0,26.0,78.95833333333333,20.0,2.154166666666667,24,24,24
20240731,강동구,2024073020,33.0,26.0,77.91666666666667,20.0,2.0166666666666666,24,24,24
20240731,강북구,2024073020,31.0,24.0,79.16666666666667,20.0,2.191666666666667,24,24,24
20240731,강서구,2024073020,33.0,26.0,82.91666666666667,20.0,2.7291666666666665,24,24,24
20240731,관악구,2024073020,33.0,26.0,80.20833333333333,20.0,2.375,24,24,24
20240731,광진구,2024073020,33.0,26.0,76.66666666666667,20.0,2.0749999999999997,24,24,24
20240731,구로구,2024073020,33.0,27.0,78.125,20.0,2.525,24,24,24
20240731,금천구,2024073020,32.0,26.0,82.70833333333333,20.0,2.3625,24,24,24
20240731,노원구,2024073020,33.0,26.0,81.66666666666667,20.0,2.154166666666667,24,24,24
20240731,도봉구,2024073020,33.0,26.0,81.66666666666667,20.0,2.154166666666667,24,24,24
20240731,동대문구,2024073020,33.0,26.0,77.5,20.0,2.120833333333333,24,24,24
20240731,동작구,2024073020,33.0,26.0,80.20833333333333,20.0,2.375,24,24,24
20240731,마포구,2024073020,33.0,26.0,80.20833333333333,20.0,2.379166666666667,24,24,24
20240731,서대문구,2024073020,33.0,26.0,80.20833333333333,20.0,2.379166666666667,24,24,24
20240731,서초구,2024073020,34.0,26.0,78.95833333333333,20.0,2.154166666666667,24,24,24
20240731,성동구,2024073020,34.0,26.0,76.25,20.0,2.1416666666666666,24,24,24
20240731,성북구,2024073020,31.0,24.0,79.16666666666667,20.0,2.191666666666667,24,24,24
20240731,송파구,2024073020,34.0,26.0,76.04166666666667,20.0,2.079166666666667,24,24,24
20240731,양천구,2024073020,33.0,26.0,79.375,20.0,2.5166666666666666,24,24,24
20240731,영등포구,2024073020,33.0,26.0,80.20833333333333,20.0,2.3791666666666664,24,24,24
20240731,용산구,2024073020,33.0,26.0,80.20833333333333,20.0,2.220833333333333,24,24,24
20240731,은평구,2024073020,33.0,26.0,80.83333333333333,20.0,2.3625000000000003,24,24,24
20240731,종로구,2024073020,32.0,26.0,77.08333333333333,20.0,2.2166666666666663,24,24,24
20240731,중구,2024073020,32.0,26.0,77.08333333333333,20.0,2.2166666666666663,24,24,24
20240731,중랑구,2024073020,33.0,26.0,76.875,20.0,2.079166666666667,24,24,24
20240801,강남구,2024073120,34.0,26.0,81.66666666666667,30.0,1.8875,24,24,24
20240801,강동구,2024073120,33.0,26.0,81.66666666666667,30.0,1.7625000000000002,24,24,24
20240801,강북구,2024073120,30.0,24.0,82.5,30.0,1.85,24,24,24
20240801,강서구,2024073120,33.0,26.0,83.54166666666667,30.0,2.4958333333333336,24,24,24
20240801,관악구,2024073120,33.0,27.0,82.91666666666667,30.0,2.158333333333333,24,24,24
20240801,광진구,2024073120,33.0,26.0,79.58333333333333,30.0,1.8125,24,24,24
20240801,구로구,2024073120,33.0,27.0,78.33333333333333,30.0,2.3375,24,24,24
20240801,금천구,2024073120,33.0,26.0,84.16666666666667,30.0,2.1875,24,24,24
20240801,노원구,2024073120,33.0,26.0,84.58333333333333,30.0,1.7958333333333334,24,24,24
20240801,도봉구,2024073120,33.0,26.0,84.58333333333333,30.0,1.7958333333333334,24,24,24
20240801,동대문구,2024073120,33.0,27.0,80.83333333333333,30.0,1.8333333333333333,24,24,24
20240801,동작구,2024073120,33.0,27.0,82.91666666666667,30.0,2.158333333333333,24,24,24
20240801,마포구,2024073120,33.0,26.0,82.08333333333333,30.0,2.0708333333333333,24,24,24
20240801,서대문구,2024073120,33.0,26.0,82.08333333333333,30.0,2.0708333333333333,24,24,24
20240801,서초구,2024073120,34.0,26.0,81.66666666666667,30.0,1.8875,24,24,24
20240801,성동구,2024073120,34.0,26.0,79.375,30.0,1.8541666666666667,24,24,24
20240801,성북구,2024073120,30.0,24.0,82.5,30.0,1.85,24,24,24
20240801,송파구,2024073120,34.0,27.0,78.75,30.0,1.8333333333333333,24,24,24
20240801,양천구,2024073120,33.0,26.0,81.45833333333333,30.0,2.3041666666666667,24,24,24
20240801,영등포구,2024073120,33.0,26.0,81.875,30.0,2.1041666666666665,24,24,24
20240801,용산구,2024073120,33.0,26.0,82.5,30.0,1.925,24,24,24
20240801,은평구,2024073120,33.0,26.0,82.70833333333333,30.0,2.0541666666666667,24,24,24
20240801,종로구,2024073120,33.0,26.0,80.625,30.0,1.8958333333333333,24,24,24
20240801,중구,2024073120,33.0,26.0,80.625,30.0,1.8958333333333333,24,24,24
20240801,중랑구,2024073120,33.0,26.0,80.41666666666667,30.0,1.7749999999999997,24,24,24
20240802,강남구,2024080120,33.0,27.0,84.16666666666667,90.0,1.6708333333333334,24,24,24
20240802,강동구,2024080120,33.0,26.0,83.75,90.0,1.6958333333333335,24,24,24
20240802,강북구,2024080120,30.0,24.0,85.41666666666667,90.0,1.7375,24,24,24
20240802,강서구,2024080120,32.0,27.0,87.29166666666667,90.0,1.9125000000000003,24,24,24
20240802,관악구,2024080120,32.0,27.0,85.83333333333333,90.0,1.7875,24,24,24
20240802,광진구,2024080120,33.0,27.0,82.08333333333333,90.0,1.7166666666666668,24,24,24
20240802,구로구,2024080120,32.0,27.0,82.5,90.0,1.8708333333333336,24,24,24
20240802,금천구,2024080120,32.0,26.0,88.54166666666667,90.0,1.7333333333333334,24,24,24
20240802,노원구,2024080120,32.0,26.0,87.29166666666667,90.0,1.7083333333333333,24,24,24
20240802,도봉구,2024080120,32.0,26.0,87.29166666666667,90.0,1.7083333333333333,24,24,24
20240802,동대문구,2024080120,33.0,27.0,84.16666666666667,90.0,1.725,24,24,24
20240802,동작구,2024080120,32.0,27.0,85.83333333333333,90.0,1.7875,24,24,24
20240802,마포구,2024080120,32.0,27.0,85.41666666666667,90.0,1.7708333333333333,24,24,24
20240802,서대문구,2024080120,32.0,27.0,85.41666666666667,90.0,1.7708333333333333,24,24,24
20240802,서초구,2024080120,33.0,27.0,84.16666666666667,90.0,1.6708333333333334,24,24,24
20240802,성동구,2024080120,33.0,27.0,82.29166666666667,90.0,1.7333333333333332,24,24,24
20240802,성북구,2024080120,30.0,24.0,85.41666666666667,90.0,1.7375,24,24,24
20240802,송파구,2024080120,33.0,27.0,81.875,90.0,1.6708333333333334,24,24,24
20240802,양천구,2024080120,32.0,27.0,85.0,90.0,1.8333333333333333,24,24,24
20240802,영등포구,2024080120,32.0,27.0,85.20833333333333,90.0,1.7833333333333332,24,24,24
20240802,용산구,2024080120,32.0,26.0,85.41666666666667,90.0,1.725,24,24,24
20240802,은평구,2024080120,32.0,26.0,86.04166666666667,90.0,1.7416666666666665,24,24,24
20240802,종로구,2024080120,32.0,27.0,84.375,90.0,1.7333333333333332,24,24,24
20240802,중구,2024080120,32.0,27.0,84.375,90.0,1.7333333333333332,24,24,24
20240802,중랑구,2024080120,33.0,27.0,82.29166666666667,90.0,1.7291666666666667,24,24,24
20240803,강남구,2024080220,35.0,26.0,75.41666666666667,30.0,1.3916666666666668,24,24,24
20240803,강동구,2024080220,35.0,26.0,73.54166666666667,30.0,1.3708333333333336,24,24,24
20240803,강북구,2024080220,32.0,24.0,76.04166666666667,30.0,1.3166666666666669,24,24,24
20240803,강서구,2024080220,34.0,26.0,79.375,30.0,1.5083333333333335,24,24,24
20240803,관악구,2024080220,34.0,26.0,77.5,30.0,1.4458333333333335,24,24,24
20240803,광진구,2024080220,35.0,27.0,71.875,30.0,1.3708333333333331,24,24,24
20240803,구로구,2024080220,34.0,27.0,74.16666666666667,30.0,1.4875,24,24,24
20240803,금천구,2024080220,33.0,26.0,79.58333333333333,30.0,1.45,24,24,24
20240803,노원구,2024080220,34.0,26.0,77.91666666666667,30.0,1.325,24,24,24
20240803,도봉구,2024080220,34.0,26.0,77.91666666666667,30.0,1.325,24,24,24
20240803,동대문구,2024080220,35.0,27.0,74.375,30.0,1.3333333333333333,24,24,24
20240803,동작구,2024080220,34.0,26.0,77.5,30.0,1.4458333333333335,24,24,24
20240803,마포구,2024080220,34.0,26.0,77.08333333333333,30.0,1.3833333333333335,24,24,24
20240803,서대문구,2024080220,34.0,26.0,77.08333333333333,30.0,1.3833333333333335,24,24,24
20240803,서초구,2024080220,35.0,26.0,75.41666666666667,30.0,1.3916666666666668,24,24,24
20240803,성동구,2024080220,36.0,27.0,71.875,30.0,1.3791666666666669,24,24,24
20240803,성북구,2024080220,32.0,24.0,76.04166666666667,30.0,1.3166666666666669,24,24,24
20240803,송파구,2024080220,35.0,27.0,71.875,30.0,1.3916666666666666,24,24,24
20240803,양천구,2024080220,34.0,26.0,76.04166666666667,30.0,1.45,24,24,24
20240803,영등포구,2024080220,34.0,27.0,76.45833333333333,30.0,1.4208333333333334,24,24,24
20240803,용산구,2024080220,34.0,26.0,76.25,30.0,1.375,24,24,24
20240803,은평구,2024080220,35.0,26.0,77.29166666666667,30.0,1.3625,24,24,24
20240803,종로구,2024080220,34.0,27.0,75.83333333333333,30.0,1.3375,24,24,24
20240803,중구,2024080220,34.0,27.0,75.83333333333333,30.0,1.3375,24,24,24
20240803,중랑구,2024080220,35.0,26.0,72.91666666666667,30.0,1.3666666666666665,24,24,24
20240804,강남구,2024080320,36.0,27.0,70.625,20.0,1.0041666666666669,24,24,24
20240804,강동구,2024080320,35.0,26.0,69.16666666666667,20.0,1.0541666666666665,24,24,24
20240804,강북구,2024080320,32.0,24.0,72.29166666666667,20.0,0.9083333333333332,24,24,24
20240804,강서구,2024080320,35.0,26.0,74.16666666666667,20.0,1.1666666666666667,24,24,24
20240804,관악구,2024080320,35.0,27.0,72.5,20.0,1.1083333333333334,24,24,24
20240804,광진구,2024080320,35.0,27.0,67.5,20.0,1.0,24,24,24
20240804,구로구,2024080320,35.0,27.0,69.16666666666667,20.0,1.1625,24,24,24
20240804,금천구,2024080320,34.0,26.0,74.16666666666667,20.0,1.1166666666666667,24,24,24
20240804,노원구,2024080320,34.0,26.0,74.79166666666667,20.0,0.8958333333333334,24,24,24
20240804,도봉구,2024080320,34.0,26.0,74.79166666666667,20.0,0.8958333333333334,24,24,24
20240804,동대문구,2024080320,35.0,27.0,68.75,20.0,0.9291666666666668,24,24,24
20240804,동작구,2024080320,35.0,27.0,72.5,20.0,1.1083333333333334,24,24,24
20240804,마포구,2024080320,35.0,27.0,72.5,20.0,0.9541666666666666,24,24,24
20240804,서대문구,2024080320,35.0,27.0,72.5,20.0,0.9541666666666666,24,24,24
20240804,서초구,2024080320,36.0,27.0,70.625,20.0,1.0041666666666669,24,24,24
20240804,성동구,2024080320,36.0,27.0,67.5,20.0,0.9875000000000002,24,24,24
20240804,성북구,2024080320,32.0,24.0,72.29166666666667,20.0,0.9083333333333332,24,24,24
20240804,송파구,2024080320,36.0,27.0,67.70833333333333,20.0,1.0166666666666666,24,24,24
20240804,양천구,2024080320,35.0,27.0,71.25,20.0,1.1083333333333334,24,24,24
20240804,영등포구,2024080320,35.0,27.0,71.875,20.0,1.0208333333333333,24,24,24
20240804,용산구,2024080320,35.0,27.0,72.08333333333333,20.0,0.9875,24,24,24
20240804,은평구,2024080320,35.0,26.0,72.70833333333333,20.0,0.925,24,24,24
20240804,종로구,2024080320,35.0,27.0,70.0,20.0,0.9250000000000002,24,24,24
20240804,중구,2024080320,35.0,27.0,70.0,20.0,0.9250000000000002,24,24,24
20240804,중랑구,2024080320,35.0,27.0,68.54166666666667,20.0,0.9875,24,24,24
20240805,강남구,2024080420,35.0,28.0,76.45833333333333,60.0,1.6083333333333334,24,24,24
20240805,강동구,2024080420,34.0,27.0,75.83333333333333,60.0,1.6125,24,24,24
20240805,강북구,2024080420,32.0,25.0,76.25,60.0,1.6208333333333331,24,24,24
20240805,강서구,2024080420,34.0,27.0,79.16666666666667,60.0,1.6541666666666668,24,24,24
20240805,관악구,2024080420,34.0,28.0,76.875,60.0,1.5875,24,24,24
20240805,광진구,2024080420,34.0,28.0,72.91666666666667,60.0,1.6083333333333334,24,24,24
20240805,구로구,2024080420,34.0,28.0,74.375,60.0,1.5625,24,24,24
20240805,금천구,2024080420,33.0,27.0,80.41666666666667,60.0,1.5416666666666667,24,24,24
20240805,노원구,2024080420,34.0,27.0,79.16666666666667,60.0,1.6375,24,24,24
20240805,도봉구,2024080420,34.0,27.0,79.16666666666667,60.0,1.6375,24,24,24
20240805,동대문구,2024080420,34.0,28.0,74.79166666666667,60.0,1.6208333333333331,24,24,24
20240805,동작구,2024080420,34.0,28.0,76.875,60.0,1.5875,24,24,24
20240805,마포구,2024080420,34.0,28.0,75.83333333333333,60.0,1.6208333333333336,24,24,24
20240805,서대문구,2024080420,34.0,28.0,75.83333333333333,60.0,1.6208333333333336,24,24,24
20240805,서초구,2024080420,35.0,28.0,76.45833333333333,60.0,1.6083333333333334,24,24,24
20240805,성동구,2024080420,35.0,28.0,74.375,60.0,1.625,24,24,24
20240805,성북구,2024080420,32.0,25.0,76.25,60.0,1.6208333333333331,24,24,24
20240805,송파구,2024080420,35.0,28.0,73.95833333333333,60.0,1.6000000000000003,24,24,24
20240805,양천구,2024080420,34.0,28.0,75.625,60.0,1.5916666666666668,24,24,24
20240805,영등포구,2024080420,34.0,28.0,75.625,60.0,1.6208333333333336,24,24,24
20240805,용산구,2024080420,34.0,28.0,75.83333333333333,60.0,1.6333333333333335,24,24,24
20240805,은평구,2024080420,34.0,27.0,76.875,60.0,1.625,24,24,24
20240805,종로구,2024080420,34.0,28.0,76.04166666666667,60.0,1.6333333333333335,24,24,24
20240805,중구,2024080420,34.0,28.0,76.04166666666667,60.0,1.6333333333333335,24,24,24
20240805,중랑구,2024080420,34.0,27.0,73.54166666666667,60.0,1.6208333333333331,24,24,24
20240806,강남구,2024080520,34.0,27.0,76.25,60.0,1.3125,24,24,24
20240806,강동구,2024080520,34.0,27.0,75.0,60.0,1.2458333333333331,24,24,24
20240806,강북구,2024080520,32.0,25.0,76.875,30.0,1.3374999999999997,24,24,24
20240806,강서구,2024080520,33.0,27.0,80.625,30.0,1.4333333333333336,24,24,24
20240806,관악구,2024080520,34.0,27.0,76.875,60.0,1.3583333333333332,24,24,24
20240806,광진구,2024080520,34.0,27.0,72.70833333333333,60.0,1.2833333333333334,24,24,24
20240806,구로구,2024080520,34.0,27.0,75.20833333333333,20.0,1.3625,24,24,24
20240806,금천구,2024080520,33.0,26.0,80.625,30.0,1.3291666666666666,24,24,24
20240806,노원구,2024080520,33.0,27.0,78.54166666666667,30.0,1.3166666666666669,24,24,24
20240806,도봉구,2024080520,33.0,27.0,78.54166666666667,30.0,1.3166666666666669,24,24,24
20240806,동대문구,2024080520,34.0,27.0,73.95833333333333,30.0,1.3166666666666669,24,24,24
20240806,동작구,2024080520,34.0,27.0,76.875,60.0,1.3583333333333332,24,24,24
20240806,마포구,2024080520,34.0,27.0,76.875,30.0,1.3708333333333331,24,24,24
20240806,서대문구,2024080520,34.0,27.0,76.875,30.0,1.3708333333333331,24,24,24
20240806,서초구,2024080520,34.0,27.0,76.25,60.0,1.3125,24,24,24
20240806,성동구,2024080520,34.0,27.0,73.54166666666667,30.0,1.3333333333333333,24,24,24
20240806,성북구,2024080520,32.0,25.0,76.875,30.0,1.3374999999999997,24,24,24
20240806,송파구,2024080520,34.0,27.0,73.54166666666667,60.0,1.275,24,24,24
20240806,양천구,2024080520,34.0,27.0,76.66666666666667,20.0,1.375,24,24,24
20240806,영등포구,2024080520,34.0,27.0,76.66666666666667,30.0,1.366666666666667,24,24,24
20240806,용산구,2024080520,34.0,27.0,76.875,30.0,1.3541666666666667,24,24,24
20240806,은평구,2024080520,34.0,27.0,78.33333333333333,30.0,1.3541666666666667,24,24,24
20240806,종로구,2024080520,33.0,28.0,75.41666666666667,30.0,1.35,24,24,24
20240806,중구,2024080520,33.0,28.0,75.41666666666667,30.0,1.35,24,24,24
20240806,중랑구,2024080520,34.0,27.0,73.54166666666667,30.0,1.2833333333333334,24,24,24
20240807,강남구,2024080620,32.0,26.0,77.08333333333333,60.0,1.3458333333333332,24,24,24
20240807,강동구,2024080620,34.0,26.0,75.0,60.0,1.1458333333333333,24,24,24
20240807,강북구,2024080620,32.0,24.0,77.91666666666667,60.0,1.2583333333333335,24,24,24
20240807,강서구,2024080620,33.0,26.0,81.66666666666667,60.0,1.3541666666666667,24,24,24
20240807,관악구,2024080620,32.0,26.0,78.95833333333333,60.0,1.3833333333333335,24,24,24
20240807,광진구,2024080620,32.0,26.0,73.33333333333333,60.0,1.2208333333333332,24,24,24
20240807,구로구,2024080620,34.0,26.0,75.41666666666667,60.0,1.3791666666666664,24,24,24
20240807,금천구,2024080620,33.0,26.0,80.83333333333333,60.0,1.3833333333333335,24,24,24
20240807,노원구,2024080620,32.0,26.0,80.41666666666667,60.0,1.1291666666666669,24,24,24
20240807,도봉구,2024080620,32.0,26.0,80.41666666666667,60.0,1.1291666666666669,24,24,24
20240807,동대문구,2024080620,32.0,26.0,76.25,60.0,1.2333333333333334,24,24,24
20240807,동작구,2024080620,32.0,26.0,78.95833333333333,60.0,1.3833333333333335,24,24,24
20240807,마포구,2024080620,32.0,26.0,78.33333333333333,60.0,1.3125,24,24,24
20240807,서대문구,2024080620,32.0,26.0,78.33333333333333,60.0,1.3125,24,24,24
20240807,서초구,2024080620,32.0,26.0,77.08333333333333,60.0,1.3458333333333332,24,24,24
20240807,성동구,2024080620,32.0,27.0,74.58333333333333,60.0,1.275,24,24,24
20240807,성북구,2024080620,32.0,24.0,77.91666666666667,60.0,1.2583333333333335,24,24,24
20240807,송파구,2024080620,32.0,27.0,73.54166666666667,60.0,1.2833333333333334,24,24,24
20240807,양천구,2024080620,33.0,26.0,78.33333333333333,60.0,1.3625,24,24,24
20240807,영등포구,2024080620,32.0,26.0,78.33333333333333,60.0,1.3500000000000003,24,24,24
20240807,용산구,2024080620,32.0,26.0,78.125,60.0,1.35,24,24,24
20240807,은평구,2024080620,32.0,26.0,79.375,60.0,1.2625,24,24,24
20240807,종로구,2024080620,32.0,27.0,76.45833333333333,60.0,1.3083333333333331,24,24,24
20240807,중구,2024080620,32.0,27.0,76.45833333333333,60.0,1.3083333333333331,24,24,24
20240807,중랑구,2024080620,32.0,26.0,74.58333333333333,60.0,1.175,24,24,24
20240808,강남구,2024080720,34.0,25.0,79.16666666666667,60.0,1.3166666666666669,24,24,24
20240808,강동구,2024080720,34.0,25.0,77.08333333333333,60.0,1.1708333333333332,24,24,24
20240808,강북구,2024080720,31.0,23.0,78.75,60.0,1.2583333333333335,24,24,24
20240808,강서구,2024080720,34.0,25.0,82.5,60.0,1.4125,24,24,24
20240808,관악구,2024080720,33.0,25.0,81.25,60.0,1.3708333333333331,24,24,24
20240808,광진구,2024080720,34.0,25.0,75.0,60.0,1.2499999999999998,24,24,24
20240808,구로구,2024080720,33.0,26.0,77.91666666666667,60.0,1.4083333333333332,24,24,24
20240808,금천구,2024080720,33.0,25.0,83.75,60.0,1.3708333333333331,24,24,24
20240808,노원구,2024080720,33.0,25.0,80.83333333333333,60.0,1.1458333333333333,24,24,24
20240808,도봉구,2024080720,33.0,25.0,80.83333333333333,60.0,1.1458333333333333,24,24,24
20240808,동대문구,2024080720,34.0,26.0,77.08333333333333,60.0,1.2375,24,24,24
20240808,동작구,2024080720,33.0,25.0,81.25,60.0,1.3708333333333331,24,24,24
20240808,마포구,2024080720,34.0,25.0,79.58333333333333,60.0,1.3208333333333333,24,24,24
20240808,서대문구,2024080720,34.0,25.0,79.58333333333333,60.0,1.3208333333333333,24,24,24
20240808,서초구,2024080720,34.0,25.0,79.16666666666667,60.0,1.3166666666666669,24,24,24
20240808,성동구,2024080720,34.0,25.0,75.625,60.0,1.2875,24,24,24
20240808,성북구,2024080720,31.0,23.0,78.75,60.0,1.2583333333333335,24,24,24
20240808,송파구,2024080720,34.0,26.0,75.625,60.0,1.2666666666666666,24,24,24
20240808,양천구,2024080720,33.0,25.0,79.375,60.0,1.3833333333333335,24,24,24
20240808,영등포구,2024080720,34.0,25.0,79.375,60.0,1.3625,24,24,24
20240808,용산구,2024080720,33.0,25.0,79.375,60.0,1.3458333333333332,24,24,24
20240808,은평구,2024080720,34.0,25.0,80.41666666666667,60.0,1.2916666666666667,24,24,24
20240808,종로구,2024080720,33.0,26.0,77.70833333333333,60.0,1.2875,24,24,24
20240808,중구,2024080720,33.0,26.0,77.70833333333333,60.0,1.2875,24,24,24
20240808,중랑구,2024080720,34.0,25.0,76.45833333333333,60.0,1.175,24,24,24
20240809,강남구,2024080820,35.0,26.0,74.79166666666667,20.0,0.8208333333333333,24,24,24
20240809,강동구,2024080820,35.0,25.0,72.91666666666667,20.0,0.7458333333333335,24,24,24
20240809,강북구,2024080820,33.0,23.0,72.70833333333333,20.0,0.7708333333333334,24,24,24
20240809,강서구,2024080820,34.0,25.0,76.875,0.0,1.0916666666666668,24,24,24
20240809,관악구,2024080820,34.0,26.0,75.0,20.0,1.025,24,24,24
20240809,광진구,2024080820,35.0,26.0,71.04166666666667,0.0,0.7000000000000001,24,24,24
20240809,구로구,2024080820,34.0,26.0,72.08333333333333,0.0,1.1124999999999998,24,24,24
20240809,금천구,2024080820,34.0,25.0,78.54166666666667,20.0,1.025,24,24,24
20240809,노원구,2024080820,34.0,25.0,75.625,20.0,0.7166666666666667,24,24,24
20240809,도봉구,2024080820,34.0,25.0,75.625,20.0,0.7166666666666667,24,24,24
20240809,동대문구,2024080820,35.0,26.0,72.08333333333333,0.0,0.6916666666666668,24,24,24
20240809,동작구,2024080820,34.0,26.0,75.0,20.0,1.025,24,24,24
20240809,마포구,2024080820,35.0,26.0,73.75,0.0,0.875,24,24,24
20240809,서대문구,2024080820,35.0,26.0,73.75,0.0,0.875,24,24,24
20240809,서초구,2024080820,35.0,26.0,74.79166666666667,20.0,0.8208333333333333,24,24,24
20240809,성동구,2024080820,35.0,26.0,70.83333333333333,0.0,0.75,24,24,24
20240809,성북구,2024080820,33.0,23.0,72.70833333333333,20.0,0.7708333333333334,24,24,24
20240809,송파구,2024080820,35.0,26.0,71.66666666666667,20.0,0.7375000000000002,24,24,24
20240809,양천구,2024080820,34.0,26.0,73.125,0.0,1.0291666666666666,24,24,24
20240809,영등포구,2024080820,35.0,26.0,73.54166666666667,20.0,0.9416666666666668,24,24,24
20240809,용산구,2024080820,35.0,26.0,74.16666666666667,20.0,0.8708333333333332,24,24,24
20240809,은평구,2024080820,35.0,25.0,74.58333333333333,20.0,0.8541666666666666,24,24,24
20240809,종로구,2024080820,34.0,26.0,72.5,0.0,0.7916666666666666,24,24,24
20240809,중구,2024080820,34.0,26.0,72.5,0.0,0.7916666666666666,24,24,24
20240809,중랑구,2024080820,35.0,26.0,71.875,0.0,0.6541666666666667,24,24,24
20240810,강남구,2024080920,34.0,26.0,74.16666666666667,60.0,1.575,24,24,24
20240810,강동구,2024080920,34.0,26.0,72.5,20.0,1.6458333333333333,24,24,24
20240810,강북구,2024080920,33.0,24.0,73.75,30.0,1.4708333333333334,24,24,24
20240810,강서구,2024080920,34.0,26.0,75.41666666666667,60.0,1.4624999999999997,24,24,24
20240810,관악구,2024080920,34.0,26.0,73.95833333333333,60.0,1.4833333333333332,24,24,24
20240810,광진구,2024080920,34.0,26.0,70.625,20.0,1.6041666666666667,24,24,24
20240810,구로구,2024080920,34.0,27.0,70.41666666666667,60.0,1.4666666666666668,24,24,24
20240810,금천구,2024080920,33.0,26.0,77.91666666666667,60.0,1.4375,24,24,24
20240810,노원구,2024080920,34.0,25.0,75.83333333333333,20.0,1.4833333333333332,24,24,24
20240810,도봉구,2024080920,34.0,25.0,75.83333333333333,20.0,1.4833333333333332,24,24,24
20240810,동대문구,2024080920,34.0,27.0,71.875,60.0,1.5291666666666668,24,24,24
20240810,동작구,2024080920,34.0,26.0,73.95833333333333,60.0,1.4833333333333332,24,24,24
20240810,마포구,2024080920,34.0,27.0,73.125,60.0,1.4625,24,24,24
20240810,서대문구,2024080920,34.0,27.0,73.125,60.0,1.4625,24,24,24
20240810,서초구,2024080920,34.0,26.0,74.16666666666667,60.0,1.575,24,24,24
20240810,성동구,2024080920,34.0,26.0,71.45833333333333,60.0,1.5625,24,24,24
20240810,성북구,2024080920,33.0,24.0,73.75,30.0,1.4708333333333334,24,24,24
20240810,송파구,2024080920,34.0,27.0,71.45833333333333,30.0,1.6,24,24,24
20240810,양천구,2024080920,34.0,27.0,72.08333333333333,60.0,1.4583333333333333,24,24,24
20240810,영등포구,2024080920,34.0,27.0,73.33333333333333,60.0,1.4833333333333332,24,24,24
20240810,용산구,2024080920,34.0,27.0,74.16666666666667,60.0,1.5208333333333333,24,24,24
20240810,은평구,2024080920,34.0,26.0,74.58333333333333,30.0,1.4333333333333336,24,24,24
20240810,종로구,2024080920,34.0,27.0,72.70833333333333,30.0,1.4916666666666665,24,24,24
20240810,중구,2024080920,34.0,27.0,72.70833333333333,30.0,1.4916666666666665,24,24,24
20240810,중랑구,2024080920,34.0,26.0,71.25,20.0,1.5916666666666668,24,24,24
20240811,강남구,2024081020,34.0,26.0,73.125,60.0,1.8833333333333335,24,24,24
20240811,강동구,2024081020,34.0,26.0,72.29166666666667,60.0,1.8458333333333332,24,24,24
20240811,강북구,2024081020,32.0,24.0,72.5,60.0,1.875,24,24,24
20240811,강서구,2024081020,34.0,27.0,75.0,60.0,2.1,24,24,24
20240811,관악구,2024081020,34.0,27.0,73.125,60.0,1.9541666666666668,24,24,24
20240811,광진구,2024081020,34.0,26.0,70.625,60.0,1.8500000000000003,24,24,24
20240811,구로구,2024081020,34.0,27.0,68.33333333333333,60.0,2.0041666666666664,24,24,24
20240811,금천구,2024081020,34.0,26.0,76.25,60.0,1.9333333333333331,24,24,24
20240811,노원구,2024081020,34.0,26.0,76.45833333333333,60.0,1.7833333333333332,24,24,24
20240811,도봉구,2024081020,34.0,26.0,76.45833333333333,60.0,1.7833333333333332,24,24,24
20240811,동대문구,2024081020,34.0,27.0,71.66666666666667,60.0,1.8708333333333331,24,24,24
20240811,동작구,2024081020,34.0,27.0,73.125,60.0,1.9541666666666668,24,24,24
20240811,마포구,2024081020,34.0,27.0,72.29166666666667,60.0,1.9333333333333331,24,24,24
20240811,서대문구,2024081020,34.0,27.0,72.29166666666667,60.0,1.9333333333333331,24,24,24
20240811,서초구,2024081020,34.0,26.0,73.125,60.0,1.8833333333333335,24,24,24
20240811,성동구,2024081020,35.0,26.0,71.25,60.0,1.8875,24,24,24
20240811,성북구,2024081020,32.0,24.0,72.5,60.0,1.875,24,24,24
20240811,송파구,2024081020,34.0,26.0,70.625,60.0,1.8541666666666667,24,24,24
20240811,양천구,2024081020,34.0,27.0,71.66666666666667,60.0,2.0124999999999997,24,24,24
20240811,영등포구,2024081020,34.0,27.0,72.08333333333333,60.0,1.95,24,24,24
20240811,용산구,2024081020,34.0,27.0,72.91666666666667,60.0,1.9291666666666665,24,24,24
20240811,은평구,2024081020,34.0,26.0,73.95833333333333,60.0,1.9375,24,24,24
20240811,종로구,2024081020,34.0,27.0,72.5,60.0,1.9,24,24,24
20240811,중구,2024081020,34.0,27.0,72.5,60.0,1.9,24,24,24
20240811,중랑구,2024081020,34.0,26.0,71.45833333333333,60.0,1.8125,24,24,24
20240812,강남구,2024081120,36.0,27.0,73.33333333333333,60.0,1.2041666666666668,24,24,24
20240812,강동구,2024081120,35.0,26.0,72.29166666666667,60.0,1.1041666666666667,24,24,24
20240812,강북구,2024081120,33.0,24.0,72.70833333333333,60.0,1.2541666666666669,24,24,24
20240812,강서구,2024081120,35.0,27.0,74.375,60.0,1.5333333333333332,24,24,24
20240812,관악구,2024081120,35.0,27.0,72.70833333333333,60.0,1.3583333333333334,24,24,24
20240812,광진구,2024081120,35.0,27.0,70.625,60.0,1.0791666666666666,24,24,24
20240812,구로구,2024081120,36.0,28.0,68.54166666666667,60.0,1.4333333333333331,24,24,24
20240812,금천구,2024081120,35.0,26.0,75.0,60.0,1.3541666666666667,24,24,24
20240812,노원구,2024081120,34.0,26.0,75.625,60.0,1.0875,24,24,24
20240812,도봉구,2024081120,34.0,26.0,75.625,60.0,1.0875,24,24,24
20240812,동대문구,2024081120,35.0,27.0,71.04166666666667,60.0,1.125,24,24,24
20240812,동작구,2024081120,35.0,27.0,72.70833333333333,60.0,1.3583333333333334,24,24,24
20240812,마포구,2024081120,35.0,27.0,72.29166666666667,60.0,1.325,24,24,24
20240812,서대문구,2024081120,35.0,27.0,72.29166666666667,60.0,1.325,24,24,24
20240812,서초구,2024081120,36.0,27.0,73.33333333333333,60.0,1.2041666666666668,24,24,24
20240812,성동구,2024081120,36.0,27.0,70.83333333333333,60.0,1.1791666666666665,24,24,24
20240812,성북구,2024081120,33.0,24.0,72.70833333333333,60.0,1.2541666666666669,24,24,24
20240812,송파구,2024081120,36.0,27.0,71.04166666666667,60.0,1.1291666666666669,24,24,24
20240812,양천구,2024081120,35.0,27.0,70.0,60.0,1.4375,24,24,24
20240812,영등포구,2024081120,35.0,27.0,72.08333333333333,60.0,1.3291666666666666,24,24,24
20240812,용산구,2024081120,35.0,27.0,72.70833333333333,60.0,1.275,24,24,24
20240812,은평구,2024081120,35.0,26.0,73.33333333333333,60.0,1.3083333333333331,24,24,24
20240812,종로구,2024081120,35.0,28.0,71.875,60.0,1.2666666666666666,24,24,24
20240812,중구,2024081120,35.0,28.0,71.875,60.0,1.2666666666666666,24,24,24
20240812,중랑구,2024081120,35.0,27.0,70.83333333333333,60.0,1.0208333333333333,24,24,24
20240813,강남구,2024081220,36.0,27.0,73.75,67.0,0.9,24,24,24
20240813,강동구,2024081220,35.0,26.0,72.29166666666667,60.0,1.0875,24,24,24
20240813,강북구,2024081220,33.0,24.0,73.33333333333333,60.0,1.0833333333333333,24,24,24
20240813,강서구,2024081220,35.0,27.0,75.625,60.0,1.1083333333333334,24,24,24
20240813,관악구,2024081220,35.0,27.0,74.16666666666667,60.0,0.9791666666666666,24,24,24
20240813,광진구,2024081220,36.0,27.0,70.20833333333333,62.0,0.9916666666666668,24,24,24
20240813,구로구,2024081220,35.0,27.0,70.20833333333333,60.0,1.0666666666666669,24,24,24
20240813,금천구,2024081220,35.0,26.0,76.25,60.0,0.9958333333333332,24,24,24
20240813,노원구,2024081220,35.0,26.0,77.29166666666667,60.0,1.1541666666666666,24,24,24
20240813,도봉구,2024081220,35.0,26.0,77.29166666666667,60.0,1.1541666666666666,24,24,24
20240813,동대문구,2024081220,36.0,27.0,72.29166666666667,61.0,1.008333333333333,24,24,24
20240813,동작구,2024081220,35.0,27.0,74.16666666666667,60.0,0.9791666666666666,24,24,24
20240813,마포구,2024081220,35.0,27.0,73.125,60.0,0.9958333333333332,24,24,24
20240813,서대문구,2024081220,35.0,27.0,73.125,60.0,0.9958333333333332,24,24,24
20240813,서초구,2024081220,36.0,27.0,73.75,67.0,0.9,24,24,24
20240813,성동구,2024081220,36.0,27.0,70.0,65.0,0.9416666666666664,24,24,24
20240813,성북구,2024081220,33.0,24.0,73.33333333333333,60.0,1.0833333333333333,24,24,24
20240813,송파구,2024081220,36.0,27.0,70.625,63.0,0.9416666666666668,24,24,24
20240813,양천구,2024081220,35.0,27.0,71.66666666666667,60.0,1.0416666666666667,24,24,24
20240813,영등포구,2024081220,35.0,27.0,73.125,60.0,0.975,24,24,24
20240813,용산구,2024081220,35.0,27.0,73.75,66.0,0.9583333333333334,24,24,24
20240813,은평구,2024081220,35.0,26.0,75.41666666666667,60.0,1.0458333333333334,24,24,24
20240813,종로구,2024081220,35.0,27.0,72.5,61.0,0.9958333333333332,24,24,24
20240813,중구,2024081220,35.0,27.0,72.5,61.0,0.9958333333333332,24,24,24
20240813,중랑구,2024081220,35.0,26.0,71.45833333333333,60.0,1.05,24,24,24
20240814,강남구,2024081320,36.0,27.0,73.75,60.0,1.2583333333333335,24,24,24
20240814,강동구,2024081320,35.0,26.0,72.08333333333333,60.0,1.2875,24,24,24
20240814,강북구,2024081320,33.0,24.0,73.75,60.0,1.1666666666666667,24,24,24
20240814,강서구,2024081320,36.0,27.0,76.04166666666667,60.0,1.3166666666666669,24,24,24
20240814,관악구,2024081320,35.0,27.0,74.79166666666667,60.0,1.2708333333333333,24,24,24
20240814,광진구,2024081320,35.0,27.0,70.83333333333333,60.0,1.2041666666666668,24,24,24
20240814,구로구,2024081320,36.0,27.0,71.66666666666667,60.0,1.3541666666666667,24,24,24
20240814,금천구,2024081320,35.0,26.0,77.08333333333333,60.0,1.3,24,24,24
20240814,노원구,2024081320,35.0,26.0,76.25,60.0,1.1291666666666669,24,24,24
20240814,도봉구,2024081320,35.0,26.0,76.25,60.0,1.1291666666666669,24,24,24
20240814,동대문구,2024081320,35.0,27.0,71.875,60.0,1.1708333333333334,24,24,24
20240814,동작구,2024081320,35.0,27.0,74.79166666666667,60.0,1.2708333333333333,24,24,24
20240814,마포구,2024081320,35.0,27.0,73.33333333333333,60.0,1.1625,24,24,24
20240814,서대문구,2024081320,35.0,27.0,73.33333333333333,60.0,1.1625,24,24,24
20240814,서초구,2024081320,36.0,27.0,73.75,60.0,1.2583333333333335,24,24,24
20240814,성동구,2024081320,36.0,27.0,70.83333333333333,60.0,1.2166666666666668,24,24,24
20240814,성북구,2024081320,33.0,24.0,73.75,60.0,1.1666666666666667,24,24,24
20240814,송파구,2024081320,36.0,27.0,71.04166666666667,60.0,1.25,24,24,24
20240814,양천구,2024081320,35.0,27.0,72.5,60.0,1.2708333333333333,24,24,24
20240814,영등포구,2024081320,35.0,27.0,73.33333333333333,60.0,1.2125,24,24,24
20240814,용산구,2024081320,35.0,27.0,73.54166666666667,60.0,1.2333333333333332,24,24,24
20240814,은평구,2024081320,35.0,27.0,75.0,60.0,1.1625,24,24,24
20240814,종로구,2024081320,35.0,27.0,71.66666666666667,60.0,1.1875,24,24,24
20240814,중구,2024081320,35.0,27.0,71.66666666666667,60.0,1.1875,24,24,24
20240814,중랑구,2024081320,35.0,27.0,70.83333333333333,60.0,1.1666666666666667,24,24,24
20240815,강남구,2024081420,35.0,26.0,70.20833333333333,30.0,1.3125,24,24,24
20240815,강동구,2024081420,34.0,26.0,69.79166666666667,60.0,1.25,24,24,24
20240815,강북구,2024081420,32.0,24.0,71.875,60.0,1.175,24,24,24
20240815,강서구,2024081420,35.0,27.0,73.125,60.0,1.2083333333333333,24,24,24
20240815,관악구,2024081420,35.0,27.0,70.0,60.0,1.2875,24,24,24
20240815,광진구,2024081420,34.0,26.0,67.29166666666667,60.0,1.2375,24,24,24
20240815,구로구,2024081420,35.0,27.0,66.25,60.0,1.3083333333333331,24,24,24
20240815,금천구,2024081420,34.0,26.0,72.70833333333333,60.0,1.3,24,24,24
20240815,노원구,2024081420,34.0,26.0,75.83333333333333,60.0,1.1291666666666669,24,24,24
20240815,도봉구,2024081420,34.0,26.0,75.83333333333333,60.0,1.1291666666666669,24,24,24
20240815,동대문구,2024081420,35.0,26.0,68.33333333333333,30.0,1.2083333333333333,24,24,24
20240815,동작구,2024081420,35.0,27.0,70.0,60.0,1.2875,24,24,24
20240815,마포구,2024081420,35.0,27.0,69.79166666666667,60.0,1.1291666666666669,24,24,24
20240815,서대문구,2024081420,35.0,27.0,69.79166666666667,60.0,1.1291666666666669,24,24,24
20240815,서초구,2024081420,35.0,26.0,70.20833333333333,30.0,1.3125,24,24,24
20240815,성동구,2024081420,35.0,27.0,67.70833333333333,30.0,1.2458333333333331,24,24,24
20240815,성북구,2024081420,32.0,24.0,71.875,60.0,1.175,24,24,24
20240815,송파구,2024081420,35.0,27.0,67.29166666666667,60.0,1.3,24,24,24
20240815,양천구,2024081420,35.0,27.0,67.5,60.0,1.2208333333333332,24,24,24
20240815,영등포구,2024081420,35.0,27.0,68.95833333333333,60.0,1.1958333333333333,24,24,24
20240815,용산구,2024081420,34.0,27.0,70.20833333333333,60.0,1.2583333333333335,24,24,24
20240815,은평구,2024081420,35.0,26.0,71.66666666666667,60.0,1.0916666666666666,24,24,24
20240815,종로구,2024081420,34.0,27.0,69.16666666666667,30.0,1.2041666666666666,24,24,24
20240815,중구,2024081420,34.0,27.0,69.16666666666667,30.0,1.2041666666666666,24,24,24
20240815,중랑구,2024081420,34.0,26.0,68.125,60.0,1.1875,24,24,24
20240816,강남구,2024081520,35.0,26.0,71.04166666666667,60.0,1.3083333333333331,24,24,24
20240816,강동구,2024081520,34.0,26.0,70.20833333333333,60.0,1.4166666666666667,24,24,24
20240816,강북구,2024081520,32.0,24.0,70.625,60.0,1.2166666666666666,24,24,24
20240816,강서구,2024081520,35.0,26.0,73.54166666666667,60.0,1.3500000000000003,24,24,24
20240816,관악구,2024081520,34.0,26.0,71.25,60.0,1.2708333333333333,24,24,24
20240816,광진구,2024081520,35.0,26.0,66.875,30.0,1.325,24,24,24
20240816,구로구,2024081520,35.0,27.0,67.70833333333333,60.0,1.3166666666666669,24,24,24
20240816,금천구,2024081520,34.0,26.0,73.75,60.0,1.2666666666666668,24,24,24
20240816,노원구,2024081520,34.0,25.0,74.375,60.0,1.2416666666666665,24,24,24
20240816,도봉구,2024081520,34.0,25.0,74.375,60.0,1.2416666666666665,24,24,24
20240816,동대문구,2024081520,35.0,26.0,67.91666666666667,60.0,1.2458333333333331,24,24,24
20240816,동작구,2024081520,34.0,26.0,71.25,60.0,1.2708333333333333,24,24,24
20240816,마포구,2024081520,35.0,27.0,70.0,60.0,1.2083333333333333,24,24,24
20240816,서대문구,2024081520,35.0,27.0,70.0,60.0,1.2083333333333333,24,24,24
20240816,서초구,2024081520,35.0,26.0,71.04166666666667,60.0,1.3083333333333331,24,24,24
20240816,성동구,2024081520,35.0,27.0,68.125,60.0,1.2666666666666666,24,24,24
20240816,성북구,2024081520,32.0,24.0,70.625,60.0,1.2166666666666666,24,24,24
20240816,송파구,2024081520,35.0,26.0,67.91666666666667,30.0,1.35,24,24,24
20240816,양천구,2024081520,34.0,27.0,69.16666666666667,60.0,1.2791666666666666,24,24,24
20240816,영등포구,2024081520,35.0,27.0,69.79166666666667,60.0,1.2291666666666667,24,24,24
20240816,용산구,2024081520,35.0,26.0,69.79166666666667,60.0,1.275,24,24,24
20240816,은평구,2024081520,35.0,26.0,73.125,60.0,1.2125,24,24,24
20240816,종로구,2024081520,34.0,27.0,68.54166666666667,60.0,1.2291666666666667,24,24,24
20240816,중구,2024081520,34.0,27.0,68.54166666666667,60.0,1.2291666666666667,24,24,24
20240816,중랑구,2024081520,34.0,26.0,67.70833333333333,60.0,1.2958333333333334,24,24,24
20240817,강남구,2024081620,35.0,26.0,70.625,60.0,1.4583333333333333,24,24,24
20240817,강동구,2024081620,35.0,26.0,68.125,60.0,1.4624999999999997,24,24,24
20240817,강북구,2024081620,32.0,24.0,70.41666666666667,60.0,1.4083333333333332,24,24,24
20240817,강서구,2024081620,35.0,26.0,74.16666666666667,60.0,1.3625,24,24,24
20240817,관악구,2024081620,35.0,26.0,71.45833333333333,60.0,1.425,24,24,24
20240817,광진구,2024081620,35.0,26.0,66.25,60.0,1.4249999999999998,24,24,24
20240817,구로구,2024081620,35.0,27.0,68.95833333333333,60.0,1.4416666666666664,24,24,24
20240817,금천구,2024081620,34.0,26.0,74.58333333333333,60.0,1.45,24,24,24
20240817,노원구,2024081620,34.0,25.0,73.33333333333333,60.0,1.3833333333333335,24,24,24
20240817,도봉구,2024081620,34.0,25.0,73.33333333333333,60.0,1.3833333333333335,24,24,24
20240817,동대문구,2024081620,35.0,27.0,68.125,62.0,1.4083333333333332,24,24,24
20240817,동작구,2024081620,35.0,26.0,71.45833333333333,60.0,1.425,24,24,24
20240817,마포구,2024081620,35.0,27.0,70.625,69.0,1.3791666666666669,24,24,24
20240817,서대문구,2024081620,35.0,27.0,70.625,69.0,1.3791666666666669,24,24,24
20240817,서초구,2024081620,35.0,26.0,70.625,60.0,1.4583333333333333,24,24,24
20240817,성동구,2024081620,35.0,27.0,67.91666666666667,65.0,1.4458333333333335,24,24,24
20240817,성북구,2024081620,32.0,24.0,70.41666666666667,60.0,1.4083333333333332,24,24,24
20240817,송파구,2024081620,35.0,26.0,67.29166666666667,60.0,1.4583333333333333,24,24,24
20240817,양천구,2024081620,35.0,27.0,69.79166666666667,67.0,1.4041666666666668,24,24,24
20240817,영등포구,2024081620,35.0,27.0,70.20833333333333,74.0,1.4,24,24,24
20240817,용산구,2024081620,35.0,27.0,71.04166666666667,69.0,1.4208333333333332,24,24,24
20240817,은평구,2024081620,35.0,26.0,71.875,60.0,1.3583333333333334,24,24,24
20240817,종로구,2024081620,35.0,27.0,68.95833333333333,65.0,1.4166666666666667,24,24,24
20240817,중구,2024081620,35.0,27.0,68.95833333333333,65.0,1.4166666666666667,24,24,24
20240817,중랑구,2024081620,35.0,26.0,66.875,60.0,1.4166666666666667,24,24,24
20240818,강남구,2024081720,34.0,26.0,76.875,64.0,1.3083333333333331,24,24,24
20240818,강동구,2024081720,33.0,26.0,76.25,60.0,1.2583333333333335,24,24,24
20240818,강북구,2024081720,31.0,24.0,77.91666666666667,61.0,1.0833333333333333,24,24,24
20240818,강서구,2024081720,34.0,26.0,79.58333333333333,61.0,1.0625,24,24,24
20240818,관악구,2024081720,33.0,26.0,77.29166666666667,66.0,1.2333333333333334,24,24,24
20240818,광진구,2024081720,33.0,26.0,72.91666666666667,60.0,1.2583333333333335,24,24,24
20240818,구로구,2024081720,34.0,27.0,73.54166666666667,66.0,1.2208333333333334,24,24,24
20240818,금천구,2024081720,33.0,25.0,80.0,65.0,1.2458333333333331,24,24,24
20240818,노원구,2024081720,33.0,25.0,79.375,60.0,1.0791666666666668,24,24,24
20240818,도봉구,2024081720,33.0,25.0,79.375,60.0,1.0791666666666668,24,24,24
20240818,동대문구,2024081720,34.0,26.0,74.58333333333333,60.0,1.175,24,24,24
20240818,동작구,2024081720,33.0,26.0,77.29166666666667,66.0,1.2333333333333334,24,24,24
20240818,마포구,2024081720,33.0,26.0,76.25,64.0,1.0625,24,24,24
20240818,서대문구,2024081720,33.0,26.0,76.25,64.0,1.0625,24,24,24
20240818,서초구,2024081720,34.0,26.0,76.875,64.0,1.3083333333333331,24,24,24
20240818,성동구,2024081720,34.0,27.0,74.79166666666667,62.0,1.2208333333333332,24,24,24
20240818,성북구,2024081720,31.0,24.0,77.91666666666667,61.0,1.0833333333333333,24,24,24
20240818,송파구,2024081720,34.0,26.0,73.75,62.0,1.2875,24,24,24
20240818,양천구,2024081720,33.0,27.0,74.79166666666667,65.0,1.1375,24,24,24
20240818,영등포구,2024081720,33.0,27.0,75.625,65.0,1.1541666666666666,24,24,24
20240818,용산구,2024081720,33.0,26.0,76.04166666666667,64.0,1.2333333333333334,24,24,24
20240818,은평구,2024081720,34.0,26.0,78.33333333333333,62.0,1.0291666666666668,24,24,24
20240818,종로구,2024081720,33.0,27.0,75.0,63.0,1.1541666666666666,24,24,24
20240818,중구,2024081720,33.0,27.0,75.0,63.0,1.1541666666666666,24,24,24
20240818,중랑구,2024081720,33.0,26.0,73.33333333333333,60.0,1.2041666666666666,24,24,24
20240819,강남구,2024081820,36.0,26.0,69.58333333333333,20.0,1.3416666666666668,24,24,24
20240819,강동구,2024081820,35.0,25.0,68.54166666666667,20.0,1.5,24,24,24
20240819,강북구,2024081820,33.0,23.0,70.20833333333333,20.0,1.1791666666666665,24,24,24
20240819,강서구,2024081820,35.0,26.0,75.0,20.0,1.3833333333333335,24,24,24
20240819,관악구,2024081820,35.0,26.0,70.625,20.0,1.2833333333333334,24,24,24
20240819,광진구,2024081820,35.0,26.0,65.41666666666667,20.0,1.3791666666666669,24,24,24
20240819,구로구,2024081820,36.0,27.0,67.91666666666667,20.0,1.3375,24,24,24
20240819,금천구,2024081820,35.0,25.0,73.75,20.0,1.2791666666666666,24,24,24
20240819,노원구,2024081820,34.0,25.0,73.54166666666667,20.0,1.1666666666666667,24,24,24
20240819,도봉구,2024081820,34.0,25.0,73.54166666666667,20.0,1.1666666666666667,24,24,24
20240819,동대문구,2024081820,35.0,26.0,67.08333333333333,20.0,1.2666666666666666,24,24,24
20240819,동작구,2024081820,35.0,26.0,70.625,20.0,1.2833333333333334,24,24,24
20240819,마포구,2024081820,35.0,26.0,69.375,20.0,1.2125,24,24,24
20240819,서대문구,2024081820,35.0,26.0,69.375,20.0,1.2125,24,24,24
20240819,서초구,2024081820,36.0,26.0,69.58333333333333,20.0,1.3416666666666668,24,24,24
20240819,성동구,2024081820,35.0,26.0,66.45833333333333,20.0,1.2958333333333334,24,24,24
20240819,성북구,2024081820,33.0,23.0,70.20833333333333,20.0,1.1791666666666665,24,24,24
20240819,송파구,2024081820,36.0,26.0,66.45833333333333,20.0,1.4041666666666668,24,24,24
20240819,양천구,2024081820,35.0,26.0,69.16666666666667,20.0,1.3166666666666669,24,24,24
20240819,영등포구,2024081820,35.0,26.0,69.375,20.0,1.2666666666666666,24,24,24
20240819,용산구,2024081820,35.0,26.0,69.16666666666667,20.0,1.2791666666666668,24,24,24
20240819,은평구,2024081820,35.0,25.0,72.29166666666667,20.0,1.1708333333333334,24,24,24
20240819,종로구,2024081820,35.0,27.0,67.91666666666667,20.0,1.2291666666666667,24,24,24
20240819,중구,2024081820,35.0,27.0,67.91666666666667,20.0,1.2291666666666667,24,24,24
20240819,중랑구,2024081820,35.0,26.0,66.66666666666667,20.0,1.3583333333333332,24,24,24
20240820,강남구,2024081920,37.0,27.0,72.08333333333333,60.0,1.9625,24,24,24
20240820,강동구,2024081920,36.0,26.0,71.66666666666667,60.0,1.6541666666666668,24,24,24
20240820,강북구,2024081920,34.0,24.0,71.66666666666667,60.0,2.066666666666667,24,24,24
20240820,강서구,2024081920,36.0,27.0,73.54166666666667,60.0,2.0749999999999997,24,24,24
20240820,관악구,2024081920,36.0,27.0,71.04166666666667,60.0,2.2333333333333334,24,24,24
20240820,광진구,2024081920,36.0,27.0,69.16666666666667,60.0,1.7791666666666668,24,24,24
20240820,구로구,2024081920,37.0,28.0,67.08333333333333,60.0,2.3000000000000003,24,24,24
20240820,금천구,2024081920,36.0,27.0,74.16666666666667,60.0,2.2708333333333335,24,24,24
20240820,노원구,2024081920,35.0,26.0,75.20833333333333,60.0,1.9041666666666668,24,24,24
20240820,도봉구,2024081920,35.0,26.0,75.20833333333333,60.0,1.9041666666666668,24,24,24
20240820,동대문구,2024081920,36.0,27.0,69.375,60.0,1.9416666666666669,24,24,24
20240820,동작구,2024081920,36.0,27.0,71.04166666666667,60.0,2.2333333333333334,24,24,24
20240820,마포구,2024081920,36.0,27.0,70.20833333333333,60.0,2.1333333333333333,24,24,24
20240820,서대문구,2024081920,36.0,27.0,70.20833333333333,60.0,2.1333333333333333,24,24,24
20240820,서초구,2024081920,37.0,27.0,72.08333333333333,60.0,1.9625,24,24,24
20240820,성동구,2024081920,37.0,27.0,69.16666666666667,60.0,1.9125000000000003,24,24,24
20240820,성북구,2024081920,34.0,24.0,71.66666666666667,60.0,2.066666666666667,24,24,24
20240820,송파구,2024081920,37.0,27.0,69.58333333333333,60.0,1.825,24,24,24
20240820,양천구,2024081920,36.0,28.0,68.95833333333333,60.0,2.225,24,24,24
20240820,영등포구,2024081920,36.0,28.0,69.79166666666667,60.0,2.1666666666666665,24,24,24
20240820,용산구,2024081920,36.0,27.0,70.625,60.0,2.066666666666667,24,24,24
20240820,은평구,2024081920,36.0,26.0,72.5,60.0,2.091666666666667,24,24,24
20240820,종로구,2024081920,36.0,27.0,69.58333333333333,60.0,2.0625,24,24,24
20240820,중구,2024081920,36.0,27.0,69.58333333333333,60.0,2.0625,24,24,24
20240820,중랑구,2024081920,36.0,27.0,69.79166666666667,60.0,1.7791666666666668,24,24,24
20240821,강남구,2024082020,31.0,27.0,86.25,95.0,2.858333333333333,24,24,24
20240821,강동구,2024082020,31.0,26.0,84.375,100.0,2.533333333333333,24,24,24
20240821,강북구,2024082020,31.0,24.0,86.875,77.0,2.6625,24,24,24
20240821,강서구,2024082020,31.0,27.0,86.04166666666667,100.0,3.1666666666666665,24,24,24
20240821,관악구,2024082020,31.0,27.0,85.41666666666667,100.0,3.141666666666667,24,24,24
20240821,광진구,2024082020,31.0,27.0,82.91666666666667,100.0,2.6374999999999997,24,24,24
20240821,구로구,2024082020,31.0,28.0,80.0,100.0,3.2875,24,24,24
20240821,금천구,2024082020,30.0,26.0,88.33333333333333,100.0,3.1999999999999997,24,24,24
20240821,노원구,2024082020,30.0,26.0,88.54166666666667,100.0,2.454166666666667,24,24,24
20240821,도봉구,2024082020,30.0,26.0,88.54166666666667,100.0,2.454166666666667,24,24,24
20240821,동대문구,2024082020,31.0,27.0,84.375,100.0,2.645833333333333,24,24,24
20240821,동작구,2024082020,31.0,27.0,85.41666666666667,100.0,3.141666666666667,24,24,24
20240821,마포구,2024082020,31.0,27.0,85.20833333333333,100.0,2.9291666666666667,24,24,24
20240821,서대문구,2024082020,31.0,27.0,85.20833333333333,100.0,2.9291666666666667,24,24,24
20240821,서초구,2024082020,31.0,27.0,86.25,95.0,2.858333333333333,24,24,24
20240821,성동구,2024082020,31.0,27.0,86.04166666666667,100.0,2.733333333333333,24,24,24
20240821,성북구,2024082020,31.0,24.0,86.875,77.0,2.6625,24,24,24
20240821,송파구,2024082020,31.0,27.0,83.54166666666667,100.0,2.7125,24,24,24
20240821,양천구,2024082020,31.0,27.0,83.75,100.0,3.158333333333333,24,24,24
20240821,영등포구,2024082020,31.0,27.0,85.0,100.0,3.045833333333333,24,24,24
20240821,용산구,2024082020,31.0,27.0,85.625,100.0,2.891666666666667,24,24,24
20240821,은평구,2024082020,31.0,27.0,87.29166666666667,69.0,2.8166666666666664,24,24,24
20240821,종로구,2024082020,31.0,27.0,85.625,100.0,2.795833333333333,24,24,24
20240821,중구,2024082020,31.0,27.0,85.625,100.0,2.795833333333333,24,24,24
20240821,중랑구,2024082020,30.0,27.0,83.54166666666667,100.0,2.558333333333333,24,24,24
20240822,강남구,2024082120,31.0,27.0,86.875,80.0,3.9916666666666663,24,24,24
20240822,강동구,2024082120,31.0,26.0,85.41666666666667,84.0,3.345833333333333,24,24,24
20240822,강북구,2024082120,27.0,24.0,88.54166666666667,71.0,3.679166666666667,24,24,24
20240822,강서구,2024082120,30.0,27.0,88.33333333333333,72.0,3.820833333333333,24,24,24
20240822,관악구,2024082120,30.0,27.0,87.08333333333333,79.0,4.416666666666667,24,24,24
20240822,광진구,2024082120,31.0,27.0,83.75,84.0,3.5375,24,24,24
20240822,구로구,2024082120,30.0,27.0,82.08333333333333,75.0,4.4750000000000005,24,24,24
20240822,금천구,2024082120,30.0,26.0,88.33333333333333,72.0,4.429166666666666,24,24,24
20240822,노원구,2024082120,30.0,26.0,89.375,67.0,3.5416666666666665,24,24,24
20240822,도봉구,2024082120,30.0,26.0,89.375,67.0,3.5416666666666665,24,24,24
20240822,동대문구,2024082120,30.0,27.0,85.20833333333333,80.0,3.5916666666666663,24,24,24
20240822,동작구,2024082120,30.0,27.0,87.08333333333333,79.0,4.416666666666667,24,24,24
20240822,마포구,2024082120,30.0,27.0,87.5,81.0,3.829166666666667,24,24,24
20240822,서대문구,2024082120,30.0,27.0,87.5,81.0,3.829166666666667,24,24,24
20240822,서초구,2024082120,31.0,27.0,86.875,80.0,3.9916666666666663,24,24,24
20240822,성동구,2024082120,31.0,27.0,85.625,85.0,3.8125,24,24,24
20240822,성북구,2024082120,27.0,24.0,88.54166666666667,71.0,3.679166666666667,24,24,24
20240822,송파구,2024082120,31.0,27.0,83.54166666666667,77.0,3.704166666666667,24,24,24
20240822,양천구,2024082120,30.0,27.0,85.0,84.0,4.2124999999999995,24,24,24
20240822,영등포구,2024082120,30.0,27.0,86.875,87.0,4.170833333333333,24,24,24
20240822,용산구,2024082120,30.0,27.0,87.5,86.0,4.045833333333333,24,24,24
20240822,은평구,2024082120,30.0,26.0,89.58333333333333,71.0,3.679166666666667,24,24,24
20240822,종로구,2024082120,30.0,27.0,87.08333333333333,81.0,3.8041666666666663,24,24,24
20240822,중구,2024082120,30.0,27.0,87.08333333333333,81.0,3.8041666666666663,24,24,24
20240822,중랑구,2024082120,30.0,27.0,84.375,78.0,3.3708333333333336,24,24,24
20240823,강남구,2024082220,33.0,26.0,77.08333333333333,60.0,2.1666666666666665,24,24,24
20240823,강동구,2024082220,33.0,25.0,75.0,60.0,2.220833333333333,24,24,24
20240823,강북구,2024082220,30.0,23.0,78.125,60.0,2.0500000000000003,24,24,24
20240823,강서구,2024082220,33.0,26.0,79.375,60.0,2.283333333333333,24,24,24
20240823,관악구,2024082220,33.0,26.0,77.08333333333333,60.0,2.1999999999999997,24,24,24
20240823,광진구,2024082220,33.0,26.0,73.125,60.0,2.1999999999999997,24,24,24
20240823,구로구,2024082220,33.0,27.0,72.91666666666667,60.0,2.2416666666666667,24,24,24
20240823,금천구,2024082220,32.0,26.0,79.58333333333333,60.0,2.170833333333333,24,24,24
20240823,노원구,2024082220,32.0,25.0,79.16666666666667,60.0,2.0541666666666667,24,24,24
20240823,도봉구,2024082220,32.0,25.0,79.16666666666667,60.0,2.0541666666666667,24,24,24
20240823,동대문구,2024082220,33.0,26.0,74.79166666666667,60.0,2.1125000000000003,24,24,24
20240823,동작구,2024082220,33.0,26.0,77.08333333333333,60.0,2.1999999999999997,24,24,24
20240823,마포구,2024082220,32.0,26.0,76.66666666666667,30.0,2.141666666666667,24,24,24
20240823,서대문구,2024082220,32.0,26.0,76.66666666666667,30.0,2.141666666666667,24,24,24
20240823,서초구,2024082220,33.0,26.0,77.08333333333333,60.0,2.1666666666666665,24,24,24
20240823,성동구,2024082220,34.0,26.0,74.16666666666667,60.0,2.154166666666667,24,24,24
20240823,성북구,2024082220,30.0,23.0,78.125,60.0,2.0500000000000003,24,24,24
20240823,송파구,2024082220,33.0,26.0,73.54166666666667,60.0,2.191666666666667,24,24,24
20240823,양천구,2024082220,32.0,26.0,74.58333333333333,60.0,2.2166666666666663,24,24,24
20240823,영등포구,2024082220,33.0,26.0,76.45833333333333,30.0,2.1875,24,24,24
20240823,용산구,2024082220,33.0,26.0,77.29166666666667,60.0,2.1333333333333333,24,24,24
20240823,은평구,2024082220,32.0,25.0,78.95833333333333,60.0,2.108333333333333,24,24,24
20240823,종로구,2024082220,32.0,26.0,76.25,30.0,2.091666666666667,24,24,24
20240823,중구,2024082220,32.0,26.0,76.25,30.0,2.091666666666667,24,24,24
20240823,중랑구,2024082220,33.0,26.0,73.95833333333333,60.0,2.1583333333333337,24,24,24
20240824,강남구,2024082320,34.0,25.0,75.20833333333333,60.0,1.3375,24,24,24
20240824,강동구,2024082320,33.0,25.0,73.54166666666667,60.0,1.175,24,24,24
20240824,강북구,2024082320,31.0,22.0,75.0,60.0,1.275,24,24,24
20240824,강서구,2024082320,33.0,25.0,77.29166666666667,60.0,1.375,24,24,24
20240824,관악구,2024082320,33.0,25.0,75.41666666666667,60.0,1.3916666666666668,24,24,24
20240824,광진구,2024082320,34.0,25.0,72.08333333333333,60.0,1.2416666666666667,24,24,24
20240824,구로구,2024082320,33.0,26.0,71.25,60.0,1.3916666666666666,24,24,24
20240824,금천구,2024082320,32.0,24.0,78.95833333333333,60.0,1.4041666666666668,24,24,24
20240824,노원구,2024082320,32.0,24.0,78.33333333333333,60.0,1.1708333333333334,24,24,24
20240824,도봉구,2024082320,32.0,24.0,78.33333333333333,60.0,1.1708333333333334,24,24,24
20240824,동대문구,2024082320,33.0,25.0,72.91666666666667,60.0,1.2625,24,24,24
20240824,동작구,2024082320,33.0,25.0,75.41666666666667,60.0,1.3916666666666668,24,24,24
20240824,마포구,2024082320,33.0,25.0,75.0,20.0,1.3375,24,24,24
20240824,서대문구,2024082320,33.0,25.0,75.0,20.0,1.3375,24,24,24
20240824,서초구,2024082320,34.0,25.0,75.20833333333333,60.0,1.3375,24,24,24
20240824,성동구,2024082320,34.0,25.0,72.91666666666667,30.0,1.3041666666666665,24,24,24
20240824,성북구,2024082320,31.0,22.0,75.0,60.0,1.275,24,24,24
20240824,송파구,2024082320,34.0,25.0,72.91666666666667,60.0,1.2875,24,24,24
20240824,양천구,2024082320,33.0,25.0,74.16666666666667,20.0,1.3708333333333336,24,24,24
20240824,영등포구,2024082320,33.0,25.0,74.79166666666667,20.0,1.3666666666666665,24,24,24
20240824,용산구,2024082320,33.0,25.0,74.79166666666667,20.0,1.35,24,24,24
20240824,은평구,2024082320,33.0,24.0,76.45833333333333,60.0,1.3,24,24,24
20240824,종로구,2024082320,33.0,25.0,73.33333333333333,60.0,1.3291666666666666,24,24,24
20240824,중구,2024082320,33.0,25.0,73.33333333333333,60.0,1.3291666666666666,24,24,24
20240824,중랑구,2024082320,33.0,25.0,72.5,60.0,1.1916666666666669,24,24,24
20240825,강남구,2024082420,34.0,25.0,75.0,20.0,0.9208333333333334,24,24,24
20240825,강동구,2024082420,33.0,25.0,73.75,30.0,0.7291666666666666,24,24,24
20240825,강북구,2024082420,31.0,23.0,76.45833333333333,60.0,0.9041666666666668,24,24,24
20240825,강서구,2024082420,33.0,25.0,78.54166666666667,20.0,1.1833333333333331,24,24,24
20240825,관악구,2024082420,33.0,26.0,75.625,60.0,1.075,24,24,24
20240825,광진구,2024082420,33.0,26.0,70.83333333333333,60.0,0.7875,24,24,24
20240825,구로구,2024082420,33.0,26.0,71.25,20.0,1.1708333333333334,24,24,24
20240825,금천구,2024082420,32.0,25.0,78.75,20.0,1.1166666666666667,24,24,24
20240825,노원구,2024082420,33.0,24.0,78.33333333333333,60.0,0.7791666666666668,24,24,24
20240825,도봉구,2024082420,33.0,24.0,78.33333333333333,60.0,0.7791666666666668,24,24,24
20240825,동대문구,2024082420,33.0,26.0,72.91666666666667,60.0,0.8250000000000001,24,24,24
20240825,동작구,2024082420,33.0,26.0,75.625,60.0,1.075,24,24,24
20240825,마포구,2024082420,33.0,26.0,75.625,60.0,1.0,24,24,24
20240825,서대문구,2024082420,33.0,26.0,75.625,60.0,1.0,24,24,24
20240825,서초구,2024082420,34.0,25.0,75.0,20.0,0.9208333333333334,24,24,24
20240825,성동구,2024082420,34.0,26.0,71.25,60.0,0.8708333333333332,24,24,24
20240825,성북구,2024082420,31.0,23.0,76.45833333333333,60.0,0.9041666666666668,24,24,24
20240825,송파구,2024082420,34.0,26.0,71.45833333333333,30.0,0.8375,24,24,24
20240825,양천구,2024082420,33.0,26.0,73.95833333333333,60.0,1.1208333333333331,24,24,24
20240825,영등포구,2024082420,33.0,26.0,75.0,60.0,1.0458333333333332,24,24,24
20240825,용산구,2024082420,33.0,26.0,75.20833333333333,60.0,0.975,24,24,24
20240825,은평구,2024082420,33.0,25.0,77.5,60.0,0.9708333333333332,24,24,24
20240825,종로구,2024082420,32.0,26.0,72.29166666666667,60.0,0.9416666666666668,24,24,24
20240825,중구,2024082420,32.0,26.0,72.29166666666667,60.0,0.9416666666666668,24,24,24
20240825,중랑구,2024082420,33.0,25.0,72.29166666666667,60.0,0.7374999999999999,24,24,24
20240826,강남구,2024082520,33.0,25.0,77.29166666666667,30.0,1.0166666666666666,24,24,24
20240826,강동구,2024082520,33.0,25.0,76.66666666666667,30.0,1.0791666666666668,24,24,24
20240826,강북구,2024082520,29.0,23.0,77.70833333333333,30.0,1.0625,24,24,24
20240826,강서구,2024082520,32.0,25.0,79.79166666666667,30.0,1.0833333333333333,24,24,24
20240826,관악구,2024082520,32.0,25.0,77.08333333333333,30.0,1.0541666666666665,24,24,24
20240826,광진구,2024082520,33.0,25.0,73.33333333333333,30.0,1.0333333333333334,24,24,24
20240826,구로구,2024082520,32.0,26.0,73.54166666666667,30.0,1.075,24,24,24
20240826,금천구,2024082520,32.0,25.0,80.0,30.0,1.0333333333333334,24,24,24
20240826,노원구,2024082520,31.0,24.0,80.83333333333333,30.0,1.05,24,24,24
20240826,도봉구,2024082520,31.0,24.0,80.83333333333333,30.0,1.05,24,24,24
20240826,동대문구,2024082520,32.0,25.0,75.0,30.0,1.0416666666666667,24,24,24
20240826,동작구,2024082520,32.0,25.0,77.08333333333333,30.0,1.0541666666666665,24,24,24
20240826,마포구,2024082520,32.0,25.0,77.08333333333333,30.0,1.0375,24,24,24
20240826,서대문구,2024082520,32.0,25.0,77.08333333333333,30.0,1.0375,24,24,24
20240826,서초구,2024082520,33.0,25.0,77.29166666666667,30.0,1.0166666666666666,24,24,24
20240826,성동구,2024082520,33.0,25.0,73.33333333333333,30.0,1.0291666666666666,24,24,24
20240826,성북구,2024082520,29.0,23.0,77.70833333333333,30.0,1.0625,24,24,24
20240826,송파구,2024082520,33.0,26.0,73.54166666666667,30.0,1.0416666666666667,24,24,24
20240826,양천구,2024082520,32.0,26.0,74.375,30.0,1.0666666666666669,24,24,24
20240826,영등포구,2024082520,32.0,25.0,76.25,30.0,1.0583333333333331,24,24,24
20240826,용산구,2024082520,32.0,25.0,76.66666666666667,30.0,1.0375,24,24,24
20240826,은평구,2024082520,32.0,25.0,79.375,30.0,1.0458333333333334,24,24,24
20240826,종로구,2024082520,31.0,25.0,75.0,30.0,1.0375,24,24,24
20240826,중구,2024082520,31.0,25.0,75.0,30.0,1.0375,24,24,24
20240826,중랑구,2024082520,32.0,25.0,74.58333333333333,30.0,1.0375,24,24,24
20240827,강남구,2024082620,30.0,25.0,70.625,60.0,1.8583333333333336,24,24,24
20240827,강동구,2024082620,31.0,25.0,70.20833333333333,60.0,1.95,24,24,24
20240827,강북구,2024082620,27.0,22.0,70.83333333333333,60.0,1.875,24,24,24
20240827,강서구,2024082620,30.0,25.0,73.54166666666667,60.0,2.0208333333333335,24,24,24
20240827,관악구,2024082620,30.0,25.0,69.375,30.0,1.8458333333333337,24,24,24
20240827,광진구,2024082620,30.0,25.0,67.70833333333333,60.0,1.8958333333333333,24,24,24
20240827,구로구,2024082620,30.0,26.0,65.20833333333333,30.0,1.875,24,24,24
20240827,금천구,2024082620,30.0,25.0,72.91666666666667,60.0,1.8208333333333335,24,24,24
20240827,노원구,2024082620,29.0,24.0,73.95833333333333,60.0,1.9291666666666665,24,24,24
20240827,도봉구,2024082620,29.0,24.0,73.95833333333333,60.0,1.9291666666666665,24,24,24
20240827,동대문구,2024082620,30.0,25.0,68.95833333333333,60.0,1.8708333333333331,24,24,24
20240827,동작구,2024082620,30.0,25.0,69.375,30.0,1.8458333333333337,24,24,24
20240827,마포구,2024082620,30.0,25.0,68.75,60.0,1.8875,24,24,24
20240827,서대문구,2024082620,30.0,25.0,68.75,60.0,1.8875,24,24,24
20240827,서초구,2024082620,30.0,25.0,70.625,60.0,1.8583333333333336,24,24,24
20240827,성동구,2024082620,31.0,25.0,68.95833333333333,60.0,1.8791666666666669,24,24,24
20240827,성북구,2024082620,27.0,22.0,70.83333333333333,60.0,1.875,24,24,24
20240827,송파구,2024082620,31.0,25.0,68.125,60.0,1.8916666666666668,24,24,24
20240827,양천구,2024082620,30.0,26.0,67.29166666666667,30.0,1.925,24,24,24
20240827,영등포구,2024082620,30.0,26.0,68.54166666666667,30.0,1.8708333333333331,24,24,24
20240827,용산구,2024082620,30.0,25.0,70.0,30.0,1.8625,24,24,24
20240827,은평구,2024082620,30.0,24.0,71.25,60.0,1.9166666666666667,24,24,24
20240827,종로구,2024082620,32.0,25.0,70.83333333333333,60.0,1.8458333333333332,24,24,24
20240827,중구,2024082620,32.0,25.0,70.83333333333333,60.0,1.8458333333333332,24,24,24
20240827,중랑구,2024082620,30.0,25.0,68.75,60.0,1.9166666666666667,24,24,24
20240828,강남구,2024082720,34.0,23.0,65.83333333333333,30.0,3.016666666666667,24,24,24
20240828,강동구,2024082720,33.0,22.0,65.625,30.0,2.8083333333333336,24,24,24
20240828,강북구,2024082720,31.0,20.0,64.375,20.0,3.0625,24,24,24
20240828,강서구,2024082720,33.0,23.0,66.66666666666667,30.0,3.391666666666667,24,24,24
20240828,관악구,2024082720,33.0,23.0,65.20833333333333,30.0,3.2125,24,24,24
20240828,광진구,2024082720,33.0,23.0,62.5,30.0,2.920833333333333,24,24,24
20240828,구로구,2024082720,33.0,24.0,61.666666666666664,30.0,3.329166666666666,24,24,24
20240828,금천구,2024082720,33.0,22.0,68.54166666666667,30.0,3.2000000000000006,24,24,24
20240828,노원구,2024082720,32.0,22.0,67.5,20.0,2.8958333333333335,24,24,24
20240828,도봉구,2024082720,32.0,22.0,67.5,20.0,2.8958333333333335,24,24,24
20240828,동대문구,2024082720,33.0,23.0,62.708333333333336,30.0,3.0583333333333336,24,24,24
20240828,동작구,2024082720,33.0,23.0,65.20833333333333,30.0,3.2125,24,24,24
20240828,마포구,2024082720,33.0,23.0,62.916666666666664,20.0,3.1166666666666667,24,24,24
20240828,서대문구,2024082720,33.0,23.0,62.916666666666664,20.0,3.1166666666666667,24,24,24
20240828,서초구,2024082720,34.0,23.0,65.83333333333333,30.0,3.016666666666667,24,24,24
20240828,성동구,2024082720,33.0,24.0,62.5,30.0,3.0583333333333336,24,24,24
20240828,성북구,2024082720,31.0,20.0,64.375,20.0,3.0625,24,24,24
20240828,송파구,2024082720,34.0,23.0,63.541666666666664,30.0,2.8166666666666664,24,24,24
20240828,양천구,2024082720,33.0,24.0,62.083333333333336,30.0,3.329166666666667,24,24,24
20240828,영등포구,2024082720,33.0,24.0,63.333333333333336,30.0,3.170833333333334,24,24,24
20240828,용산구,2024082720,33.0,23.0,64.375,30.0,3.1125000000000003,24,24,24
20240828,은평구,2024082720,33.0,22.0,65.0,20.0,3.0833333333333335,24,24,24
20240828,종로구,2024082720,32.0,23.0,62.291666666666664,30.0,3.091666666666667,24,24,24
20240828,중구,2024082720,32.0,23.0,62.291666666666664,30.0,3.091666666666667,24,24,24
20240828,중랑구,2024082720,33.0,23.0,62.916666666666664,30.0,3.0208333333333335,24,24,24
20240829,강남구,2024082820,34.0,23.0,66.04166666666667,20.0,2.4833333333333334,24,24,24
20240829,강동구,2024082820,34.0,23.0,65.83333333333333,20.0,2.75,24,24,24
20240829,강북구,2024082820,31.0,20.0,66.875,20.0,2.4416666666666664,24,24,24
20240829,강서구,2024082820,34.0,23.0,68.33333333333333,20.0,2.466666666666667,24,24,24
20240829,관악구,2024082820,34.0,24.0,64.79166666666667,20.0,2.370833333333333,24,24,24
20240829,광진구,2024082820,34.0,24.0,63.541666666666664,20.0,2.6291666666666664,24,24,24
20240829,구로구,2024082820,34.0,25.0,61.041666666666664,20.0,2.3833333333333333,24,24,24
20240829,금천구,2024082820,34.0,23.0,67.91666666666667,20.0,2.4166666666666665,24,24,24
20240829,노원구,2024082820,33.0,22.0,70.20833333333333,20.0,2.6333333333333333,24,24,24
20240829,도봉구,2024082820,33.0,22.0,70.20833333333333,20.0,2.6333333333333333,24,24,24
20240829,동대문구,2024082820,34.0,23.0,64.375,20.0,2.5375,24,24,24
20240829,동작구,2024082820,34.0,24.0,64.79166666666667,20.0,2.370833333333333,24,24,24
20240829,마포구,2024082820,34.0,23.0,65.20833333333333,20.0,2.3916666666666666,24,24,24
20240829,서대문구,2024082820,34.0,23.0,65.20833333333333,20.0,2.3916666666666666,24,24,24
20240829,서초구,2024082820,34.0,23.0,66.04166666666667,20.0,2.4833333333333334,24,24,24
20240829,성동구,2024082820,35.0,24.0,64.375,20.0,2.5208333333333335,24,24,24
20240829,성북구,2024082820,31.0,20.0,66.875,20.0,2.4416666666666664,24,24,24
20240829,송파구,2024082820,34.0,24.0,63.75,20.0,2.6,24,24,24
20240829,양천구,2024082820,34.0,24.0,62.708333333333336,20.0,2.370833333333333,24,24,24
20240829,영등포구,2024082820,34.0,24.0,64.375,20.0,2.3791666666666664,24,24,24
20240829,용산구,2024082820,34.0,24.0,65.41666666666667,20.0,2.391666666666667,24,24,24
20240829,은평구,2024082820,34.0,22.0,67.5,20.0,2.4291666666666667,24,24,24
20240829,종로구,2024082820,33.0,23.0,64.58333333333333,20.0,2.425,24,24,24
20240829,중구,2024082820,33.0,23.0,64.58333333333333,20.0,2.425,24,24,24
20240829,중랑구,2024082820,34.0,23.0,64.375,20.0,2.6791666666666667,24,24,24
20240830,강남구,2024082920,35.0,24.0,65.83333333333333,20.0,2.1833333333333336,24,24,24
20240830,강동구,2024082920,34.0,23.0,66.66666666666667,20.0,1.9958333333333331,24,24,24
20240830,강북구,2024082920,32.0,21.0,66.04166666666667,20.0,2.1458333333333335,24,24,24
20240830,강서구,2024082920,34.0,23.0,68.95833333333333,20.0,2.5041666666666664,24,24,24
20240830,관악구,2024082920,34.0,24.0,66.04166666666667,20.0,2.470833333333333,24,24,24
20240830,광진구,2024082920,34.0,24.0,64.375,20.0,1.925,24,24,24
20240830,구로구,2024082920,34.0,25.0,63.333333333333336,20.0,2.6,24,24,24
20240830,금천구,2024082920,33.0,23.0,68.95833333333333,20.0,2.679166666666667,24,24,24
20240830,노원구,2024082920,34.0,22.0,69.16666666666667,20.0,2.1125000000000003,24,24,24
20240830,도봉구,2024082920,34.0,22.0,69.16666666666667,20.0,2.1125000000000003,24,24,24
20240830,동대문구,2024082920,34.0,24.0,64.79166666666667,20.0,1.95,24,24,24
20240830,동작구,2024082920,34.0,24.0,66.04166666666667,20.0,2.470833333333333,24,24,24
20240830,마포구,2024082920,34.0,24.0,65.41666666666667,20.0,2.2625,24,24,24
20240830,서대문구,2024082920,34.0,24.0,65.41666666666667,20.0,2.2625,24,24,24
20240830,서초구,2024082920,35.0,24.0,65.83333333333333,20.0,2.1833333333333336,24,24,24
20240830,성동구,2024082920,35.0,24.0,62.708333333333336,20.0,2.0458333333333334,24,24,24
20240830,성북구,2024082920,32.0,21.0,66.04166666666667,20.0,2.1458333333333335,24,24,24
20240830,송파구,2024082920,35.0,24.0,63.75,20.0,2.0708333333333333,24,24,24
20240830,양천구,2024082920,34.0,25.0,64.58333333333333,20.0,2.4958333333333336,24,24,24
20240830,영등포구,2024082920,34.0,25.0,65.0,20.0,2.3583333333333334,24,24,24
20240830,용산구,2024082920,34.0,24.0,65.83333333333333,20.0,2.1791666666666667,24,24,24
20240830,은평구,2024082920,34.0,23.0,66.875,20.0,2.2708333333333335,24,24,24
20240830,종로구,2024082920,34.0,24.0,65.20833333333333,20.0,2.1,24,24,24
20240830,중구,2024082920,34.0,24.0,65.20833333333333,20.0,2.1,24,24,24
20240830,중랑구,2024082920,34.0,24.0,65.0,20.0,1.8458333333333332,24,24,24
20240831,강남구,2024083020,34.0,23.0,68.95833333333333,0.0,1.5583333333333331,24,24,24
20240831,강동구,2024083020,34.0,22.0,69.16666666666667,0.0,1.4125000000000003,24,24,24
20240831,강북구,2024083020,31.0,20.0,68.75,0.0,1.5,24,24,24
20240831,강서구,2024083020,34.0,22.0,73.125,0.0,1.6791666666666665,24,24,24
20240831,관악구,2024083020,34.0,23.0,69.79166666666667,0.0,1.6625,24,24,24
20240831,광진구,2024083020,34.0,23.0,65.20833333333333,0.0,1.4750000000000003,24,24,24
20240831,구로구,2024083020,33.0,23.0,68.54166666666667,0.0,1.7083333333333333,24,24,24
20240831,금천구,2024083020,33.0,22.0,73.54166666666667,0.0,1.7,24,24,24
20240831,노원구,2024083020,33.0,21.0,72.29166666666667,0.0,1.3875000000000002,24,24,24
20240831,도봉구,2024083020,33.0,21.0,72.29166666666667,0.0,1.3875000000000002,24,24,24
20240831,동대문구,2024083020,34.0,23.0,66.875,0.0,1.4750000000000003,24,24,24
20240831,동작구,2024083020,34.0,23.0,69.79166666666667,0.0,1.6625,24,24,24
20240831,마포구,2024083020,34.0,23.0,67.91666666666667,0.0,1.5666666666666664,24,24,24
20240831,서대문구,2024083020,34.0,23.0,67.91666666666667,0.0,1.5666666666666664,24,24,24
20240831,서초구,2024083020,34.0,23.0,68.95833333333333,0.0,1.5583333333333331,24,24,24
20240831,성동구,2024083020,34.0,23.0,65.20833333333333,0.0,1.5083333333333335,24,24,24
20240831,성북구,2024083020,31.0,20.0,68.75,0.0,1.5,24,24,24
20240831,송파구,2024083020,34.0,23.0,66.45833333333333,0.0,1.5333333333333332,24,24,24
20240831,양천구,2024083020,33.0,23.0,67.5,0.0,1.6375,24,24,24
20240831,영등포구,2024083020,34.0,23.0,68.54166666666667,0.0,1.6166666666666665,24,24,24
20240831,용산구,2024083020,34.0,23.0,68.33333333333333,0.0,1.5666666666666669,24,24,24
20240831,은평구,2024083020,34.0,21.0,70.83333333333333,0.0,1.5333333333333332,24,24,24
20240831,종로구,2024083020,33.0,23.0,66.25,0.0,1.5208333333333333,24,24,24
20240831,중구,2024083020,33.0,23.0,66.25,0.0,1.5208333333333333,24,24,24
20240831,중랑구,2024083020,34.0,22.0,67.5,0.0,1.4041666666666668,24,24,24
20240901,강남구,2024083120,32.0,24.0,67.08333333333333,20.0,1.875,24,24,24
20240901,강동구,2024083120,32.0,23.0,67.5,20.0,1.8583333333333332,24,24,24
20240901,강북구,2024083120,29.0,21.0,66.66666666666667,30.0,1.9041666666666663,24,24,24
20240901,강서구,2024083120,31.0,24.0,72.08333333333333,30.0,2.033333333333333,24,24,24
20240901,관악구,2024083120,31.0,24.0,68.95833333333333,20.0,1.9125000000000003,24,24,24
20240901,광진구,2024083120,32.0,24.0,64.16666666666667,20.0,1.85,24,24,24
20240901,구로구,2024083120,31.0,25.0,66.66666666666667,20.0,1.9625,24,24,24
20240901,금천구,2024083120,31.0,23.0,72.29166666666667,30.0,1.8916666666666664,24,24,24
20240901,노원구,2024083120,31.0,22.0,70.41666666666667,30.0,1.8625,24,24,24
20240901,도봉구,2024083120,31.0,22.0,70.41666666666667,30.0,1.8625,24,24,24
20240901,동대문구,2024083120,31.0,24.0,64.58333333333333,30.0,1.8625,24,24,24
20240901,동작구,2024083120,31.0,24.0,68.95833333333333,20.0,1.9125000000000003,24,24,24
20240901,마포구,2024083120,31.0,24.0,67.08333333333333,30.0,1.9458333333333335,24,24,24
20240901,서대문구,2024083120,31.0,24.0,67.08333333333333,30.0,1.9458333333333335,24,24,24
20240901,서초구,2024083120,32.0,24.0,67.08333333333333,20.0,1.875,24,24,24
20240901,성동구,2024083120,32.0,24.0,63.75,20.0,1.8958333333333333,24,24,24
20240901,성북구,2024083120,29.0,21.0,66.66666666666667,30.0,1.9041666666666663,24,24,24
20240901,송파구,2024083120,32.0,24.0,65.20833333333333,20.0,1.8708333333333331,24,24,24
20240901,양천구,2024083120,31.0,24.0,66.66666666666667,20.0,1.9666666666666668,24,24,24
20240901,영등포구,2024083120,31.0,24.0,66.875,20.0,1.9333333333333336,24,24,24
20240901,용산구,2024083120,31.0,24.0,67.5,20.0,1.9166666666666667,24,24,24
20240901,은평구,2024083120,31.0,23.0,68.33333333333333,30.0,1.9291666666666665,24,24,24
20240901,종로구,2024083120,31.0,24.0,65.20833333333333,30.0,1.8916666666666664,24,24,24
20240901,중구,2024083120,31.0,24.0,65.20833333333333,30.0,1.8916666666666664,24,24,24
20240901,중랑구,2024083120,32.0,23.0,65.41666666666667,30.0,1.8583333333333336,24,24,24
20240902,강남구,2024090120,27.0,23.0,82.29166666666667,60.0,1.7166666666666668,24,24,24
20240902,강동구,2024090120,26.0,23.0,80.625,60.0,1.7416666666666665,24,24,24
20240902,강북구,2024090120,23.0,20.0,82.29166666666667,60.0,1.7208333333333332,24,24,24
20240902,강서구,2024090120,27.0,24.0,83.75,60.0,1.8625,24,24,24
20240902,관악구,2024090120,27.0,24.0,81.45833333333333,60.0,1.75,24,24,24
20240902,광진구,2024090120,26.0,23.0,78.75,60.0,1.7250000000000003,24,24,24
20240902,구로구,2024090120,27.0,24.0,79.375,60.0,1.7625,24,24,24
20240902,금천구,2024090120,26.0,23.0,85.41666666666667,60.0,1.7124999999999997,24,24,24
20240902,노원구,2024090120,26.0,22.0,84.58333333333333,60.0,1.825,24,24,24
20240902,도봉구,2024090120,26.0,22.0,84.58333333333333,60.0,1.825,24,24,24
20240902,동대문구,2024090120,26.0,23.0,80.0,60.0,1.7374999999999998,24,24,24
20240902,동작구,2024090120,27.0,24.0,81.45833333333333,60.0,1.75,24,24,24
20240902,마포구,2024090120,27.0,24.0,80.83333333333333,60.0,1.7375,24,24,24
20240902,서대문구,2024090120,27.0,24.0,80.83333333333333,60.0,1.7375,24,24,24
20240902,서초구,2024090120,27.0,23.0,82.29166666666667,60.0,1.7166666666666668,24,24,24
20240902,성동구,2024090120,28.0,23.0,80.41666666666667,60.0,1.7416666666666665,24,24,24
20240902,성북구,2024090120,23.0,20.0,82.29166666666667,60.0,1.7208333333333332,24,24,24
20240902,송파구,2024090120,27.0,24.0,79.58333333333333,60.0,1.6875,24,24,24
20240902,양천구,2024090120,26.0,24.0,80.20833333333333,60.0,1.7666666666666668,24,24,24
20240902,영등포구,2024090120,27.0,24.0,80.83333333333333,60.0,1.7541666666666669,24,24,24
20240902,용산구,2024090120,27.0,24.0,80.83333333333333,60.0,1.7333333333333332,24,24,24
20240902,은평구,2024090120,26.0,23.0,83.125,60.0,1.7583333333333335,24,24,24
20240902,종로구,2024090120,27.0,24.0,80.83333333333333,60.0,1.7166666666666668,24,24,24
20240902,중구,2024090120,27.0,24.0,80.83333333333333,60.0,1.7166666666666668,24,24,24
20240902,중랑구,2024090120,26.0,23.0,78.75,60.0,1.7666666666666668,24,24,24
20240903,강남구,2024090220,31.0,22.0,63.333333333333336,30.0,2.4166666666666665,24,24,24
20240903,강동구,2024090220,31.0,22.0,62.708333333333336,30.0,2.5833333333333335,24,24,24
20240903,강북구,2024090220,28.0,19.0,61.666666666666664,30.0,2.5166666666666666,24,24,24
20240903,강서구,2024090220,31.0,22.0,64.16666666666667,30.0,2.358333333333333,24,24,24
20240903,관악구,2024090220,31.0,23.0,62.291666666666664,30.0,2.35,24,24,24
20240903,광진구,2024090220,31.0,22.0,60.208333333333336,30.0,2.533333333333333,24,24,24
20240903,구로구,2024090220,31.0,24.0,58.541666666666664,30.0,2.3125,24,24,24
20240903,금천구,2024090220,30.0,22.0,65.83333333333333,30.0,2.3208333333333333,24,24,24
20240903,노원구,2024090220,30.0,21.0,64.375,30.0,2.6625,24,24,24
20240903,도봉구,2024090220,30.0,21.0,64.375,30.0,2.6625,24,24,24
20240903,동대문구,2024090220,31.0,22.0,60.208333333333336,30.0,2.5416666666666665,24,24,24
20240903,동작구,2024090220,31.0,23.0,62.291666666666664,30.0,2.35,24,24,24
20240903,마포구,2024090220,31.0,22.0,60.833333333333336,30.0,2.4250000000000003,24,24,24
20240903,서대문구,2024090220,31.0,22.0,60.833333333333336,30.0,2.4250000000000003,24,24,24
20240903,서초구,2024090220,31.0,22.0,63.333333333333336,30.0,2.4166666666666665,24,24,24
20240903,성동구,2024090220,32.0,22.0,61.041666666666664,30.0,2.4916666666666667,24,24,24
20240903,성북구,2024090220,28.0,19.0,61.666666666666664,30.0,2.5166666666666666,24,24,24
20240903,송파구,2024090220,31.0,22.0,61.041666666666664,30.0,2.470833333333333,24,24,24
20240903,양천구,2024090220,31.0,23.0,59.375,30.0,2.3333333333333335,24,24,24
20240903,영등포구,2024090220,31.0,23.0,60.625,30.0,2.375,24,24,24
20240903,용산구,2024090220,31.0,22.0,61.875,30.0,2.420833333333333,24,24,24
20240903,은평구,2024090220,31.0,21.0,62.5,30.0,2.4583333333333335,24,24,24
20240903,종로구,2024090220,31.0,22.0,59.583333333333336,30.0,2.483333333333333,24,24,24
20240903,중구,2024090220,31.0,22.0,59.583333333333336,30.0,2.483333333333333,24,24,24
20240903,중랑구,2024090220,30.0,22.0,60.625,30.0,2.6166666666666667,24,24,24
20240904,강남구,2024090320,33.0,22.0,63.125,0.0,1.7958333333333334,24,24,24
20240904,강동구,2024090320,32.0,21.0,62.916666666666664,0.0,1.8333333333333333,24,24,24
20240904,강북구,2024090320,30.0,18.0,61.666666666666664,20.0,1.6416666666666666,24,24,24
20240904,강서구,2024090320,33.0,22.0,63.958333333333336,20.0,1.7416666666666665,24,24,24
20240904,관악구,2024090320,32.0,23.0,61.666666666666664,20.0,1.7375,24,24,24
20240904,광진구,2024090320,32.0,22.0,59.375,0.0,1.7749999999999997,24,24,24
20240904,구로구,2024090320,33.0,24.0,57.291666666666664,20.0,1.7333333333333334,24,24,24
20240904,금천구,2024090320,32.0,22.0,64.79166666666667,20.0,1.7625000000000002,24,24,24
20240904,노원구,2024090320,31.0,19.0,66.25,20.0,1.6166666666666665,24,24,24
20240904,도봉구,2024090320,31.0,19.0,66.25,20.0,1.6166666666666665,24,24,24
20240904,동대문구,2024090320,32.0,22.0,60.208333333333336,20.0,1.7124999999999997,24,24,24
20240904,동작구,2024090320,32.0,23.0,61.666666666666664,20.0,1.7375,24,24,24
20240904,마포구,2024090320,32.0,22.0,59.375,20.0,1.6583333333333332,24,24,24
20240904,서대문구,2024090320,32.0,22.0,59.375,20.0,1.6583333333333332,24,24,24
20240904,서초구,2024090320,33.0,22.0,63.125,0.0,1.7958333333333334,24,24,24
20240904,성동구,2024090320,33.0,22.0,60.625,0.0,1.7541666666666669,24,24,24
20240904,성북구,2024090320,30.0,18.0,61.666666666666664,20.0,1.6416666666666666,24,24,24
20240904,송파구,2024090320,33.0,22.0,60.0,0.0,1.8458333333333332,24,24,24
20240904,양천구,2024090320,32.0,23.0,58.333333333333336,20.0,1.6916666666666669,24,24,24
20240904,영등포구,2024090320,32.0,23.0,59.166666666666664,20.0,1.7125,24,24,24
20240904,용산구,2024090320,32.0,22.0,60.625,20.0,1.7333333333333332,24,24,24
20240904,은평구,2024090320,32.0,21.0,62.5,20.0,1.6291666666666669,24,24,24
20240904,종로구,2024090320,32.0,22.0,58.75,20.0,1.6791666666666665,24,24,24
20240904,중구,2024090320,32.0,22.0,58.75,20.0,1.6791666666666665,24,24,24
20240904,중랑구,2024090320,32.0,21.0,60.625,0.0,1.7416666666666665,24,24,24
20240905,강남구,2024090420,30.0,24.0,78.75,60.0,1.6708333333333332,24,24,24
20240905,강동구,2024090420,30.0,23.0,77.5,60.0,1.6583333333333332,24,24,24
20240905,강북구,2024090420,26.0,22.0,80.83333333333333,60.0,1.570833333333333,24,24,24
20240905,강서구,2024090420,29.0,24.0,82.5,60.0,1.8458333333333332,24,24,24
20240905,관악구,2024090420,29.0,25.0,79.375,60.0,1.7166666666666668,24,24,24
20240905,광진구,2024090420,30.0,24.0,75.625,60.0,1.6583333333333332,24,24,24
20240905,구로구,2024090420,29.0,25.0,75.83333333333333,60.0,1.775,24,24,24
20240905,금천구,2024090420,29.0,24.0,82.70833333333333,60.0,1.7166666666666668,24,24,24
20240905,노원구,2024090420,28.0,23.0,84.16666666666667,60.0,1.5458333333333334,24,24,24
20240905,도봉구,2024090420,28.0,23.0,84.16666666666667,60.0,1.5458333333333334,24,24,24
20240905,동대문구,2024090420,29.0,24.0,78.125,60.0,1.6000000000000003,24,24,24
20240905,동작구,2024090420,29.0,25.0,79.375,60.0,1.7166666666666668,24,24,24
20240905,마포구,2024090420,29.0,24.0,78.75,60.0,1.6583333333333332,24,24,24
20240905,서대문구,2024090420,29.0,24.0,78.75,60.0,1.6583333333333332,24,24,24
20240905,서초구,2024090420,30.0,24.0,78.75,60.0,1.6708333333333332,24,24,24
20240905,성동구,2024090420,30.0,24.0,76.45833333333333,60.0,1.65,24,24,24
20240905,성북구,2024090420,26.0,22.0,80.83333333333333,60.0,1.570833333333333,24,24,24
20240905,송파구,2024090420,30.0,24.0,75.625,60.0,1.6833333333333336,24,24,24
20240905,양천구,2024090420,29.0,25.0,77.29166666666667,60.0,1.7625000000000002,24,24,24
20240905,영등포구,2024090420,29.0,25.0,78.125,60.0,1.7,24,24,24
20240905,용산구,2024090420,29.0,24.0,78.125,60.0,1.65,24,24,24
20240905,은평구,2024090420,29.0,24.0,82.08333333333333,60.0,1.6375,24,24,24
20240905,종로구,2024090420,29.0,24.0,77.91666666666667,60.0,1.6083333333333332,24,24,24
20240905,중구,2024090420,29.0,24.0,77.91666666666667,60.0,1.6083333333333332,24,24,24
20240905,중랑구,2024090420,29.0,24.0,76.875,60.0,1.6124999999999998,24,24,24
20240906,강남구,2024090520,30.0,24.0,79.16666666666667,60.0,1.9208333333333336,24,24,24
20240906,강동구,2024090520,29.0,24.0,78.95833333333333,60.0,2.0375,24,24,24
20240906,강북구,2024090520,27.0,21.0,78.125,60.0,2.108333333333333,24,24,24
20240906,강서구,2024090520,31.0,23.0,79.58333333333333,60.0,2.0083333333333333,24,24,24
20240906,관악구,2024090520,30.0,24.0,78.54166666666667,60.0,1.8708333333333331,24,24,24
20240906,광진구,2024090520,30.0,24.0,75.83333333333333,60.0,2.025,24,24,24
20240906,구로구,2024090520,30.0,25.0,74.16666666666667,60.0,1.8583333333333332,24,24,24
20240906,금천구,2024090520,29.0,24.0,81.66666666666667,60.0,1.7999999999999998,24,24,24
20240906,노원구,2024090520,29.0,23.0,80.20833333333333,60.0,2.1875,24,24,24
20240906,도봉구,2024090520,29.0,23.0,80.20833333333333,60.0,2.1875,24,24,24
20240906,동대문구,2024090520,30.0,24.0,76.875,60.0,2.0708333333333333,24,24,24
20240906,동작구,2024090520,30.0,24.0,78.54166666666667,60.0,1.8708333333333331,24,24,24
20240906,마포구,2024090520,30.0,24.0,77.08333333333333,60.0,2.0083333333333333,24,24,24
20240906,서대문구,2024090520,30.0,24.0,77.08333333333333,60.0,2.0083333333333333,24,24,24
20240906,서초구,2024090520,30.0,24.0,79.16666666666667,60.0,1.9208333333333336,24,24,24
20240906,성동구,2024090520,31.0,24.0,76.25,60.0,1.991666666666667,24,24,24
20240906,성북구,2024090520,27.0,21.0,78.125,60.0,2.108333333333333,24,24,24
20240906,송파구,2024090520,30.0,25.0,77.08333333333333,60.0,1.95,24,24,24
20240906,양천구,2024090520,30.0,24.0,75.83333333333333,60.0,1.9375,24,24,24
20240906,영등포구,2024090520,30.0,24.0,77.08333333333333,60.0,1.9541666666666668,24,24,24
20240906,용산구,2024090520,30.0,24.0,77.91666666666667,60.0,1.975,24,24,24
20240906,은평구,2024090520,30.0,23.0,79.16666666666667,60.0,2.0833333333333335,24,24,24
20240906,종로구,2024090520,30.0,24.0,76.66666666666667,60.0,2.045833333333333,24,24,24
20240906,중구,2024090520,30.0,24.0,76.66666666666667,60.0,2.045833333333333,24,24,24
20240906,중랑구,2024090520,30.0,24.0,76.45833333333333,60.0,2.095833333333333,24,24,24
20240907,강남구,2024090620,32.0,23.0,73.95833333333333,20.0,1.25,24,24,24
20240907,강동구,2024090620,32.0,23.0,72.5,20.0,1.2041666666666666,24,24,24
20240907,강북구,2024090620,29.0,21.0,73.125,20.0,1.1208333333333331,24,24,24
20240907,강서구,2024090620,32.0,23.0,76.66666666666667,20.0,1.1333333333333335,24,24,24
20240907,관악구,2024090620,32.0,24.0,73.95833333333333,20.0,1.2291666666666667,24,24,24
20240907,광진구,2024090620,32.0,23.0,69.58333333333333,20.0,1.2166666666666666,24,24,24
20240907,구로구,2024090620,32.0,25.0,70.0,20.0,1.2166666666666668,24,24,24
20240907,금천구,2024090620,31.0,23.0,77.29166666666667,20.0,1.2666666666666666,24,24,24
20240907,노원구,2024090620,31.0,22.0,76.875,20.0,1.1041666666666667,24,24,24
20240907,도봉구,2024090620,31.0,22.0,76.875,20.0,1.1041666666666667,24,24,24
20240907,동대문구,2024090620,32.0,23.0,70.83333333333333,20.0,1.1791666666666667,24,24,24
20240907,동작구,2024090620,32.0,24.0,73.95833333333333,20.0,1.2291666666666667,24,24,24
20240907,마포구,2024090620,32.0,23.0,72.29166666666667,20.0,1.1416666666666668,24,24,24
20240907,서대문구,2024090620,32.0,23.0,72.29166666666667,20.0,1.1416666666666668,24,24,24
20240907,서초구,2024090620,32.0,23.0,73.95833333333333,20.0,1.25,24,24,24
20240907,성동구,2024090620,32.0,24.0,71.04166666666667,20.0,1.225,24,24,24
20240907,성북구,2024090620,29.0,21.0,73.125,20.0,1.1208333333333331,24,24,24
20240907,송파구,2024090620,32.0,24.0,70.625,20.0,1.2541666666666669,24,24,24
20240907,양천구,2024090620,31.0,24.0,71.45833333333333,20.0,1.1708333333333334,24,24,24
20240907,영등포구,2024090620,32.0,24.0,72.08333333333333,20.0,1.1791666666666667,24,24,24
20240907,용산구,2024090620,32.0,24.0,72.08333333333333,20.0,1.2125,24,24,24
20240907,은평구,2024090620,32.0,23.0,74.375,20.0,1.1166666666666667,24,24,24
20240907,종로구,2024090620,31.0,24.0,71.04166666666667,20.0,1.175,24,24,24
20240907,중구,2024090620,31.0,24.0,71.04166666666667,20.0,1.175,24,24,24
20240907,중랑구,2024090620,32.0,23.0,70.41666666666667,20.0,1.1666666666666667,24,24,24
20240908,강남구,2024090720,33.0,22.0,73.125,30.0,0.65,24,24,24
20240908,강동구,2024090720,33.0,22.0,72.08333333333333,30.0,0.8458333333333333,24,24,24
20240908,강북구,2024090720,30.0,20.0,72.91666666666667,30.0,0.6375000000000001,24,24,24
20240908,강서구,2024090720,32.0,22.0,77.08333333333333,30.0,0.8249999999999998,24,24,24
20240908,관악구,2024090720,32.0,23.0,73.54166666666667,30.0,0.7624999999999998,24,24,24
20240908,광진구,2024090720,33.0,23.0,69.375,30.0,0.6916666666666665,24,24,24
20240908,구로구,2024090720,32.0,24.0,69.79166666666667,30.0,0.8458333333333333,24,24,24
20240908,금천구,2024090720,32.0,22.0,77.08333333333333,30.0,0.7833333333333332,24,24,24
20240908,노원구,2024090720,32.0,21.0,76.25,30.0,0.7041666666666666,24,24,24
20240908,도봉구,2024090720,32.0,21.0,76.25,30.0,0.7041666666666666,24,24,24
20240908,동대문구,2024090720,32.0,23.0,71.04166666666667,30.0,0.6000000000000001,24,24,24
20240908,동작구,2024090720,32.0,23.0,73.54166666666667,30.0,0.7624999999999998,24,24,24
20240908,마포구,2024090720,32.0,23.0,72.29166666666667,30.0,0.6625,24,24,24
20240908,서대문구,2024090720,32.0,23.0,72.29166666666667,30.0,0.6625,24,24,24
20240908,서초구,2024090720,33.0,22.0,73.125,30.0,0.65,24,24,24
20240908,성동구,2024090720,33.0,23.0,71.04166666666667,30.0,0.5916666666666667,24,24,24
20240908,성북구,2024090720,30.0,20.0,72.91666666666667,30.0,0.6375000000000001,24,24,24
20240908,송파구,2024090720,33.0,23.0,70.0,30.0,0.6999999999999998,24,24,24
20240908,양천구,2024090720,32.0,23.0,71.25,30.0,0.8041666666666667,24,24,24
20240908,영등포구,2024090720,32.0,23.0,72.08333333333333,30.0,0.6958333333333334,24,24,24
20240908,용산구,2024090720,32.0,23.0,72.5,30.0,0.65,24,24,24
20240908,은평구,2024090720,32.0,22.0,74.375,30.0,0.6666666666666666,24,24,24
20240908,종로구,2024090720,32.0,22.0,71.04166666666667,30.0,0.6166666666666667,24,24,24
20240908,중구,2024090720,32.0,22.0,71.04166666666667,30.0,0.6166666666666667,24,24,24
20240908,중랑구,2024090720,32.0,22.0,70.41666666666667,30.0,0.6833333333333332,24,24,24
20240909,강남구,2024090820,33.0,24.0,77.08333333333333,30.0,1.275,24,24,24
20240909,강동구,2024090820,32.0,24.0,76.04166666666667,30.0,1.375,24,24,24
20240909,강북구,2024090820,30.0,21.0,76.875,30.0,1.25,24,24,24
20240909,강서구,2024090820,33.0,24.0,79.375,30.0,1.2541666666666669,24,24,24
20240909,관악구,2024090820,33.0,25.0,76.45833333333333,30.0,1.2375,24,24,24
20240909,광진구,2024090820,33.0,24.0,72.91666666666667,30.0,1.3166666666666669,24,24,24
20240909,구로구,2024090820,33.0,25.0,73.33333333333333,30.0,1.2333333333333334,24,24,24
20240909,금천구,2024090820,32.0,24.0,80.20833333333333,30.0,1.225,24,24,24
20240909,노원구,2024090820,32.0,23.0,80.83333333333333,30.0,1.2875,24,24,24
20240909,도봉구,2024090820,32.0,23.0,80.83333333333333,30.0,1.2875,24,24,24
20240909,동대문구,2024090820,33.0,24.0,75.0,30.0,1.2833333333333334,24,24,24
20240909,동작구,2024090820,33.0,25.0,76.45833333333333,30.0,1.2375,24,24,24
20240909,마포구,2024090820,33.0,24.0,75.20833333333333,30.0,1.2458333333333331,24,24,24
20240909,서대문구,2024090820,33.0,24.0,75.20833333333333,30.0,1.2458333333333331,24,24,24
20240909,서초구,2024090820,33.0,24.0,77.08333333333333,30.0,1.275,24,24,24
20240909,성동구,2024090820,33.0,24.0,74.375,30.0,1.2791666666666668,24,24,24
20240909,성북구,2024090820,30.0,21.0,76.875,30.0,1.25,24,24,24
20240909,송파구,2024090820,33.0,25.0,73.33333333333333,30.0,1.3291666666666666,24,24,24
20240909,양천구,2024090820,32.0,25.0,74.58333333333333,30.0,1.2291666666666667,24,24,24
20240909,영등포구,2024090820,33.0,25.0,74.79166666666667,30.0,1.2291666666666667,24,24,24
20240909,용산구,2024090820,33.0,24.0,75.41666666666667,30.0,1.2375,24,24,24
20240909,은평구,2024090820,33.0,23.0,78.54166666666667,30.0,1.2458333333333331,24,24,24
20240909,종로구,2024090820,32.0,24.0,74.16666666666667,30.0,1.2416666666666665,24,24,24
20240909,중구,2024090820,32.0,24.0,74.16666666666667,30.0,1.2416666666666665,24,24,24
20240909,중랑구,2024090820,33.0,24.0,74.16666666666667,30.0,1.3375,24,24,24
20240910,강남구,2024090920,34.0,25.0,71.04166666666667,30.0,1.3875,24,24,24
20240910,강동구,2024090920,34.0,24.0,70.625,30.0,1.2291666666666667,24,24,24
20240910,강북구,2024090920,31.0,22.0,71.04166666666667,30.0,1.35,24,24,24
20240910,강서구,2024090920,34.0,24.0,73.75,30.0,1.4833333333333334,24,24,24
20240910,관악구,2024090920,34.0,25.0,71.04166666666667,30.0,1.4375,24,24,24
20240910,광진구,2024090920,34.0,25.0,67.70833333333333,30.0,1.2958333333333334,24,24,24
20240910,구로구,2024090920,34.0,26.0,67.91666666666667,30.0,1.4458333333333335,24,24,24
20240910,금천구,2024090920,33.0,24.0,74.16666666666667,30.0,1.4416666666666669,24,24,24
20240910,노원구,2024090920,33.0,23.0,74.58333333333333,30.0,1.3041666666666667,24,24,24
20240910,도봉구,2024090920,33.0,23.0,74.58333333333333,30.0,1.3041666666666667,24,24,24
20240910,동대문구,2024090920,34.0,25.0,68.54166666666667,30.0,1.325,24,24,24
20240910,동작구,2024090920,34.0,25.0,71.04166666666667,30.0,1.4375,24,24,24
20240910,마포구,2024090920,34.0,25.0,69.375,30.0,1.3875000000000002,24,24,24
20240910,서대문구,2024090920,34.0,25.0,69.375,30.0,1.3875000000000002,24,24,24
20240910,서초구,2024090920,34.0,25.0,71.04166666666667,30.0,1.3875,24,24,24
20240910,성동구,2024090920,34.0,25.0,67.91666666666667,30.0,1.3583333333333334,24,24,24
20240910,성북구,2024090920,31.0,22.0,71.04166666666667,30.0,1.35,24,24,24
20240910,송파구,2024090920,34.0,25.0,68.33333333333333,30.0,1.3041666666666667,24,24,24
20240910,양천구,2024090920,34.0,25.0,69.16666666666667,30.0,1.4291666666666665,24,24,24
20240910,영등포구,2024090920,34.0,25.0,69.16666666666667,30.0,1.4166666666666667,24,24,24
20240910,용산구,2024090920,34.0,25.0,69.79166666666667,30.0,1.4125000000000003,24,24,24
20240910,은평구,2024090920,34.0,24.0,73.125,30.0,1.366666666666667,24,24,24
20240910,종로구,2024090920,34.0,25.0,68.125,30.0,1.3708333333333336,24,24,24
20240910,중구,2024090920,34.0,25.0,68.125,30.0,1.3708333333333336,24,24,24
20240910,중랑구,2024090920,34.0,24.0,68.54166666666667,30.0,1.275,24,24,24
20240911,강남구,2024091020,36.0,25.0,71.66666666666667,60.0,1.175,24,24,24
20240911,강동구,2024091020,35.0,25.0,71.875,60.0,1.258333333333333,24,24,24
20240911,강북구,2024091020,33.0,22.0,71.04166666666667,60.0,1.0625,24,24,24
20240911,강서구,2024091020,35.0,24.0,73.33333333333333,30.0,1.0166666666666666,24,24,24
20240911,관악구,2024091020,35.0,25.0,71.45833333333333,60.0,1.1208333333333331,24,24,24
20240911,광진구,2024091020,35.0,25.0,68.33333333333333,60.0,1.1625,24,24,24
20240911,구로구,2024091020,36.0,26.0,67.5,30.0,1.15,24,24,24
20240911,금천구,2024091020,35.0,24.0,74.58333333333333,30.0,1.1708333333333334,24,24,24
20240911,노원구,2024091020,35.0,23.0,74.16666666666667,60.0,1.1666666666666667,24,24,24
20240911,도봉구,2024091020,35.0,23.0,74.16666666666667,60.0,1.1666666666666667,24,24,24
20240911,동대문구,2024091020,35.0,25.0,69.375,60.0,1.0375,24,24,24
20240911,동작구,2024091020,35.0,25.0,71.45833333333333,60.0,1.1208333333333331,24,24,24
20240911,마포구,2024091020,35.0,25.0,69.79166666666667,60.0,1.0125,24,24,24
20240911,서대문구,2024091020,35.0,25.0,69.79166666666667,60.0,1.0125,24,24,24
20240911,서초구,2024091020,36.0,25.0,71.66666666666667,60.0,1.175,24,24,24
20240911,성동구,2024091020,36.0,26.0,69.16666666666667,60.0,1.1,24,24,24
20240911,성북구,2024091020,33.0,22.0,71.04166666666667,60.0,1.0625,24,24,24
20240911,송파구,2024091020,36.0,25.0,69.375,60.0,1.2333333333333334,24,24,24
20240911,양천구,2024091020,35.0,26.0,68.125,30.0,1.0625,24,24,24
20240911,영등포구,2024091020,35.0,26.0,70.0,60.0,1.0416666666666667,24,24,24
20240911,용산구,2024091020,35.0,26.0,70.41666666666667,60.0,1.0791666666666666,24,24,24
20240911,은평구,2024091020,36.0,24.0,72.5,60.0,0.9958333333333332,24,24,24
20240911,종로구,2024091020,35.0,25.0,68.75,60.0,1.025,24,24,24
20240911,중구,2024091020,35.0,25.0,68.75,60.0,1.025,24,24,24
20240911,중랑구,2024091020,35.0,25.0,69.375,60.0,1.1041666666666667,24,24,24
20240912,강남구,2024091120,29.0,25.0,87.5,60.0,1.55,24,24,24
20240912,강동구,2024091120,28.0,25.0,86.25,60.0,1.625,24,24,24
20240912,강북구,2024091120,25.0,22.0,87.5,60.0,1.4083333333333334,24,24,24
20240912,강서구,2024091120,29.0,25.0,86.875,60.0,1.4791666666666667,24,24,24
20240912,관악구,2024091120,29.0,25.0,85.41666666666667,60.0,1.5291666666666668,24,24,24
20240912,광진구,2024091120,28.0,25.0,84.375,60.0,1.5874999999999997,24,24,24
20240912,구로구,2024091120,29.0,26.0,80.20833333333333,60.0,1.5458333333333334,24,24,24
20240912,금천구,2024091120,29.0,25.0,89.375,60.0,1.5291666666666668,24,24,24
20240912,노원구,2024091120,28.0,24.0,87.70833333333333,60.0,1.4958333333333331,24,24,24
20240912,도봉구,2024091120,28.0,24.0,87.70833333333333,60.0,1.4958333333333331,24,24,24
20240912,동대문구,2024091120,28.0,25.0,85.0,60.0,1.5166666666666668,24,24,24
20240912,동작구,2024091120,29.0,25.0,85.41666666666667,60.0,1.5291666666666668,24,24,24
20240912,마포구,2024091120,29.0,25.0,84.79166666666667,60.0,1.45,24,24,24
20240912,서대문구,2024091120,29.0,25.0,84.79166666666667,60.0,1.45,24,24,24
20240912,서초구,2024091120,29.0,25.0,87.5,60.0,1.55,24,24,24
20240912,성동구,2024091120,29.0,24.0,86.875,60.0,1.5291666666666668,24,24,24
20240912,성북구,2024091120,25.0,22.0,87.5,60.0,1.4083333333333334,24,24,24
20240912,송파구,2024091120,29.0,25.0,85.41666666666667,60.0,1.5791666666666666,24,24,24
20240912,양천구,2024091120,29.0,26.0,83.125,60.0,1.5,24,24,24
20240912,영등포구,2024091120,29.0,25.0,84.79166666666667,60.0,1.4958333333333336,24,24,24
20240912,용산구,2024091120,29.0,25.0,85.41666666666667,60.0,1.5,24,24,24
20240912,은평구,2024091120,28.0,25.0,87.70833333333333,60.0,1.4041666666666668,24,24,24
20240912,종로구,2024091120,29.0,25.0,85.20833333333333,60.0,1.4625,24,24,24
20240912,중구,2024091120,29.0,25.0,85.20833333333333,60.0,1.4625,24,24,24
20240912,중랑구,2024091120,28.0,25.0,83.95833333333333,60.0,1.5875,24,24,24
20240913,강남구,2024091220,28.0,25.0,89.375,60.0,1.5083333333333335,24,24,24
20240913,강동구,2024091220,29.0,25.0,86.875,60.0,1.508333333333333,24,24,24
20240913,강북구,2024091220,25.0,23.0,88.33333333333333,60.0,1.6958333333333335,24,24,24
20240913,강서구,2024091220,28.0,25.0,90.625,60.0,1.9625,24,24,24
20240913,관악구,2024091220,28.0,26.0,88.33333333333333,60.0,1.6333333333333335,24,24,24
20240913,광진구,2024091220,28.0,25.0,85.20833333333333,60.0,1.5458333333333334,24,24,24
20240913,구로구,2024091220,28.0,26.0,84.375,60.0,1.7208333333333332,24,24,24
20240913,금천구,2024091220,27.0,25.0,92.29166666666669,60.0,1.6208333333333336,24,24,24
20240913,노원구,2024091220,27.0,24.0,91.25,60.0,1.7,24,24,24
20240913,도봉구,2024091220,27.0,24.0,91.25,60.0,1.7,24,24,24
20240913,동대문구,2024091220,28.0,25.0,86.45833333333333,60.0,1.6083333333333332,24,24,24
20240913,동작구,2024091220,28.0,26.0,88.33333333333333,60.0,1.6333333333333335,24,24,24
20240913,마포구,2024091220,28.0,25.0,87.70833333333333,60.0,1.7208333333333332,24,24,24
20240913,서대문구,2024091220,28.0,25.0,87.70833333333333,60.0,1.7208333333333332,24,24,24
20240913,서초구,2024091220,28.0,25.0,89.375,60.0,1.5083333333333335,24,24,24
20240913,성동구,2024091220,29.0,25.0,88.33333333333333,60.0,1.5625,24,24,24
20240913,성북구,2024091220,25.0,23.0,88.33333333333333,60.0,1.6958333333333335,24,24,24
20240913,송파구,2024091220,29.0,25.0,86.04166666666667,60.0,1.491666666666667,24,24,24
20240913,양천구,2024091220,28.0,26.0,86.45833333333333,60.0,1.7625,24,24,24
20240913,영등포구,2024091220,28.0,26.0,87.29166666666667,60.0,1.6833333333333336,24,24,24
20240913,용산구,2024091220,28.0,25.0,87.70833333333333,60.0,1.5958333333333332,24,24,24
20240913,은평구,2024091220,28.0,25.0,88.95833333333333,60.0,1.7625,24,24,24
20240913,종로구,2024091220,27.0,25.0,87.08333333333333,60.0,1.6291666666666669,24,24,24
20240913,중구,2024091220,27.0,25.0,87.08333333333333,60.0,1.6291666666666669,24,24,24
20240913,중랑구,2024091220,28.0,25.0,85.41666666666667,60.0,1.6166666666666665,24,24,24
20240914,강남구,2024091320,31.0,25.0,88.33333333333333,60.0,1.375,24,24,24
20240914,강동구,2024091320,30.0,24.0,85.20833333333333,62.0,1.3333333333333333,24,24,24
20240914,강북구,2024091320,28.0,22.0,87.91666666666667,60.0,1.2208333333333332,24,24,24
20240914,강서구,2024091320,31.0,25.0,88.75,60.0,1.3708333333333331,24,24,24
20240914,관악구,2024091320,30.0,25.0,86.66666666666667,60.0,1.4375,24,24,24
20240914,광진구,2024091320,31.0,25.0,83.54166666666667,60.0,1.3250000000000002,24,24,24
20240914,구로구,2024091320,31.0,25.0,81.66666666666667,60.0,1.4916666666666665,24,24,24
20240914,금천구,2024091320,30.0,25.0,90.41666666666669,60.0,1.4624999999999997,24,24,24
20240914,노원구,2024091320,30.0,24.0,90.0,60.0,1.1875,24,24,24
20240914,도봉구,2024091320,30.0,24.0,90.0,60.0,1.1875,24,24,24
20240914,동대문구,2024091320,30.0,25.0,85.625,60.0,1.2625,24,24,24
20240914,동작구,2024091320,30.0,25.0,86.66666666666667,60.0,1.4375,24,24,24
20240914,마포구,2024091320,30.0,25.0,86.04166666666667,60.0,1.3041666666666667,24,24,24
20240914,서대문구,2024091320,30.0,25.0,86.04166666666667,60.0,1.3041666666666667,24,24,24
20240914,서초구,2024091320,31.0,25.0,88.33333333333333,60.0,1.375,24,24,24
20240914,성동구,2024091320,32.0,24.0,87.5,60.0,1.3416666666666668,24,24,24
20240914,성북구,2024091320,28.0,22.0,87.91666666666667,60.0,1.2208333333333332,24,24,24
20240914,송파구,2024091320,31.0,25.0,84.79166666666667,61.0,1.3625,24,24,24
20240914,양천구,2024091320,30.0,25.0,84.79166666666667,60.0,1.425,24,24,24
20240914,영등포구,2024091320,30.0,25.0,86.04166666666667,60.0,1.375,24,24,24
20240914,용산구,2024091320,30.0,25.0,86.66666666666667,60.0,1.3458333333333332,24,24,24
20240914,은평구,2024091320,30.0,24.0,88.95833333333333,60.0,1.2333333333333332,24,24,24
20240914,종로구,2024091320,30.0,25.0,86.45833333333333,60.0,1.2666666666666666,24,24,24
20240914,중구,2024091320,30.0,25.0,86.45833333333333,60.0,1.2666666666666666,24,24,24
20240914,중랑구,2024091320,30.0,25.0,84.16666666666667,60.0,1.2833333333333334,24,24,24
20240915,강남구,2024091420,31.0,25.0,79.79166666666667,60.0,1.7666666666666666,24,24,24
20240915,강동구,2024091420,32.0,24.0,77.29166666666667,60.0,2.0875,24,24,24
20240915,강북구,2024091420,28.0,22.0,79.375,60.0,1.7291666666666667,24,24,24
20240915,강서구,2024091420,32.0,25.0,81.04166666666667,60.0,1.675,24,24,24
20240915,관악구,2024091420,31.0,25.0,78.95833333333333,60.0,1.6208333333333336,24,24,24
20240915,광진구,2024091420,31.0,25.0,76.45833333333333,60.0,1.9624999999999997,24,24,24
20240915,구로구,2024091420,31.0,26.0,74.16666666666667,60.0,1.5833333333333333,24,24,24
20240915,금천구,2024091420,31.0,24.0,83.33333333333333,60.0,1.6125,24,24,24
20240915,노원구,2024091420,30.0,24.0,81.25,60.0,1.8875,24,24,24
20240915,도봉구,2024091420,30.0,24.0,81.25,60.0,1.8875,24,24,24
20240915,동대문구,2024091420,31.0,25.0,77.5,60.0,1.8333333333333333,24,24,24
20240915,동작구,2024091420,31.0,25.0,78.95833333333333,60.0,1.6208333333333336,24,24,24
20240915,마포구,2024091420,31.0,25.0,78.125,60.0,1.6541666666666668,24,24,24
20240915,서대문구,2024091420,31.0,25.0,78.125,60.0,1.6541666666666668,24,24,24
20240915,서초구,2024091420,31.0,25.0,79.79166666666667,60.0,1.7666666666666666,24,24,24
20240915,성동구,2024091420,32.0,25.0,78.125,60.0,1.8083333333333331,24,24,24
20240915,성북구,2024091420,28.0,22.0,79.375,60.0,1.7291666666666667,24,24,24
20240915,송파구,2024091420,32.0,25.0,76.875,60.0,1.9208333333333336,24,24,24
20240915,양천구,2024091420,31.0,25.0,76.66666666666667,60.0,1.6041666666666667,24,24,24
20240915,영등포구,2024091420,31.0,25.0,77.5,60.0,1.6291666666666669,24,24,24
20240915,용산구,2024091420,31.0,25.0,78.95833333333333,60.0,1.6833333333333331,24,24,24
20240915,은평구,2024091420,31.0,24.0,79.375,60.0,1.675,24,24,24
20240915,종로구,2024091420,31.0,25.0,77.08333333333333,60.0,1.7000000000000002,24,24,24
20240915,중구,2024091420,31.0,25.0,77.08333333333333,60.0,1.7000000000000002,24,24,24
20240915,중랑구,2024091420,31.0,25.0,76.04166666666667,60.0,1.9875,24,24,24
20240916,강남구,2024091520,34.0,23.0,70.41666666666667,30.0,2.183333333333333,24,24,24
20240916,강동구,2024091520,33.0,22.0,68.54166666666667,30.0,2.345833333333333,24,24,24
20240916,강북구,2024091520,31.0,20.0,69.375,30.0,2.025,24,24,24
20240916,강서구,2024091520,34.0,22.0,71.875,30.0,1.9208333333333336,24,24,24
20240916,관악구,2024091520,34.0,23.0,69.79166666666667,30.0,2.1,24,24,24
20240916,광진구,2024091520,34.0,23.0,66.04166666666667,30.0,2.2583333333333333,24,24,24
20240916,구로구,2024091520,34.0,24.0,65.41666666666667,30.0,2.0708333333333333,24,24,24
20240916,금천구,2024091520,33.0,23.0,72.08333333333333,30.0,2.1750000000000003,24,24,24
20240916,노원구,2024091520,33.0,22.0,72.08333333333333,30.0,2.1583333333333337,24,24,24
20240916,도봉구,2024091520,33.0,22.0,72.08333333333333,30.0,2.1583333333333337,24,24,24
20240916,동대문구,2024091520,33.0,23.0,67.29166666666667,30.0,2.1666666666666665,24,24,24
20240916,동작구,2024091520,34.0,23.0,69.79166666666667,30.0,2.1,24,24,24
20240916,마포구,2024091520,33.0,23.0,67.91666666666667,30.0,1.9791666666666667,24,24,24
20240916,서대문구,2024091520,33.0,23.0,67.91666666666667,30.0,1.9791666666666667,24,24,24
20240916,서초구,2024091520,34.0,23.0,70.41666666666667,30.0,2.183333333333333,24,24,24
20240916,성동구,2024091520,34.0,23.0,67.29166666666667,30.0,2.1666666666666665,24,24,24
20240916,성북구,2024091520,31.0,20.0,69.375,30.0,2.025,24,24,24
20240916,송파구,2024091520,34.0,23.0,67.08333333333333,30.0,2.2708333333333335,24,24,24
20240916,양천구,2024091520,34.0,23.0,66.875,30.0,1.9750000000000003,24,24,24
20240916,영등포구,2024091520,34.0,23.0,67.70833333333333,30.0,2.0375,24,24,24
20240916,용산구,2024091520,33.0,23.0,68.75,30.0,2.0833333333333335,24,24,24
20240916,은평구,2024091520,33.0,22.0,70.41666666666667,30.0,1.9375,24,24,24
20240916,종로구,2024091520,33.0,23.0,66.25,30.0,2.0541666666666667,24,24,24
20240916,중구,2024091520,33.0,23.0,66.25,30.0,2.0541666666666667,24,24,24
20240916,중랑구,2024091520,33.0,23.0,66.66666666666667,30.0,2.283333333333333,24,24,24
20240917,강남구,2024091620,31.0,25.0,79.79166666666667,60.0,1.1291666666666669,24,24,24
20240917,강동구,2024091620,32.0,25.0,77.91666666666667,60.0,1.0750000000000002,24,24,24
20240917,강북구,2024091620,29.0,23.0,79.79166666666667,60.0,1.1541666666666668,24,24,24
20240917,강서구,2024091620,31.0,25.0,82.08333333333333,60.0,1.1666666666666667,24,24,24
20240917,관악구,2024091620,31.0,26.0,79.16666666666667,60.0,1.1625,24,24,24
20240917,광진구,2024091620,31.0,25.0,76.25,60.0,1.1041666666666667,24,24,24
20240917,구로구,2024091620,31.0,26.0,75.20833333333333,60.0,1.1708333333333334,24,24,24
20240917,금천구,2024091620,31.0,25.0,82.29166666666667,60.0,1.1833333333333331,24,24,24
20240917,노원구,2024091620,31.0,24.0,82.08333333333333,60.0,1.1583333333333334,24,24,24
20240917,도봉구,2024091620,31.0,24.0,82.08333333333333,60.0,1.1583333333333334,24,24,24
20240917,동대문구,2024091620,31.0,26.0,76.875,60.0,1.1166666666666667,24,24,24
20240917,동작구,2024091620,31.0,26.0,79.16666666666667,60.0,1.1625,24,24,24
20240917,마포구,2024091620,31.0,26.0,78.54166666666667,60.0,1.1291666666666669,24,24,24
20240917,서대문구,2024091620,31.0,26.0,78.54166666666667,60.0,1.1291666666666669,24,24,24
20240917,서초구,2024091620,31.0,25.0,79.79166666666667,60.0,1.1291666666666669,24,24,24
20240917,성동구,2024091620,32.0,26.0,77.70833333333333,60.0,1.1208333333333331,24,24,24
20240917,성북구,2024091620,29.0,23.0,79.79166666666667,60.0,1.1541666666666668,24,24,24
20240917,송파구,2024091620,32.0,26.0,76.875,60.0,1.1,24,24,24
20240917,양천구,2024091620,31.0,26.0,76.66666666666667,60.0,1.1541666666666666,24,24,24
20240917,영등포구,2024091620,31.0,26.0,77.91666666666667,60.0,1.1333333333333333,24,24,24
20240917,용산구,2024091620,31.0,26.0,78.95833333333333,60.0,1.1333333333333333,24,24,24
20240917,은평구,2024091620,31.0,25.0,80.0,60.0,1.1541666666666668,24,24,24
20240917,종로구,2024091620,31.0,26.0,78.54166666666667,60.0,1.1375,24,24,24
20240917,중구,2024091620,31.0,26.0,78.54166666666667,60.0,1.1375,24,24,24
20240917,중랑구,2024091620,31.0,25.0,76.66666666666667,60.0,1.1041666666666667,24,24,24
20240918,강남구,2024091720,33.0,25.0,79.16666666666667,30.0,0.7875,24,24,24
20240918,강동구,2024091720,32.0,25.0,78.33333333333333,60.0,0.9208333333333334,24,24,24
20240918,강북구,2024091720,30.0,23.0,78.75,30.0,0.9166666666666666,24,24,24
20240918,강서구,2024091720,32.0,25.0,83.54166666666667,30.0,1.116666666666667,24,24,24
20240918,관악구,2024091720,32.0,26.0,79.375,30.0,0.875,24,24,24
20240918,광진구,2024091720,32.0,25.0,75.83333333333333,60.0,0.8583333333333334,24,24,24
20240918,구로구,2024091720,32.0,26.0,75.625,30.0,1.025,24,24,24
20240918,금천구,2024091720,32.0,25.0,81.875,30.0,0.875,24,24,24
20240918,노원구,2024091720,31.0,24.0,83.125,60.0,0.8958333333333334,24,24,24
20240918,도봉구,2024091720,31.0,24.0,83.125,60.0,0.8958333333333334,24,24,24
20240918,동대문구,2024091720,32.0,26.0,77.29166666666667,30.0,0.8041666666666667,24,24,24
20240918,동작구,2024091720,32.0,26.0,79.375,30.0,0.875,24,24,24
20240918,마포구,2024091720,32.0,26.0,78.54166666666667,30.0,0.9458333333333332,24,24,24
20240918,서대문구,2024091720,32.0,26.0,78.54166666666667,30.0,0.9458333333333332,24,24,24
20240918,서초구,2024091720,33.0,25.0,79.16666666666667,30.0,0.7875,24,24,24
20240918,성동구,2024091720,32.0,26.0,76.25,30.0,0.7999999999999999,24,24,24
20240918,성북구,2024091720,30.0,23.0,78.75,30.0,0.9166666666666666,24,24,24
20240918,송파구,2024091720,33.0,26.0,76.25,60.0,0.8666666666666666,24,24,24
20240918,양천구,2024091720,32.0,26.0,77.08333333333333,30.0,1.0166666666666666,24,24,24
20240918,영등포구,2024091720,32.0,26.0,77.70833333333333,30.0,0.9166666666666666,24,24,24
20240918,용산구,2024091720,32.0,26.0,78.33333333333333,30.0,0.8166666666666668,24,24,24
20240918,은평구,2024091720,32.0,25.0,81.25,30.0,0.975,24,24,24
20240918,종로구,2024091720,31.0,26.0,77.5,30.0,0.8791666666666665,24,24,24
20240918,중구,2024091720,31.0,26.0,77.5,30.0,0.8791666666666665,24,24,24
20240918,중랑구,2024091720,32.0,25.0,76.66666666666667,60.0,0.8416666666666667,24,24,24
20240919,강남구,2024091820,34.0,26.0,77.91666666666667,60.0,1.0833333333333333,24,24,24
20240919,강동구,2024091820,34.0,26.0,79.16666666666667,60.0,0.8416666666666667,24,24,24
20240919,강북구,2024091820,31.0,23.0,78.33333333333333,60.0,0.9874999999999998,24,24,24
20240919,강서구,2024091820,34.0,26.0,81.25,60.0,1.1333333333333335,24,24,24
20240919,관악구,2024091820,34.0,26.0,77.5,60.0,1.1458333333333333,24,24,24
20240919,광진구,2024091820,34.0,26.0,75.83333333333333,60.0,0.9083333333333332,24,24,24
20240919,구로구,2024091820,34.0,26.0,72.91666666666667,60.0,1.1416666666666668,24,24,24
20240919,금천구,2024091820,33.0,26.0,80.41666666666667,60.0,1.125,24,24,24
20240919,노원구,2024091820,33.0,25.0,82.5,60.0,0.7458333333333332,24,24,24
20240919,도봉구,2024091820,33.0,25.0,82.5,60.0,0.7458333333333332,24,24,24
20240919,동대문구,2024091820,33.0,26.0,76.66666666666667,60.0,0.9166666666666666,24,24,24
20240919,동작구,2024091820,34.0,26.0,77.5,60.0,1.1458333333333333,24,24,24
20240919,마포구,2024091820,33.0,26.0,77.08333333333333,60.0,1.0708333333333335,24,24,24
20240919,서대문구,2024091820,33.0,26.0,77.08333333333333,60.0,1.0708333333333335,24,24,24
20240919,서초구,2024091820,34.0,26.0,77.91666666666667,60.0,1.0833333333333333,24,24,24
20240919,성동구,2024091820,34.0,26.0,76.25,60.0,1.0166666666666666,24,24,24
20240919,성북구,2024091820,31.0,23.0,78.33333333333333,60.0,0.9874999999999998,24,24,24
20240919,송파구,2024091820,34.0,26.0,76.45833333333333,60.0,1.0,24,24,24
20240919,양천구,2024091820,34.0,26.0,76.45833333333333,60.0,1.1416666666666666,24,24,24
20240919,영등포구,2024091820,34.0,26.0,76.45833333333333,60.0,1.116666666666667,24,24,24
20240919,용산구,2024091820,34.0,26.0,77.91666666666667,60.0,1.1041666666666667,24,24,24
20240919,은평구,2024091820,34.0,25.0,79.58333333333333,60.0,1.0166666666666666,24,24,24
20240919,종로구,2024091820,33.0,26.0,75.41666666666667,60.0,1.0333333333333334,24,24,24
20240919,중구,2024091820,33.0,26.0,75.41666666666667,60.0,1.0333333333333334,24,24,24
20240919,중랑구,2024091820,33.0,26.0,77.08333333333333,60.0,0.8041666666666666,24,24,24
20240920,강남구,2024091920,29.0,26.0,87.91666666666667,90.0,1.9958333333333331,24,24,24
20240920,강동구,2024091920,29.0,25.0,86.25,90.0,2.141666666666667,24,24,24
20240920,강북구,2024091920,26.0,23.0,87.29166666666667,100.0,1.9791666666666667,24,24,24
20240920,강서구,2024091920,29.0,25.0,90.20833333333331,90.0,2.016666666666667,24,24,24
20240920,관악구,2024091920,29.0,26.0,87.29166666666667,100.0,1.9375,24,24,24
20240920,광진구,2024091920,29.0,26.0,84.375,80.0,2.079166666666667,24,24,24
20240920,구로구,2024091920,29.0,26.0,83.125,100.0,1.9166666666666667,24,24,24
20240920,금천구,2024091920,28.0,25.0,90.625,100.0,1.8416666666666668,24,24,24
20240920,노원구,2024091920,28.0,25.0,88.75,100.0,2.1375,24,24,24
20240920,도봉구,2024091920,28.0,25.0,88.75,100.0,2.1375,24,24,24
20240920,동대문구,2024091920,29.0,26.0,85.625,90.0,2.0625,24,24,24
20240920,동작구,2024091920,29.0,26.0,87.29166666666667,100.0,1.9375,24,24,24
20240920,마포구,2024091920,28.0,26.0,86.45833333333333,100.0,1.9791666666666667,24,24,24
20240920,서대문구,2024091920,28.0,26.0,86.45833333333333,100.0,1.9791666666666667,24,24,24
20240920,서초구,2024091920,29.0,26.0,87.91666666666667,90.0,1.9958333333333331,24,24,24
20240920,성동구,2024091920,29.0,25.0,86.04166666666667,90.0,2.0416666666666665,24,24,24
20240920,성북구,2024091920,26.0,23.0,87.29166666666667,100.0,1.9791666666666667,24,24,24
20240920,송파구,2024091920,29.0,26.0,85.83333333333333,90.0,2.004166666666667,24,24,24
20240920,양천구,2024091920,29.0,26.0,85.20833333333333,100.0,1.9416666666666669,24,24,24
20240920,영등포구,2024091920,29.0,26.0,86.45833333333333,100.0,1.9666666666666668,24,24,24
20240920,용산구,2024091920,29.0,26.0,86.875,100.0,2.0125,24,24,24
20240920,은평구,2024091920,29.0,25.0,87.91666666666667,100.0,1.9958333333333331,24,24,24
20240920,종로구,2024091920,28.0,26.0,85.83333333333333,100.0,2.0083333333333333,24,24,24
20240920,중구,2024091920,28.0,26.0,85.83333333333333,100.0,2.0083333333333333,24,24,24
20240920,중랑구,2024091920,29.0,25.0,84.58333333333333,90.0,2.15,24,24,24
20240921,강남구,2024092020,22.0,19.0,81.45833333333333,60.0,3.608333333333333,24,24,24
20240921,강동구,2024092020,21.0,19.0,80.83333333333333,60.0,3.85,24,24,24
20240921,강북구,2024092020,19.0,16.0,81.45833333333333,70.0,3.3874999999999997,24,24,24
20240921,강서구,2024092020,22.0,19.0,82.08333333333333,70.0,3.4625,24,24,24
20240921,관악구,2024092020,21.0,19.0,81.45833333333333,70.0,3.4916666666666667,24,24,24
20240921,광진구,2024092020,22.0,19.0,78.33333333333333,60.0,3.7291666666666665,24,24,24
20240921,구로구,2024092020,22.0,20.0,75.83333333333333,70.0,3.4375,24,24,24
20240921,금천구,2024092020,21.0,19.0,85.0,60.0,3.491666666666667,24,24,24
20240921,노원구,2024092020,21.0,18.0,83.125,70.0,3.658333333333333,24,24,24
20240921,도봉구,2024092020,21.0,18.0,83.125,70.0,3.658333333333333,24,24,24
20240921,동대문구,2024092020,22.0,19.0,80.20833333333333,70.0,3.595833333333333,24,24,24
20240921,동작구,2024092020,21.0,19.0,81.45833333333333,70.0,3.4916666666666667,24,24,24
20240921,마포구,2024092020,22.0,19.0,81.25,70.0,3.3958333333333335,24,24,24
20240921,서대문구,2024092020,22.0,19.0,81.25,70.0,3.3958333333333335,24,24,24
20240921,서초구,2024092020,22.0,19.0,81.45833333333333,60.0,3.608333333333333,24,24,24
20240921,성동구,2024092020,23.0,18.0,81.04166666666667,60.0,3.625,24,24,24
20240921,성북구,2024092020,19.0,16.0,81.45833333333333,70.0,3.3874999999999997,24,24,24
20240921,송파구,2024092020,22.0,20.0,79.58333333333333,70.0,3.65,24,24,24
20240921,양천구,2024092020,21.0,19.0,79.79166666666667,70.0,3.4,24,24,24
20240921,영등포구,2024092020,21.0,19.0,80.83333333333333,70.0,3.4458333333333333,24,24,24
20240921,용산구,2024092020,22.0,19.0,81.25,70.0,3.5124999999999997,24,24,24
20240921,은평구,2024092020,22.0,18.0,81.875,70.0,3.3625000000000003,24,24,24
20240921,종로구,2024092020,22.0,19.0,82.29166666666667,70.0,3.454166666666667,24,24,24
20240921,중구,2024092020,22.0,19.0,82.29166666666667,70.0,3.454166666666667,24,24,24
20240921,중랑구,2024092020,21.0,19.0,78.75,70.0,3.7791666666666663,24,24,24
20240922,강남구,2024092120,26.0,19.0,69.79166666666667,30.0,2.2958333333333334,24,24,24
20240922,강동구,2024092120,25.0,19.0,69.16666666666667,30.0,2.4958333333333336,24,24,24
20240922,강북구,2024092120,23.0,15.0,69.375,30.0,2.3333333333333335,24,24,24
20240922,강서구,2024092120,26.0,18.0,70.625,30.0,2.5833333333333335,24,24,24
20240922,관악구,2024092120,26.0,19.0,69.58333333333333,30.0,2.35,24,24,24
20240922,광진구,2024092120,26.0,19.0,66.45833333333333,30.0,2.4083333333333337,24,24,24
20240922,구로구,2024092120,26.0,20.0,65.20833333333333,30.0,2.370833333333333,24,24,24
20240922,금천구,2024092120,25.0,18.0,72.91666666666667,30.0,2.358333333333333,24,24,24
20240922,노원구,2024092120,25.0,17.0,72.29166666666667,30.0,2.4625,24,24,24
20240922,도봉구,2024092120,25.0,17.0,72.29166666666667,30.0,2.4625,24,24,24
20240922,동대문구,2024092120,25.0,19.0,67.70833333333333,30.0,2.3875,24,24,24
20240922,동작구,2024092120,26.0,19.0,69.58333333333333,30.0,2.35,24,24,24
20240922,마포구,2024092120,26.0,18.0,68.54166666666667,30.0,2.395833333333333,24,24,24
20240922,서대문구,2024092120,26.0,18.0,68.54166666666667,30.0,2.395833333333333,24,24,24
20240922,서초구,2024092120,26.0,19.0,69.79166666666667,30.0,2.2958333333333334,24,24,24
20240922,성동구,2024092120,26.0,19.0,66.66666666666667,30.0,2.35,24,24,24
20240922,성북구,2024092120,23.0,15.0,69.375,30.0,2.3333333333333335,24,24,24
20240922,송파구,2024092120,26.0,19.0,67.29166666666667,30.0,2.3708333333333336,24,24,24
20240922,양천구,2024092120,26.0,19.0,67.08333333333333,30.0,2.4083333333333337,24,24,24
20240922,영등포구,2024092120,26.0,19.0,68.125,30.0,2.3541666666666665,24,24,24
20240922,용산구,2024092120,26.0,19.0,68.95833333333333,30.0,2.3000000000000003,24,24,24
20240922,은평구,2024092120,26.0,17.0,70.20833333333333,30.0,2.404166666666667,24,24,24
20240922,종로구,2024092120,26.0,18.0,67.29166666666667,30.0,2.3291666666666666,24,24,24
20240922,중구,2024092120,26.0,18.0,67.29166666666667,30.0,2.3291666666666666,24,24,24
20240922,중랑구,2024092120,25.0,19.0,67.29166666666667,30.0,2.495833333333333,24,24,24
20240923,강남구,2024092220,27.0,16.0,60.416666666666664,0.0,2.158333333333333,24,24,24
20240923,강동구,2024092220,26.0,16.0,59.791666666666664,0.0,2.375,24,24,24
20240923,강북구,2024092220,24.0,13.0,56.666666666666664,0.0,2.3125,24,24,24
20240923,강서구,2024092220,27.0,16.0,63.541666666666664,0.0,2.1416666666666666,24,24,24
20240923,관악구,2024092220,26.0,17.0,59.791666666666664,0.0,2.0625,24,24,24
20240923,광진구,2024092220,26.0,16.0,56.666666666666664,0.0,2.3083333333333336,24,24,24
20240923,구로구,2024092220,27.0,18.0,56.25,0.0,2.029166666666667,24,24,24
20240923,금천구,2024092220,26.0,16.0,63.333333333333336,0.0,2.0541666666666667,24,24,24
20240923,노원구,2024092220,26.0,14.0,60.416666666666664,0.0,2.4916666666666667,24,24,24
20240923,도봉구,2024092220,26.0,14.0,60.416666666666664,0.0,2.4916666666666667,24,24,24
20240923,동대문구,2024092220,26.0,16.0,55.833333333333336,0.0,2.3125,24,24,24
20240923,동작구,2024092220,26.0,17.0,59.791666666666664,0.0,2.0625,24,24,24
20240923,마포구,2024092220,26.0,16.0,57.083333333333336,0.0,2.1791666666666667,24,24,24
20240923,서대문구,2024092220,26.0,16.0,57.083333333333336,0.0,2.1791666666666667,24,24,24
20240923,서초구,2024092220,27.0,16.0,60.416666666666664,0.0,2.158333333333333,24,24,24
20240923,성동구,2024092220,27.0,17.0,56.875,0.0,2.225,24,24,24
20240923,성북구,2024092220,24.0,13.0,56.666666666666664,0.0,2.3125,24,24,24
20240923,송파구,2024092220,27.0,17.0,57.708333333333336,0.0,2.2375000000000003,24,24,24
20240923,양천구,2024092220,26.0,17.0,56.875,0.0,2.0749999999999997,24,24,24
20240923,영등포구,2024092220,26.0,17.0,57.5,0.0,2.1125,24,24,24
20240923,용산구,2024092220,26.0,16.0,58.333333333333336,0.0,2.158333333333333,24,24,24
20240923,은평구,2024092220,27.0,15.0,59.375,0.0,2.245833333333333,24,24,24
20240923,종로구,2024092220,27.0,16.0,57.083333333333336,0.0,2.245833333333333,24,24,24
20240923,중구,2024092220,27.0,16.0,57.083333333333336,0.0,2.245833333333333,24,24,24
20240923,중랑구,2024092220,26.0,16.0,56.458333333333336,0.0,2.4125,24,24,24
20240924,강남구,2024092320,28.0,16.0,59.791666666666664,20.0,1.6499999999999997,24,24,24
20240924,강동구,2024092320,27.0,15.0,61.041666666666664,20.0,1.7708333333333333,24,24,24
20240924,강북구,2024092320,25.0,13.0,56.041666666666664,20.0,1.5416666666666667,24,24,24
20240924,강서구,2024092320,28.0,16.0,61.875,20.0,1.3708333333333331,24,24,24
20240924,관악구,2024092320,27.0,17.0,58.125,20.0,1.4750000000000003,24,24,24
20240924,광진구,2024092320,27.0,16.0,56.25,20.0,1.7124999999999997,24,24,24
20240924,구로구,2024092320,28.0,18.0,55.625,20.0,1.3999999999999997,24,24,24
20240924,금천구,2024092320,27.0,15.0,62.916666666666664,20.0,1.5499999999999998,24,24,24
20240924,노원구,2024092320,27.0,14.0,60.0,0.0,1.65,24,24,24
20240924,도봉구,2024092320,27.0,14.0,60.0,0.0,1.65,24,24,24
20240924,동대문구,2024092320,27.0,16.0,54.583333333333336,20.0,1.6166666666666665,24,24,24
20240924,동작구,2024092320,27.0,17.0,58.125,20.0,1.4750000000000003,24,24,24
20240924,마포구,2024092320,27.0,16.0,54.791666666666664,20.0,1.4375,24,24,24
20240924,서대문구,2024092320,27.0,16.0,54.791666666666664,20.0,1.4375,24,24,24
20240924,서초구,2024092320,28.0,16.0,59.791666666666664,20.0,1.6499999999999997,24,24,24
20240924,성동구,2024092320,28.0,16.0,55.833333333333336,20.0,1.629166666666667,24,24,24
20240924,성북구,2024092320,25.0,13.0,56.041666666666664,20.0,1.5416666666666667,24,24,24
20240924,송파구,2024092320,28.0,16.0,58.541666666666664,20.0,1.7333333333333334,24,24,24
20240924,양천구,2024092320,27.0,17.0,55.0,20.0,1.3791666666666664,24,24,24
20240924,영등포구,2024092320,27.0,17.0,55.208333333333336,20.0,1.4666666666666668,24,24,24
20240924,용산구,2024092320,27.0,17.0,56.458333333333336,20.0,1.5666666666666664,24,24,24
20240924,은평구,2024092320,28.0,15.0,57.708333333333336,20.0,1.4583333333333333,24,24,24
20240924,종로구,2024092320,28.0,16.0,53.333333333333336,20.0,1.5333333333333332,24,24,24
20240924,중구,2024092320,28.0,16.0,53.333333333333336,20.0,1.5333333333333332,24,24,24
20240924,중랑구,2024092320,27.0,15.0,56.875,20.0,1.7208333333333332,24,24,24
20240925,강남구,2024092420,28.0,19.0,72.70833333333333,30.0,1.5249999999999997,24,24,24
20240925,강동구,2024092420,28.0,17.0,72.70833333333333,30.0,1.5208333333333333,24,24,24
20240925,강북구,2024092420,25.0,15.0,71.45833333333333,30.0,1.4458333333333335,24,24,24
20240925,강서구,2024092420,28.0,18.0,74.79166666666667,30.0,1.4,24,24,24
20240925,관악구,2024092420,28.0,19.0,71.25,30.0,1.5166666666666668,24,24,24
20240925,광진구,2024092420,27.0,18.0,69.58333333333333,30.0,1.5041666666666669,24,24,24
20240925,구로구,2024092420,28.0,20.0,67.08333333333333,30.0,1.5041666666666669,24,24,24
20240925,금천구,2024092420,27.0,18.0,74.58333333333333,30.0,1.5125,24,24,24
20240925,노원구,2024092420,27.0,16.0,75.625,30.0,1.3708333333333336,24,24,24
20240925,도봉구,2024092420,27.0,16.0,75.625,30.0,1.3708333333333336,24,24,24
20240925,동대문구,2024092420,27.0,18.0,69.79166666666667,30.0,1.4791666666666667,24,24,24
20240925,동작구,2024092420,28.0,19.0,71.25,30.0,1.5166666666666668,24,24,24
20240925,마포구,2024092420,27.0,19.0,69.375,30.0,1.4416666666666669,24,24,24
20240925,서대문구,2024092420,27.0,19.0,69.375,30.0,1.4416666666666669,24,24,24
20240925,서초구,2024092420,28.0,19.0,72.70833333333333,30.0,1.5249999999999997,24,24,24
20240925,성동구,2024092420,28.0,19.0,69.16666666666667,30.0,1.5083333333333335,24,24,24
20240925,성북구,2024092420,25.0,15.0,71.45833333333333,30.0,1.4458333333333335,24,24,24
20240925,송파구,2024092420,28.0,19.0,69.375,30.0,1.5083333333333335,24,24,24
20240925,양천구,2024092420,27.0,19.0,68.75,30.0,1.4500000000000002,24,24,24
20240925,영등포구,2024092420,27.0,19.0,69.375,30.0,1.475,24,24,24
20240925,용산구,2024092420,28.0,19.0,70.20833333333333,30.0,1.5041666666666669,24,24,24
20240925,은평구,2024092420,27.0,17.0,72.91666666666667,30.0,1.4208333333333334,24,24,24
20240925,종로구,2024092420,27.0,18.0,68.95833333333333,30.0,1.491666666666667,24,24,24
20240925,중구,2024092420,27.0,18.0,68.95833333333333,30.0,1.491666666666667,24,24,24
20240925,중랑구,2024092420,27.0,18.0,70.20833333333333,30.0,1.475,24,24,24
20240926,강남구,2024092520,28.0,20.0,74.375,60.0,1.5375000000000003,24,24,24
20240926,강동구,2024092520,28.0,20.0,72.5,60.0,1.375,24,24,24
20240926,강북구,2024092520,26.0,17.0,73.54166666666667,60.0,1.4208333333333334,24,24,24
20240926,강서구,2024092520,28.0,20.0,76.66666666666667,60.0,1.4958333333333336,24,24,24
20240926,관악구,2024092520,28.0,20.0,73.54166666666667,60.0,1.5791666666666666,24,24,24
20240926,광진구,2024092520,28.0,20.0,70.41666666666667,60.0,1.4458333333333335,24,24,24
20240926,구로구,2024092520,28.0,21.0,68.95833333333333,60.0,1.575,24,24,24
20240926,금천구,2024092520,27.0,20.0,75.83333333333333,60.0,1.5750000000000002,24,24,24
20240926,노원구,2024092520,28.0,19.0,76.875,60.0,1.3583333333333334,24,24,24
20240926,도봉구,2024092520,28.0,19.0,76.875,60.0,1.3583333333333334,24,24,24
20240926,동대문구,2024092520,28.0,20.0,71.25,60.0,1.4375,24,24,24
20240926,동작구,2024092520,28.0,20.0,73.54166666666667,60.0,1.5791666666666666,24,24,24
20240926,마포구,2024092520,28.0,20.0,73.125,60.0,1.4750000000000003,24,24,24
20240926,서대문구,2024092520,28.0,20.0,73.125,60.0,1.4750000000000003,24,24,24
20240926,서초구,2024092520,28.0,20.0,74.375,60.0,1.5375000000000003,24,24,24
20240926,성동구,2024092520,29.0,21.0,71.66666666666667,60.0,1.5,24,24,24
20240926,성북구,2024092520,26.0,17.0,73.54166666666667,60.0,1.4208333333333334,24,24,24
20240926,송파구,2024092520,28.0,21.0,71.04166666666667,60.0,1.4750000000000003,24,24,24
20240926,양천구,2024092520,28.0,20.0,70.625,60.0,1.525,24,24,24
20240926,영등포구,2024092520,28.0,21.0,72.08333333333333,60.0,1.5333333333333334,24,24,24
20240926,용산구,2024092520,28.0,20.0,73.33333333333333,60.0,1.5416666666666667,24,24,24
20240926,은평구,2024092520,28.0,20.0,74.375,60.0,1.4208333333333334,24,24,24
20240926,종로구,2024092520,28.0,21.0,71.45833333333333,60.0,1.4666666666666668,24,24,24
20240926,중구,2024092520,28.0,21.0,71.45833333333333,60.0,1.4666666666666668,24,24,24
20240926,중랑구,2024092520,28.0,20.0,71.04166666666667,60.0,1.3791666666666664,24,24,24
20240927,강남구,2024092620,28.0,19.0,74.16666666666667,30.0,1.4791666666666667,24,24,24
20240927,강동구,2024092620,28.0,18.0,73.33333333333333,30.0,1.5791666666666666,24,24,24
20240927,강북구,2024092620,26.0,16.0,73.54166666666667,30.0,1.5833333333333333,24,24,24
20240927,강서구,2024092620,28.0,19.0,76.25,30.0,1.5291666666666668,24,24,24
20240927,관악구,2024092620,28.0,19.0,73.125,30.0,1.445833333333333,24,24,24
20240927,광진구,2024092620,28.0,19.0,70.625,30.0,1.55,24,24,24
20240927,구로구,2024092620,28.0,20.0,68.95833333333333,30.0,1.4125,24,24,24
20240927,금천구,2024092620,27.0,18.0,76.66666666666667,30.0,1.3875000000000002,24,24,24
20240927,노원구,2024092620,28.0,17.0,77.5,30.0,1.675,24,24,24
20240927,도봉구,2024092620,28.0,17.0,77.5,30.0,1.675,24,24,24
20240927,동대문구,2024092620,28.0,19.0,71.66666666666667,30.0,1.5791666666666668,24,24,24
20240927,동작구,2024092620,28.0,19.0,73.125,30.0,1.445833333333333,24,24,24
20240927,마포구,2024092620,28.0,19.0,72.70833333333333,30.0,1.5291666666666668,24,24,24
20240927,서대문구,2024092620,28.0,19.0,72.70833333333333,30.0,1.5291666666666668,24,24,24
20240927,서초구,2024092620,28.0,19.0,74.16666666666667,30.0,1.4791666666666667,24,24,24
20240927,성동구,2024092620,29.0,20.0,70.83333333333333,30.0,1.5458333333333334,24,24,24
20240927,성북구,2024092620,26.0,16.0,73.54166666666667,30.0,1.5833333333333333,24,24,24
20240927,송파구,2024092620,29.0,19.0,71.45833333333333,30.0,1.5166666666666666,24,24,24
20240927,양천구,2024092620,28.0,19.0,71.25,30.0,1.4624999999999997,24,24,24
20240927,영등포구,2024092620,28.0,19.0,72.08333333333333,30.0,1.4833333333333334,24,24,24
20240927,용산구,2024092620,28.0,19.0,72.91666666666667,30.0,1.4875,24,24,24
20240927,은평구,2024092620,28.0,18.0,75.41666666666667,30.0,1.5625,24,24,24
20240927,종로구,2024092620,28.0,19.0,72.29166666666667,30.0,1.5458333333333334,24,24,24
20240927,중구,2024092620,28.0,19.0,72.29166666666667,30.0,1.5458333333333334,24,24,24
20240927,중랑구,2024092620,28.0,19.0,71.25,30.0,1.6041666666666667,24,24,24
20240928,강남구,2024092720,29.0,19.0,66.875,30.0,2.0208333333333335,24,24,24
20240928,강동구,2024092720,28.0,18.0,65.83333333333333,30.0,2.220833333333333,24,24,24
20240928,강북구,2024092720,26.0,16.0,66.66666666666667,30.0,2.1041666666666665,24,24,24
20240928,강서구,2024092720,29.0,18.0,67.91666666666667,30.0,1.875,24,24,24
20240928,관악구,2024092720,29.0,19.0,66.04166666666667,30.0,1.8374999999999997,24,24,24
20240928,광진구,2024092720,29.0,19.0,63.541666666666664,30.0,2.1416666666666666,24,24,24
20240928,구로구,2024092720,29.0,20.0,61.25,30.0,1.7666666666666668,24,24,24
20240928,금천구,2024092720,28.0,19.0,69.79166666666667,30.0,1.8,24,24,24
20240928,노원구,2024092720,28.0,17.0,72.08333333333333,30.0,2.2833333333333337,24,24,24
20240928,도봉구,2024092720,28.0,17.0,72.08333333333333,30.0,2.2833333333333337,24,24,24
20240928,동대문구,2024092720,28.0,18.0,65.20833333333333,30.0,2.1208333333333336,24,24,24
20240928,동작구,2024092720,29.0,19.0,66.04166666666667,30.0,1.8374999999999997,24,24,24
20240928,마포구,2024092720,28.0,19.0,65.625,30.0,1.9541666666666668,24,24,24
20240928,서대문구,2024092720,28.0,19.0,65.625,30.0,1.9541666666666668,24,24,24
20240928,서초구,2024092720,29.0,19.0,66.875,30.0,2.0208333333333335,24,24,24
20240928,성동구,2024092720,29.0,19.0,63.958333333333336,30.0,2.0625,24,24,24
20240928,성북구,2024092720,26.0,16.0,66.66666666666667,30.0,2.1041666666666665,24,24,24
20240928,송파구,2024092720,29.0,19.0,63.75,30.0,2.0791666666666666,24,24,24
20240928,양천구,2024092720,29.0,19.0,63.541666666666664,30.0,1.8333333333333333,24,24,24
20240928,영등포구,2024092720,29.0,19.0,65.0,30.0,1.9041666666666668,24,24,24
20240928,용산구,2024092720,28.0,19.0,65.83333333333333,30.0,1.9833333333333332,24,24,24
20240928,은평구,2024092720,29.0,18.0,68.125,30.0,2.0375,24,24,24
20240928,종로구,2024092720,29.0,19.0,64.16666666666667,30.0,2.0500000000000003,24,24,24
20240928,중구,2024092720,29.0,19.0,64.16666666666667,30.0,2.0500000000000003,24,24,24
20240928,중랑구,2024092720,28.0,18.0,64.16666666666667,30.0,2.2125,24,24,24
20240929,강남구,2024092820,29.0,18.0,65.41666666666667,30.0,1.8958333333333333,24,24,24
20240929,강동구,2024092820,29.0,17.0,64.375,30.0,2.029166666666667,24,24,24
20240929,강북구,2024092820,26.0,15.0,65.0,30.0,1.9333333333333336,24,24,24
20240929,강서구,2024092820,29.0,18.0,66.25,30.0,1.7958333333333332,24,24,24
20240929,관악구,2024092820,29.0,19.0,63.958333333333336,30.0,1.8166666666666669,24,24,24
20240929,광진구,2024092820,29.0,18.0,61.666666666666664,30.0,1.9833333333333336,24,24,24
20240929,구로구,2024092820,29.0,20.0,58.541666666666664,30.0,1.7791666666666668,24,24,24
20240929,금천구,2024092820,28.0,18.0,66.875,30.0,1.8333333333333333,24,24,24
20240929,노원구,2024092820,28.0,16.0,69.58333333333333,30.0,2.0583333333333336,24,24,24
20240929,도봉구,2024092820,28.0,16.0,69.58333333333333,30.0,2.0583333333333336,24,24,24
20240929,동대문구,2024092820,29.0,18.0,62.5,30.0,1.9708333333333332,24,24,24
20240929,동작구,2024092820,29.0,19.0,63.958333333333336,30.0,1.8166666666666669,24,24,24
20240929,마포구,2024092820,29.0,18.0,62.916666666666664,30.0,1.8583333333333336,24,24,24
20240929,서대문구,2024092820,29.0,18.0,62.916666666666664,30.0,1.8583333333333336,24,24,24
20240929,서초구,2024092820,29.0,18.0,65.41666666666667,30.0,1.8958333333333333,24,24,24
20240929,성동구,2024092820,29.0,19.0,62.083333333333336,30.0,1.9291666666666665,24,24,24
20240929,성북구,2024092820,26.0,15.0,65.0,30.0,1.9333333333333336,24,24,24
20240929,송파구,2024092820,29.0,18.0,62.5,30.0,1.95,24,24,24
20240929,양천구,2024092820,29.0,19.0,60.833333333333336,30.0,1.7875,24,24,24
20240929,영등포구,2024092820,29.0,19.0,62.291666666666664,30.0,1.8416666666666668,24,24,24
20240929,용산구,2024092820,29.0,19.0,63.541666666666664,30.0,1.875,24,24,24
20240929,은평구,2024092820,29.0,17.0,65.41666666666667,30.0,1.8875,24,24,24
20240929,종로구,2024092820,29.0,18.0,62.708333333333336,30.0,1.9083333333333332,24,24,24
20240929,중구,2024092820,29.0,18.0,62.708333333333336,30.0,1.9083333333333332,24,24,24
20240929,중랑구,2024092820,29.0,18.0,62.291666666666664,30.0,2.0416666666666665,24,24,24
20240930,강남구,2024092920,28.0,18.0,67.5,30.0,1.2083333333333333,24,24,24
20240930,강동구,2024092920,28.0,17.0,66.875,30.0,1.1291666666666669,24,24,24
20240930,강북구,2024092920,26.0,15.0,67.5,30.0,1.2166666666666668,24,24,24
20240930,강서구,2024092920,28.0,18.0,69.16666666666667,30.0,1.3,24,24,24
20240930,관악구,2024092920,28.0,18.0,66.25,30.0,1.2708333333333333,24,24,24
20240930,광진구,2024092920,28.0,18.0,63.958333333333336,30.0,1.1749999999999998,24,24,24
20240930,구로구,2024092920,28.0,20.0,61.666666666666664,30.0,1.2999999999999998,24,24,24
20240930,금천구,2024092920,27.0,17.0,69.79166666666667,30.0,1.2708333333333333,24,24,24
20240930,노원구,2024092920,27.0,16.0,72.29166666666667,30.0,1.2083333333333333,24,24,24
20240930,도봉구,2024092920,27.0,16.0,72.29166666666667,30.0,1.2083333333333333,24,24,24
20240930,동대문구,2024092920,28.0,18.0,64.58333333333333,30.0,1.1958333333333333,24,24,24
20240930,동작구,2024092920,28.0,18.0,66.25,30.0,1.2708333333333333,24,24,24
20240930,마포구,2024092920,28.0,18.0,65.83333333333333,30.0,1.2291666666666667,24,24,24
20240930,서대문구,2024092920,28.0,18.0,65.83333333333333,30.0,1.2291666666666667,24,24,24
20240930,서초구,2024092920,28.0,18.0,67.5,30.0,1.2083333333333333,24,24,24
20240930,성동구,2024092920,28.0,18.0,63.958333333333336,30.0,1.2083333333333333,24,24,24
20240930,성북구,2024092920,26.0,15.0,67.5,30.0,1.2166666666666668,24,24,24
20240930,송파구,2024092920,28.0,18.0,64.375,30.0,1.1583333333333332,24,24,24
20240930,양천구,2024092920,28.0,19.0,64.375,30.0,1.2666666666666666,24,24,24
20240930,영등포구,2024092920,28.0,19.0,65.0,30.0,1.2458333333333331,24,24,24
20240930,용산구,2024092920,28.0,18.0,65.625,30.0,1.2333333333333334,24,24,24
20240930,은평구,2024092920,28.0,17.0,68.54166666666667,30.0,1.225,24,24,24
20240930,종로구,2024092920,28.0,18.0,65.0,30.0,1.2208333333333334,24,24,24
20240930,중구,2024092920,28.0,18.0,65.0,30.0,1.2208333333333334,24,24,24
20240930,중랑구,2024092920,28.0,17.0,65.0,30.0,1.1708333333333334,24,24,24
20241001,강남구,2024093020,22.0,20.0,75.41666666666667,60.0,1.6333333333333335,24,24,24
20241001,강동구,2024093020,22.0,19.0,75.41666666666667,60.0,1.6458333333333333,24,24,24
20241001,강북구,2024093020,19.0,17.0,77.5,60.0,1.5333333333333332,24,24,24
20241001,강서구,2024093020,21.0,20.0,78.125,60.0,1.7625,24,24,24
20241001,관악구,2024093020,22.0,20.0,75.20833333333333,60.0,1.6375,24,24,24
20241001,광진구,2024093020,22.0,20.0,72.29166666666667,60.0,1.6125,24,24,24
20241001,구로구,2024093020,22.0,20.0,70.20833333333333,60.0,1.675,24,24,24
20241001,금천구,2024093020,21.0,19.0,77.91666666666667,60.0,1.6541666666666668,24,24,24
20241001,노원구,2024093020,21.0,19.0,80.83333333333333,60.0,1.5541666666666665,24,24,24
20241001,도봉구,2024093020,21.0,19.0,80.83333333333333,60.0,1.5541666666666665,24,24,24
20241001,동대문구,2024093020,22.0,20.0,74.58333333333333,60.0,1.5791666666666666,24,24,24
20241001,동작구,2024093020,22.0,20.0,75.20833333333333,60.0,1.6375,24,24,24
20241001,마포구,2024093020,21.0,20.0,75.625,60.0,1.6083333333333334,24,24,24
20241001,서대문구,2024093020,21.0,20.0,75.625,60.0,1.6083333333333334,24,24,24
20241001,서초구,2024093020,22.0,20.0,75.41666666666667,60.0,1.6333333333333335,24,24,24
20241001,성동구,2024093020,22.0,20.0,73.33333333333333,60.0,1.6000000000000003,24,24,24
20241001,성북구,2024093020,19.0,17.0,77.5,60.0,1.5333333333333332,24,24,24
20241001,송파구,2024093020,23.0,20.0,72.5,60.0,1.625,24,24,24
20241001,양천구,2024093020,22.0,20.0,73.54166666666667,60.0,1.6458333333333333,24,24,24
20241001,영등포구,2024093020,22.0,20.0,74.16666666666667,60.0,1.6208333333333331,24,24,24
20241001,용산구,2024093020,22.0,20.0,75.20833333333333,60.0,1.6125,24,24,24
20241001,은평구,2024093020,22.0,20.0,77.91666666666667,60.0,1.5958333333333332,24,24,24
20241001,종로구,2024093020,21.0,20.0,75.625,60.0,1.5791666666666668,24,24,24
20241001,중구,2024093020,21.0,20.0,75.625,60.0,1.5791666666666668,24,24,24
20241001,중랑구,2024093020,22.0,20.0,73.95833333333333,60.0,1.5791666666666666,24,24,24
20241002,강남구,2024100120,21.0,11.0,53.75,0.0,1.9708333333333332,24,24,24
20241002,강동구,2024100120,20.0,10.0,54.166666666666664,0.0,1.9875,24,24,24
20241002,강북구,2024100120,18.0,7.0,52.708333333333336,0.0,1.9583333333333333,24,24,24
20241002,강서구,2024100120,20.0,10.0,55.208333333333336,0.0,2.216666666666667,24,24,24
20241002,관악구,2024100120,20.0,11.0,51.875,0.0,2.0541666666666667,24,24,24
20241002,광진구,2024100120,21.0,11.0,50.416666666666664,0.0,1.9875,24,24,24
20241002,구로구,2024100120,20.0,12.0,45.833333333333336,0.0,2.1375,24,24,24
20241002,금천구,2024100120,20.0,10.0,53.958333333333336,0.0,2.1041666666666665,24,24,24
20241002,노원구,2024100120,20.0,9.0,57.916666666666664,0.0,2.0,24,24,24
20241002,도봉구,2024100120,20.0,9.0,57.916666666666664,0.0,2.0,24,24,24
20241002,동대문구,2024100120,20.0,11.0,51.25,0.0,1.9708333333333337,24,24,24
20241002,동작구,2024100120,20.0,11.0,51.875,0.0,2.0541666666666667,24,24,24
20241002,마포구,2024100120,20.0,10.0,51.25,0.0,2.025,24,24,24
20241002,서대문구,2024100120,20.0,10.0,51.25,0.0,2.025,24,24,24
20241002,서초구,2024100120,21.0,11.0,53.75,0.0,1.9708333333333332,24,24,24
20241002,성동구,2024100120,21.0,12.0,51.041666666666664,0.0,1.9666666666666663,24,24,24
20241002,성북구,2024100120,18.0,7.0,52.708333333333336,0.0,1.9583333333333333,24,24,24
20241002,송파구,2024100120,21.0,11.0,51.041666666666664,0.0,1.991666666666667,24,24,24
20241002,양천구,2024100120,20.0,11.0,49.375,0.0,2.0833333333333335,24,24,24
20241002,영등포구,2024100120,20.0,11.0,51.25,0.0,2.0375,24,24,24
20241002,용산구,2024100120,20.0,11.0,52.708333333333336,0.0,1.9583333333333333,24,24,24
20241002,은평구,2024100120,21.0,9.0,53.75,0.0,2.0375,24,24,24
20241002,종로구,2024100120,20.0,10.0,51.041666666666664,0.0,1.9541666666666664,24,24,24
20241002,중구,2024100120,20.0,10.0,51.041666666666664,0.0,1.9541666666666664,24,24,24
20241002,중랑구,2024100120,21.0,11.0,51.458333333333336,0.0,1.991666666666667,24,24,24
20241003,강남구,2024100220,22.0,12.0,62.083333333333336,20.0,1.4666666666666666,24,24,24
20241003,강동구,2024100220,21.0,11.0,62.708333333333336,20.0,1.5625,24,24,24
20241003,강북구,2024100220,19.0,8.0,60.208333333333336,20.0,1.3458333333333332,24,24,24
20241003,강서구,2024100220,22.0,10.0,65.0,0.0,1.4833333333333334,24,24,24
20241003,관악구,2024100220,22.0,12.0,62.083333333333336,0.0,1.4916666666666665,24,24,24
20241003,광진구,2024100220,22.0,12.0,57.916666666666664,20.0,1.5083333333333335,24,24,24
20241003,구로구,2024100220,22.0,13.0,57.916666666666664,0.0,1.5458333333333334,24,24,24
20241003,금천구,2024100220,21.0,11.0,65.625,20.0,1.4666666666666668,24,24,24
20241003,노원구,2024100220,21.0,9.0,64.16666666666667,20.0,1.3999999999999997,24,24,24
20241003,도봉구,2024100220,21.0,9.0,64.16666666666667,20.0,1.3999999999999997,24,24,24
20241003,동대문구,2024100220,22.0,12.0,57.708333333333336,20.0,1.4125,24,24,24
20241003,동작구,2024100220,22.0,12.0,62.083333333333336,0.0,1.4916666666666665,24,24,24
20241003,마포구,2024100220,22.0,12.0,59.583333333333336,20.0,1.3916666666666666,24,24,24
20241003,서대문구,2024100220,22.0,12.0,59.583333333333336,20.0,1.3916666666666666,24,24,24
20241003,서초구,2024100220,22.0,12.0,62.083333333333336,20.0,1.4666666666666666,24,24,24
20241003,성동구,2024100220,22.0,13.0,57.083333333333336,20.0,1.4541666666666668,24,24,24
20241003,성북구,2024100220,19.0,8.0,60.208333333333336,20.0,1.3458333333333332,24,24,24
20241003,송파구,2024100220,22.0,12.0,59.583333333333336,20.0,1.5125,24,24,24
20241003,양천구,2024100220,22.0,12.0,58.75,0.0,1.4874999999999998,24,24,24
20241003,영등포구,2024100220,22.0,12.0,59.375,20.0,1.4291666666666665,24,24,24
20241003,용산구,2024100220,22.0,12.0,60.208333333333336,20.0,1.425,24,24,24
20241003,은평구,2024100220,22.0,10.0,61.666666666666664,20.0,1.383333333333333,24,24,24
20241003,종로구,2024100220,22.0,12.0,58.333333333333336,20.0,1.3625,24,24,24
20241003,중구,2024100220,22.0,12.0,58.333333333333336,20.0,1.3625,24,24,24
20241003,중랑구,2024100220,22.0,11.0,59.375,20.0,1.5,24,24,24
20241004,강남구,2024100320,24.0,12.0,61.875,0.0,0.9875,24,24,24
20241004,강동구,2024100320,24.0,12.0,61.666666666666664,20.0,0.8916666666666666,24,24,24
20241004,강북구,2024100320,22.0,9.0,60.625,0.0,1.0958333333333334,24,24,24
20241004,강서구,2024100320,24.0,11.0,64.16666666666667,0.0,1.5375,24,24,24
20241004,관악구,2024100320,24.0,13.0,60.833333333333336,0.0,1.1458333333333333,24,24,24
20241004,광진구,2024100320,24.0,13.0,57.916666666666664,20.0,0.9250000000000002,24,24,24
20241004,구로구,2024100320,24.0,14.0,56.458333333333336,0.0,1.3625,24,24,24
20241004,금천구,2024100320,23.0,11.0,65.20833333333333,0.0,1.2333333333333332,24,24,24
20241004,노원구,2024100320,24.0,10.0,66.25,0.0,1.0625,24,24,24
20241004,도봉구,2024100320,24.0,10.0,66.25,0.0,1.0625,24,24,24
20241004,동대문구,2024100320,24.0,13.0,58.541666666666664,0.0,1.0125,24,24,24
20241004,동작구,2024100320,24.0,13.0,60.833333333333336,0.0,1.1458333333333333,24,24,24
20241004,마포구,2024100320,24.0,12.0,60.416666666666664,0.0,1.1125,24,24,24
20241004,서대문구,2024100320,24.0,12.0,60.416666666666664,0.0,1.1125,24,24,24
20241004,서초구,2024100320,24.0,12.0,61.875,0.0,0.9875,24,24,24
20241004,성동구,2024100320,25.0,13.0,57.916666666666664,0.0,0.9583333333333334,24,24,24
20241004,성북구,2024100320,22.0,9.0,60.625,0.0,1.0958333333333334,24,24,24
20241004,송파구,2024100320,25.0,12.0,58.958333333333336,20.0,0.9333333333333332,24,24,24
20241004,양천구,2024100320,24.0,13.0,58.75,0.0,1.3125,24,24,24
20241004,영등포구,2024100320,24.0,13.0,58.75,0.0,1.1083333333333334,24,24,24
20241004,용산구,2024100320,24.0,13.0,60.208333333333336,0.0,1.0166666666666668,24,24,24
20241004,은평구,2024100320,24.0,11.0,63.125,0.0,1.1583333333333332,24,24,24
20241004,종로구,2024100320,24.0,12.0,57.5,0.0,1.0333333333333332,24,24,24
20241004,중구,2024100320,24.0,12.0,57.5,0.0,1.0333333333333332,24,24,24
20241004,중랑구,2024100320,24.0,12.0,59.375,20.0,0.9625,24,24,24
20241005,강남구,2024100420,25.0,13.0,66.875,20.0,1.1875,24,24,24
20241005,강동구,2024100420,25.0,12.0,66.04166666666667,20.0,1.175,24,24,24
20241005,강북구,2024100420,22.0,10.0,63.541666666666664,20.0,1.3041666666666667,24,24,24
20241005,강서구,2024100420,25.0,12.0,68.95833333333333,20.0,1.4125,24,24,24
20241005,관악구,2024100420,24.0,14.0,65.83333333333333,20.0,1.2958333333333334,24,24,24
20241005,광진구,2024100420,25.0,13.0,61.25,20.0,1.1875,24,24,24
20241005,구로구,2024100420,25.0,15.0,62.291666666666664,20.0,1.3541666666666667,24,24,24
20241005,금천구,2024100420,24.0,12.0,69.58333333333333,20.0,1.2458333333333331,24,24,24
20241005,노원구,2024100420,24.0,11.0,67.70833333333333,30.0,1.3,24,24,24
20241005,도봉구,2024100420,24.0,11.0,67.70833333333333,30.0,1.3,24,24,24
20241005,동대문구,2024100420,25.0,13.0,61.458333333333336,20.0,1.2416666666666665,24,24,24
20241005,동작구,2024100420,24.0,14.0,65.83333333333333,20.0,1.2958333333333334,24,24,24
20241005,마포구,2024100420,24.0,14.0,64.16666666666667,20.0,1.3291666666666668,24,24,24
20241005,서대문구,2024100420,24.0,14.0,64.16666666666667,20.0,1.3291666666666668,24,24,24
20241005,서초구,2024100420,25.0,13.0,66.875,20.0,1.1875,24,24,24
20241005,성동구,2024100420,25.0,14.0,62.708333333333336,20.0,1.2125,24,24,24
20241005,성북구,2024100420,22.0,10.0,63.541666666666664,20.0,1.3041666666666667,24,24,24
20241005,송파구,2024100420,25.0,13.0,63.125,20.0,1.1625,24,24,24
20241005,양천구,2024100420,24.0,14.0,63.125,20.0,1.3625,24,24,24
20241005,영등포구,2024100420,24.0,14.0,63.75,20.0,1.3166666666666669,24,24,24
20241005,용산구,2024100420,24.0,14.0,63.75,20.0,1.2875,24,24,24
20241005,은평구,2024100420,24.0,11.0,66.25,20.0,1.3458333333333332,24,24,24
20241005,종로구,2024100420,25.0,13.0,61.458333333333336,20.0,1.2791666666666668,24,24,24
20241005,중구,2024100420,25.0,13.0,61.458333333333336,20.0,1.2791666666666668,24,24,24
20241005,중랑구,2024100420,24.0,13.0,62.083333333333336,20.0,1.2208333333333334,24,24,24
20241006,강남구,2024100520,22.0,14.0,72.70833333333333,30.0,1.1291666666666669,24,24,24
20241006,강동구,2024100520,22.0,13.0,72.70833333333333,30.0,1.0833333333333333,24,24,24
20241006,강북구,2024100520,19.0,10.0,70.20833333333333,30.0,1.1208333333333331,24,24,24
20241006,강서구,2024100520,21.0,13.0,75.0,30.0,1.1583333333333334,24,24,24
20241006,관악구,2024100520,21.0,14.0,72.08333333333333,30.0,1.125,24,24,24
20241006,광진구,2024100520,22.0,14.0,67.91666666666667,30.0,1.1041666666666667,24,24,24
20241006,구로구,2024100520,21.0,16.0,68.125,30.0,1.1583333333333332,24,24,24
20241006,금천구,2024100520,21.0,13.0,75.625,30.0,1.1375,24,24,24
20241006,노원구,2024100520,21.0,11.0,74.375,30.0,1.1416666666666666,24,24,24
20241006,도봉구,2024100520,21.0,11.0,74.375,30.0,1.1416666666666666,24,24,24
20241006,동대문구,2024100520,22.0,14.0,67.70833333333333,30.0,1.1083333333333334,24,24,24
20241006,동작구,2024100520,21.0,14.0,72.08333333333333,30.0,1.125,24,24,24
20241006,마포구,2024100520,21.0,14.0,69.375,30.0,1.1291666666666669,24,24,24
20241006,서대문구,2024100520,21.0,14.0,69.375,30.0,1.1291666666666669,24,24,24
20241006,서초구,2024100520,22.0,14.0,72.70833333333333,30.0,1.1291666666666669,24,24,24
20241006,성동구,2024100520,22.0,14.0,68.125,30.0,1.1041666666666667,24,24,24
20241006,성북구,2024100520,19.0,10.0,70.20833333333333,30.0,1.1208333333333331,24,24,24
20241006,송파구,2024100520,22.0,14.0,69.375,30.0,1.0875,24,24,24
20241006,양천구,2024100520,21.0,15.0,69.16666666666667,30.0,1.1291666666666669,24,24,24
20241006,영등포구,2024100520,21.0,15.0,70.0,30.0,1.1333333333333333,24,24,24
20241006,용산구,2024100520,21.0,15.0,70.20833333333333,30.0,1.1333333333333335,24,24,24
20241006,은평구,2024100520,21.0,12.0,71.875,30.0,1.1333333333333335,24,24,24
20241006,종로구,2024100520,21.0,14.0,67.08333333333333,30.0,1.1375,24,24,24
20241006,중구,2024100520,21.0,14.0,67.08333333333333,30.0,1.1375,24,24,24
20241006,중랑구,2024100520,22.0,13.0,68.33333333333333,30.0,1.1166666666666667,24,24,24
20241007,강남구,2024100620,24.0,14.0,73.125,30.0,1.4041666666666668,24,24,24
20241007,강동구,2024100620,23.0,13.0,73.33333333333333,30.0,1.4375,24,24,24
20241007,강북구,2024100620,21.0,11.0,73.125,20.0,1.275,24,24,24
20241007,강서구,2024100620,24.0,13.0,75.625,20.0,1.3958333333333333,24,24,24
20241007,관악구,2024100620,23.0,15.0,71.66666666666667,30.0,1.3833333333333335,24,24,24
20241007,광진구,2024100620,23.0,14.0,69.58333333333333,30.0,1.4041666666666666,24,24,24
20241007,구로구,2024100620,24.0,16.0,67.70833333333333,30.0,1.4083333333333334,24,24,24
20241007,금천구,2024100620,23.0,14.0,74.79166666666667,30.0,1.4208333333333334,24,24,24
20241007,노원구,2024100620,23.0,13.0,77.91666666666667,30.0,1.2875,24,24,24
20241007,도봉구,2024100620,23.0,13.0,77.91666666666667,30.0,1.2875,24,24,24
20241007,동대문구,2024100620,23.0,14.0,70.625,20.0,1.3333333333333333,24,24,24
20241007,동작구,2024100620,23.0,15.0,71.66666666666667,30.0,1.3833333333333335,24,24,24
20241007,마포구,2024100620,23.0,14.0,71.25,20.0,1.3041666666666667,24,24,24
20241007,서대문구,2024100620,23.0,14.0,71.25,20.0,1.3041666666666667,24,24,24
20241007,서초구,2024100620,24.0,14.0,73.125,30.0,1.4041666666666668,24,24,24
20241007,성동구,2024100620,23.0,15.0,70.20833333333333,30.0,1.3583333333333334,24,24,24
20241007,성북구,2024100620,21.0,11.0,73.125,20.0,1.275,24,24,24
20241007,송파구,2024100620,24.0,15.0,70.41666666666667,30.0,1.4291666666666665,24,24,24
20241007,양천구,2024100620,23.0,15.0,70.20833333333333,30.0,1.3541666666666667,24,24,24
20241007,영등포구,2024100620,23.0,15.0,70.41666666666667,30.0,1.3458333333333332,24,24,24
20241007,용산구,2024100620,23.0,15.0,71.45833333333333,30.0,1.3458333333333332,24,24,24
20241007,은평구,2024100620,23.0,13.0,75.20833333333333,20.0,1.2791666666666668,24,24,24
20241007,종로구,2024100620,23.0,14.0,70.625,20.0,1.2916666666666667,24,24,24
20241007,중구,2024100620,23.0,14.0,70.625,20.0,1.2916666666666667,24,24,24
20241007,중랑구,2024100620,23.0,14.0,70.625,20.0,1.3625,24,24,24
20241008,강남구,2024100720,24.0,13.0,75.41666666666667,30.0,1.0666666666666669,24,24,24
20241008,강동구,2024100720,24.0,12.0,74.58333333333333,30.0,1.15,24,24,24
20241008,강북구,2024100720,21.0,10.0,73.95833333333333,30.0,1.1083333333333334,24,24,24
20241008,강서구,2024100720,24.0,12.0,77.08333333333333,30.0,1.1958333333333335,24,24,24
20241008,관악구,2024100720,24.0,14.0,73.95833333333333,30.0,1.1458333333333333,24,24,24
20241008,광진구,2024100720,24.0,13.0,71.66666666666667,30.0,1.0791666666666666,24,24,24
20241008,구로구,2024100720,24.0,15.0,69.79166666666667,30.0,1.1791666666666665,24,24,24
20241008,금천구,2024100720,23.0,13.0,76.875,30.0,1.1458333333333333,24,24,24
20241008,노원구,2024100720,23.0,12.0,77.70833333333333,30.0,1.1541666666666668,24,24,24
20241008,도봉구,2024100720,23.0,12.0,77.70833333333333,30.0,1.1541666666666668,24,24,24
20241008,동대문구,2024100720,24.0,13.0,71.45833333333333,30.0,1.0791666666666666,24,24,24
20241008,동작구,2024100720,24.0,14.0,73.95833333333333,30.0,1.1458333333333333,24,24,24
20241008,마포구,2024100720,24.0,13.0,73.54166666666667,30.0,1.0916666666666666,24,24,24
20241008,서대문구,2024100720,24.0,13.0,73.54166666666667,30.0,1.0916666666666666,24,24,24
20241008,서초구,2024100720,24.0,13.0,75.41666666666667,30.0,1.0666666666666669,24,24,24
20241008,성동구,2024100720,24.0,14.0,72.70833333333333,30.0,1.0875,24,24,24
20241008,성북구,2024100720,21.0,10.0,73.95833333333333,30.0,1.1083333333333334,24,24,24
20241008,송파구,2024100720,24.0,13.0,72.70833333333333,30.0,1.0666666666666669,24,24,24
20241008,양천구,2024100720,23.0,14.0,72.29166666666667,30.0,1.1583333333333334,24,24,24
20241008,영등포구,2024100720,24.0,14.0,72.91666666666667,30.0,1.125,24,24,24
20241008,용산구,2024100720,24.0,14.0,73.33333333333333,30.0,1.1083333333333334,24,24,24
20241008,은평구,2024100720,24.0,12.0,75.625,30.0,1.0958333333333332,24,24,24
20241008,종로구,2024100720,24.0,13.0,70.83333333333333,30.0,1.1,24,24,24
20241008,중구,2024100720,24.0,13.0,70.83333333333333,30.0,1.1,24,24,24
20241008,중랑구,2024100720,23.0,13.0,72.08333333333333,30.0,1.0916666666666666,24,24,24
20241009,강남구,2024100820,24.0,14.0,68.125,30.0,1.6416666666666666,24,24,24
20241009,강동구,2024100820,24.0,13.0,67.91666666666667,30.0,1.7833333333333332,24,24,24
20241009,강북구,2024100820,22.0,11.0,68.75,30.0,1.6291666666666669,24,24,24
20241009,강서구,2024100820,24.0,13.0,69.58333333333333,30.0,1.4750000000000003,24,24,24
20241009,관악구,2024100820,24.0,15.0,66.25,30.0,1.5041666666666669,24,24,24
20241009,광진구,2024100820,24.0,14.0,63.75,30.0,1.7250000000000003,24,24,24
20241009,구로구,2024100820,24.0,16.0,61.458333333333336,30.0,1.45,24,24,24
20241009,금천구,2024100820,23.0,13.0,70.0,30.0,1.5166666666666666,24,24,24
20241009,노원구,2024100820,24.0,12.0,73.54166666666667,30.0,1.7541666666666669,24,24,24
20241009,도봉구,2024100820,24.0,12.0,73.54166666666667,30.0,1.7541666666666669,24,24,24
20241009,동대문구,2024100820,24.0,14.0,65.41666666666667,30.0,1.6833333333333331,24,24,24
20241009,동작구,2024100820,24.0,15.0,66.25,30.0,1.5041666666666669,24,24,24
20241009,마포구,2024100820,24.0,14.0,65.41666666666667,30.0,1.5375000000000003,24,24,24
20241009,서대문구,2024100820,24.0,14.0,65.41666666666667,30.0,1.5375000000000003,24,24,24
20241009,서초구,2024100820,24.0,14.0,68.125,30.0,1.6416666666666666,24,24,24
20241009,성동구,2024100820,24.0,14.0,65.41666666666667,30.0,1.6666666666666667,24,24,24
20241009,성북구,2024100820,22.0,11.0,68.75,30.0,1.6291666666666669,24,24,24
20241009,송파구,2024100820,24.0,14.0,65.0,30.0,1.7208333333333332,24,24,24
20241009,양천구,2024100820,24.0,15.0,63.75,30.0,1.4541666666666666,24,24,24
20241009,영등포구,2024100820,24.0,15.0,64.58333333333333,30.0,1.5208333333333333,24,24,24
20241009,용산구,2024100820,24.0,14.0,65.625,30.0,1.6083333333333334,24,24,24
20241009,은평구,2024100820,24.0,12.0,69.16666666666667,30.0,1.5708333333333335,24,24,24
20241009,종로구,2024100820,24.0,14.0,66.04166666666667,30.0,1.6041666666666667,24,24,24
20241009,중구,2024100820,24.0,14.0,66.04166666666667,30.0,1.6041666666666667,24,24,24
20241009,중랑구,2024100820,24.0,13.0,66.04166666666667,30.0,1.754166666666667,24,24,24
20241010,강남구,2024100920,23.0,14.0,73.125,60.0,1.4541666666666668,24,24,24
20241010,강동구,2024100920,22.0,14.0,72.70833333333333,30.0,1.4541666666666668,24,24,24
20241010,강북구,2024100920,20.0,12.0,73.95833333333333,60.0,1.4541666666666668,24,24,24
20241010,강서구,2024100920,22.0,15.0,75.20833333333333,60.0,1.5916666666666668,24,24,24
20241010,관악구,2024100920,22.0,15.0,72.5,60.0,1.4958333333333331,24,24,24
20241010,광진구,2024100920,22.0,15.0,69.375,60.0,1.4458333333333335,24,24,24
20241010,구로구,2024100920,22.0,16.0,67.5,60.0,1.5041666666666669,24,24,24
20241010,금천구,2024100920,22.0,14.0,75.41666666666667,60.0,1.491666666666667,24,24,24
20241010,노원구,2024100920,22.0,13.0,77.70833333333333,30.0,1.425,24,24,24
20241010,도봉구,2024100920,22.0,13.0,77.70833333333333,30.0,1.425,24,24,24
20241010,동대문구,2024100920,22.0,15.0,70.83333333333333,60.0,1.4333333333333336,24,24,24
20241010,동작구,2024100920,22.0,15.0,72.5,60.0,1.4958333333333331,24,24,24
20241010,마포구,2024100920,22.0,15.0,71.25,60.0,1.4791666666666667,24,24,24
20241010,서대문구,2024100920,22.0,15.0,71.25,60.0,1.4791666666666667,24,24,24
20241010,서초구,2024100920,23.0,14.0,73.125,60.0,1.4541666666666668,24,24,24
20241010,성동구,2024100920,23.0,15.0,70.83333333333333,60.0,1.45,24,24,24
20241010,성북구,2024100920,20.0,12.0,73.95833333333333,60.0,1.4541666666666668,24,24,24
20241010,송파구,2024100920,23.0,15.0,70.0,60.0,1.445833333333333,24,24,24
20241010,양천구,2024100920,22.0,15.0,69.375,60.0,1.4916666666666665,24,24,24
20241010,영등포구,2024100920,22.0,15.0,69.79166666666667,60.0,1.4875,24,24,24
20241010,용산구,2024100920,22.0,15.0,71.45833333333333,60.0,1.4625,24,24,24
20241010,은평구,2024100920,22.0,14.0,74.375,60.0,1.4791666666666667,24,24,24
20241010,종로구,2024100920,22.0,15.0,70.83333333333333,60.0,1.4625,24,24,24
20241010,중구,2024100920,22.0,15.0,70.83333333333333,60.0,1.4625,24,24,24
20241010,중랑구,2024100920,22.0,14.0,71.04166666666667,30.0,1.4375,24,24,24
20241011,강남구,2024101020,24.0,14.0,73.54166666666667,0.0,1.0708333333333333,24,24,24
20241011,강동구,2024101020,24.0,13.0,73.125,0.0,1.0166666666666666,24,24,24
20241011,강북구,2024101020,22.0,11.0,73.54166666666667,0.0,1.0583333333333331,24,24,24
20241011,강서구,2024101020,24.0,13.0,76.66666666666667,0.0,1.1375,24,24,24
20241011,관악구,2024101020,24.0,14.0,73.75,0.0,1.1291666666666669,24,24,24
20241011,광진구,2024101020,24.0,14.0,69.79166666666667,0.0,1.0333333333333334,24,24,24
20241011,구로구,2024101020,24.0,15.0,68.95833333333333,0.0,1.1708333333333334,24,24,24
20241011,금천구,2024101020,23.0,13.0,76.875,0.0,1.1458333333333333,24,24,24
20241011,노원구,2024101020,24.0,12.0,77.70833333333333,0.0,1.0708333333333333,24,24,24
20241011,도봉구,2024101020,24.0,12.0,77.70833333333333,0.0,1.0708333333333333,24,24,24
20241011,동대문구,2024101020,24.0,14.0,70.83333333333333,0.0,1.0666666666666669,24,24,24
20241011,동작구,2024101020,24.0,14.0,73.75,0.0,1.1291666666666669,24,24,24
20241011,마포구,2024101020,24.0,14.0,72.5,0.0,1.070833333333333,24,24,24
20241011,서대문구,2024101020,24.0,14.0,72.5,0.0,1.070833333333333,24,24,24
20241011,서초구,2024101020,24.0,14.0,73.54166666666667,0.0,1.0708333333333333,24,24,24
20241011,성동구,2024101020,24.0,14.0,69.79166666666667,0.0,1.0625,24,24,24
20241011,성북구,2024101020,22.0,11.0,73.54166666666667,0.0,1.0583333333333331,24,24,24
20241011,송파구,2024101020,24.0,14.0,70.41666666666667,0.0,1.0416666666666667,24,24,24
20241011,양천구,2024101020,24.0,15.0,71.45833333333333,0.0,1.1291666666666669,24,24,24
20241011,영등포구,2024101020,24.0,15.0,72.08333333333333,0.0,1.1125,24,24,24
20241011,용산구,2024101020,24.0,14.0,72.29166666666667,0.0,1.0875,24,24,24
20241011,은평구,2024101020,24.0,13.0,75.20833333333333,0.0,1.0708333333333333,24,24,24
20241011,종로구,2024101020,24.0,14.0,70.83333333333333,0.0,1.0708333333333333,24,24,24
20241011,중구,2024101020,24.0,14.0,70.83333333333333,0.0,1.0708333333333333,24,24,24
20241011,중랑구,2024101020,24.0,13.0,70.41666666666667,0.0,1.0291666666666668,24,24,24
20241012,강남구,2024101120,24.0,14.0,68.75,0.0,1.1208333333333331,24,24,24
20241012,강동구,2024101120,24.0,13.0,66.875,0.0,1.125,24,24,24
20241012,강북구,2024101120,22.0,11.0,68.33333333333333,0.0,1.0541666666666667,24,24,24
20241012,강서구,2024101120,24.0,13.0,72.70833333333333,0.0,1.1583333333333334,24,24,24
20241012,관악구,2024101120,24.0,14.0,68.75,0.0,1.1541666666666666,24,24,24
20241012,광진구,2024101120,24.0,13.0,63.75,0.0,1.1208333333333331,24,24,24
20241012,구로구,2024101120,24.0,15.0,63.541666666666664,0.0,1.1583333333333334,24,24,24
20241012,금천구,2024101120,23.0,13.0,71.45833333333333,0.0,1.175,24,24,24
20241012,노원구,2024101120,24.0,12.0,72.91666666666667,0.0,1.0583333333333331,24,24,24
20241012,도봉구,2024101120,24.0,12.0,72.91666666666667,0.0,1.0583333333333331,24,24,24
20241012,동대문구,2024101120,24.0,14.0,65.41666666666667,0.0,1.0875,24,24,24
20241012,동작구,2024101120,24.0,14.0,68.75,0.0,1.1541666666666666,24,24,24
20241012,마포구,2024101120,24.0,14.0,67.70833333333333,0.0,1.0875,24,24,24
20241012,서대문구,2024101120,24.0,14.0,67.70833333333333,0.0,1.0875,24,24,24
20241012,서초구,2024101120,24.0,14.0,68.75,0.0,1.1208333333333331,24,24,24
20241012,성동구,2024101120,25.0,14.0,65.83333333333333,0.0,1.1,24,24,24
20241012,성북구,2024101120,22.0,11.0,68.33333333333333,0.0,1.0541666666666667,24,24,24
20241012,송파구,2024101120,24.0,14.0,65.625,0.0,1.125,24,24,24
20241012,양천구,2024101120,24.0,14.0,65.83333333333333,0.0,1.1416666666666666,24,24,24
20241012,영등포구,2024101120,24.0,15.0,66.875,0.0,1.116666666666667,24,24,24
20241012,용산구,2024101120,24.0,14.0,67.29166666666667,0.0,1.0875,24,24,24
20241012,은평구,2024101120,24.0,12.0,70.83333333333333,0.0,1.0583333333333331,24,24,24
20241012,종로구,2024101120,24.0,13.0,66.25,0.0,1.075,24,24,24
20241012,중구,2024101120,24.0,13.0,66.25,0.0,1.075,24,24,24
20241012,중랑구,2024101120,24.0,13.0,66.04166666666667,0.0,1.1041666666666667,24,24,24
20241013,강남구,2024101220,25.0,14.0,66.66666666666667,30.0,1.6958333333333335,24,24,24
20241013,강동구,2024101220,25.0,12.0,66.04166666666667,30.0,1.7541666666666664,24,24,24
20241013,강북구,2024101220,23.0,10.0,65.625,30.0,1.6083333333333334,24,24,24
20241013,강서구,2024101220,25.0,12.0,69.375,30.0,1.5708333333333335,24,24,24
20241013,관악구,2024101220,25.0,14.0,65.41666666666667,30.0,1.65,24,24,24
20241013,광진구,2024101220,25.0,14.0,62.5,30.0,1.7333333333333334,24,24,24
20241013,구로구,2024101220,25.0,15.0,60.208333333333336,30.0,1.6333333333333335,24,24,24
20241013,금천구,2024101220,25.0,13.0,69.16666666666667,30.0,1.6749999999999998,24,24,24
20241013,노원구,2024101220,25.0,11.0,71.25,30.0,1.6541666666666668,24,24,24
20241013,도봉구,2024101220,25.0,11.0,71.25,30.0,1.6541666666666668,24,24,24
20241013,동대문구,2024101220,25.0,14.0,62.708333333333336,30.0,1.6625000000000003,24,24,24
20241013,동작구,2024101220,25.0,14.0,65.41666666666667,30.0,1.65,24,24,24
20241013,마포구,2024101220,25.0,14.0,64.375,30.0,1.5791666666666668,24,24,24
20241013,서대문구,2024101220,25.0,14.0,64.375,30.0,1.5791666666666668,24,24,24
20241013,서초구,2024101220,25.0,14.0,66.66666666666667,30.0,1.6958333333333335,24,24,24
20241013,성동구,2024101220,25.0,14.0,64.79166666666667,30.0,1.675,24,24,24
20241013,성북구,2024101220,23.0,10.0,65.625,30.0,1.6083333333333334,24,24,24
20241013,송파구,2024101220,25.0,14.0,64.16666666666667,30.0,1.7416666666666665,24,24,24
20241013,양천구,2024101220,25.0,14.0,61.875,30.0,1.5875,24,24,24
20241013,영등포구,2024101220,25.0,15.0,63.75,30.0,1.6124999999999998,24,24,24
20241013,용산구,2024101220,25.0,14.0,64.79166666666667,30.0,1.6333333333333335,24,24,24
20241013,은평구,2024101220,25.0,12.0,66.66666666666667,30.0,1.5583333333333331,24,24,24
20241013,종로구,2024101220,26.0,14.0,63.333333333333336,30.0,1.625,24,24,24
20241013,중구,2024101220,26.0,14.0,63.333333333333336,30.0,1.625,24,24,24
20241013,중랑구,2024101220,25.0,13.0,63.958333333333336,30.0,1.7208333333333332,24,24,24
20241014,강남구,2024101320,24.0,17.0,74.375,30.0,1.75,24,24,24
20241014,강동구,2024101320,24.0,16.0,75.20833333333333,30.0,1.7041666666666666,24,24,24
20241014,강북구,2024101320,21.0,15.0,74.16666666666667,30.0,1.7333333333333334,24,24,24
20241014,강서구,2024101320,24.0,17.0,74.375,30.0,1.9958333333333336,24,24,24
20241014,관악구,2024101320,24.0,18.0,72.5,30.0,1.8375,24,24,24
20241014,광진구,2024101320,24.0,17.0,71.66666666666667,30.0,1.7208333333333332,24,24,24
20241014,구로구,2024101320,24.0,19.0,66.875,30.0,1.8875,24,24,24
20241014,금천구,2024101320,23.0,17.0,75.625,30.0,1.8416666666666668,24,24,24
20241014,노원구,2024101320,23.0,16.0,78.95833333333333,30.0,1.7208333333333332,24,24,24
20241014,도봉구,2024101320,23.0,16.0,78.95833333333333,30.0,1.7208333333333332,24,24,24
20241014,동대문구,2024101320,24.0,17.0,71.25,30.0,1.7333333333333334,24,24,24
20241014,동작구,2024101320,24.0,18.0,72.5,30.0,1.8375,24,24,24
20241014,마포구,2024101320,23.0,18.0,71.04166666666667,30.0,1.8125,24,24,24
20241014,서대문구,2024101320,23.0,18.0,71.04166666666667,30.0,1.8125,24,24,24
20241014,서초구,2024101320,24.0,17.0,74.375,30.0,1.75,24,24,24
20241014,성동구,2024101320,24.0,16.0,72.5,30.0,1.7416666666666665,24,24,24
20241014,성북구,2024101320,21.0,15.0,74.16666666666667,30.0,1.7333333333333334,24,24,24
20241014,송파구,2024101320,24.0,17.0,71.66666666666667,30.0,1.7166666666666668,24,24,24
20241014,양천구,2024101320,24.0,18.0,69.16666666666667,30.0,1.875,24,24,24
20241014,영등포구,2024101320,24.0,18.0,70.20833333333333,30.0,1.8125,24,24,24
20241014,용산구,2024101320,24.0,17.0,71.875,30.0,1.7708333333333333,24,24,24
20241014,은평구,2024101320,24.0,17.0,74.16666666666667,30.0,1.8125,24,24,24
20241014,종로구,2024101320,24.0,17.0,70.625,30.0,1.75,24,24,24
20241014,중구,2024101320,24.0,17.0,70.625,30.0,1.75,24,24,24
20241014,중랑구,2024101320,23.0,17.0,73.125,30.0,1.7083333333333333,24,24,24
20241015,강남구,2024101420,24.0,17.0,83.95833333333333,60.0,1.3083333333333331,24,24,24
20241015,강동구,2024101420,24.0,16.0,83.125,60.0,1.3333333333333333,24,24,24
20241015,강북구,2024101420,21.0,14.0,83.75,60.0,1.2333333333333334,24,24,24
20241015,강서구,2024101420,24.0,16.0,84.79166666666667,60.0,1.2916666666666667,24,24,24
20241015,관악구,2024101420,24.0,17.0,82.70833333333333,60.0,1.2708333333333333,24,24,24
20241015,광진구,2024101420,24.0,17.0,80.83333333333333,60.0,1.3125,24,24,24
20241015,구로구,2024101420,24.0,18.0,76.04166666666667,60.0,1.2791666666666666,24,24,24
20241015,금천구,2024101420,23.0,16.0,85.20833333333333,60.0,1.3,24,24,24
20241015,노원구,2024101420,24.0,15.0,88.125,60.0,1.2625,24,24,24
20241015,도봉구,2024101420,24.0,15.0,88.125,60.0,1.2625,24,24,24
20241015,동대문구,2024101420,24.0,17.0,81.45833333333333,60.0,1.2583333333333335,24,24,24
20241015,동작구,2024101420,24.0,17.0,82.70833333333333,60.0,1.2708333333333333,24,24,24
20241015,마포구,2024101420,24.0,17.0,81.66666666666667,60.0,1.2416666666666665,24,24,24
20241015,서대문구,2024101420,24.0,17.0,81.66666666666667,60.0,1.2416666666666665,24,24,24
20241015,서초구,2024101420,24.0,17.0,83.95833333333333,60.0,1.3083333333333331,24,24,24
20241015,성동구,2024101420,24.0,17.0,83.95833333333333,60.0,1.2833333333333334,24,24,24
20241015,성북구,2024101420,21.0,14.0,83.75,60.0,1.2333333333333334,24,24,24
20241015,송파구,2024101420,24.0,17.0,81.66666666666667,60.0,1.325,24,24,24
20241015,양천구,2024101420,24.0,17.0,79.375,60.0,1.2541666666666669,24,24,24
20241015,영등포구,2024101420,24.0,17.0,80.41666666666667,60.0,1.2583333333333333,24,24,24
20241015,용산구,2024101420,24.0,17.0,81.875,60.0,1.2625,24,24,24
20241015,은평구,2024101420,24.0,16.0,84.16666666666667,60.0,1.25,24,24,24
20241015,종로구,2024101420,23.0,17.0,81.66666666666667,60.0,1.2458333333333331,24,24,24
20241015,중구,2024101420,23.0,17.0,81.66666666666667,60.0,1.2458333333333331,24,24,24
20241015,중랑구,2024101420,24.0,17.0,81.45833333333333,60.0,1.2791666666666668,24,24,24
20241016,강남구,2024101520,24.0,15.0,69.375,0.0,0.9541666666666666,24,24,24
20241016,강동구,2024101520,24.0,14.0,70.20833333333333,0.0,0.9250000000000002,24,24,24
20241016,강북구,2024101520,22.0,11.0,68.54166666666667,0.0,0.9083333333333332,24,24,24
20241016,강서구,2024101520,24.0,13.0,71.25,0.0,1.1666666666666667,24,24,24
20241016,관악구,2024101520,24.0,14.0,68.33333333333333,0.0,1.0291666666666666,24,24,24
20241016,광진구,2024101520,24.0,15.0,65.625,0.0,0.9125,24,24,24
20241016,구로구,2024101520,24.0,15.0,63.958333333333336,0.0,1.1083333333333334,24,24,24
20241016,금천구,2024101520,23.0,14.0,71.45833333333333,0.0,1.0708333333333333,24,24,24
20241016,노원구,2024101520,24.0,12.0,74.16666666666667,0.0,0.9125,24,24,24
20241016,도봉구,2024101520,24.0,12.0,74.16666666666667,0.0,0.9125,24,24,24
20241016,동대문구,2024101520,24.0,15.0,65.83333333333333,0.0,0.9125,24,24,24
20241016,동작구,2024101520,24.0,14.0,68.33333333333333,0.0,1.0291666666666666,24,24,24
20241016,마포구,2024101520,23.0,14.0,67.29166666666667,0.0,0.9875,24,24,24
20241016,서대문구,2024101520,23.0,14.0,67.29166666666667,0.0,0.9875,24,24,24
20241016,서초구,2024101520,24.0,15.0,69.375,0.0,0.9541666666666666,24,24,24
20241016,성동구,2024101520,24.0,15.0,66.04166666666667,0.0,0.9208333333333334,24,24,24
20241016,성북구,2024101520,22.0,11.0,68.54166666666667,0.0,0.9083333333333332,24,24,24
20241016,송파구,2024101520,24.0,15.0,66.66666666666667,0.0,0.9333333333333336,24,24,24
20241016,양천구,2024101520,23.0,14.0,65.83333333333333,0.0,1.0916666666666668,24,24,24
20241016,영등포구,2024101520,24.0,14.0,66.25,0.0,1.0208333333333333,24,24,24
20241016,용산구,2024101520,24.0,15.0,67.29166666666667,0.0,0.975,24,24,24
20241016,은평구,2024101520,24.0,12.0,70.625,0.0,0.9708333333333332,24,24,24
20241016,종로구,2024101520,24.0,14.0,63.958333333333336,0.0,0.9291666666666668,24,24,24
20241016,중구,2024101520,24.0,14.0,63.958333333333336,0.0,0.9291666666666668,24,24,24
20241016,중랑구,2024101520,24.0,14.0,66.875,0.0,0.9083333333333332,24,24,24
20241017,강남구,2024101620,26.0,15.0,77.29166666666667,20.0,1.4,24,24,24
20241017,강동구,2024101620,25.0,14.0,76.45833333333333,20.0,1.3666666666666665,24,24,24
20241017,강북구,2024101620,23.0,11.0,75.625,20.0,1.2416666666666667,24,24,24
20241017,강서구,2024101620,26.0,13.0,78.33333333333333,0.0,1.2458333333333331,24,24,24
20241017,관악구,2024101620,26.0,15.0,75.625,20.0,1.3541666666666667,24,24,24
20241017,광진구,2024101620,25.0,15.0,73.125,20.0,1.3625,24,24,24
20241017,구로구,2024101620,26.0,16.0,71.25,0.0,1.3333333333333333,24,24,24
20241017,금천구,2024101620,25.0,14.0,78.33333333333333,20.0,1.3916666666666666,24,24,24
20241017,노원구,2024101620,25.0,12.0,80.41666666666667,20.0,1.2375,24,24,24
20241017,도봉구,2024101620,25.0,12.0,80.41666666666667,20.0,1.2375,24,24,24
20241017,동대문구,2024101620,26.0,15.0,72.91666666666667,20.0,1.325,24,24,24
20241017,동작구,2024101620,26.0,15.0,75.625,20.0,1.3541666666666667,24,24,24
20241017,마포구,2024101620,25.0,15.0,73.54166666666667,0.0,1.2666666666666666,24,24,24
20241017,서대문구,2024101620,25.0,15.0,73.54166666666667,0.0,1.2666666666666666,24,24,24
20241017,서초구,2024101620,26.0,15.0,77.29166666666667,20.0,1.4,24,24,24
20241017,성동구,2024101620,26.0,15.0,74.79166666666667,20.0,1.3708333333333336,24,24,24
20241017,성북구,2024101620,23.0,11.0,75.625,20.0,1.2416666666666667,24,24,24
20241017,송파구,2024101620,26.0,15.0,73.95833333333333,20.0,1.3916666666666666,24,24,24
20241017,양천구,2024101620,26.0,15.0,73.125,0.0,1.2958333333333332,24,24,24
20241017,영등포구,2024101620,26.0,15.0,72.91666666666667,20.0,1.3166666666666669,24,24,24
20241017,용산구,2024101620,26.0,15.0,74.375,20.0,1.3458333333333332,24,24,24
20241017,은평구,2024101620,26.0,13.0,76.25,0.0,1.2291666666666667,24,24,24
20241017,종로구,2024101620,26.0,15.0,72.08333333333333,20.0,1.2916666666666667,24,24,24
20241017,중구,2024101620,26.0,15.0,72.08333333333333,20.0,1.2916666666666667,24,24,24
20241017,중랑구,2024101620,25.0,14.0,73.95833333333333,20.0,1.3375,24,24,24
20241018,강남구,2024101720,20.0,16.0,84.375,69.0,2.0541666666666667,24,24,24
20241018,강동구,2024101720,20.0,16.0,84.58333333333333,71.0,2.1208333333333336,24,24,24
20241018,강북구,2024101720,18.0,14.0,83.95833333333333,73.0,1.875,24,24,24
20241018,강서구,2024101720,21.0,16.0,85.20833333333333,76.0,1.8208333333333335,24,24,24
20241018,관악구,2024101720,20.0,17.0,82.5,69.0,1.9875,24,24,24
20241018,광진구,2024101720,20.0,16.0,81.04166666666667,70.0,2.0833333333333335,24,24,24
20241018,구로구,2024101720,20.0,18.0,77.29166666666667,70.0,1.9458333333333335,24,24,24
20241018,금천구,2024101720,20.0,16.0,85.83333333333333,69.0,2.029166666666667,24,24,24
20241018,노원구,2024101720,20.0,15.0,87.91666666666667,74.0,1.95,24,24,24
20241018,도봉구,2024101720,20.0,15.0,87.91666666666667,74.0,1.95,24,24,24
20241018,동대문구,2024101720,20.0,16.0,81.66666666666667,70.0,1.9916666666666665,24,24,24
20241018,동작구,2024101720,20.0,17.0,82.5,69.0,1.9875,24,24,24
20241018,마포구,2024101720,20.0,17.0,81.25,72.0,1.8666666666666665,24,24,24
20241018,서대문구,2024101720,20.0,17.0,81.25,72.0,1.8666666666666665,24,24,24
20241018,서초구,2024101720,20.0,16.0,84.375,69.0,2.0541666666666667,24,24,24
20241018,성동구,2024101720,20.0,16.0,83.125,69.0,2.0375,24,24,24
20241018,성북구,2024101720,18.0,14.0,83.95833333333333,73.0,1.875,24,24,24
20241018,송파구,2024101720,20.0,17.0,81.875,69.0,2.091666666666667,24,24,24
20241018,양천구,2024101720,20.0,17.0,80.41666666666667,72.0,1.8791666666666669,24,24,24
20241018,영등포구,2024101720,20.0,17.0,80.83333333333333,70.0,1.9208333333333332,24,24,24
20241018,용산구,2024101720,20.0,17.0,81.875,69.0,1.991666666666667,24,24,24
20241018,은평구,2024101720,20.0,16.0,85.41666666666667,75.0,1.825,24,24,24
20241018,종로구,2024101720,20.0,17.0,81.25,71.0,1.9208333333333332,24,24,24
20241018,중구,2024101720,20.0,17.0,81.25,71.0,1.9208333333333332,24,24,24
20241018,중랑구,2024101720,20.0,16.0,82.08333333333333,70.0,2.0458333333333334,24,24,24
20241019,강남구,2024101820,21.0,16.0,72.70833333333333,60.0,2.783333333333333,24,24,24
20241019,강동구,2024101820,20.0,16.0,73.54166666666667,60.0,2.875,24,24,24
20241019,강북구,2024101820,19.0,13.0,73.95833333333333,60.0,2.6875,24,24,24
20241019,강서구,2024101820,21.0,15.0,75.0,30.0,3.0291666666666663,24,24,24
20241019,관악구,2024101820,21.0,16.0,71.875,60.0,2.8375,24,24,24
20241019,광진구,2024101820,20.0,17.0,71.25,60.0,2.820833333333333,24,24,24
20241019,구로구,2024101820,21.0,16.0,65.41666666666667,60.0,2.9083333333333337,24,24,24
20241019,금천구,2024101820,20.0,15.0,74.79166666666667,60.0,2.8208333333333333,24,24,24
20241019,노원구,2024101820,20.0,15.0,77.29166666666667,60.0,2.7541666666666664,24,24,24
20241019,도봉구,2024101820,20.0,15.0,77.29166666666667,60.0,2.7541666666666664,24,24,24
20241019,동대문구,2024101820,21.0,16.0,71.875,60.0,2.766666666666667,24,24,24
20241019,동작구,2024101820,21.0,16.0,71.875,60.0,2.8375,24,24,24
20241019,마포구,2024101820,20.0,15.0,71.45833333333333,60.0,2.783333333333333,24,24,24
20241019,서대문구,2024101820,20.0,15.0,71.45833333333333,60.0,2.783333333333333,24,24,24
20241019,서초구,2024101820,21.0,16.0,72.70833333333333,60.0,2.783333333333333,24,24,24
20241019,성동구,2024101820,21.0,16.0,73.125,60.0,2.783333333333333,24,24,24
20241019,성북구,2024101820,19.0,13.0,73.95833333333333,60.0,2.6875,24,24,24
20241019,송파구,2024101820,21.0,17.0,71.45833333333333,60.0,2.8166666666666664,24,24,24
20241019,양천구,2024101820,20.0,16.0,69.79166666666667,30.0,2.875,24,24,24
20241019,영등포구,2024101820,20.0,16.0,70.41666666666667,60.0,2.8166666666666664,24,24,24
20241019,용산구,2024101820,21.0,16.0,71.875,60.0,2.758333333333333,24,24,24
20241019,은평구,2024101820,21.0,15.0,74.79166666666667,60.0,2.7625000000000006,24,24,24
20241019,종로구,2024101820,21.0,16.0,73.33333333333333,60.0,2.7083333333333335,24,24,24
20241019,중구,2024101820,21.0,16.0,73.33333333333333,60.0,2.7083333333333335,24,24,24
20241019,중랑구,2024101820,20.0,17.0,71.875,60.0,2.845833333333333,24,24,24
20241020,강남구,2024101920,18.0,9.0,58.333333333333336,0.0,2.183333333333333,24,24,24
20241020,강동구,2024101920,18.0,8.0,59.375,20.0,2.5,24,24,24
20241020,강북구,2024101920,16.0,6.0,58.333333333333336,0.0,2.15,24,24,24
20241020,강서구,2024101920,19.0,9.0,61.25,20.0,2.2791666666666663,24,24,24
20241020,관악구,2024101920,18.0,10.0,56.458333333333336,0.0,2.1125,24,24,24
20241020,광진구,2024101920,18.0,9.0,55.416666666666664,20.0,2.3666666666666667,24,24,24
20241020,구로구,2024101920,19.0,11.0,51.25,20.0,2.141666666666667,24,24,24
20241020,금천구,2024101920,18.0,9.0,59.166666666666664,0.0,2.1416666666666666,24,24,24
20241020,노원구,2024101920,18.0,7.0,62.708333333333336,20.0,2.3625000000000003,24,24,24
20241020,도봉구,2024101920,18.0,7.0,62.708333333333336,20.0,2.3625000000000003,24,24,24
20241020,동대문구,2024101920,18.0,9.0,55.208333333333336,20.0,2.2708333333333335,24,24,24
20241020,동작구,2024101920,18.0,10.0,56.458333333333336,0.0,2.1125,24,24,24
20241020,마포구,2024101920,18.0,9.0,55.208333333333336,0.0,2.15,24,24,24
20241020,서대문구,2024101920,18.0,9.0,55.208333333333336,0.0,2.15,24,24,24
20241020,서초구,2024101920,18.0,9.0,58.333333333333336,0.0,2.183333333333333,24,24,24
20241020,성동구,2024101920,18.0,9.0,55.625,0.0,2.2208333333333337,24,24,24
20241020,성북구,2024101920,16.0,6.0,58.333333333333336,0.0,2.15,24,24,24
20241020,송파구,2024101920,18.0,9.0,55.208333333333336,0.0,2.3000000000000003,24,24,24
20241020,양천구,2024101920,18.0,9.0,53.958333333333336,0.0,2.15,24,24,24
20241020,영등포구,2024101920,18.0,9.0,55.0,0.0,2.120833333333333,24,24,24
20241020,용산구,2024101920,18.0,9.0,55.833333333333336,0.0,2.125,24,24,24
20241020,은평구,2024101920,18.0,8.0,59.166666666666664,0.0,2.1791666666666667,24,24,24
20241020,종로구,2024101920,18.0,8.0,55.833333333333336,0.0,2.1374999999999997,24,24,24
20241020,중구,2024101920,18.0,8.0,55.833333333333336,0.0,2.1374999999999997,24,24,24
20241020,중랑구,2024101920,18.0,9.0,56.041666666666664,20.0,2.4416666666666664,24,24,24
20241021,강남구,2024102020,21.0,10.0,73.33333333333333,30.0,1.5916666666666668,24,24,24
20241021,강동구,2024102020,20.0,10.0,74.16666666666667,30.0,1.675,24,24,24
20241021,강북구,2024102020,18.0,8.0,72.29166666666667,30.0,1.575,24,24,24
20241021,강서구,2024102020,21.0,10.0,73.54166666666667,30.0,1.6083333333333336,24,24,24
20241021,관악구,2024102020,21.0,11.0,70.625,30.0,1.5708333333333335,24,24,24
20241021,광진구,2024102020,21.0,11.0,70.625,30.0,1.6208333333333331,24,24,24
20241021,구로구,2024102020,21.0,13.0,65.625,30.0,1.5791666666666668,24,24,24
20241021,금천구,2024102020,20.0,10.0,74.16666666666667,30.0,1.575,24,24,24
20241021,노원구,2024102020,20.0,9.0,77.70833333333333,30.0,1.625,24,24,24
20241021,도봉구,2024102020,20.0,9.0,77.70833333333333,30.0,1.625,24,24,24
20241021,동대문구,2024102020,21.0,11.0,71.04166666666667,30.0,1.6000000000000003,24,24,24
20241021,동작구,2024102020,21.0,11.0,70.625,30.0,1.5708333333333335,24,24,24
20241021,마포구,2024102020,20.0,11.0,69.16666666666667,30.0,1.5708333333333335,24,24,24
20241021,서대문구,2024102020,20.0,11.0,69.16666666666667,30.0,1.5708333333333335,24,24,24
20241021,서초구,2024102020,21.0,10.0,73.33333333333333,30.0,1.5916666666666668,24,24,24
20241021,성동구,2024102020,21.0,10.0,72.08333333333333,30.0,1.5958333333333332,24,24,24
20241021,성북구,2024102020,18.0,8.0,72.29166666666667,30.0,1.575,24,24,24
20241021,송파구,2024102020,21.0,11.0,71.04166666666667,30.0,1.6291666666666669,24,24,24
20241021,양천구,2024102020,21.0,11.0,67.70833333333333,30.0,1.5666666666666669,24,24,24
20241021,영등포구,2024102020,21.0,11.0,69.16666666666667,30.0,1.5708333333333335,24,24,24
20241021,용산구,2024102020,20.0,11.0,70.83333333333333,30.0,1.5708333333333335,24,24,24
20241021,은평구,2024102020,20.0,10.0,72.5,30.0,1.5541666666666665,24,24,24
20241021,종로구,2024102020,20.0,10.0,68.95833333333333,30.0,1.5708333333333335,24,24,24
20241021,중구,2024102020,20.0,10.0,68.95833333333333,30.0,1.5708333333333335,24,24,24
20241021,중랑구,2024102020,20.0,10.0,71.875,30.0,1.625,24,24,24
20241022,강남구,2024102120,19.0,15.0,88.95833333333333,61.0,1.7,24,24,24
20241022,강동구,2024102120,18.0,15.0,88.75,60.0,1.7291666666666667,24,24,24
20241022,강북구,2024102120,16.0,13.0,89.375,61.0,1.5875,24,24,24
20241022,강서구,2024102120,19.0,15.0,90.83333333333331,60.0,1.7625,24,24,24
20241022,관악구,2024102120,19.0,16.0,87.08333333333333,61.0,1.7000000000000002,24,24,24
20241022,광진구,2024102120,18.0,15.0,86.04166666666667,61.0,1.7,24,24,24
20241022,구로구,2024102120,19.0,16.0,81.45833333333333,60.0,1.7083333333333333,24,24,24
20241022,금천구,2024102120,18.0,15.0,90.20833333333331,62.0,1.7291666666666667,24,24,24
20241022,노원구,2024102120,18.0,14.0,92.5,62.0,1.6416666666666666,24,24,24
20241022,도봉구,2024102120,18.0,14.0,92.5,62.0,1.6416666666666666,24,24,24
20241022,동대문구,2024102120,18.0,16.0,87.5,61.0,1.6583333333333332,24,24,24
20241022,동작구,2024102120,19.0,16.0,87.08333333333333,61.0,1.7000000000000002,24,24,24
20241022,마포구,2024102120,18.0,16.0,87.29166666666667,61.0,1.6333333333333335,24,24,24
20241022,서대문구,2024102120,18.0,16.0,87.29166666666667,61.0,1.6333333333333335,24,24,24
20241022,서초구,2024102120,19.0,15.0,88.95833333333333,61.0,1.7,24,24,24
20241022,성동구,2024102120,19.0,15.0,87.91666666666667,61.0,1.6875,24,24,24
20241022,성북구,2024102120,16.0,13.0,89.375,61.0,1.5875,24,24,24
20241022,송파구,2024102120,19.0,16.0,86.875,61.0,1.7,24,24,24
20241022,양천구,2024102120,18.0,16.0,85.20833333333333,60.0,1.6833333333333331,24,24,24
20241022,영등포구,2024102120,18.0,16.0,86.25,61.0,1.6666666666666667,24,24,24
20241022,용산구,2024102120,18.0,16.0,87.70833333333333,61.0,1.6583333333333332,24,24,24
20241022,은평구,2024102120,18.0,15.0,89.79166666666667,61.0,1.6041666666666667,24,24,24
20241022,종로구,2024102120,18.0,15.0,87.5,61.0,1.6375,24,24,24
20241022,중구,2024102120,18.0,15.0,87.5,61.0,1.6375,24,24,24
20241022,중랑구,2024102120,18.0,15.0,86.875,60.0,1.6875,24,24,24
20241023,강남구,2024102220,17.0,12.0,69.16666666666667,60.0,3.108333333333334,24,24,24
20241023,강동구,2024102220,17.0,11.0,69.16666666666667,60.0,3.2083333333333335,24,24,24
20241023,강북구,2024102220,14.0,8.0,70.625,60.0,2.945833333333333,24,24,24
20241023,강서구,2024102220,17.0,11.0,70.0,60.0,3.404166666666667,24,24,24
20241023,관악구,2024102220,17.0,12.0,68.33333333333333,60.0,3.2083333333333335,24,24,24
20241023,광진구,2024102220,17.0,12.0,66.25,60.0,3.158333333333333,24,24,24
20241023,구로구,2024102220,17.0,11.0,62.291666666666664,60.0,3.345833333333333,24,24,24
20241023,금천구,2024102220,16.0,12.0,70.625,60.0,3.295833333333333,24,24,24
20241023,노원구,2024102220,17.0,11.0,74.375,60.0,3.0500000000000003,24,24,24
20241023,도봉구,2024102220,17.0,11.0,74.375,60.0,3.0500000000000003,24,24,24
20241023,동대문구,2024102220,17.0,11.0,68.54166666666667,60.0,3.0541666666666667,24,24,24
20241023,동작구,2024102220,17.0,12.0,68.33333333333333,60.0,3.2083333333333335,24,24,24
20241023,마포구,2024102220,16.0,10.0,68.75,60.0,3.0875,24,24,24
20241023,서대문구,2024102220,16.0,10.0,68.75,60.0,3.0875,24,24,24
20241023,서초구,2024102220,17.0,12.0,69.16666666666667,60.0,3.108333333333334,24,24,24
20241023,성동구,2024102220,17.0,11.0,67.5,60.0,3.091666666666667,24,24,24
20241023,성북구,2024102220,14.0,8.0,70.625,60.0,2.945833333333333,24,24,24
20241023,송파구,2024102220,17.0,12.0,66.04166666666667,60.0,3.1666666666666665,24,24,24
20241023,양천구,2024102220,16.0,11.0,65.83333333333333,60.0,3.2458333333333336,24,24,24
20241023,영등포구,2024102220,17.0,11.0,66.875,60.0,3.15,24,24,24
20241023,용산구,2024102220,17.0,11.0,68.95833333333333,60.0,3.0625,24,24,24
20241023,은평구,2024102220,16.0,11.0,71.66666666666667,60.0,3.0499999999999994,24,24,24
20241023,종로구,2024102220,16.0,11.0,69.58333333333333,60.0,2.9958333333333336,24,24,24
20241023,중구,2024102220,16.0,11.0,69.58333333333333,60.0,2.9958333333333336,24,24,24
20241023,중랑구,2024102220,17.0,12.0,67.91666666666667,60.0,3.1458333333333335,24,24,24
20241024,강남구,2024102320,20.0,8.0,68.75,0.0,1.570833333333333,24,24,24
20241024,강동구,2024102320,19.0,7.0,68.95833333333333,0.0,1.6083333333333334,24,24,24
20241024,강북구,2024102320,17.0,5.0,69.375,0.0,1.4833333333333332,24,24,24
20241024,강서구,2024102320,19.0,7.0,71.875,0.0,1.5874999999999997,24,24,24
20241024,관악구,2024102320,19.0,8.0,68.125,0.0,1.5541666666666665,24,24,24
20241024,광진구,2024102320,19.0,8.0,65.0,0.0,1.5708333333333335,24,24,24
20241024,구로구,2024102320,20.0,9.0,63.75,0.0,1.5750000000000002,24,24,24
20241024,금천구,2024102320,19.0,7.0,71.04166666666667,0.0,1.575,24,24,24
20241024,노원구,2024102320,19.0,6.0,73.33333333333333,0.0,1.5625,24,24,24
20241024,도봉구,2024102320,19.0,6.0,73.33333333333333,0.0,1.5625,24,24,24
20241024,동대문구,2024102320,19.0,8.0,66.66666666666667,0.0,1.5291666666666668,24,24,24
20241024,동작구,2024102320,19.0,8.0,68.125,0.0,1.5541666666666665,24,24,24
20241024,마포구,2024102320,19.0,8.0,67.91666666666667,0.0,1.5208333333333333,24,24,24
20241024,서대문구,2024102320,19.0,8.0,67.91666666666667,0.0,1.5208333333333333,24,24,24
20241024,서초구,2024102320,20.0,8.0,68.75,0.0,1.570833333333333,24,24,24
20241024,성동구,2024102320,20.0,9.0,65.83333333333333,0.0,1.5458333333333332,24,24,24
20241024,성북구,2024102320,17.0,5.0,69.375,0.0,1.4833333333333332,24,24,24
20241024,송파구,2024102320,20.0,8.0,65.41666666666667,0.0,1.5708333333333335,24,24,24
20241024,양천구,2024102320,19.0,8.0,66.25,0.0,1.5499999999999998,24,24,24
20241024,영등포구,2024102320,19.0,8.0,66.875,0.0,1.525,24,24,24
20241024,용산구,2024102320,19.0,8.0,67.29166666666667,0.0,1.5291666666666666,24,24,24
20241024,은평구,2024102320,19.0,6.0,70.83333333333333,0.0,1.5041666666666669,24,24,24
20241024,종로구,2024102320,19.0,7.0,67.08333333333333,0.0,1.5041666666666664,24,24,24
20241024,중구,2024102320,19.0,7.0,67.08333333333333,0.0,1.5041666666666664,24,24,24
20241024,중랑구,2024102320,19.0,7.0,66.875,0.0,1.5666666666666669,24,24,24
20241025,강남구,2024102420,23.0,10.0,67.5,0.0,1.4125000000000003,24,24,24
20241025,강동구,2024102420,23.0,8.0,67.29166666666667,0.0,1.4083333333333332,24,24,24
20241025,강북구,2024102420,21.0,6.0,66.875,0.0,1.1916666666666669,24,24,24
20241025,강서구,2024102420,23.0,9.0,70.41666666666667,0.0,1.2916666666666667,24,24,24
20241025,관악구,2024102420,22.0,10.0,66.04166666666667,0.0,1.375,24,24,24
20241025,광진구,2024102420,23.0,10.0,63.333333333333336,0.0,1.3791666666666664,24,24,24
20241025,구로구,2024102420,23.0,12.0,62.083333333333336,0.0,1.3625,24,24,24
20241025,금천구,2024102420,22.0,9.0,68.54166666666667,0.0,1.4333333333333331,24,24,24
20241025,노원구,2024102420,23.0,7.0,71.66666666666667,0.0,1.2541666666666669,24,24,24
20241025,도봉구,2024102420,23.0,7.0,71.66666666666667,0.0,1.2541666666666669,24,24,24
20241025,동대문구,2024102420,23.0,10.0,63.958333333333336,0.0,1.2833333333333334,24,24,24
20241025,동작구,2024102420,22.0,10.0,66.04166666666667,0.0,1.375,24,24,24
20241025,마포구,2024102420,22.0,10.0,65.0,0.0,1.2625,24,24,24
20241025,서대문구,2024102420,22.0,10.0,65.0,0.0,1.2625,24,24,24
20241025,서초구,2024102420,23.0,10.0,67.5,0.0,1.4125000000000003,24,24,24
20241025,성동구,2024102420,23.0,10.0,63.958333333333336,0.0,1.3583333333333334,24,24,24
20241025,성북구,2024102420,21.0,6.0,66.875,0.0,1.1916666666666669,24,24,24
20241025,송파구,2024102420,23.0,10.0,64.375,0.0,1.4333333333333331,24,24,24
20241025,양천구,2024102420,22.0,11.0,64.16666666666667,0.0,1.3041666666666665,24,24,24
20241025,영등포구,2024102420,22.0,11.0,64.79166666666667,0.0,1.3125,24,24,24
20241025,용산구,2024102420,22.0,10.0,65.20833333333333,0.0,1.3291666666666666,24,24,24
20241025,은평구,2024102420,23.0,8.0,69.16666666666667,0.0,1.2000000000000002,24,24,24
20241025,종로구,2024102420,23.0,10.0,62.916666666666664,0.0,1.2458333333333331,24,24,24
20241025,중구,2024102420,23.0,10.0,62.916666666666664,0.0,1.2458333333333331,24,24,24
20241025,중랑구,2024102420,23.0,9.0,64.58333333333333,0.0,1.3458333333333332,24,24,24
20241026,강남구,2024102520,24.0,12.0,71.875,30.0,1.7333333333333334,24,24,24
20241026,강동구,2024102520,24.0,11.0,71.875,30.0,1.7541666666666669,24,24,24
20241026,강북구,2024102520,22.0,9.0,70.20833333333333,30.0,1.6291666666666669,24,24,24
20241026,강서구,2024102520,24.0,11.0,74.16666666666667,30.0,1.6458333333333333,24,24,24
20241026,관악구,2024102520,24.0,13.0,70.20833333333333,30.0,1.7166666666666668,24,24,24
20241026,광진구,2024102520,24.0,12.0,67.70833333333333,30.0,1.75,24,24,24
20241026,구로구,2024102520,24.0,14.0,66.25,30.0,1.7041666666666668,24,24,24
20241026,금천구,2024102520,23.0,12.0,73.95833333333333,30.0,1.7458333333333331,24,24,24
20241026,노원구,2024102520,24.0,10.0,74.58333333333333,30.0,1.7083333333333333,24,24,24
20241026,도봉구,2024102520,24.0,10.0,74.58333333333333,30.0,1.7083333333333333,24,24,24
20241026,동대문구,2024102520,24.0,12.0,68.125,30.0,1.6875,24,24,24
20241026,동작구,2024102520,24.0,13.0,70.20833333333333,30.0,1.7166666666666668,24,24,24
20241026,마포구,2024102520,23.0,13.0,68.54166666666667,30.0,1.6333333333333335,24,24,24
20241026,서대문구,2024102520,23.0,13.0,68.54166666666667,30.0,1.6333333333333335,24,24,24
20241026,서초구,2024102520,24.0,12.0,71.875,30.0,1.7333333333333334,24,24,24
20241026,성동구,2024102520,24.0,12.0,68.75,30.0,1.7166666666666668,24,24,24
20241026,성북구,2024102520,22.0,9.0,70.20833333333333,30.0,1.6291666666666669,24,24,24
20241026,송파구,2024102520,24.0,12.0,68.75,30.0,1.7583333333333335,24,24,24
20241026,양천구,2024102520,23.0,13.0,67.70833333333333,30.0,1.6625,24,24,24
20241026,영등포구,2024102520,24.0,13.0,68.54166666666667,30.0,1.6708333333333334,24,24,24
20241026,용산구,2024102520,24.0,13.0,69.375,30.0,1.6875,24,24,24
20241026,은평구,2024102520,24.0,11.0,72.08333333333333,30.0,1.6000000000000003,24,24,24
20241026,종로구,2024102520,24.0,12.0,66.45833333333333,30.0,1.6541666666666668,24,24,24
20241026,중구,2024102520,24.0,12.0,66.45833333333333,30.0,1.6541666666666668,24,24,24
20241026,중랑구,2024102520,24.0,11.0,67.91666666666667,30.0,1.7375,24,24,24
20241027,강남구,2024102620,20.0,14.0,78.33333333333333,30.0,1.425,24,24,24
20241027,강동구,2024102620,20.0,13.0,78.125,30.0,1.4375,24,24,24
20241027,강북구,2024102620,18.0,11.0,78.95833333333333,30.0,1.3208333333333335,24,24,24
20241027,강서구,2024102620,20.0,14.0,81.875,30.0,1.4166666666666667,24,24,24
20241027,관악구,2024102620,20.0,14.0,76.875,30.0,1.3999999999999997,24,24,24
20241027,광진구,2024102620,20.0,14.0,73.95833333333333,30.0,1.4208333333333332,24,24,24
20241027,구로구,2024102620,21.0,15.0,72.70833333333333,30.0,1.4333333333333331,24,24,24
20241027,금천구,2024102620,20.0,13.0,81.04166666666667,30.0,1.4374999999999998,24,24,24
20241027,노원구,2024102620,20.0,13.0,82.70833333333333,30.0,1.3291666666666666,24,24,24
20241027,도봉구,2024102620,20.0,13.0,82.70833333333333,30.0,1.3291666666666666,24,24,24
20241027,동대문구,2024102620,20.0,14.0,76.25,30.0,1.375,24,24,24
20241027,동작구,2024102620,20.0,14.0,76.875,30.0,1.3999999999999997,24,24,24
20241027,마포구,2024102620,20.0,14.0,76.45833333333333,30.0,1.35,24,24,24
20241027,서대문구,2024102620,20.0,14.0,76.45833333333333,30.0,1.35,24,24,24
20241027,서초구,2024102620,20.0,14.0,78.33333333333333,30.0,1.425,24,24,24
20241027,성동구,2024102620,21.0,14.0,75.625,30.0,1.3916666666666666,24,24,24
20241027,성북구,2024102620,18.0,11.0,78.95833333333333,30.0,1.3208333333333335,24,24,24
20241027,송파구,2024102620,21.0,14.0,75.20833333333333,30.0,1.425,24,24,24
20241027,양천구,2024102620,20.0,14.0,75.625,30.0,1.3875,24,24,24
20241027,영등포구,2024102620,20.0,14.0,75.83333333333333,30.0,1.3708333333333336,24,24,24
20241027,용산구,2024102620,20.0,14.0,76.45833333333333,30.0,1.3958333333333333,24,24,24
20241027,은평구,2024102620,20.0,13.0,80.0,30.0,1.3416666666666668,24,24,24
20241027,종로구,2024102620,20.0,14.0,75.0,30.0,1.3541666666666667,24,24,24
20241027,중구,2024102620,20.0,14.0,75.0,30.0,1.3541666666666667,24,24,24
20241027,중랑구,2024102620,20.0,14.0,75.83333333333333,30.0,1.3958333333333333,24,24,24
20241028,강남구,2024102720,21.0,11.0,78.75,30.0,1.5333333333333332,24,24,24
20241028,강동구,2024102720,20.0,11.0,78.54166666666667,30.0,1.65,24,24,24
20241028,강북구,2024102720,18.0,8.0,79.375,30.0,1.5791666666666666,24,24,24
20241028,강서구,2024102720,21.0,10.0,79.79166666666667,30.0,1.5583333333333331,24,24,24
20241028,관악구,2024102720,20.0,12.0,78.125,30.0,1.4958333333333336,24,24,24
20241028,광진구,2024102720,20.0,12.0,75.0,30.0,1.6166666666666665,24,24,24
20241028,구로구,2024102720,20.0,12.0,72.70833333333333,30.0,1.4958333333333331,24,24,24
20241028,금천구,2024102720,20.0,10.0,80.83333333333333,30.0,1.5,24,24,24
20241028,노원구,2024102720,20.0,9.0,82.70833333333333,30.0,1.6916666666666669,24,24,24
20241028,도봉구,2024102720,20.0,9.0,82.70833333333333,30.0,1.6916666666666669,24,24,24
20241028,동대문구,2024102720,20.0,12.0,76.04166666666667,30.0,1.5958333333333332,24,24,24
20241028,동작구,2024102720,20.0,12.0,78.125,30.0,1.4958333333333336,24,24,24
20241028,마포구,2024102720,20.0,11.0,76.875,30.0,1.5458333333333332,24,24,24
20241028,서대문구,2024102720,20.0,11.0,76.875,30.0,1.5458333333333332,24,24,24
20241028,서초구,2024102720,21.0,11.0,78.75,30.0,1.5333333333333332,24,24,24
20241028,성동구,2024102720,21.0,12.0,77.29166666666667,30.0,1.554166666666667,24,24,24
20241028,성북구,2024102720,18.0,8.0,79.375,30.0,1.5791666666666666,24,24,24
20241028,송파구,2024102720,21.0,12.0,75.625,30.0,1.5791666666666666,24,24,24
20241028,양천구,2024102720,20.0,11.0,75.0,30.0,1.5083333333333335,24,24,24
20241028,영등포구,2024102720,20.0,11.0,76.25,30.0,1.5208333333333333,24,24,24
20241028,용산구,2024102720,20.0,11.0,76.66666666666667,30.0,1.5208333333333333,24,24,24
20241028,은평구,2024102720,20.0,10.0,79.79166666666667,30.0,1.5666666666666669,24,24,24
20241028,종로구,2024102720,20.0,11.0,76.875,30.0,1.55,24,24,24
20241028,중구,2024102720,20.0,11.0,76.875,30.0,1.55,24,24,24
20241028,중랑구,2024102720,20.0,11.0,75.83333333333333,30.0,1.6499999999999997,24,24,24
20241029,강남구,2024102820,18.0,13.0,74.375,30.0,1.1625,24,24,24
20241029,강동구,2024102820,18.0,12.0,72.91666666666667,30.0,1.2083333333333333,24,24,24
20241029,강북구,2024102820,15.0,10.0,74.16666666666667,30.0,1.1208333333333331,24,24,24
20241029,강서구,2024102820,18.0,12.0,75.83333333333333,30.0,1.2583333333333335,24,24,24
20241029,관악구,2024102820,18.0,13.0,72.08333333333333,30.0,1.1625,24,24,24
20241029,광진구,2024102820,18.0,13.0,71.45833333333333,30.0,1.179166666666667,24,24,24
20241029,구로구,2024102820,19.0,14.0,67.08333333333333,30.0,1.2,24,24,24
20241029,금천구,2024102820,17.0,12.0,76.04166666666667,30.0,1.1916666666666669,24,24,24
20241029,노원구,2024102820,18.0,11.0,78.75,30.0,1.1666666666666667,24,24,24
20241029,도봉구,2024102820,18.0,11.0,78.75,30.0,1.1666666666666667,24,24,24
20241029,동대문구,2024102820,18.0,13.0,71.875,30.0,1.1333333333333333,24,24,24
20241029,동작구,2024102820,18.0,13.0,72.08333333333333,30.0,1.1625,24,24,24
20241029,마포구,2024102820,17.0,13.0,71.25,30.0,1.1291666666666669,24,24,24
20241029,서대문구,2024102820,17.0,13.0,71.25,30.0,1.1291666666666669,24,24,24
20241029,서초구,2024102820,18.0,13.0,74.375,30.0,1.1625,24,24,24
20241029,성동구,2024102820,18.0,13.0,73.95833333333333,30.0,1.15,24,24,24
20241029,성북구,2024102820,15.0,10.0,74.16666666666667,30.0,1.1208333333333331,24,24,24
20241029,송파구,2024102820,18.0,13.0,71.45833333333333,30.0,1.1916666666666669,24,24,24
20241029,양천구,2024102820,18.0,13.0,70.0,30.0,1.1791666666666667,24,24,24
20241029,영등포구,2024102820,18.0,13.0,70.625,30.0,1.175,24,24,24
20241029,용산구,2024102820,18.0,13.0,72.5,30.0,1.1208333333333331,24,24,24
20241029,은평구,2024102820,17.0,12.0,74.16666666666667,30.0,1.1333333333333333,24,24,24
20241029,종로구,2024102820,18.0,12.0,73.54166666666667,30.0,1.1208333333333331,24,24,24
20241029,중구,2024102820,18.0,12.0,73.54166666666667,30.0,1.1208333333333331,24,24,24
20241029,중랑구,2024102820,18.0,12.0,71.875,30.0,1.1958333333333335,24,24,24
20241030,강남구,2024102920,21.0,11.0,72.29166666666667,30.0,1.1833333333333331,24,24,24
20241030,강동구,2024102920,21.0,11.0,71.875,30.0,1.2583333333333335,24,24,24
20241030,강북구,2024102920,18.0,8.0,73.33333333333333,30.0,1.0541666666666667,24,24,24
20241030,강서구,2024102920,21.0,10.0,78.54166666666667,30.0,1.175,24,24,24
20241030,관악구,2024102920,20.0,12.0,73.33333333333333,30.0,1.1583333333333334,24,24,24
20241030,광진구,2024102920,21.0,11.0,68.33333333333333,30.0,1.1958333333333333,24,24,24
20241030,구로구,2024102920,21.0,12.0,69.375,30.0,1.175,24,24,24
20241030,금천구,2024102920,20.0,11.0,76.66666666666667,30.0,1.1958333333333333,24,24,24
20241030,노원구,2024102920,21.0,10.0,76.45833333333333,30.0,1.125,24,24,24
20241030,도봉구,2024102920,21.0,10.0,76.45833333333333,30.0,1.125,24,24,24
20241030,동대문구,2024102920,21.0,11.0,70.20833333333333,30.0,1.1291666666666669,24,24,24
20241030,동작구,2024102920,20.0,12.0,73.33333333333333,30.0,1.1583333333333334,24,24,24
20241030,마포구,2024102920,20.0,11.0,72.5,30.0,1.1,24,24,24
20241030,서대문구,2024102920,20.0,11.0,72.5,30.0,1.1,24,24,24
20241030,서초구,2024102920,21.0,11.0,72.29166666666667,30.0,1.1833333333333331,24,24,24
20241030,성동구,2024102920,21.0,12.0,70.83333333333333,30.0,1.1541666666666668,24,24,24
20241030,성북구,2024102920,18.0,8.0,73.33333333333333,30.0,1.0541666666666667,24,24,24
20241030,송파구,2024102920,21.0,12.0,69.16666666666667,30.0,1.2083333333333333,24,24,24
20241030,양천구,2024102920,20.0,11.0,71.45833333333333,30.0,1.125,24,24,24
20241030,영등포구,2024102920,20.0,12.0,71.45833333333333,30.0,1.1208333333333331,24,24,24
20241030,용산구,2024102920,20.0,11.0,71.25,30.0,1.125,24,24,24
20241030,은평구,2024102920,21.0,10.0,75.20833333333333,30.0,1.0708333333333333,24,24,24
20241030,종로구,2024102920,21.0,11.0,70.625,30.0,1.0875,24,24,24
20241030,중구,2024102920,21.0,11.0,70.625,30.0,1.0875,24,24,24
20241030,중랑구,2024102920,21.0,11.0,69.58333333333333,30.0,1.1875,24,24,24
20241031,강남구,2024103020,22.0,11.0,72.70833333333333,0.0,1.2166666666666668,24,24,24
20241031,강동구,2024103020,22.0,10.0,72.70833333333333,0.0,1.2291666666666667,24,24,24
20241031,강북구,2024103020,19.0,8.0,71.04166666666667,0.0,1.1208333333333331,24,24,24
20241031,강서구,2024103020,22.0,10.0,77.70833333333333,0.0,1.133333333333333,24,24,24
20241031,관악구,2024103020,22.0,11.0,72.29166666666667,0.0,1.1666666666666667,24,24,24
20241031,광진구,2024103020,22.0,11.0,68.33333333333333,0.0,1.1958333333333333,24,24,24
20241031,구로구,2024103020,22.0,13.0,68.125,0.0,1.1833333333333331,24,24,24
20241031,금천구,2024103020,21.0,10.0,75.625,0.0,1.2208333333333332,24,24,24
20241031,노원구,2024103020,22.0,9.0,75.20833333333333,0.0,1.1541666666666666,24,24,24
20241031,도봉구,2024103020,22.0,9.0,75.20833333333333,0.0,1.1541666666666666,24,24,24
20241031,동대문구,2024103020,22.0,11.0,68.54166666666667,0.0,1.1416666666666666,24,24,24
20241031,동작구,2024103020,22.0,11.0,72.29166666666667,0.0,1.1666666666666667,24,24,24
20241031,마포구,2024103020,21.0,12.0,70.83333333333333,0.0,1.1208333333333331,24,24,24
20241031,서대문구,2024103020,21.0,12.0,70.83333333333333,0.0,1.1208333333333331,24,24,24
20241031,서초구,2024103020,22.0,11.0,72.70833333333333,0.0,1.2166666666666668,24,24,24
20241031,성동구,2024103020,22.0,11.0,69.58333333333333,0.0,1.175,24,24,24
20241031,성북구,2024103020,19.0,8.0,71.04166666666667,0.0,1.1208333333333331,24,24,24
20241031,송파구,2024103020,22.0,11.0,69.58333333333333,0.0,1.2416666666666665,24,24,24
20241031,양천구,2024103020,21.0,12.0,70.0,0.0,1.1416666666666666,24,24,24
20241031,영등포구,2024103020,22.0,12.0,70.0,0.0,1.1375,24,24,24
20241031,용산구,2024103020,22.0,12.0,70.20833333333333,0.0,1.1458333333333333,24,24,24
20241031,은평구,2024103020,22.0,10.0,73.54166666666667,0.0,1.1041666666666667,24,24,24
20241031,종로구,2024103020,22.0,11.0,69.16666666666667,0.0,1.1291666666666669,24,24,24
20241031,중구,2024103020,22.0,11.0,69.16666666666667,0.0,1.1291666666666669,24,24,24
20241031,중랑구,2024103020,22.0,10.0,69.375,0.0,1.1708333333333334,24,24,24
20241101,강남구,2024103120,20.0,12.0,73.75,30.0,1.1541666666666668,24,24,24
20241101,강동구,2024103120,20.0,11.0,73.75,30.0,1.1666666666666667,24,24,24
20241101,강북구,2024103120,17.0,9.0,72.91666666666667,30.0,1.1375,24,24,24
20241101,강서구,2024103120,20.0,12.0,77.29166666666667,30.0,1.1833333333333331,24,24,24
20241101,관악구,2024103120,19.0,13.0,73.125,30.0,1.1791666666666667,24,24,24
20241101,광진구,2024103120,19.0,12.0,69.79166666666667,30.0,1.1666666666666667,24,24,24
20241101,구로구,2024103120,20.0,14.0,68.54166666666667,30.0,1.1625,24,24,24
20241101,금천구,2024103120,19.0,12.0,75.83333333333333,30.0,1.1833333333333331,24,24,24
20241101,노원구,2024103120,20.0,11.0,77.08333333333333,30.0,1.1666666666666667,24,24,24
20241101,도봉구,2024103120,20.0,11.0,77.08333333333333,30.0,1.1666666666666667,24,24,24
20241101,동대문구,2024103120,19.0,13.0,70.0,30.0,1.1583333333333334,24,24,24
20241101,동작구,2024103120,19.0,13.0,73.125,30.0,1.1791666666666667,24,24,24
20241101,마포구,2024103120,19.0,13.0,71.66666666666667,30.0,1.1416666666666666,24,24,24
20241101,서대문구,2024103120,19.0,13.0,71.66666666666667,30.0,1.1416666666666666,24,24,24
20241101,서초구,2024103120,20.0,12.0,73.75,30.0,1.1541666666666668,24,24,24
20241101,성동구,2024103120,20.0,12.0,71.875,30.0,1.1583333333333334,24,24,24
20241101,성북구,2024103120,17.0,9.0,72.91666666666667,30.0,1.1375,24,24,24
20241101,송파구,2024103120,20.0,12.0,71.45833333333333,30.0,1.1625,24,24,24
20241101,양천구,2024103120,19.0,13.0,70.625,30.0,1.15,24,24,24
20241101,영등포구,2024103120,19.0,13.0,71.25,30.0,1.1625,24,24,24
20241101,용산구,2024103120,19.0,13.0,71.45833333333333,30.0,1.1541666666666668,24,24,24
20241101,은평구,2024103120,20.0,11.0,74.375,30.0,1.1375,24,24,24
20241101,종로구,2024103120,19.0,12.0,70.0,30.0,1.1416666666666666,24,24,24
20241101,중구,2024103120,19.0,12.0,70.0,30.0,1.1416666666666666,24,24,24
20241101,중랑구,2024103120,19.0,12.0,71.45833333333333,30.0,1.1583333333333334,24,24,24
20241102,강남구,2024110120,23.0,14.0,67.70833333333333,30.0,3.0208333333333335,24,24,24
20241102,강동구,2024110120,23.0,13.0,66.875,30.0,2.9499999999999997,24,24,24
20241102,강북구,2024110120,21.0,11.0,67.91666666666667,30.0,2.6374999999999997,24,24,24
20241102,강서구,2024110120,23.0,12.0,70.41666666666667,30.0,3.3499999999999996,24,24,24
20241102,관악구,2024110120,23.0,14.0,65.83333333333333,30.0,3.0041666666666664,24,24,24
20241102,광진구,2024110120,23.0,14.0,63.541666666666664,30.0,2.8625000000000003,24,24,24
20241102,구로구,2024110120,23.0,15.0,60.833333333333336,30.0,3.1625,24,24,24
20241102,금천구,2024110120,23.0,13.0,69.375,30.0,3.2875,24,24,24
20241102,노원구,2024110120,23.0,12.0,71.875,30.0,2.5500000000000003,24,24,24
20241102,도봉구,2024110120,23.0,12.0,71.875,30.0,2.5500000000000003,24,24,24
20241102,동대문구,2024110120,23.0,14.0,65.0,30.0,2.6333333333333333,24,24,24
20241102,동작구,2024110120,23.0,14.0,65.83333333333333,30.0,3.0041666666666664,24,24,24
20241102,마포구,2024110120,22.0,13.0,65.20833333333333,30.0,2.679166666666667,24,24,24
20241102,서대문구,2024110120,22.0,13.0,65.20833333333333,30.0,2.679166666666667,24,24,24
20241102,서초구,2024110120,23.0,14.0,67.70833333333333,30.0,3.0208333333333335,24,24,24
20241102,성동구,2024110120,23.0,14.0,65.625,30.0,2.766666666666667,24,24,24
20241102,성북구,2024110120,21.0,11.0,67.91666666666667,30.0,2.6374999999999997,24,24,24
20241102,송파구,2024110120,23.0,14.0,65.0,30.0,3.045833333333333,24,24,24
20241102,양천구,2024110120,23.0,14.0,63.75,30.0,2.983333333333333,24,24,24
20241102,영등포구,2024110120,23.0,14.0,64.375,30.0,2.7291666666666665,24,24,24
20241102,용산구,2024110120,23.0,14.0,65.83333333333333,30.0,2.7291666666666665,24,24,24
20241102,은평구,2024110120,23.0,13.0,68.95833333333333,30.0,2.704166666666667,24,24,24
20241102,종로구,2024110120,23.0,13.0,65.0,30.0,2.65,24,24,24
20241102,중구,2024110120,23.0,13.0,65.0,30.0,2.65,24,24,24
20241102,중랑구,2024110120,23.0,14.0,65.41666666666667,30.0,2.766666666666667,24,24,24
20241103,강남구,2024110220,22.0,11.0,75.41666666666667,30.0,1.6125,24,24,24
20241103,강동구,2024110220,21.0,10.0,74.79166666666667,30.0,1.6041666666666667,24,24,24
20241103,강북구,2024110220,19.0,8.0,76.04166666666667,30.0,1.575,24,24,24
20241103,강서구,2024110220,22.0,11.0,78.125,30.0,1.7125,24,24,24
20241103,관악구,2024110220,22.0,12.0,73.33333333333333,30.0,1.6375,24,24,24
20241103,광진구,2024110220,22.0,11.0,71.25,30.0,1.6166666666666665,24,24,24
20241103,구로구,2024110220,22.0,13.0,68.54166666666667,30.0,1.6333333333333335,24,24,24
20241103,금천구,2024110220,21.0,11.0,77.91666666666667,30.0,1.6375,24,24,24
20241103,노원구,2024110220,21.0,9.0,80.20833333333333,30.0,1.6041666666666667,24,24,24
20241103,도봉구,2024110220,21.0,9.0,80.20833333333333,30.0,1.6041666666666667,24,24,24
20241103,동대문구,2024110220,21.0,11.0,72.91666666666667,30.0,1.6083333333333334,24,24,24
20241103,동작구,2024110220,22.0,12.0,73.33333333333333,30.0,1.6375,24,24,24
20241103,마포구,2024110220,21.0,12.0,73.33333333333333,30.0,1.6125,24,24,24
20241103,서대문구,2024110220,21.0,12.0,73.33333333333333,30.0,1.6125,24,24,24
20241103,서초구,2024110220,22.0,11.0,75.41666666666667,30.0,1.6125,24,24,24
20241103,성동구,2024110220,22.0,11.0,73.33333333333333,30.0,1.6125,24,24,24
20241103,성북구,2024110220,19.0,8.0,76.04166666666667,30.0,1.575,24,24,24
20241103,송파구,2024110220,22.0,11.0,71.66666666666667,30.0,1.6083333333333334,24,24,24
20241103,양천구,2024110220,21.0,12.0,71.875,30.0,1.625,24,24,24
20241103,영등포구,2024110220,22.0,12.0,72.5,30.0,1.6208333333333331,24,24,24
20241103,용산구,2024110220,21.0,12.0,73.33333333333333,30.0,1.6125,24,24,24
20241103,은평구,2024110220,21.0,10.0,76.875,30.0,1.6083333333333334,24,24,24
20241103,종로구,2024110220,22.0,11.0,73.125,30.0,1.5916666666666668,24,24,24
20241103,중구,2024110220,22.0,11.0,73.125,30.0,1.5916666666666668,24,24,24
20241103,중랑구,2024110220,21.0,10.0,72.29166666666667,30.0,1.6041666666666667,24,24,24
20241104,강남구,2024110320,18.0,15.0,70.20833333333333,60.0,2.3000000000000003,24,24,24
20241104,강동구,2024110320,17.0,15.0,70.83333333333333,60.0,2.345833333333333,24,24,24
20241104,강북구,2024110320,15.0,13.0,71.66666666666667,60.0,2.2624999999999997,24,24,24
20241104,강서구,2024110320,18.0,15.0,71.45833333333333,60.0,2.6041666666666665,24,24,24
20241104,관악구,2024110320,18.0,16.0,67.91666666666667,60.0,2.404166666666667,24,24,24
20241104,광진구,2024110320,18.0,15.0,68.125,60.0,2.3249999999999997,24,24,24
20241104,구로구,2024110320,18.0,16.0,61.875,60.0,2.5,24,24,24
20241104,금천구,2024110320,18.0,15.0,71.04166666666667,60.0,2.45,24,24,24
20241104,노원구,2024110320,17.0,15.0,75.41666666666667,60.0,2.3125,24,24,24
20241104,도봉구,2024110320,17.0,15.0,75.41666666666667,60.0,2.3125,24,24,24
20241104,동대문구,2024110320,18.0,16.0,68.75,60.0,2.2916666666666665,24,24,24
20241104,동작구,2024110320,18.0,16.0,67.91666666666667,60.0,2.404166666666667,24,24,24
20241104,마포구,2024110320,17.0,15.0,68.33333333333333,60.0,2.3583333333333334,24,24,24
20241104,서대문구,2024110320,17.0,15.0,68.33333333333333,60.0,2.3583333333333334,24,24,24
20241104,서초구,2024110320,18.0,15.0,70.20833333333333,60.0,2.3000000000000003,24,24,24
20241104,성동구,2024110320,18.0,15.0,71.25,60.0,2.2875,24,24,24
20241104,성북구,2024110320,15.0,13.0,71.66666666666667,60.0,2.2624999999999997,24,24,24
20241104,송파구,2024110320,18.0,15.0,68.33333333333333,60.0,2.316666666666667,24,24,24
20241104,양천구,2024110320,17.0,16.0,66.66666666666667,60.0,2.4541666666666666,24,24,24
20241104,영등포구,2024110320,17.0,16.0,67.5,60.0,2.3791666666666664,24,24,24
20241104,용산구,2024110320,18.0,15.0,69.16666666666667,60.0,2.295833333333333,24,24,24
20241104,은평구,2024110320,17.0,15.0,72.08333333333333,60.0,2.3458333333333337,24,24,24
20241104,종로구,2024110320,17.0,15.0,70.41666666666667,60.0,2.275,24,24,24
20241104,중구,2024110320,17.0,15.0,70.41666666666667,60.0,2.275,24,24,24
20241104,중랑구,2024110320,17.0,15.0,68.54166666666667,60.0,2.325,24,24,24
20241105,강남구,2024110420,14.0,7.0,57.5,30.0,1.7875000000000003,24,24,24
20241105,강동구,2024110420,15.0,6.0,59.791666666666664,30.0,1.8166666666666669,24,24,24
20241105,강북구,2024110420,12.0,3.0,55.625,30.0,1.7791666666666666,24,24,24
20241105,강서구,2024110420,14.0,5.0,56.25,30.0,2.175,24,24,24
20241105,관악구,2024110420,14.0,7.0,54.375,30.0,1.9333333333333336,24,24,24
20241105,광진구,2024110420,14.0,7.0,55.208333333333336,30.0,1.8,24,24,24
20241105,구로구,2024110420,14.0,7.0,48.125,30.0,2.029166666666667,24,24,24
20241105,금천구,2024110420,14.0,6.0,57.5,30.0,1.9583333333333333,24,24,24
20241105,노원구,2024110420,14.0,5.0,60.0,30.0,1.8083333333333331,24,24,24
20241105,도봉구,2024110420,14.0,5.0,60.0,30.0,1.8083333333333331,24,24,24
20241105,동대문구,2024110420,14.0,7.0,53.541666666666664,30.0,1.7833333333333332,24,24,24
20241105,동작구,2024110420,14.0,7.0,54.375,30.0,1.9333333333333336,24,24,24
20241105,마포구,2024110420,14.0,6.0,52.916666666666664,30.0,1.9166666666666667,24,24,24
20241105,서대문구,2024110420,14.0,6.0,52.916666666666664,30.0,1.9166666666666667,24,24,24
20241105,서초구,2024110420,14.0,7.0,57.5,30.0,1.7875000000000003,24,24,24
20241105,성동구,2024110420,15.0,7.0,56.666666666666664,30.0,1.7958333333333334,24,24,24
20241105,성북구,2024110420,12.0,3.0,55.625,30.0,1.7791666666666666,24,24,24
20241105,송파구,2024110420,15.0,7.0,55.833333333333336,30.0,1.7958333333333334,24,24,24
20241105,양천구,2024110420,14.0,6.0,51.666666666666664,30.0,2.0125,24,24,24
20241105,영등포구,2024110420,14.0,7.0,52.291666666666664,30.0,1.9083333333333332,24,24,24
20241105,용산구,2024110420,14.0,7.0,54.375,30.0,1.8166666666666669,24,24,24
20241105,은평구,2024110420,14.0,5.0,56.041666666666664,30.0,1.9041666666666663,24,24,24
20241105,종로구,2024110420,14.0,5.0,53.125,30.0,1.8041666666666665,24,24,24
20241105,중구,2024110420,14.0,5.0,53.125,30.0,1.8041666666666665,24,24,24
20241105,중랑구,2024110420,14.0,7.0,55.625,30.0,1.7916666666666667,24,24,24
20241106,강남구,2024110520,11.0,4.0,54.583333333333336,0.0,1.8916666666666664,24,24,24
20241106,강동구,2024110520,11.0,3.0,55.416666666666664,0.0,1.9833333333333336,24,24,24
20241106,강북구,2024110520,9.0,0.0,54.583333333333336,0.0,1.8166666666666669,24,24,24
20241106,강서구,2024110520,11.0,2.0,56.875,0.0,2.095833333333333,24,24,24
20241106,관악구,2024110520,11.0,4.0,51.875,0.0,1.9583333333333333,24,24,24
20241106,광진구,2024110520,12.0,4.0,51.041666666666664,0.0,1.9291666666666665,24,24,24
20241106,구로구,2024110520,12.0,5.0,46.875,0.0,2.0124999999999997,24,24,24
20241106,금천구,2024110520,11.0,3.0,55.0,0.0,1.9958333333333331,24,24,24
20241106,노원구,2024110520,12.0,2.0,58.333333333333336,0.0,1.8916666666666668,24,24,24
20241106,도봉구,2024110520,12.0,2.0,58.333333333333336,0.0,1.8916666666666668,24,24,24
20241106,동대문구,2024110520,11.0,4.0,52.291666666666664,0.0,1.8625,24,24,24
20241106,동작구,2024110520,11.0,4.0,51.875,0.0,1.9583333333333333,24,24,24
20241106,마포구,2024110520,11.0,4.0,51.666666666666664,0.0,1.9041666666666668,24,24,24
20241106,서대문구,2024110520,11.0,4.0,51.666666666666664,0.0,1.9041666666666668,24,24,24
20241106,서초구,2024110520,11.0,4.0,54.583333333333336,0.0,1.8916666666666664,24,24,24
20241106,성동구,2024110520,12.0,5.0,53.958333333333336,0.0,1.8875,24,24,24
20241106,성북구,2024110520,9.0,0.0,54.583333333333336,0.0,1.8166666666666669,24,24,24
20241106,송파구,2024110520,12.0,4.0,52.291666666666664,0.0,1.9375,24,24,24
20241106,양천구,2024110520,11.0,4.0,50.625,0.0,1.9875,24,24,24
20241106,영등포구,2024110520,11.0,4.0,51.041666666666664,0.0,1.9291666666666665,24,24,24
20241106,용산구,2024110520,11.0,4.0,52.5,0.0,1.8708333333333336,24,24,24
20241106,은평구,2024110520,11.0,2.0,55.208333333333336,0.0,1.8958333333333333,24,24,24
20241106,종로구,2024110520,11.0,3.0,52.5,0.0,1.8375,24,24,24
20241106,중구,2024110520,11.0,3.0,52.5,0.0,1.8375,24,24,24
20241106,중랑구,2024110520,12.0,4.0,52.916666666666664,0.0,1.9208333333333336,24,24,24
20241107,강남구,2024110620,14.0,3.0,62.083333333333336,0.0,1.0041666666666669,24,24,24
20241107,강동구,2024110620,14.0,2.0,61.458333333333336,0.0,1.0916666666666666,24,24,24
20241107,강북구,2024110620,12.0,-1.0,59.583333333333336,0.0,0.9875000000000002,24,24,24
20241107,강서구,2024110620,14.0,1.0,64.375,0.0,0.9916666666666668,24,24,24
20241107,관악구,2024110620,14.0,3.0,60.0,0.0,0.9916666666666666,24,24,24
20241107,광진구,2024110620,14.0,3.0,57.708333333333336,0.0,1.0541666666666667,24,24,24
20241107,구로구,2024110620,14.0,4.0,56.041666666666664,0.0,1.0125,24,24,24
20241107,금천구,2024110620,14.0,2.0,63.75,0.0,1.0125,24,24,24
20241107,노원구,2024110620,14.0,0.0,64.375,0.0,1.075,24,24,24
20241107,도봉구,2024110620,14.0,0.0,64.375,0.0,1.075,24,24,24
20241107,동대문구,2024110620,14.0,3.0,57.083333333333336,0.0,1.0166666666666666,24,24,24
20241107,동작구,2024110620,14.0,3.0,60.0,0.0,0.9916666666666666,24,24,24
20241107,마포구,2024110620,13.0,3.0,58.75,0.0,0.9458333333333332,24,24,24
20241107,서대문구,2024110620,13.0,3.0,58.75,0.0,0.9458333333333332,24,24,24
20241107,서초구,2024110620,14.0,3.0,62.083333333333336,0.0,1.0041666666666669,24,24,24
20241107,성동구,2024110620,15.0,3.0,58.75,0.0,1.0083333333333333,24,24,24
20241107,성북구,2024110620,12.0,-1.0,59.583333333333336,0.0,0.9875000000000002,24,24,24
20241107,송파구,2024110620,14.0,3.0,58.958333333333336,0.0,1.0333333333333332,24,24,24
20241107,양천구,2024110620,13.0,3.0,57.708333333333336,0.0,0.9916666666666666,24,24,24
20241107,영등포구,2024110620,14.0,3.0,57.708333333333336,0.0,0.9625,24,24,24
20241107,용산구,2024110620,14.0,3.0,58.541666666666664,0.0,0.9708333333333332,24,24,24
20241107,은평구,2024110620,14.0,1.0,62.5,0.0,0.9458333333333332,24,24,24
20241107,종로구,2024110620,14.0,2.0,56.25,0.0,0.9875000000000002,24,24,24
20241107,중구,2024110620,14.0,2.0,56.25,0.0,0.9875000000000002,24,24,24
20241107,중랑구,2024110620,14.0,2.0,58.958333333333336,0.0,1.0625,24,24,24
20241108,강남구,2024110720,18.0,4.0,67.29166666666667,20.0,1.1625,24,24,24
20241108,강동구,2024110720,17.0,3.0,66.875,20.0,1.2291666666666667,24,24,24
20241108,강북구,2024110720,15.0,1.0,62.291666666666664,0.0,1.1791666666666665,24,24,24
20241108,강서구,2024110720,17.0,3.0,68.95833333333333,0.0,1.3083333333333331,24,24,24
20241108,관악구,2024110720,17.0,5.0,66.45833333333333,0.0,1.225,24,24,24
20241108,광진구,2024110720,17.0,4.0,62.5,20.0,1.1666666666666667,24,24,24
20241108,구로구,2024110720,17.0,6.0,64.375,0.0,1.2583333333333335,24,24,24
20241108,금천구,2024110720,17.0,3.0,69.58333333333333,20.0,1.2333333333333334,24,24,24
20241108,노원구,2024110720,17.0,1.0,65.41666666666667,0.0,1.2166666666666666,24,24,24
20241108,도봉구,2024110720,17.0,1.0,65.41666666666667,0.0,1.2166666666666666,24,24,24
20241108,동대문구,2024110720,17.0,4.0,60.416666666666664,0.0,1.1833333333333331,24,24,24
20241108,동작구,2024110720,17.0,5.0,66.45833333333333,0.0,1.225,24,24,24
20241108,마포구,2024110720,17.0,4.0,63.125,0.0,1.2,24,24,24
20241108,서대문구,2024110720,17.0,4.0,63.125,0.0,1.2,24,24,24
20241108,서초구,2024110720,18.0,4.0,67.29166666666667,20.0,1.1625,24,24,24
20241108,성동구,2024110720,18.0,5.0,63.958333333333336,20.0,1.175,24,24,24
20241108,성북구,2024110720,15.0,1.0,62.291666666666664,0.0,1.1791666666666665,24,24,24
20241108,송파구,2024110720,18.0,4.0,64.79166666666667,20.0,1.1583333333333332,24,24,24
20241108,양천구,2024110720,17.0,5.0,63.125,0.0,1.25,24,24,24
20241108,영등포구,2024110720,17.0,5.0,64.16666666666667,0.0,1.2166666666666666,24,24,24
20241108,용산구,2024110720,17.0,5.0,63.958333333333336,0.0,1.175,24,24,24
20241108,은평구,2024110720,17.0,2.0,64.79166666666667,0.0,1.2041666666666666,24,24,24
20241108,종로구,2024110720,17.0,4.0,59.583333333333336,0.0,1.1666666666666667,24,24,24
20241108,중구,2024110720,17.0,4.0,59.583333333333336,0.0,1.1666666666666667,24,24,24
20241108,중랑구,2024110720,17.0,4.0,62.291666666666664,20.0,1.1875,24,24,24
20241109,강남구,2024110820,19.0,8.0,73.125,30.0,1.3666666666666665,24,24,24
20241109,강동구,2024110820,19.0,7.0,72.91666666666667,30.0,1.425,24,24,24
20241109,강북구,2024110820,17.0,4.0,71.25,30.0,1.2375,24,24,24
20241109,강서구,2024110820,19.0,6.0,75.83333333333333,30.0,1.2625,24,24,24
20241109,관악구,2024110820,19.0,8.0,72.29166666666667,30.0,1.3125000000000002,24,24,24
20241109,광진구,2024110820,19.0,8.0,69.375,30.0,1.3833333333333335,24,24,24
20241109,구로구,2024110820,19.0,9.0,68.33333333333333,30.0,1.2875,24,24,24
20241109,금천구,2024110820,19.0,7.0,75.83333333333333,30.0,1.3333333333333333,24,24,24
20241109,노원구,2024110820,19.0,5.0,74.79166666666667,30.0,1.275,24,24,24
20241109,도봉구,2024110820,19.0,5.0,74.79166666666667,30.0,1.275,24,24,24
20241109,동대문구,2024110820,19.0,8.0,68.95833333333333,30.0,1.3166666666666669,24,24,24
20241109,동작구,2024110820,19.0,8.0,72.29166666666667,30.0,1.3125000000000002,24,24,24
20241109,마포구,2024110820,19.0,8.0,70.0,30.0,1.225,24,24,24
20241109,서대문구,2024110820,19.0,8.0,70.0,30.0,1.225,24,24,24
20241109,서초구,2024110820,19.0,8.0,73.125,30.0,1.3666666666666665,24,24,24
20241109,성동구,2024110820,19.0,8.0,71.66666666666667,30.0,1.3333333333333333,24,24,24
20241109,성북구,2024110820,17.0,4.0,71.25,30.0,1.2375,24,24,24
20241109,송파구,2024110820,19.0,8.0,70.41666666666667,30.0,1.3999999999999997,24,24,24
20241109,양천구,2024110820,19.0,8.0,70.0,30.0,1.2583333333333335,24,24,24
20241109,영등포구,2024110820,19.0,8.0,69.375,30.0,1.275,24,24,24
20241109,용산구,2024110820,19.0,8.0,70.20833333333333,30.0,1.2958333333333334,24,24,24
20241109,은평구,2024110820,19.0,5.0,73.75,30.0,1.2083333333333333,24,24,24
20241109,종로구,2024110820,19.0,7.0,69.375,30.0,1.2708333333333333,24,24,24
20241109,중구,2024110820,19.0,7.0,69.375,30.0,1.2708333333333333,24,24,24
20241109,중랑구,2024110820,19.0,7.0,70.0,30.0,1.3708333333333336,24,24,24
20241110,강남구,2024110920,20.0,10.0,73.33333333333333,30.0,1.3708333333333331,24,24,24
20241110,강동구,2024110920,20.0,9.0,72.5,30.0,1.3458333333333332,24,24,24
20241110,강북구,2024110920,17.0,8.0,72.91666666666667,30.0,1.3416666666666668,24,24,24
20241110,강서구,2024110920,20.0,9.0,78.33333333333333,30.0,1.4041666666666668,24,24,24
20241110,관악구,2024110920,20.0,11.0,72.70833333333333,30.0,1.3916666666666668,24,24,24
20241110,광진구,2024110920,20.0,10.0,69.16666666666667,30.0,1.3666666666666665,24,24,24
20241110,구로구,2024110920,20.0,12.0,67.29166666666667,30.0,1.3999999999999997,24,24,24
20241110,금천구,2024110920,19.0,10.0,76.04166666666667,30.0,1.3958333333333333,24,24,24
20241110,노원구,2024110920,20.0,8.0,77.08333333333333,30.0,1.3458333333333332,24,24,24
20241110,도봉구,2024110920,20.0,8.0,77.08333333333333,30.0,1.3458333333333332,24,24,24
20241110,동대문구,2024110920,20.0,11.0,69.16666666666667,30.0,1.3458333333333332,24,24,24
20241110,동작구,2024110920,20.0,11.0,72.70833333333333,30.0,1.3916666666666668,24,24,24
20241110,마포구,2024110920,19.0,11.0,71.45833333333333,30.0,1.35,24,24,24
20241110,서대문구,2024110920,19.0,11.0,71.45833333333333,30.0,1.35,24,24,24
20241110,서초구,2024110920,20.0,10.0,73.33333333333333,30.0,1.3708333333333331,24,24,24
20241110,성동구,2024110920,20.0,10.0,72.29166666666667,30.0,1.3708333333333336,24,24,24
20241110,성북구,2024110920,17.0,8.0,72.91666666666667,30.0,1.3416666666666668,24,24,24
20241110,송파구,2024110920,20.0,11.0,70.41666666666667,30.0,1.3541666666666667,24,24,24
20241110,양천구,2024110920,19.0,11.0,70.625,30.0,1.375,24,24,24
20241110,영등포구,2024110920,20.0,11.0,69.79166666666667,30.0,1.3666666666666665,24,24,24
20241110,용산구,2024110920,20.0,11.0,71.04166666666667,30.0,1.375,24,24,24
20241110,은평구,2024110920,20.0,10.0,75.41666666666667,30.0,1.3375,24,24,24
20241110,종로구,2024110920,20.0,10.0,70.625,30.0,1.3458333333333332,24,24,24
20241110,중구,2024110920,20.0,10.0,70.625,30.0,1.3458333333333332,24,24,24
20241110,중랑구,2024110920,20.0,10.0,70.20833333333333,30.0,1.35,24,24,24
20241111,강남구,2024111020,21.0,10.0,73.95833333333333,30.0,1.1666666666666667,24,24,24
20241111,강동구,2024111020,20.0,9.0,73.75,30.0,1.2166666666666668,24,24,24
20241111,강북구,2024111020,18.0,7.0,72.5,30.0,1.1333333333333335,24,24,24
20241111,강서구,2024111020,20.0,8.0,78.54166666666667,30.0,1.2125,24,24,24
20241111,관악구,2024111020,20.0,10.0,73.33333333333333,30.0,1.15,24,24,24
20241111,광진구,2024111020,20.0,10.0,69.58333333333333,30.0,1.1833333333333331,24,24,24
20241111,구로구,2024111020,20.0,11.0,69.375,30.0,1.1583333333333334,24,24,24
20241111,금천구,2024111020,20.0,9.0,76.25,30.0,1.1291666666666669,24,24,24
20241111,노원구,2024111020,21.0,8.0,76.45833333333333,30.0,1.1208333333333331,24,24,24
20241111,도봉구,2024111020,21.0,8.0,76.45833333333333,30.0,1.1208333333333331,24,24,24
20241111,동대문구,2024111020,20.0,10.0,69.58333333333333,30.0,1.1458333333333333,24,24,24
20241111,동작구,2024111020,20.0,10.0,73.33333333333333,30.0,1.15,24,24,24
20241111,마포구,2024111020,20.0,10.0,71.25,30.0,1.1541666666666668,24,24,24
20241111,서대문구,2024111020,20.0,10.0,71.25,30.0,1.1541666666666668,24,24,24
20241111,서초구,2024111020,21.0,10.0,73.95833333333333,30.0,1.1666666666666667,24,24,24
20241111,성동구,2024111020,21.0,10.0,73.33333333333333,30.0,1.1541666666666666,24,24,24
20241111,성북구,2024111020,18.0,7.0,72.5,30.0,1.1333333333333335,24,24,24
20241111,송파구,2024111020,21.0,10.0,71.66666666666667,30.0,1.1958333333333333,24,24,24
20241111,양천구,2024111020,20.0,10.0,70.625,30.0,1.1708333333333334,24,24,24
20241111,영등포구,2024111020,20.0,11.0,70.83333333333333,30.0,1.1541666666666666,24,24,24
20241111,용산구,2024111020,20.0,10.0,70.83333333333333,30.0,1.1458333333333333,24,24,24
20241111,은평구,2024111020,20.0,9.0,74.79166666666667,30.0,1.1583333333333334,24,24,24
20241111,종로구,2024111020,21.0,10.0,70.625,30.0,1.1375,24,24,24
20241111,중구,2024111020,21.0,10.0,70.625,30.0,1.1375,24,24,24
20241111,중랑구,2024111020,21.0,9.0,70.41666666666667,30.0,1.1708333333333332,24,24,24
20241112,강남구,2024111120,19.0,10.0,67.08333333333333,30.0,1.4541666666666668,24,24,24
20241112,강동구,2024111120,18.0,10.0,67.5,30.0,1.4750000000000003,24,24,24
20241112,강북구,2024111120,16.0,7.0,66.25,30.0,1.3541666666666667,24,24,24
20241112,강서구,2024111120,19.0,9.0,71.45833333333333,30.0,1.5375,24,24,24
20241112,관악구,2024111120,18.0,10.0,66.25,30.0,1.4541666666666666,24,24,24
20241112,광진구,2024111120,18.0,10.0,63.125,30.0,1.45,24,24,24
20241112,구로구,2024111120,19.0,11.0,61.25,30.0,1.5083333333333335,24,24,24
20241112,금천구,2024111120,18.0,10.0,70.20833333333333,30.0,1.4833333333333332,24,24,24
20241112,노원구,2024111120,19.0,8.0,71.04166666666667,30.0,1.3666666666666665,24,24,24
20241112,도봉구,2024111120,19.0,8.0,71.04166666666667,30.0,1.3666666666666665,24,24,24
20241112,동대문구,2024111120,18.0,10.0,63.125,30.0,1.3875,24,24,24
20241112,동작구,2024111120,18.0,10.0,66.25,30.0,1.4541666666666666,24,24,24
20241112,마포구,2024111120,18.0,10.0,65.0,30.0,1.4083333333333332,24,24,24
20241112,서대문구,2024111120,18.0,10.0,65.0,30.0,1.4083333333333332,24,24,24
20241112,서초구,2024111120,19.0,10.0,67.08333333333333,30.0,1.4541666666666668,24,24,24
20241112,성동구,2024111120,19.0,10.0,66.875,30.0,1.4208333333333334,24,24,24
20241112,성북구,2024111120,16.0,7.0,66.25,30.0,1.3541666666666667,24,24,24
20241112,송파구,2024111120,19.0,11.0,64.79166666666667,30.0,1.4791666666666667,24,24,24
20241112,양천구,2024111120,18.0,10.0,62.916666666666664,30.0,1.4583333333333333,24,24,24
20241112,영등포구,2024111120,18.0,11.0,63.125,30.0,1.4375,24,24,24
20241112,용산구,2024111120,18.0,11.0,65.41666666666667,30.0,1.4083333333333332,24,24,24
20241112,은평구,2024111120,18.0,9.0,68.95833333333333,30.0,1.3999999999999997,24,24,24
20241112,종로구,2024111120,19.0,10.0,64.375,30.0,1.3708333333333331,24,24,24
20241112,중구,2024111120,19.0,10.0,64.375,30.0,1.3708333333333331,24,24,24
20241112,중랑구,2024111120,18.0,10.0,64.16666666666667,30.0,1.425,24,24,24
20241113,강남구,2024111220,20.0,8.0,69.16666666666667,30.0,1.6916666666666669,24,24,24
20241113,강동구,2024111220,19.0,7.0,69.79166666666667,30.0,1.65,24,24,24
20241113,강북구,2024111220,17.0,5.0,68.33333333333333,30.0,1.5916666666666666,24,24,24
20241113,강서구,2024111220,20.0,6.0,73.54166666666667,30.0,1.6708333333333334,24,24,24
20241113,관악구,2024111220,20.0,9.0,68.75,30.0,1.7,24,24,24
20241113,광진구,2024111220,19.0,9.0,65.0,30.0,1.6583333333333332,24,24,24
20241113,구로구,2024111220,20.0,10.0,63.541666666666664,30.0,1.6875,24,24,24
20241113,금천구,2024111220,19.0,7.0,71.875,30.0,1.7166666666666666,24,24,24
20241113,노원구,2024111220,19.0,6.0,72.5,30.0,1.5833333333333333,24,24,24
20241113,도봉구,2024111220,19.0,6.0,72.5,30.0,1.5833333333333333,24,24,24
20241113,동대문구,2024111220,19.0,9.0,64.79166666666667,30.0,1.6083333333333334,24,24,24
20241113,동작구,2024111220,20.0,9.0,68.75,30.0,1.7,24,24,24
20241113,마포구,2024111220,19.0,9.0,66.66666666666667,30.0,1.625,24,24,24
20241113,서대문구,2024111220,19.0,9.0,66.66666666666667,30.0,1.625,24,24,24
20241113,서초구,2024111220,20.0,8.0,69.16666666666667,30.0,1.6916666666666669,24,24,24
20241113,성동구,2024111220,20.0,8.0,68.54166666666667,30.0,1.6666666666666667,24,24,24
20241113,성북구,2024111220,17.0,5.0,68.33333333333333,30.0,1.5916666666666666,24,24,24
20241113,송파구,2024111220,20.0,9.0,67.08333333333333,30.0,1.6958333333333335,24,24,24
20241113,양천구,2024111220,19.0,9.0,65.83333333333333,30.0,1.6583333333333332,24,24,24
20241113,영등포구,2024111220,19.0,9.0,66.25,30.0,1.65,24,24,24
20241113,용산구,2024111220,19.0,9.0,67.29166666666667,30.0,1.65,24,24,24
20241113,은평구,2024111220,19.0,7.0,70.0,30.0,1.6041666666666667,24,24,24
20241113,종로구,2024111220,19.0,9.0,65.625,30.0,1.6125,24,24,24
20241113,중구,2024111220,19.0,9.0,65.625,30.0,1.6125,24,24,24
20241113,중랑구,2024111220,19.0,8.0,66.25,30.0,1.6208333333333336,24,24,24
20241114,강남구,2024111320,18.0,12.0,72.29166666666667,60.0,1.525,24,24,24
20241114,강동구,2024111320,18.0,10.0,73.33333333333333,60.0,1.5041666666666669,24,24,24
20241114,강북구,2024111320,16.0,9.0,72.5,60.0,1.4875,24,24,24
20241114,강서구,2024111320,18.0,11.0,77.70833333333333,60.0,1.6083333333333334,24,24,24
20241114,관악구,2024111320,18.0,12.0,71.04166666666667,60.0,1.5416666666666667,24,24,24
20241114,광진구,2024111320,18.0,12.0,69.16666666666667,60.0,1.5041666666666664,24,24,24
20241114,구로구,2024111320,18.0,13.0,66.04166666666667,60.0,1.5333333333333332,24,24,24
20241114,금천구,2024111320,18.0,11.0,74.79166666666667,60.0,1.5333333333333332,24,24,24
20241114,노원구,2024111320,19.0,10.0,76.45833333333333,60.0,1.475,24,24,24
20241114,도봉구,2024111320,19.0,10.0,76.45833333333333,60.0,1.475,24,24,24
20241114,동대문구,2024111320,18.0,12.0,69.16666666666667,60.0,1.4708333333333332,24,24,24
20241114,동작구,2024111320,18.0,12.0,71.04166666666667,60.0,1.5416666666666667,24,24,24
20241114,마포구,2024111320,18.0,12.0,70.20833333333333,60.0,1.5166666666666666,24,24,24
20241114,서대문구,2024111320,18.0,12.0,70.20833333333333,60.0,1.5166666666666666,24,24,24
20241114,서초구,2024111320,18.0,12.0,72.29166666666667,60.0,1.525,24,24,24
20241114,성동구,2024111320,18.0,11.0,72.70833333333333,60.0,1.5125,24,24,24
20241114,성북구,2024111320,16.0,9.0,72.5,60.0,1.4875,24,24,24
20241114,송파구,2024111320,18.0,12.0,69.58333333333333,60.0,1.5166666666666668,24,24,24
20241114,양천구,2024111320,18.0,12.0,69.58333333333333,60.0,1.5208333333333333,24,24,24
20241114,영등포구,2024111320,18.0,12.0,68.75,60.0,1.5208333333333333,24,24,24
20241114,용산구,2024111320,18.0,12.0,69.375,60.0,1.5249999999999997,24,24,24
20241114,은평구,2024111320,18.0,10.0,74.375,60.0,1.5041666666666669,24,24,24
20241114,종로구,2024111320,19.0,12.0,71.45833333333333,60.0,1.4958333333333336,24,24,24
20241114,중구,2024111320,19.0,12.0,71.45833333333333,60.0,1.4958333333333336,24,24,24
20241114,중랑구,2024111320,18.0,11.0,70.41666666666667,60.0,1.491666666666667,24,24,24
20241115,강남구,2024111420,20.0,13.0,74.375,30.0,1.4125000000000003,24,24,24
20241115,강동구,2024111420,20.0,12.0,74.58333333333333,30.0,1.375,24,24,24
20241115,강북구,2024111420,17.0,10.0,74.375,60.0,1.275,24,24,24
20241115,강서구,2024111420,20.0,12.0,78.54166666666667,60.0,1.366666666666667,24,24,24
20241115,관악구,2024111420,20.0,14.0,72.5,60.0,1.3916666666666668,24,24,24
20241115,광진구,2024111420,20.0,13.0,70.83333333333333,30.0,1.3791666666666664,24,24,24
20241115,구로구,2024111420,20.0,15.0,66.25,60.0,1.3791666666666664,24,24,24
20241115,금천구,2024111420,20.0,13.0,75.83333333333333,60.0,1.3875000000000002,24,24,24
20241115,노원구,2024111420,20.0,11.0,79.375,60.0,1.3125,24,24,24
20241115,도봉구,2024111420,20.0,11.0,79.375,60.0,1.3125,24,24,24
20241115,동대문구,2024111420,20.0,14.0,71.04166666666667,60.0,1.325,24,24,24
20241115,동작구,2024111420,20.0,14.0,72.5,60.0,1.3916666666666668,24,24,24
20241115,마포구,2024111420,19.0,14.0,71.04166666666667,60.0,1.3333333333333333,24,24,24
20241115,서대문구,2024111420,19.0,14.0,71.04166666666667,60.0,1.3333333333333333,24,24,24
20241115,서초구,2024111420,20.0,13.0,74.375,30.0,1.4125000000000003,24,24,24
20241115,성동구,2024111420,21.0,13.0,75.0,30.0,1.375,24,24,24
20241115,성북구,2024111420,17.0,10.0,74.375,60.0,1.275,24,24,24
20241115,송파구,2024111420,20.0,13.0,71.66666666666667,30.0,1.4,24,24,24
20241115,양천구,2024111420,20.0,14.0,70.83333333333333,60.0,1.3708333333333331,24,24,24
20241115,영등포구,2024111420,20.0,14.0,70.0,60.0,1.3791666666666664,24,24,24
20241115,용산구,2024111420,19.0,14.0,71.45833333333333,60.0,1.375,24,24,24
20241115,은평구,2024111420,19.0,12.0,77.08333333333333,60.0,1.3,24,24,24
20241115,종로구,2024111420,20.0,13.0,73.33333333333333,60.0,1.3208333333333333,24,24,24
20241115,중구,2024111420,20.0,13.0,73.33333333333333,60.0,1.3208333333333333,24,24,24
20241115,중랑구,2024111420,20.0,13.0,72.70833333333333,30.0,1.3416666666666668,24,24,24
20241116,강남구,2024111520,21.0,14.0,78.125,60.0,2.1666666666666665,24,24,24
20241116,강동구,2024111520,20.0,13.0,78.75,60.0,2.2125,24,24,24
20241116,강북구,2024111520,18.0,11.0,77.5,60.0,2.091666666666667,24,24,24
20241116,강서구,2024111520,20.0,14.0,83.125,60.0,2.2041666666666666,24,24,24
20241116,관악구,2024111520,20.0,15.0,77.5,60.0,2.1374999999999997,24,24,24
20241116,광진구,2024111520,20.0,14.0,74.58333333333333,60.0,2.1791666666666667,24,24,24
20241116,구로구,2024111520,21.0,16.0,71.875,60.0,2.1374999999999997,24,24,24
20241116,금천구,2024111520,20.0,14.0,80.83333333333333,60.0,2.1333333333333333,24,24,24
20241116,노원구,2024111520,20.0,13.0,81.875,60.0,2.125,24,24,24
20241116,도봉구,2024111520,20.0,13.0,81.875,60.0,2.125,24,24,24
20241116,동대문구,2024111520,21.0,15.0,75.0,60.0,2.1458333333333335,24,24,24
20241116,동작구,2024111520,20.0,15.0,77.5,60.0,2.1374999999999997,24,24,24
20241116,마포구,2024111520,20.0,15.0,75.83333333333333,60.0,2.125,24,24,24
20241116,서대문구,2024111520,20.0,15.0,75.83333333333333,60.0,2.125,24,24,24
20241116,서초구,2024111520,21.0,14.0,78.125,60.0,2.1666666666666665,24,24,24
20241116,성동구,2024111520,20.0,13.0,78.125,60.0,2.175,24,24,24
20241116,성북구,2024111520,18.0,11.0,77.5,60.0,2.091666666666667,24,24,24
20241116,송파구,2024111520,20.0,14.0,76.25,60.0,2.1791666666666667,24,24,24
20241116,양천구,2024111520,20.0,15.0,75.20833333333333,60.0,2.120833333333333,24,24,24
20241116,영등포구,2024111520,20.0,15.0,74.375,60.0,2.120833333333333,24,24,24
20241116,용산구,2024111520,20.0,15.0,75.625,60.0,2.1458333333333335,24,24,24
20241116,은평구,2024111520,20.0,13.0,80.20833333333333,60.0,2.0875,24,24,24
20241116,종로구,2024111520,20.0,14.0,76.45833333333333,60.0,2.1125,24,24,24
20241116,중구,2024111520,20.0,14.0,76.45833333333333,60.0,2.1125,24,24,24
20241116,중랑구,2024111520,20.0,14.0,75.625,60.0,2.183333333333333,24,24,24
20241117,강남구,2024111620,10.0,6.0,51.666666666666664,30.0,2.9666666666666663,24,24,24
20241117,강동구,2024111620,10.0,5.0,53.958333333333336,30.0,3.0625,24,24,24
20241117,강북구,2024111620,7.0,3.0,51.458333333333336,30.0,2.6999999999999997,24,24,24
20241117,강서구,2024111620,9.0,5.0,53.333333333333336,30.0,2.9375,24,24,24
20241117,관악구,2024111620,9.0,6.0,48.958333333333336,30.0,2.933333333333333,24,24,24
20241117,광진구,2024111620,10.0,6.0,50.416666666666664,30.0,2.9625,24,24,24
20241117,구로구,2024111620,10.0,7.0,42.916666666666664,30.0,2.9,24,24,24
20241117,금천구,2024111620,9.0,5.0,53.125,30.0,3.0041666666666664,24,24,24
20241117,노원구,2024111620,10.0,4.0,57.083333333333336,30.0,2.779166666666667,24,24,24
20241117,도봉구,2024111620,10.0,4.0,57.083333333333336,30.0,2.779166666666667,24,24,24
20241117,동대문구,2024111620,10.0,6.0,49.583333333333336,30.0,2.8416666666666663,24,24,24
20241117,동작구,2024111620,9.0,6.0,48.958333333333336,30.0,2.933333333333333,24,24,24
20241117,마포구,2024111620,9.0,6.0,48.541666666666664,30.0,2.795833333333333,24,24,24
20241117,서대문구,2024111620,9.0,6.0,48.541666666666664,30.0,2.795833333333333,24,24,24
20241117,서초구,2024111620,10.0,6.0,51.666666666666664,30.0,2.9666666666666663,24,24,24
20241117,성동구,2024111620,11.0,6.0,54.375,30.0,2.9041666666666663,24,24,24
20241117,성북구,2024111620,7.0,3.0,51.458333333333336,30.0,2.6999999999999997,24,24,24
20241117,송파구,2024111620,10.0,6.0,50.416666666666664,30.0,3.025,24,24,24
20241117,양천구,2024111620,9.0,6.0,46.458333333333336,30.0,2.829166666666666,24,24,24
20241117,영등포구,2024111620,9.0,6.0,47.083333333333336,30.0,2.8625000000000003,24,24,24
20241117,용산구,2024111620,9.0,6.0,48.75,30.0,2.8625000000000003,24,24,24
20241117,은평구,2024111620,10.0,5.0,52.083333333333336,30.0,2.7291666666666665,24,24,24
20241117,종로구,2024111620,10.0,6.0,49.791666666666664,30.0,2.8083333333333336,24,24,24
20241117,중구,2024111620,10.0,6.0,49.791666666666664,30.0,2.8083333333333336,24,24,24
20241117,중랑구,2024111620,10.0,5.0,51.458333333333336,30.0,2.908333333333333,24,24,24
20241118,강남구,2024111720,7.0,-1.0,43.958333333333336,0.0,2.6750000000000003,24,24,24
20241118,강동구,2024111720,7.0,-2.0,44.375,0.0,2.5708333333333333,24,24,24
20241118,강북구,2024111720,4.0,-4.0,42.083333333333336,0.0,2.6,24,24,24
20241118,강서구,2024111720,6.0,-2.0,45.833333333333336,0.0,3.158333333333333,24,24,24
20241118,관악구,2024111720,6.0,-1.0,41.041666666666664,0.0,2.858333333333333,24,24,24
20241118,광진구,2024111720,6.0,-1.0,40.416666666666664,0.0,2.604166666666667,24,24,24
20241118,구로구,2024111720,7.0,0.0,36.875,0.0,2.983333333333333,24,24,24
20241118,금천구,2024111720,5.0,-1.0,45.416666666666664,0.0,2.9166666666666665,24,24,24
20241118,노원구,2024111720,7.0,-3.0,46.666666666666664,0.0,2.575,24,24,24
20241118,도봉구,2024111720,7.0,-3.0,46.666666666666664,0.0,2.575,24,24,24
20241118,동대문구,2024111720,6.0,-1.0,40.208333333333336,0.0,2.6,24,24,24
20241118,동작구,2024111720,6.0,-1.0,41.041666666666664,0.0,2.858333333333333,24,24,24
20241118,마포구,2024111720,6.0,-2.0,40.0,0.0,2.7833333333333337,24,24,24
20241118,서대문구,2024111720,6.0,-2.0,40.0,0.0,2.7833333333333337,24,24,24
20241118,서초구,2024111720,7.0,-1.0,43.958333333333336,0.0,2.6750000000000003,24,24,24
20241118,성동구,2024111720,8.0,-1.0,43.541666666666664,0.0,2.654166666666667,24,24,24
20241118,성북구,2024111720,4.0,-4.0,42.083333333333336,0.0,2.6,24,24,24
20241118,송파구,2024111720,7.0,-1.0,41.875,0.0,2.6416666666666666,24,24,24
20241118,양천구,2024111720,5.0,-1.0,39.375,0.0,2.9166666666666665,24,24,24
20241118,영등포구,2024111720,6.0,-1.0,39.583333333333336,0.0,2.829166666666667,24,24,24
20241118,용산구,2024111720,6.0,-1.0,41.041666666666664,0.0,2.7125,24,24,24
20241118,은평구,2024111720,6.0,-3.0,43.958333333333336,0.0,2.754166666666667,24,24,24
20241118,종로구,2024111720,7.0,-2.0,40.0,0.0,2.6666666666666665,24,24,24
20241118,중구,2024111720,7.0,-2.0,40.0,0.0,2.6666666666666665,24,24,24
20241118,중랑구,2024111720,6.0,-1.0,40.208333333333336,0.0,2.5749999999999997,24,24,24
20241119,강남구,2024111820,10.0,1.0,67.08333333333333,30.0,1.1416666666666666,24,24,24
20241119,강동구,2024111820,11.0,0.0,67.29166666666667,30.0,1.2041666666666666,24,24,24
20241119,강북구,2024111820,8.0,-3.0,66.45833333333333,30.0,1.1041666666666667,24,24,24
20241119,강서구,2024111820,10.0,-1.0,71.04166666666667,30.0,1.1416666666666666,24,24,24
20241119,관악구,2024111820,10.0,1.0,66.04166666666667,30.0,1.1125,24,24,24
20241119,광진구,2024111820,10.0,1.0,63.333333333333336,30.0,1.175,24,24,24
20241119,구로구,2024111820,10.0,2.0,61.25,30.0,1.1125,24,24,24
20241119,금천구,2024111820,10.0,0.0,69.58333333333333,30.0,1.1166666666666665,24,24,24
20241119,노원구,2024111820,11.0,-1.0,70.20833333333333,30.0,1.175,24,24,24
20241119,도봉구,2024111820,11.0,-1.0,70.20833333333333,30.0,1.175,24,24,24
20241119,동대문구,2024111820,10.0,1.0,63.75,30.0,1.125,24,24,24
20241119,동작구,2024111820,10.0,1.0,66.04166666666667,30.0,1.1125,24,24,24
20241119,마포구,2024111820,10.0,0.0,64.58333333333333,30.0,1.0875,24,24,24
20241119,서대문구,2024111820,10.0,0.0,64.58333333333333,30.0,1.0875,24,24,24
20241119,서초구,2024111820,10.0,1.0,67.08333333333333,30.0,1.1416666666666666,24,24,24
20241119,성동구,2024111820,11.0,1.0,67.08333333333333,30.0,1.1458333333333333,24,24,24
20241119,성북구,2024111820,8.0,-3.0,66.45833333333333,30.0,1.1041666666666667,24,24,24
20241119,송파구,2024111820,11.0,1.0,64.375,30.0,1.1583333333333334,24,24,24
20241119,양천구,2024111820,10.0,1.0,64.58333333333333,30.0,1.1125,24,24,24
20241119,영등포구,2024111820,10.0,1.0,63.75,30.0,1.1083333333333334,24,24,24
20241119,용산구,2024111820,10.0,1.0,65.20833333333333,30.0,1.1208333333333331,24,24,24
20241119,은평구,2024111820,10.0,-1.0,69.375,30.0,1.1041666666666667,24,24,24
20241119,종로구,2024111820,10.0,0.0,65.20833333333333,30.0,1.1125,24,24,24
20241119,중구,2024111820,10.0,0.0,65.20833333333333,30.0,1.1125,24,24,24
20241119,중랑구,2024111820,10.0,0.0,64.16666666666667,30.0,1.1875,24,24,24
20241120,강남구,2024111920,12.0,2.0,69.375,30.0,0.8458333333333335,24,24,24
20241120,강동구,2024111920,12.0,1.0,69.16666666666667,30.0,0.8958333333333334,24,24,24
20241120,강북구,2024111920,8.0,-1.0,68.54166666666667,30.0,0.6791666666666667,24,24,24
20241120,강서구,2024111920,12.0,0.0,73.54166666666667,30.0,0.8083333333333332,24,24,24
20241120,관악구,2024111920,12.0,2.0,68.95833333333333,30.0,0.8458333333333332,24,24,24
20241120,광진구,2024111920,12.0,2.0,65.625,30.0,0.8416666666666668,24,24,24
20241120,구로구,2024111920,12.0,3.0,64.79166666666667,30.0,0.8875000000000001,24,24,24
20241120,금천구,2024111920,12.0,1.0,71.875,30.0,0.9041666666666668,24,24,24
20241120,노원구,2024111920,11.0,0.0,71.875,30.0,0.6916666666666668,24,24,24
20241120,도봉구,2024111920,11.0,0.0,71.875,30.0,0.6916666666666668,24,24,24
20241120,동대문구,2024111920,11.0,2.0,65.625,30.0,0.7416666666666666,24,24,24
20241120,동작구,2024111920,12.0,2.0,68.95833333333333,30.0,0.8458333333333332,24,24,24
20241120,마포구,2024111920,11.0,2.0,67.70833333333333,30.0,0.7125,24,24,24
20241120,서대문구,2024111920,11.0,2.0,67.70833333333333,30.0,0.7125,24,24,24
20241120,서초구,2024111920,12.0,2.0,69.375,30.0,0.8458333333333335,24,24,24
20241120,성동구,2024111920,13.0,2.0,68.54166666666667,30.0,0.8083333333333332,24,24,24
20241120,성북구,2024111920,8.0,-1.0,68.54166666666667,30.0,0.6791666666666667,24,24,24
20241120,송파구,2024111920,12.0,2.0,67.5,30.0,0.8874999999999998,24,24,24
20241120,양천구,2024111920,11.0,2.0,66.45833333333333,30.0,0.8166666666666668,24,24,24
20241120,영등포구,2024111920,11.0,2.0,66.875,30.0,0.775,24,24,24
20241120,용산구,2024111920,11.0,2.0,67.29166666666667,30.0,0.7791666666666668,24,24,24
20241120,은평구,2024111920,11.0,1.0,71.04166666666667,30.0,0.6750000000000002,24,24,24
20241120,종로구,2024111920,11.0,2.0,66.25,30.0,0.7208333333333333,24,24,24
20241120,중구,2024111920,11.0,2.0,66.25,30.0,0.7208333333333333,24,24,24
20241120,중랑구,2024111920,11.0,2.0,66.66666666666667,30.0,0.7958333333333334,24,24,24
20241121,강남구,2024112020,14.0,7.0,78.54166666666667,30.0,1.0791666666666666,24,24,24
20241121,강동구,2024112020,13.0,6.0,79.375,30.0,1.0499999999999998,24,24,24
20241121,강북구,2024112020,11.0,3.0,78.95833333333333,60.0,1.0708333333333333,24,24,24
20241121,강서구,2024112020,14.0,5.0,80.625,30.0,1.2833333333333332,24,24,24
20241121,관악구,2024112020,14.0,7.0,76.875,60.0,1.1791666666666665,24,24,24
20241121,광진구,2024112020,14.0,7.0,77.5,30.0,1.0458333333333332,24,24,24
20241121,구로구,2024112020,14.0,8.0,71.04166666666667,60.0,1.2625000000000002,24,24,24
20241121,금천구,2024112020,13.0,6.0,80.41666666666667,60.0,1.2291666666666667,24,24,24
20241121,노원구,2024112020,14.0,4.0,83.33333333333333,60.0,1.0416666666666667,24,24,24
20241121,도봉구,2024112020,14.0,4.0,83.33333333333333,60.0,1.0416666666666667,24,24,24
20241121,동대문구,2024112020,14.0,7.0,77.08333333333333,60.0,1.0625,24,24,24
20241121,동작구,2024112020,14.0,7.0,76.875,60.0,1.1791666666666665,24,24,24
20241121,마포구,2024112020,14.0,6.0,75.83333333333333,60.0,1.1166666666666667,24,24,24
20241121,서대문구,2024112020,14.0,6.0,75.83333333333333,60.0,1.1166666666666667,24,24,24
20241121,서초구,2024112020,14.0,7.0,78.54166666666667,30.0,1.0791666666666666,24,24,24
20241121,성동구,2024112020,14.0,7.0,80.41666666666667,30.0,1.0583333333333331,24,24,24
20241121,성북구,2024112020,11.0,3.0,78.95833333333333,60.0,1.0708333333333333,24,24,24
20241121,송파구,2024112020,14.0,7.0,77.70833333333333,30.0,1.0708333333333333,24,24,24
20241121,양천구,2024112020,14.0,7.0,74.16666666666667,30.0,1.2166666666666668,24,24,24
20241121,영등포구,2024112020,14.0,7.0,74.58333333333333,30.0,1.1375,24,24,24
20241121,용산구,2024112020,14.0,7.0,75.83333333333333,30.0,1.0916666666666668,24,24,24
20241121,은평구,2024112020,14.0,5.0,79.58333333333333,60.0,1.0875,24,24,24
20241121,종로구,2024112020,14.0,6.0,78.95833333333333,60.0,1.075,24,24,24
20241121,중구,2024112020,14.0,6.0,78.95833333333333,60.0,1.075,24,24,24
20241121,중랑구,2024112020,14.0,6.0,78.33333333333333,60.0,1.05,24,24,24
20241122,강남구,2024112120,10.0,3.0,59.583333333333336,0.0,2.1875,24,24,24
20241122,강동구,2024112120,10.0,2.0,61.25,0.0,2.1750000000000003,24,24,24
20241122,강북구,2024112120,7.0,-1.0,60.416666666666664,0.0,2.0625,24,24,24
20241122,강서구,2024112120,9.0,2.0,62.291666666666664,0.0,2.379166666666667,24,24,24
20241122,관악구,2024112120,9.0,3.0,57.5,0.0,2.2458333333333336,24,24,24
20241122,광진구,2024112120,10.0,3.0,57.291666666666664,0.0,2.1791666666666667,24,24,24
20241122,구로구,2024112120,10.0,4.0,50.833333333333336,0.0,2.3125,24,24,24
20241122,금천구,2024112120,9.0,2.0,60.833333333333336,0.0,2.283333333333333,24,24,24
20241122,노원구,2024112120,10.0,1.0,64.375,0.0,2.0875000000000004,24,24,24
20241122,도봉구,2024112120,10.0,1.0,64.375,0.0,2.0875000000000004,24,24,24
20241122,동대문구,2024112120,10.0,3.0,57.5,0.0,2.125,24,24,24
20241122,동작구,2024112120,9.0,3.0,57.5,0.0,2.2458333333333336,24,24,24
20241122,마포구,2024112120,9.0,2.0,56.875,0.0,2.1666666666666665,24,24,24
20241122,서대문구,2024112120,9.0,2.0,56.875,0.0,2.1666666666666665,24,24,24
20241122,서초구,2024112120,10.0,3.0,59.583333333333336,0.0,2.1875,24,24,24
20241122,성동구,2024112120,10.0,3.0,61.25,0.0,2.1541666666666663,24,24,24
20241122,성북구,2024112120,7.0,-1.0,60.416666666666664,0.0,2.0625,24,24,24
20241122,송파구,2024112120,10.0,3.0,57.916666666666664,0.0,2.1916666666666664,24,24,24
20241122,양천구,2024112120,9.0,3.0,54.791666666666664,0.0,2.2708333333333335,24,24,24
20241122,영등포구,2024112120,9.0,3.0,55.208333333333336,0.0,2.2125,24,24,24
20241122,용산구,2024112120,9.0,3.0,57.5,0.0,2.1625,24,24,24
20241122,은평구,2024112120,9.0,1.0,60.833333333333336,0.0,2.1125000000000003,24,24,24
20241122,종로구,2024112120,10.0,2.0,58.958333333333336,0.0,2.0958333333333337,24,24,24
20241122,중구,2024112120,10.0,2.0,58.958333333333336,0.0,2.0958333333333337,24,24,24
20241122,중랑구,2024112120,10.0,2.0,58.75,0.0,2.1583333333333337,24,24,24
20241123,강남구,2024112220,13.0,2.0,61.458333333333336,0.0,1.1833333333333331,24,24,24
20241123,강동구,2024112220,12.0,1.0,61.458333333333336,0.0,1.2666666666666666,24,24,24
20241123,강북구,2024112220,10.0,-1.0,60.416666666666664,0.0,1.1583333333333332,24,24,24
20241123,강서구,2024112220,12.0,0.0,65.625,0.0,1.3500000000000003,24,24,24
20241123,관악구,2024112220,12.0,2.0,61.666666666666664,0.0,1.2416666666666667,24,24,24
20241123,광진구,2024112220,12.0,2.0,58.125,0.0,1.2166666666666666,24,24,24
20241123,구로구,2024112220,13.0,3.0,56.875,0.0,1.3166666666666669,24,24,24
20241123,금천구,2024112220,12.0,1.0,65.625,0.0,1.2166666666666668,24,24,24
20241123,노원구,2024112220,13.0,0.0,63.541666666666664,0.0,1.275,24,24,24
20241123,도봉구,2024112220,13.0,0.0,63.541666666666664,0.0,1.275,24,24,24
20241123,동대문구,2024112220,12.0,2.0,57.291666666666664,0.0,1.2041666666666666,24,24,24
20241123,동작구,2024112220,12.0,2.0,61.666666666666664,0.0,1.2416666666666667,24,24,24
20241123,마포구,2024112220,12.0,2.0,58.75,0.0,1.2291666666666667,24,24,24
20241123,서대문구,2024112220,12.0,2.0,58.75,0.0,1.2291666666666667,24,24,24
20241123,서초구,2024112220,13.0,2.0,61.458333333333336,0.0,1.1833333333333331,24,24,24
20241123,성동구,2024112220,13.0,2.0,59.791666666666664,0.0,1.2,24,24,24
20241123,성북구,2024112220,10.0,-1.0,60.416666666666664,0.0,1.1583333333333332,24,24,24
20241123,송파구,2024112220,13.0,2.0,58.958333333333336,0.0,1.2,24,24,24
20241123,양천구,2024112220,12.0,2.0,58.75,0.0,1.3166666666666669,24,24,24
20241123,영등포구,2024112220,12.0,2.0,58.958333333333336,0.0,1.2541666666666669,24,24,24
20241123,용산구,2024112220,12.0,2.0,58.958333333333336,0.0,1.1791666666666667,24,24,24
20241123,은평구,2024112220,12.0,1.0,62.916666666666664,0.0,1.2125,24,24,24
20241123,종로구,2024112220,13.0,2.0,58.541666666666664,0.0,1.1875,24,24,24
20241123,중구,2024112220,13.0,2.0,58.541666666666664,0.0,1.1875,24,24,24
20241123,중랑구,2024112220,12.0,2.0,59.166666666666664,0.0,1.25,24,24,24
20241124,강남구,2024112320,13.0,3.0,67.29166666666667,0.0,1.0833333333333333,24,24,24
20241124,강동구,2024112320,12.0,2.0,67.29166666666667,0.0,1.1041666666666667,24,24,24
20241124,강북구,2024112320,10.0,0.0,65.0,0.0,1.05,24,24,24
20241124,강서구,2024112320,12.0,1.0,73.125,0.0,1.0333333333333334,24,24,24
20241124,관악구,2024112320,12.0,3.0,67.91666666666667,0.0,1.0791666666666666,24,24,24
20241124,광진구,2024112320,12.0,3.0,62.291666666666664,0.0,1.075,24,24,24
20241124,구로구,2024112320,13.0,4.0,64.375,0.0,1.0791666666666666,24,24,24
20241124,금천구,2024112320,12.0,2.0,71.66666666666667,0.0,1.1041666666666667,24,24,24
20241124,노원구,2024112320,13.0,1.0,67.5,0.0,1.0875,24,24,24
20241124,도봉구,2024112320,13.0,1.0,67.5,0.0,1.0875,24,24,24
20241124,동대문구,2024112320,12.0,3.0,61.458333333333336,0.0,1.0666666666666669,24,24,24
20241124,동작구,2024112320,12.0,3.0,67.91666666666667,0.0,1.0791666666666666,24,24,24
20241124,마포구,2024112320,12.0,3.0,65.20833333333333,0.0,1.0458333333333334,24,24,24
20241124,서대문구,2024112320,12.0,3.0,65.20833333333333,0.0,1.0458333333333334,24,24,24
20241124,서초구,2024112320,13.0,3.0,67.29166666666667,0.0,1.0833333333333333,24,24,24
20241124,성동구,2024112320,13.0,3.0,64.58333333333333,0.0,1.0625,24,24,24
20241124,성북구,2024112320,10.0,0.0,65.0,0.0,1.05,24,24,24
20241124,송파구,2024112320,13.0,3.0,64.375,0.0,1.0708333333333333,24,24,24
20241124,양천구,2024112320,12.0,3.0,65.41666666666667,0.0,1.0541666666666667,24,24,24
20241124,영등포구,2024112320,12.0,3.0,65.0,0.0,1.0541666666666667,24,24,24
20241124,용산구,2024112320,12.0,3.0,64.375,0.0,1.0708333333333335,24,24,24
20241124,은평구,2024112320,12.0,1.0,67.5,0.0,1.0333333333333334,24,24,24
20241124,종로구,2024112320,13.0,2.0,63.125,0.0,1.0791666666666666,24,24,24
20241124,중구,2024112320,13.0,2.0,63.125,0.0,1.0791666666666666,24,24,24
20241124,중랑구,2024112320,12.0,2.0,63.125,0.0,1.0833333333333333,24,24,24
20241125,강남구,2024112420,15.0,4.0,65.0,30.0,2.5416666666666665,24,24,24
20241125,강동구,2024112420,15.0,3.0,65.0,30.0,2.5291666666666663,24,24,24
20241125,강북구,2024112420,13.0,1.0,63.125,30.0,2.408333333333333,24,24,24
20241125,강서구,2024112420,15.0,2.0,69.375,30.0,2.591666666666667,24,24,24
20241125,관악구,2024112420,15.0,4.0,65.83333333333333,30.0,2.5125,24,24,24
20241125,광진구,2024112420,15.0,4.0,61.041666666666664,30.0,2.5124999999999997,24,24,24
20241125,구로구,2024112420,15.0,5.0,61.875,30.0,2.5083333333333333,24,24,24
20241125,금천구,2024112420,15.0,3.0,68.33333333333333,30.0,2.5458333333333334,24,24,24
20241125,노원구,2024112420,15.0,1.0,65.625,30.0,2.4291666666666667,24,24,24
20241125,도봉구,2024112420,15.0,1.0,65.625,30.0,2.4291666666666667,24,24,24
20241125,동대문구,2024112420,15.0,4.0,60.833333333333336,30.0,2.4791666666666665,24,24,24
20241125,동작구,2024112420,15.0,4.0,65.83333333333333,30.0,2.5125,24,24,24
20241125,마포구,2024112420,15.0,4.0,62.083333333333336,30.0,2.466666666666667,24,24,24
20241125,서대문구,2024112420,15.0,4.0,62.083333333333336,30.0,2.466666666666667,24,24,24
20241125,서초구,2024112420,15.0,4.0,65.0,30.0,2.5416666666666665,24,24,24
20241125,성동구,2024112420,15.0,4.0,63.958333333333336,30.0,2.5124999999999997,24,24,24
20241125,성북구,2024112420,13.0,1.0,63.125,30.0,2.408333333333333,24,24,24
20241125,송파구,2024112420,15.0,4.0,63.541666666666664,30.0,2.5416666666666665,24,24,24
20241125,양천구,2024112420,15.0,4.0,62.708333333333336,30.0,2.504166666666667,24,24,24
20241125,영등포구,2024112420,15.0,4.0,62.5,30.0,2.4833333333333334,24,24,24
20241125,용산구,2024112420,15.0,4.0,62.291666666666664,30.0,2.495833333333333,24,24,24
20241125,은평구,2024112420,15.0,2.0,65.625,30.0,2.4416666666666664,24,24,24
20241125,종로구,2024112420,15.0,4.0,61.666666666666664,30.0,2.4583333333333335,24,24,24
20241125,중구,2024112420,15.0,4.0,61.666666666666664,30.0,2.4583333333333335,24,24,24
20241125,중랑구,2024112420,15.0,3.0,61.666666666666664,30.0,2.4833333333333334,24,24,24
20241126,강남구,2024112520,11.0,9.0,70.0,66.0,3.4,24,24,24
20241126,강동구,2024112520,10.0,9.0,69.79166666666667,66.0,3.4166666666666665,24,24,24
20241126,강북구,2024112520,8.0,6.0,70.0,70.0,3.2541666666666664,24,24,24
20241126,강서구,2024112520,11.0,9.0,74.79166666666667,70.0,3.5583333333333336,24,24,24
20241126,관악구,2024112520,11.0,10.0,69.58333333333333,68.0,3.4458333333333333,24,24,24
20241126,광진구,2024112520,10.0,9.0,66.66666666666667,66.0,3.3958333333333335,24,24,24
20241126,구로구,2024112520,11.0,10.0,64.16666666666667,69.0,3.5041666666666664,24,24,24
20241126,금천구,2024112520,10.0,9.0,73.54166666666667,68.0,3.475,24,24,24
20241126,노원구,2024112520,10.0,8.0,73.33333333333333,70.0,3.329166666666667,24,24,24
20241126,도봉구,2024112520,10.0,8.0,73.33333333333333,70.0,3.329166666666667,24,24,24
20241126,동대문구,2024112520,10.0,9.0,67.29166666666667,67.0,3.304166666666666,24,24,24
20241126,동작구,2024112520,11.0,10.0,69.58333333333333,68.0,3.4458333333333333,24,24,24
20241126,마포구,2024112520,10.0,9.0,68.33333333333333,70.0,3.3375,24,24,24
20241126,서대문구,2024112520,10.0,9.0,68.33333333333333,70.0,3.3375,24,24,24
20241126,서초구,2024112520,11.0,9.0,70.0,66.0,3.4,24,24,24
20241126,성동구,2024112520,10.0,9.0,71.04166666666667,67.0,3.3708333333333336,24,24,24
20241126,성북구,2024112520,8.0,6.0,70.0,70.0,3.2541666666666664,24,24,24
20241126,송파구,2024112520,10.0,9.0,68.75,66.0,3.4125,24,24,24
20241126,양천구,2024112520,10.0,9.0,67.70833333333333,69.0,3.4291666666666667,24,24,24
20241126,영등포구,2024112520,10.0,9.0,67.08333333333333,69.0,3.4083333333333337,24,24,24
20241126,용산구,2024112520,10.0,9.0,67.91666666666667,68.0,3.3708333333333336,24,24,24
20241126,은평구,2024112520,10.0,9.0,71.66666666666667,71.0,3.3125,24,24,24
20241126,종로구,2024112520,9.0,8.0,69.16666666666667,69.0,3.2999999999999994,24,24,24
20241126,중구,2024112520,9.0,8.0,69.16666666666667,69.0,3.2999999999999994,24,24,24
20241126,중랑구,2024112520,10.0,9.0,67.29166666666667,66.0,3.358333333333333,24,24,24
20241127,강남구,2024112620,3.0,1.0,78.54166666666667,60.0,2.3125,24,24,24
20241127,강동구,2024112620,2.0,0.0,82.29166666666667,60.0,2.35,24,24,24
20241127,강북구,2024112620,0.0,-3.0,80.41666666666667,60.0,2.3291666666666666,24,24,24
20241127,강서구,2024112620,3.0,0.0,79.375,60.0,2.6374999999999997,24,24,24
20241127,관악구,2024112620,3.0,1.0,75.41666666666667,60.0,2.6458333333333335,24,24,24
20241127,광진구,2024112620,2.0,1.0,78.95833333333333,60.0,2.2666666666666666,24,24,24
20241127,구로구,2024112620,4.0,2.0,69.16666666666667,60.0,3.033333333333333,24,24,24
20241127,금천구,2024112620,3.0,1.0,78.33333333333333,60.0,3.0041666666666664,24,24,24
20241127,노원구,2024112620,3.0,-1.0,83.75,60.0,2.3666666666666667,24,24,24
20241127,도봉구,2024112620,3.0,-1.0,83.75,60.0,2.3666666666666667,24,24,24
20241127,동대문구,2024112620,3.0,1.0,78.33333333333333,60.0,2.3666666666666667,24,24,24
20241127,동작구,2024112620,3.0,1.0,75.41666666666667,60.0,2.6458333333333335,24,24,24
20241127,마포구,2024112620,3.0,0.0,75.0,60.0,2.433333333333333,24,24,24
20241127,서대문구,2024112620,3.0,0.0,75.0,60.0,2.433333333333333,24,24,24
20241127,서초구,2024112620,3.0,1.0,78.54166666666667,60.0,2.3125,24,24,24
20241127,성동구,2024112620,3.0,0.0,81.45833333333333,60.0,2.216666666666667,24,24,24
20241127,성북구,2024112620,0.0,-3.0,80.41666666666667,60.0,2.3291666666666666,24,24,24
20241127,송파구,2024112620,3.0,1.0,78.33333333333333,60.0,2.3541666666666665,24,24,24
20241127,양천구,2024112620,3.0,1.0,72.91666666666667,60.0,2.654166666666667,24,24,24
20241127,영등포구,2024112620,3.0,1.0,73.95833333333333,60.0,2.3916666666666666,24,24,24
20241127,용산구,2024112620,3.0,1.0,76.875,60.0,2.220833333333333,24,24,24
20241127,은평구,2024112620,3.0,-1.0,79.79166666666667,60.0,2.3291666666666666,24,24,24
20241127,종로구,2024112620,3.0,0.0,78.75,60.0,2.3625000000000003,24,24,24
20241127,중구,2024112620,3.0,0.0,78.75,60.0,2.3625000000000003,24,24,24
20241127,중랑구,2024112620,3.0,1.0,80.0,60.0,2.4250000000000003,24,24,24
20241128,강남구,2024112720,4.0,0.0,86.25,60.0,1.7875,24,24,24
20241128,강동구,2024112720,4.0,-1.0,84.79166666666667,60.0,1.7875,24,24,24
20241128,강북구,2024112720,2.0,-4.0,81.04166666666667,60.0,1.5541666666666665,24,24,24
20241128,강서구,2024112720,4.0,-1.0,86.45833333333333,60.0,2.2958333333333334,24,24,24
20241128,관악구,2024112720,4.0,1.0,85.0,60.0,2.2083333333333335,24,24,24
20241128,광진구,2024112720,4.0,0.0,82.29166666666667,60.0,1.7416666666666665,24,24,24
20241128,구로구,2024112720,4.0,2.0,77.5,60.0,2.525,24,24,24
20241128,금천구,2024112720,3.0,0.0,88.125,60.0,2.695833333333333,24,24,24
20241128,노원구,2024112720,5.0,-2.0,82.91666666666667,60.0,1.575,24,24,24
20241128,도봉구,2024112720,5.0,-2.0,82.91666666666667,60.0,1.575,24,24,24
20241128,동대문구,2024112720,4.0,0.0,80.625,60.0,1.6291666666666669,24,24,24
20241128,동작구,2024112720,4.0,1.0,85.0,60.0,2.2083333333333335,24,24,24
20241128,마포구,2024112720,4.0,-1.0,80.20833333333333,60.0,1.8,24,24,24
20241128,서대문구,2024112720,4.0,-1.0,80.20833333333333,60.0,1.8,24,24,24
20241128,서초구,2024112720,4.0,0.0,86.25,60.0,1.7875,24,24,24
20241128,성동구,2024112720,4.0,-1.0,87.5,60.0,1.7166666666666668,24,24,24
20241128,성북구,2024112720,2.0,-4.0,81.04166666666667,60.0,1.5541666666666665,24,24,24
20241128,송파구,2024112720,4.0,0.0,83.95833333333333,60.0,1.7958333333333334,24,24,24
20241128,양천구,2024112720,4.0,0.0,81.45833333333333,60.0,2.2541666666666664,24,24,24
20241128,영등포구,2024112720,4.0,0.0,81.25,60.0,2.0083333333333333,24,24,24
20241128,용산구,2024112720,4.0,0.0,82.91666666666667,60.0,1.7958333333333334,24,24,24
20241128,은평구,2024112720,4.0,-3.0,82.70833333333333,60.0,1.6291666666666664,24,24,24
20241128,종로구,2024112720,4.0,-2.0,83.33333333333333,60.0,1.6416666666666666,24,24,24
20241128,중구,2024112720,4.0,-2.0,83.33333333333333,60.0,1.6416666666666666,24,24,24
20241128,중랑구,2024112720,4.0,-1.0,81.04166666666667,60.0,1.6791666666666665,24,24,24
20241129,강남구,2024112820,4.0,-4.0,74.79166666666667,60.0,2.4625,24,24,24
20241129,강동구,2024112820,4.0,-5.0,74.58333333333333,60.0,2.658333333333333,24,24,24
20241129,강북구,2024112820,2.0,-7.0,71.25,60.0,2.8083333333333336,24,24,24
20241129,강서구,2024112820,4.0,-5.0,76.04166666666667,60.0,2.8791666666666664,24,24,24
20241129,관악구,2024112820,4.0,-4.0,72.5,60.0,2.4041666666666663,24,24,24
20241129,광진구,2024112820,4.0,-4.0,70.83333333333333,60.0,2.5749999999999997,24,24,24
20241129,구로구,2024112820,4.0,-3.0,67.70833333333333,60.0,2.5291666666666663,24,24,24
20241129,금천구,2024112820,3.0,-5.0,77.5,60.0,2.4333333333333336,24,24,24
20241129,노원구,2024112820,4.0,-6.0,74.16666666666667,60.0,2.970833333333333,24,24,24
20241129,도봉구,2024112820,4.0,-6.0,74.16666666666667,60.0,2.970833333333333,24,24,24
20241129,동대문구,2024112820,4.0,-4.0,70.0,60.0,2.6791666666666667,24,24,24
20241129,동작구,2024112820,4.0,-4.0,72.5,60.0,2.4041666666666663,24,24,24
20241129,마포구,2024112820,4.0,-4.0,68.95833333333333,60.0,2.6374999999999997,24,24,24
20241129,서대문구,2024112820,4.0,-4.0,68.95833333333333,60.0,2.6374999999999997,24,24,24
20241129,서초구,2024112820,4.0,-4.0,74.79166666666667,60.0,2.4625,24,24,24
20241129,성동구,2024112820,5.0,-4.0,74.16666666666667,60.0,2.5208333333333335,24,24,24
20241129,성북구,2024112820,2.0,-7.0,71.25,60.0,2.8083333333333336,24,24,24
20241129,송파구,2024112820,4.0,-4.0,72.91666666666667,60.0,2.566666666666667,24,24,24
20241129,양천구,2024112820,3.0,-4.0,69.375,60.0,2.6541666666666663,24,24,24
20241129,영등포구,2024112820,3.0,-4.0,69.79166666666667,60.0,2.4916666666666667,24,24,24
20241129,용산구,2024112820,3.0,-4.0,70.83333333333333,60.0,2.4666666666666663,24,24,24
20241129,은평구,2024112820,4.0,-6.0,72.5,60.0,2.7875,24,24,24
20241129,종로구,2024112820,5.0,-4.0,71.04166666666667,60.0,2.6333333333333333,24,24,24
20241129,중구,2024112820,5.0,-4.0,71.04166666666667,60.0,2.6333333333333333,24,24,24
20241129,중랑구,2024112820,4.0,-4.0,70.625,60.0,2.7291666666666665,24,24,24
20241130,강남구,2024112920,8.0,-1.0,72.91666666666667,30.0,1.945833333333333,24,24,24
20241130,강동구,2024112920,8.0,-1.0,71.875,30.0,1.9583333333333333,24,24,24
20241130,강북구,2024112920,6.0,-4.0,72.29166666666667,30.0,1.9541666666666664,24,24,24
20241130,강서구,2024112920,8.0,-2.0,77.29166666666667,30.0,2.4250000000000003,24,24,24
20241130,관악구,2024112920,8.0,0.0,71.66666666666667,30.0,2.004166666666667,24,24,24
20241130,광진구,2024112920,8.0,0.0,68.95833333333333,30.0,1.8791666666666664,24,24,24
20241130,구로구,2024112920,9.0,1.0,67.29166666666667,30.0,2.2375000000000003,24,24,24
20241130,금천구,2024112920,7.0,-1.0,75.83333333333333,30.0,2.158333333333333,24,24,24
20241130,노원구,2024112920,8.0,-3.0,73.75,30.0,2.0875,24,24,24
20241130,도봉구,2024112920,8.0,-3.0,73.75,30.0,2.0875,24,24,24
20241130,동대문구,2024112920,8.0,-1.0,68.95833333333333,30.0,1.8625,24,24,24
20241130,동작구,2024112920,8.0,0.0,71.66666666666667,30.0,2.004166666666667,24,24,24
20241130,마포구,2024112920,8.0,-1.0,70.0,30.0,1.8333333333333333,24,24,24
20241130,서대문구,2024112920,8.0,-1.0,70.0,30.0,1.8333333333333333,24,24,24
20241130,서초구,2024112920,8.0,-1.0,72.91666666666667,30.0,1.945833333333333,24,24,24
20241130,성동구,2024112920,9.0,0.0,72.5,30.0,1.825,24,24,24
20241130,성북구,2024112920,6.0,-4.0,72.29166666666667,30.0,1.9541666666666664,24,24,24
20241130,송파구,2024112920,9.0,0.0,69.58333333333333,30.0,1.9791666666666667,24,24,24
20241130,양천구,2024112920,8.0,0.0,70.625,30.0,2.1374999999999997,24,24,24
20241130,영등포구,2024112920,8.0,0.0,69.79166666666667,30.0,1.8416666666666668,24,24,24
20241130,용산구,2024112920,8.0,-1.0,69.79166666666667,30.0,1.8208333333333335,24,24,24
20241130,은평구,2024112920,8.0,-2.0,73.75,30.0,1.9458333333333335,24,24,24
20241130,종로구,2024112920,9.0,-1.0,71.25,30.0,1.8375000000000004,24,24,24
20241130,중구,2024112920,9.0,-1.0,71.25,30.0,1.8375000000000004,24,24,24
20241130,중랑구,2024112920,8.0,-1.0,70.0,30.0,1.9291666666666665,24,24,24
20241201,강남구,2024113020,10.0,2.0,85.625,30.0,1.5208333333333333,24,24,24
20241201,강동구,2024113020,9.0,2.0,85.41666666666667,30.0,1.4541666666666668,24,24,24
20241201,강북구,2024113020,8.0,-1.0,83.95833333333333,30.0,1.4458333333333335,24,24,24
20241201,강서구,2024113020,10.0,1.0,88.54166666666667,30.0,1.5708333333333335,24,24,24
20241201,관악구,2024113020,9.0,3.0,85.41666666666667,30.0,1.5333333333333332,24,24,24
20241201,광진구,2024113020,10.0,3.0,82.91666666666667,30.0,1.4791666666666667,24,24,24
20241201,구로구,2024113020,11.0,4.0,80.41666666666667,30.0,1.5583333333333331,24,24,24
20241201,금천구,2024113020,9.0,2.0,89.375,30.0,1.525,24,24,24
20241201,노원구,2024113020,10.0,0.0,85.41666666666667,30.0,1.4458333333333335,24,24,24
20241201,도봉구,2024113020,10.0,0.0,85.41666666666667,30.0,1.4458333333333335,24,24,24
20241201,동대문구,2024113020,10.0,3.0,81.45833333333333,30.0,1.4666666666666668,24,24,24
20241201,동작구,2024113020,9.0,3.0,85.41666666666667,30.0,1.5333333333333332,24,24,24
20241201,마포구,2024113020,9.0,3.0,82.91666666666667,30.0,1.4958333333333336,24,24,24
20241201,서대문구,2024113020,9.0,3.0,82.91666666666667,30.0,1.4958333333333336,24,24,24
20241201,서초구,2024113020,10.0,2.0,85.625,30.0,1.5208333333333333,24,24,24
20241201,성동구,2024113020,10.0,2.0,86.66666666666667,30.0,1.5,24,24,24
20241201,성북구,2024113020,8.0,-1.0,83.95833333333333,30.0,1.4458333333333335,24,24,24
20241201,송파구,2024113020,10.0,3.0,84.79166666666667,30.0,1.4958333333333336,24,24,24
20241201,양천구,2024113020,9.0,3.0,83.54166666666667,30.0,1.5208333333333337,24,24,24
20241201,영등포구,2024113020,9.0,3.0,83.125,30.0,1.525,24,24,24
20241201,용산구,2024113020,9.0,3.0,83.54166666666667,30.0,1.5166666666666668,24,24,24
20241201,은평구,2024113020,10.0,1.0,85.41666666666667,30.0,1.4791666666666667,24,24,24
20241201,종로구,2024113020,10.0,2.0,83.75,30.0,1.4791666666666667,24,24,24
20241201,중구,2024113020,10.0,2.0,83.75,30.0,1.4791666666666667,24,24,24
20241201,중랑구,2024113020,10.0,2.0,82.5,30.0,1.4541666666666668,24,24,24
20241202,강남구,2024120120,13.0,6.0,72.70833333333333,60.0,3.5875,24,24,24
20241202,강동구,2024120120,13.0,5.0,73.54166666666667,60.0,2.908333333333333,24,24,24
20241202,강북구,2024120120,10.0,3.0,75.0,60.0,3.0833333333333335,24,24,24
20241202,강서구,2024120120,13.0,6.0,76.66666666666667,60.0,4.325,24,24,24
20241202,관악구,2024120120,13.0,7.0,72.5,60.0,3.8791666666666664,24,24,24
20241202,광진구,2024120120,13.0,6.0,71.25,60.0,3.095833333333333,24,24,24
20241202,구로구,2024120120,13.0,8.0,67.5,60.0,4.1499999999999995,24,24,24
20241202,금천구,2024120120,13.0,6.0,76.04166666666667,60.0,4.083333333333333,24,24,24
20241202,노원구,2024120120,12.0,4.0,78.54166666666667,60.0,2.7708333333333335,24,24,24
20241202,도봉구,2024120120,12.0,4.0,78.54166666666667,60.0,2.7708333333333335,24,24,24
20241202,동대문구,2024120120,13.0,6.0,71.875,60.0,3.033333333333333,24,24,24
20241202,동작구,2024120120,13.0,7.0,72.5,60.0,3.8791666666666664,24,24,24
20241202,마포구,2024120120,13.0,6.0,72.5,60.0,3.4583333333333335,24,24,24
20241202,서대문구,2024120120,13.0,6.0,72.5,60.0,3.4583333333333335,24,24,24
20241202,서초구,2024120120,13.0,6.0,72.70833333333333,60.0,3.5875,24,24,24
20241202,성동구,2024120120,13.0,6.0,73.75,60.0,3.2624999999999997,24,24,24
20241202,성북구,2024120120,10.0,3.0,75.0,60.0,3.0833333333333335,24,24,24
20241202,송파구,2024120120,13.0,6.0,71.45833333333333,60.0,3.358333333333333,24,24,24
20241202,양천구,2024120120,13.0,7.0,70.625,60.0,3.9583333333333335,24,24,24
20241202,영등포구,2024120120,13.0,7.0,70.41666666666667,60.0,3.6041666666666665,24,24,24
20241202,용산구,2024120120,13.0,7.0,72.08333333333333,60.0,3.4500000000000006,24,24,24
20241202,은평구,2024120120,13.0,5.0,76.66666666666667,60.0,3.3833333333333333,24,24,24
20241202,종로구,2024120120,13.0,6.0,73.95833333333333,60.0,3.2416666666666667,24,24,24
20241202,중구,2024120120,13.0,6.0,73.95833333333333,60.0,3.2416666666666667,24,24,24
20241202,중랑구,2024120120,13.0,5.0,72.08333333333333,60.0,2.8333333333333335,24,24,24
20241203,강남구,2024120220,4.0,-3.0,52.083333333333336,30.0,1.9041666666666668,24,24,24
20241203,강동구,2024120220,4.0,-3.0,53.75,30.0,1.8208333333333335,24,24,24
20241203,강북구,2024120220,1.0,-6.0,51.458333333333336,30.0,1.7208333333333334,24,24,24
20241203,강서구,2024120220,4.0,-4.0,57.916666666666664,30.0,2.25,24,24,24
20241203,관악구,2024120220,4.0,-3.0,53.125,30.0,1.9708333333333332,24,24,24
20241203,광진구,2024120220,4.0,-2.0,49.583333333333336,30.0,1.7708333333333333,24,24,24
20241203,구로구,2024120220,4.0,-2.0,50.208333333333336,30.0,2.141666666666666,24,24,24
20241203,금천구,2024120220,3.0,-3.0,57.5,30.0,2.1374999999999997,24,24,24
20241203,노원구,2024120220,4.0,-5.0,53.541666666666664,30.0,1.7791666666666668,24,24,24
20241203,도봉구,2024120220,4.0,-5.0,53.541666666666664,30.0,1.7791666666666668,24,24,24
20241203,동대문구,2024120220,4.0,-3.0,48.333333333333336,30.0,1.6583333333333332,24,24,24
20241203,동작구,2024120220,4.0,-3.0,53.125,30.0,1.9708333333333332,24,24,24
20241203,마포구,2024120220,3.0,-3.0,50.833333333333336,30.0,1.7458333333333336,24,24,24
20241203,서대문구,2024120220,3.0,-3.0,50.833333333333336,30.0,1.7458333333333336,24,24,24
20241203,서초구,2024120220,4.0,-3.0,52.083333333333336,30.0,1.9041666666666668,24,24,24
20241203,성동구,2024120220,4.0,-3.0,50.0,30.0,1.725,24,24,24
20241203,성북구,2024120220,1.0,-6.0,51.458333333333336,30.0,1.7208333333333334,24,24,24
20241203,송파구,2024120220,4.0,-2.0,50.416666666666664,30.0,1.9291666666666665,24,24,24
20241203,양천구,2024120220,4.0,-3.0,51.25,30.0,2.0166666666666666,24,24,24
20241203,영등포구,2024120220,4.0,-3.0,51.041666666666664,30.0,1.7916666666666667,24,24,24
20241203,용산구,2024120220,3.0,-3.0,51.875,30.0,1.7583333333333335,24,24,24
20241203,은평구,2024120220,4.0,-4.0,54.166666666666664,30.0,1.7916666666666667,24,24,24
20241203,종로구,2024120220,4.0,-4.0,51.458333333333336,30.0,1.7,24,24,24
20241203,중구,2024120220,4.0,-4.0,51.458333333333336,30.0,1.7,24,24,24
20241203,중랑구,2024120220,4.0,-3.0,49.583333333333336,30.0,1.7166666666666668,24,24,24
20241204,강남구,2024120320,4.0,-1.0,55.625,20.0,1.8,24,24,24
20241204,강동구,2024120320,4.0,-2.0,56.041666666666664,20.0,1.8583333333333332,24,24,24
20241204,강북구,2024120320,1.0,-5.0,54.583333333333336,20.0,1.7791666666666668,24,24,24
20241204,강서구,2024120320,4.0,-3.0,61.875,20.0,1.9333333333333336,24,24,24
20241204,관악구,2024120320,4.0,-1.0,56.666666666666664,20.0,1.8041666666666665,24,24,24
20241204,광진구,2024120320,4.0,-1.0,52.291666666666664,20.0,1.8416666666666668,24,24,24
20241204,구로구,2024120320,4.0,-1.0,53.958333333333336,20.0,1.825,24,24,24
20241204,금천구,2024120320,3.0,-2.0,61.458333333333336,30.0,1.8,24,24,24
20241204,노원구,2024120320,4.0,-3.0,56.25,20.0,1.870833333333333,24,24,24
20241204,도봉구,2024120320,4.0,-3.0,56.25,20.0,1.870833333333333,24,24,24
20241204,동대문구,2024120320,4.0,-1.0,51.875,20.0,1.8041666666666665,24,24,24
20241204,동작구,2024120320,4.0,-1.0,56.666666666666664,20.0,1.8041666666666665,24,24,24
20241204,마포구,2024120320,3.0,-2.0,54.166666666666664,20.0,1.7958333333333334,24,24,24
20241204,서대문구,2024120320,3.0,-2.0,54.166666666666664,20.0,1.7958333333333334,24,24,24
20241204,서초구,2024120320,4.0,-1.0,55.625,20.0,1.8,24,24,24
20241204,성동구,2024120320,5.0,-1.0,53.333333333333336,20.0,1.8208333333333335,24,24,24
20241204,성북구,2024120320,1.0,-5.0,54.583333333333336,20.0,1.7791666666666668,24,24,24
20241204,송파구,2024120320,4.0,-1.0,53.125,20.0,1.825,24,24,24
20241204,양천구,2024120320,3.0,-2.0,55.0,20.0,1.8166666666666669,24,24,24
20241204,영등포구,2024120320,3.0,-2.0,54.583333333333336,20.0,1.8125,24,24,24
20241204,용산구,2024120320,3.0,-2.0,54.583333333333336,20.0,1.7916666666666667,24,24,24
20241204,은평구,2024120320,4.0,-3.0,57.5,20.0,1.8166666666666669,24,24,24
20241204,종로구,2024120320,4.0,-2.0,54.375,20.0,1.7875,24,24,24
20241204,중구,2024120320,4.0,-2.0,54.375,20.0,1.7875,24,24,24
20241204,중랑구,2024120320,4.0,-2.0,52.291666666666664,20.0,1.8458333333333332,24,24,24
20241205,강남구,2024120420,8.0,0.0,64.79166666666667,30.0,1.2708333333333333,24,24,24
20241205,강동구,2024120420,7.0,-1.0,64.375,30.0,1.4375,24,24,24
20241205,강북구,2024120420,5.0,-3.0,64.58333333333333,30.0,1.2958333333333334,24,24,24
20241205,강서구,2024120420,8.0,-1.0,69.79166666666667,30.0,1.3416666666666668,24,24,24
20241205,관악구,2024120420,7.0,0.0,65.0,30.0,1.2625,24,24,24
20241205,광진구,2024120420,7.0,0.0,60.833333333333336,30.0,1.383333333333333,24,24,24
20241205,구로구,2024120420,7.0,1.0,61.875,30.0,1.2875,24,24,24
20241205,금천구,2024120420,7.0,-1.0,69.79166666666667,30.0,1.2875,24,24,24
20241205,노원구,2024120420,7.0,-2.0,67.29166666666667,30.0,1.3999999999999997,24,24,24
20241205,도봉구,2024120420,7.0,-2.0,67.29166666666667,30.0,1.3999999999999997,24,24,24
20241205,동대문구,2024120420,7.0,0.0,61.25,30.0,1.3041666666666665,24,24,24
20241205,동작구,2024120420,7.0,0.0,65.0,30.0,1.2625,24,24,24
20241205,마포구,2024120420,7.0,0.0,62.5,30.0,1.2666666666666666,24,24,24
20241205,서대문구,2024120420,7.0,0.0,62.5,30.0,1.2666666666666666,24,24,24
20241205,서초구,2024120420,8.0,0.0,64.79166666666667,30.0,1.2708333333333333,24,24,24
20241205,성동구,2024120420,8.0,0.0,62.916666666666664,30.0,1.3,24,24,24
20241205,성북구,2024120420,5.0,-3.0,64.58333333333333,30.0,1.2958333333333334,24,24,24
20241205,송파구,2024120420,8.0,1.0,62.291666666666664,30.0,1.3333333333333333,24,24,24
20241205,양천구,2024120420,7.0,0.0,62.083333333333336,30.0,1.2833333333333334,24,24,24
20241205,영등포구,2024120420,7.0,0.0,62.291666666666664,30.0,1.2625,24,24,24
20241205,용산구,2024120420,7.0,0.0,62.5,30.0,1.2666666666666668,24,24,24
20241205,은평구,2024120420,7.0,-1.0,66.04166666666667,30.0,1.2958333333333332,24,24,24
20241205,종로구,2024120420,7.0,0.0,62.916666666666664,30.0,1.2791666666666666,24,24,24
20241205,중구,2024120420,7.0,0.0,62.916666666666664,30.0,1.2791666666666666,24,24,24
20241205,중랑구,2024120420,7.0,0.0,62.5,30.0,1.4,24,24,24
20241206,강남구,2024120520,4.0,-2.0,52.708333333333336,20.0,2.4291666666666667,24,24,24
20241206,강동구,2024120520,4.0,-3.0,52.708333333333336,20.0,2.529166666666667,24,24,24
20241206,강북구,2024120520,1.0,-5.0,53.125,20.0,2.345833333333333,24,24,24
20241206,강서구,2024120520,4.0,-3.0,59.375,20.0,2.3874999999999997,24,24,24
20241206,관악구,2024120520,4.0,-2.0,54.166666666666664,20.0,2.4375,24,24,24
20241206,광진구,2024120520,4.0,-2.0,50.0,20.0,2.4791666666666665,24,24,24
20241206,구로구,2024120520,5.0,-1.0,50.0,20.0,2.4499999999999997,24,24,24
20241206,금천구,2024120520,3.0,-2.0,57.708333333333336,20.0,2.4499999999999997,24,24,24
20241206,노원구,2024120520,4.0,-4.0,56.25,20.0,2.5124999999999997,24,24,24
20241206,도봉구,2024120520,4.0,-4.0,56.25,20.0,2.5124999999999997,24,24,24
20241206,동대문구,2024120520,4.0,-2.0,50.0,20.0,2.4291666666666667,24,24,24
20241206,동작구,2024120520,4.0,-2.0,54.166666666666664,20.0,2.4375,24,24,24
20241206,마포구,2024120520,3.0,-2.0,52.291666666666664,20.0,2.35,24,24,24
20241206,서대문구,2024120520,3.0,-2.0,52.291666666666664,20.0,2.35,24,24,24
20241206,서초구,2024120520,4.0,-2.0,52.708333333333336,20.0,2.4291666666666667,24,24,24
20241206,성동구,2024120520,5.0,-2.0,51.458333333333336,20.0,2.4416666666666664,24,24,24
20241206,성북구,2024120520,1.0,-5.0,53.125,20.0,2.345833333333333,24,24,24
20241206,송파구,2024120520,4.0,-2.0,51.041666666666664,20.0,2.4625,24,24,24
20241206,양천구,2024120520,4.0,-2.0,52.5,20.0,2.3874999999999997,24,24,24
20241206,영등포구,2024120520,4.0,-2.0,51.875,20.0,2.3833333333333333,24,24,24
20241206,용산구,2024120520,4.0,-2.0,52.291666666666664,20.0,2.408333333333333,24,24,24
20241206,은평구,2024120520,3.0,-3.0,55.625,20.0,2.3166666666666664,24,24,24
20241206,종로구,2024120520,4.0,-2.0,53.541666666666664,20.0,2.375,24,24,24
20241206,중구,2024120520,4.0,-2.0,53.541666666666664,20.0,2.375,24,24,24
20241206,중랑구,2024120520,4.0,-2.0,51.25,20.0,2.516666666666667,24,24,24
20241207,강남구,2024120620,3.0,-2.0,57.083333333333336,30.0,3.6291666666666664,24,24,24
20241207,강동구,2024120620,3.0,-3.0,56.041666666666664,30.0,3.6625,24,24,24
20241207,강북구,2024120620,0.0,-5.0,56.041666666666664,30.0,3.491666666666667,24,24,24
20241207,강서구,2024120620,3.0,-3.0,62.916666666666664,30.0,3.8083333333333336,24,24,24
20241207,관악구,2024120620,3.0,-2.0,57.916666666666664,30.0,3.5375,24,24,24
20241207,광진구,2024120620,3.0,-2.0,53.75,30.0,3.5541666666666667,24,24,24
20241207,구로구,2024120620,3.0,-1.0,55.416666666666664,30.0,3.6958333333333337,24,24,24
20241207,금천구,2024120620,2.0,-2.0,61.666666666666664,30.0,3.675,24,24,24
20241207,노원구,2024120620,2.0,-4.0,58.333333333333336,30.0,3.5833333333333335,24,24,24
20241207,도봉구,2024120620,2.0,-4.0,58.333333333333336,30.0,3.5833333333333335,24,24,24
20241207,동대문구,2024120620,3.0,-2.0,54.375,30.0,3.4625,24,24,24
20241207,동작구,2024120620,3.0,-2.0,57.916666666666664,30.0,3.5375,24,24,24
20241207,마포구,2024120620,2.0,-2.0,56.458333333333336,30.0,3.4041666666666663,24,24,24
20241207,서대문구,2024120620,2.0,-2.0,56.458333333333336,30.0,3.4041666666666663,24,24,24
20241207,서초구,2024120620,3.0,-2.0,57.083333333333336,30.0,3.6291666666666664,24,24,24
20241207,성동구,2024120620,3.0,-2.0,55.0,30.0,3.483333333333334,24,24,24
20241207,성북구,2024120620,0.0,-5.0,56.041666666666664,30.0,3.491666666666667,24,24,24
20241207,송파구,2024120620,3.0,-2.0,54.375,30.0,3.6958333333333337,24,24,24
20241207,양천구,2024120620,2.0,-2.0,56.25,30.0,3.608333333333333,24,24,24
20241207,영등포구,2024120620,2.0,-2.0,56.25,30.0,3.4041666666666663,24,24,24
20241207,용산구,2024120620,2.0,-2.0,56.25,30.0,3.404166666666667,24,24,24
20241207,은평구,2024120620,3.0,-3.0,58.333333333333336,30.0,3.466666666666667,24,24,24
20241207,종로구,2024120620,3.0,-3.0,57.291666666666664,30.0,3.4083333333333337,24,24,24
20241207,중구,2024120620,3.0,-3.0,57.291666666666664,30.0,3.4083333333333337,24,24,24
20241207,중랑구,2024120620,2.0,-2.0,53.75,30.0,3.5875,24,24,24
20241208,강남구,2024120720,3.0,-3.0,49.375,0.0,2.2958333333333334,24,24,24
20241208,강동구,2024120720,3.0,-4.0,50.0,0.0,2.3208333333333333,24,24,24
20241208,강북구,2024120720,1.0,-6.0,49.583333333333336,0.0,2.1416666666666666,24,24,24
20241208,강서구,2024120720,4.0,-4.0,56.041666666666664,0.0,2.3125,24,24,24
20241208,관악구,2024120720,3.0,-3.0,50.833333333333336,0.0,2.3166666666666664,24,24,24
20241208,광진구,2024120720,3.0,-3.0,47.083333333333336,0.0,2.3000000000000003,24,24,24
20241208,구로구,2024120720,3.0,-2.0,48.75,0.0,2.3333333333333335,24,24,24
20241208,금천구,2024120720,3.0,-3.0,54.791666666666664,0.0,2.341666666666667,24,24,24
20241208,노원구,2024120720,4.0,-5.0,51.666666666666664,0.0,2.1999999999999997,24,24,24
20241208,도봉구,2024120720,4.0,-5.0,51.666666666666664,0.0,2.1999999999999997,24,24,24
20241208,동대문구,2024120720,3.0,-3.0,47.083333333333336,0.0,2.2125,24,24,24
20241208,동작구,2024120720,3.0,-3.0,50.833333333333336,0.0,2.3166666666666664,24,24,24
20241208,마포구,2024120720,3.0,-4.0,49.375,0.0,2.191666666666667,24,24,24
20241208,서대문구,2024120720,3.0,-4.0,49.375,0.0,2.191666666666667,24,24,24
20241208,서초구,2024120720,3.0,-3.0,49.375,0.0,2.2958333333333334,24,24,24
20241208,성동구,2024120720,4.0,-3.0,47.5,0.0,2.2791666666666663,24,24,24
20241208,성북구,2024120720,1.0,-6.0,49.583333333333336,0.0,2.1416666666666666,24,24,24
20241208,송파구,2024120720,3.0,-3.0,47.291666666666664,0.0,2.329166666666667,24,24,24
20241208,양천구,2024120720,3.0,-3.0,49.791666666666664,0.0,2.2583333333333333,24,24,24
20241208,영등포구,2024120720,3.0,-3.0,48.75,0.0,2.254166666666667,24,24,24
20241208,용산구,2024120720,3.0,-3.0,49.166666666666664,0.0,2.2624999999999997,24,24,24
20241208,은평구,2024120720,3.0,-5.0,51.875,0.0,2.1750000000000003,24,24,24
20241208,종로구,2024120720,4.0,-4.0,48.958333333333336,0.0,2.2083333333333335,24,24,24
20241208,중구,2024120720,4.0,-4.0,48.958333333333336,0.0,2.2083333333333335,24,24,24
20241208,중랑구,2024120720,3.0,-3.0,47.5,0.0,2.2624999999999997,24,24,24
20241209,강남구,2024120820,6.0,-2.0,69.375,20.0,0.8458333333333333,24,24,24
20241209,강동구,2024120820,6.0,-3.0,69.58333333333333,20.0,0.9250000000000002,24,24,24
20241209,강북구,2024120820,4.0,-5.0,69.375,20.0,0.7791666666666667,24,24,24
20241209,강서구,2024120820,6.0,-4.0,73.95833333333333,20.0,0.8458333333333335,24,24,24
20241209,관악구,2024120820,6.0,-2.0,69.16666666666667,20.0,0.8125,24,24,24
20241209,광진구,2024120820,6.0,-2.0,66.45833333333333,20.0,0.8708333333333335,24,24,24
20241209,구로구,2024120820,6.0,-1.0,65.41666666666667,20.0,0.8333333333333334,24,24,24
20241209,금천구,2024120820,5.0,-2.0,73.125,20.0,0.8208333333333334,24,24,24
20241209,노원구,2024120820,6.0,-4.0,71.875,20.0,0.8166666666666665,24,24,24
20241209,도봉구,2024120820,6.0,-4.0,71.875,20.0,0.8166666666666665,24,24,24
20241209,동대문구,2024120820,6.0,-2.0,66.45833333333333,20.0,0.8249999999999998,24,24,24
20241209,동작구,2024120820,6.0,-2.0,69.16666666666667,20.0,0.8125,24,24,24
20241209,마포구,2024120820,5.0,-3.0,68.125,20.0,0.7791666666666667,24,24,24
20241209,서대문구,2024120820,5.0,-3.0,68.125,20.0,0.7791666666666667,24,24,24
20241209,서초구,2024120820,6.0,-2.0,69.375,20.0,0.8458333333333333,24,24,24
20241209,성동구,2024120820,6.0,-2.0,67.70833333333333,20.0,0.8416666666666667,24,24,24
20241209,성북구,2024120820,4.0,-5.0,69.375,20.0,0.7791666666666667,24,24,24
20241209,송파구,2024120820,6.0,-2.0,67.29166666666667,20.0,0.8833333333333334,24,24,24
20241209,양천구,2024120820,5.0,-2.0,67.91666666666667,20.0,0.8208333333333334,24,24,24
20241209,영등포구,2024120820,6.0,-2.0,67.91666666666667,20.0,0.7999999999999999,24,24,24
20241209,용산구,2024120820,6.0,-2.0,67.70833333333333,20.0,0.8083333333333332,24,24,24
20241209,은평구,2024120820,6.0,-4.0,71.875,20.0,0.7708333333333334,24,24,24
20241209,종로구,2024120820,6.0,-3.0,68.33333333333333,20.0,0.7875,24,24,24
20241209,중구,2024120820,6.0,-3.0,68.33333333333333,20.0,0.7875,24,24,24
20241209,중랑구,2024120820,6.0,-3.0,66.875,20.0,0.8666666666666668,24,24,24
20241210,강남구,2024120920,7.0,-2.0,65.625,30.0,1.366666666666667,24,24,24
20241210,강동구,2024120920,7.0,-2.0,65.41666666666667,30.0,1.4416666666666669,24,24,24
20241210,강북구,2024120920,4.0,-5.0,66.66666666666667,30.0,1.2666666666666666,24,24,24
20241210,강서구,2024120920,7.0,-3.0,70.83333333333333,30.0,1.35,24,24,24
20241210,관악구,2024120920,7.0,-1.0,65.625,30.0,1.325,24,24,24
20241210,광진구,2024120920,7.0,-1.0,62.5,30.0,1.4041666666666668,24,24,24
20241210,구로구,2024120920,7.0,0.0,62.083333333333336,30.0,1.3375,24,24,24
20241210,금천구,2024120920,6.0,-2.0,68.95833333333333,30.0,1.3624999999999998,24,24,24
20241210,노원구,2024120920,7.0,-3.0,68.33333333333333,30.0,1.3041666666666667,24,24,24
20241210,도봉구,2024120920,7.0,-3.0,68.33333333333333,30.0,1.3041666666666667,24,24,24
20241210,동대문구,2024120920,7.0,-2.0,63.125,30.0,1.3333333333333333,24,24,24
20241210,동작구,2024120920,7.0,-1.0,65.625,30.0,1.325,24,24,24
20241210,마포구,2024120920,6.0,-2.0,65.83333333333333,30.0,1.2833333333333334,24,24,24
20241210,서대문구,2024120920,6.0,-2.0,65.83333333333333,30.0,1.2833333333333334,24,24,24
20241210,서초구,2024120920,7.0,-2.0,65.625,30.0,1.366666666666667,24,24,24
20241210,성동구,2024120920,7.0,-1.0,63.958333333333336,30.0,1.3666666666666665,24,24,24
20241210,성북구,2024120920,4.0,-5.0,66.66666666666667,30.0,1.2666666666666666,24,24,24
20241210,송파구,2024120920,7.0,-1.0,62.708333333333336,30.0,1.425,24,24,24
20241210,양천구,2024120920,6.0,-2.0,65.20833333333333,30.0,1.3,24,24,24
20241210,영등포구,2024120920,7.0,-2.0,65.0,30.0,1.3125,24,24,24
20241210,용산구,2024120920,7.0,-2.0,64.16666666666667,30.0,1.3291666666666666,24,24,24
20241210,은평구,2024120920,7.0,-3.0,69.375,30.0,1.2541666666666669,24,24,24
20241210,종로구,2024120920,7.0,-2.0,66.25,30.0,1.2916666666666667,24,24,24
20241210,중구,2024120920,7.0,-2.0,66.25,30.0,1.2916666666666667,24,24,24
20241210,중랑구,2024120920,7.0,-2.0,63.333333333333336,30.0,1.366666666666667,24,24,24
20241211,강남구,2024121020,7.0,0.0,60.208333333333336,30.0,0.9333333333333332,24,24,24
20241211,강동구,2024121020,7.0,-1.0,61.875,30.0,0.8708333333333332,24,24,24
20241211,강북구,2024121020,4.0,-3.0,59.375,30.0,0.9208333333333332,24,24,24
20241211,강서구,2024121020,7.0,-2.0,61.666666666666664,30.0,1.2125,24,24,24
20241211,관악구,2024121020,6.0,0.0,58.958333333333336,30.0,1.0333333333333334,24,24,24
20241211,광진구,2024121020,7.0,0.0,58.125,30.0,0.9041666666666668,24,24,24
20241211,구로구,2024121020,6.0,1.0,55.0,30.0,1.1,24,24,24
20241211,금천구,2024121020,6.0,-1.0,63.125,30.0,1.0625,24,24,24
20241211,노원구,2024121020,7.0,-2.0,62.5,30.0,0.85,24,24,24
20241211,도봉구,2024121020,7.0,-2.0,62.5,30.0,0.85,24,24,24
20241211,동대문구,2024121020,7.0,0.0,56.666666666666664,30.0,0.9041666666666668,24,24,24
20241211,동작구,2024121020,6.0,0.0,58.958333333333336,30.0,1.0333333333333334,24,24,24
20241211,마포구,2024121020,6.0,0.0,56.666666666666664,30.0,1.0125,24,24,24
20241211,서대문구,2024121020,6.0,0.0,56.666666666666664,30.0,1.0125,24,24,24
20241211,서초구,2024121020,7.0,0.0,60.208333333333336,30.0,0.9333333333333332,24,24,24
20241211,성동구,2024121020,7.0,0.0,59.583333333333336,30.0,0.925,24,24,24
20241211,성북구,2024121020,4.0,-3.0,59.375,30.0,0.9208333333333332,24,24,24
20241211,송파구,2024121020,7.0,0.0,59.166666666666664,30.0,0.9208333333333334,24,24,24
20241211,양천구,2024121020,6.0,0.0,56.458333333333336,30.0,1.0875,24,24,24
20241211,영등포구,2024121020,6.0,0.0,56.666666666666664,30.0,1.0375,24,24,24
20241211,용산구,2024121020,6.0,0.0,57.708333333333336,30.0,0.9625,24,24,24
20241211,은평구,2024121020,7.0,-1.0,60.625,30.0,1.0041666666666669,24,24,24
20241211,종로구,2024121020,7.0,0.0,58.333333333333336,30.0,0.9416666666666668,24,24,24
20241211,중구,2024121020,7.0,0.0,58.333333333333336,30.0,0.9416666666666668,24,24,24
20241211,중랑구,2024121020,7.0,0.0,58.125,30.0,0.8624999999999999,24,24,24
20241212,강남구,2024121120,5.0,-2.0,52.916666666666664,20.0,1.3708333333333331,24,24,24
20241212,강동구,2024121120,5.0,-2.0,54.583333333333336,20.0,1.3833333333333335,24,24,24
20241212,강북구,2024121120,3.0,-5.0,52.708333333333336,20.0,1.3416666666666668,24,24,24
20241212,강서구,2024121120,5.0,-4.0,54.375,20.0,1.65,24,24,24
20241212,관악구,2024121120,4.0,-2.0,51.25,20.0,1.4458333333333335,24,24,24
20241212,광진구,2024121120,5.0,-1.0,50.833333333333336,20.0,1.3708333333333336,24,24,24
20241212,구로구,2024121120,5.0,-1.0,47.291666666666664,20.0,1.5208333333333333,24,24,24
20241212,금천구,2024121120,4.0,-2.0,55.416666666666664,20.0,1.4625,24,24,24
20241212,노원구,2024121120,5.0,-3.0,57.5,20.0,1.3208333333333333,24,24,24
20241212,도봉구,2024121120,5.0,-3.0,57.5,20.0,1.3208333333333333,24,24,24
20241212,동대문구,2024121120,5.0,-1.0,50.833333333333336,20.0,1.3374999999999997,24,24,24
20241212,동작구,2024121120,4.0,-2.0,51.25,20.0,1.4458333333333335,24,24,24
20241212,마포구,2024121120,4.0,-2.0,49.583333333333336,20.0,1.4208333333333334,24,24,24
20241212,서대문구,2024121120,4.0,-2.0,49.583333333333336,20.0,1.4208333333333334,24,24,24
20241212,서초구,2024121120,5.0,-2.0,52.916666666666664,20.0,1.3708333333333331,24,24,24
20241212,성동구,2024121120,5.0,-1.0,52.083333333333336,20.0,1.3583333333333334,24,24,24
20241212,성북구,2024121120,3.0,-5.0,52.708333333333336,20.0,1.3416666666666668,24,24,24
20241212,송파구,2024121120,5.0,-1.0,51.666666666666664,20.0,1.3666666666666665,24,24,24
20241212,양천구,2024121120,4.0,-2.0,48.541666666666664,20.0,1.4875,24,24,24
20241212,영등포구,2024121120,4.0,-2.0,48.958333333333336,20.0,1.4291666666666665,24,24,24
20241212,용산구,2024121120,4.0,-1.0,50.625,20.0,1.3958333333333333,24,24,24
20241212,은평구,2024121120,5.0,-3.0,53.541666666666664,20.0,1.4125,24,24,24
20241212,종로구,2024121120,5.0,-2.0,51.666666666666664,20.0,1.3625,24,24,24
20241212,중구,2024121120,5.0,-2.0,51.666666666666664,20.0,1.3625,24,24,24
20241212,중랑구,2024121120,5.0,-2.0,51.25,20.0,1.3583333333333332,24,24,24
20241213,강남구,2024121220,4.0,-1.0,49.583333333333336,60.0,1.5333333333333332,24,24,24
20241213,강동구,2024121220,4.0,-2.0,48.333333333333336,60.0,1.6291666666666669,24,24,24
20241213,강북구,2024121220,1.0,-4.0,48.958333333333336,60.0,1.4624999999999997,24,24,24
20241213,강서구,2024121220,4.0,-2.0,54.375,60.0,1.5791666666666668,24,24,24
20241213,관악구,2024121220,3.0,-1.0,50.625,60.0,1.5,24,24,24
20241213,광진구,2024121220,4.0,-1.0,45.833333333333336,60.0,1.5874999999999997,24,24,24
20241213,구로구,2024121220,4.0,0.0,47.708333333333336,60.0,1.5125,24,24,24
20241213,금천구,2024121220,3.0,-2.0,54.375,60.0,1.4916666666666665,24,24,24
20241213,노원구,2024121220,4.0,-3.0,49.583333333333336,30.0,1.55,24,24,24
20241213,도봉구,2024121220,4.0,-3.0,49.583333333333336,30.0,1.55,24,24,24
20241213,동대문구,2024121220,4.0,-1.0,45.625,60.0,1.5125,24,24,24
20241213,동작구,2024121220,3.0,-1.0,50.625,60.0,1.5,24,24,24
20241213,마포구,2024121220,3.0,-1.0,47.083333333333336,60.0,1.5083333333333335,24,24,24
20241213,서대문구,2024121220,3.0,-1.0,47.083333333333336,60.0,1.5083333333333335,24,24,24
20241213,서초구,2024121220,4.0,-1.0,49.583333333333336,60.0,1.5333333333333332,24,24,24
20241213,성동구,2024121220,4.0,-1.0,47.083333333333336,60.0,1.5208333333333333,24,24,24
20241213,성북구,2024121220,1.0,-4.0,48.958333333333336,60.0,1.4624999999999997,24,24,24
20241213,송파구,2024121220,4.0,-1.0,47.291666666666664,60.0,1.5708333333333335,24,24,24
20241213,양천구,2024121220,3.0,-1.0,48.333333333333336,60.0,1.5041666666666669,24,24,24
20241213,영등포구,2024121220,3.0,-1.0,46.875,60.0,1.5,24,24,24
20241213,용산구,2024121220,3.0,-1.0,46.875,60.0,1.491666666666667,24,24,24
20241213,은평구,2024121220,4.0,-2.0,50.416666666666664,60.0,1.4833333333333332,24,24,24
20241213,종로구,2024121220,4.0,-2.0,47.083333333333336,60.0,1.4666666666666668,24,24,24
20241213,중구,2024121220,4.0,-2.0,47.083333333333336,60.0,1.4666666666666668,24,24,24
20241213,중랑구,2024121220,4.0,-1.0,43.333333333333336,30.0,1.5833333333333333,24,24,24
20241214,강남구,2024121320,3.0,-3.0,47.916666666666664,0.0,2.2375000000000003,24,24,24
20241214,강동구,2024121320,2.0,-4.0,48.75,0.0,2.3041666666666667,24,24,24
20241214,강북구,2024121320,0.0,-7.0,48.541666666666664,0.0,2.0833333333333335,24,24,24
20241214,강서구,2024121320,3.0,-5.0,55.416666666666664,0.0,2.2083333333333335,24,24,24
20241214,관악구,2024121320,2.0,-3.0,50.0,0.0,2.2083333333333335,24,24,24
20241214,광진구,2024121320,3.0,-3.0,45.833333333333336,0.0,2.283333333333333,24,24,24
20241214,구로구,2024121320,3.0,-2.0,47.5,0.0,2.2541666666666664,24,24,24
20241214,금천구,2024121320,2.0,-4.0,53.333333333333336,0.0,2.2708333333333335,24,24,24
20241214,노원구,2024121320,3.0,-6.0,50.416666666666664,0.0,2.1541666666666663,24,24,24
20241214,도봉구,2024121320,3.0,-6.0,50.416666666666664,0.0,2.1541666666666663,24,24,24
20241214,동대문구,2024121320,2.0,-3.0,45.416666666666664,0.0,2.1833333333333336,24,24,24
20241214,동작구,2024121320,2.0,-3.0,50.0,0.0,2.2083333333333335,24,24,24
20241214,마포구,2024121320,2.0,-4.0,48.958333333333336,0.0,2.1166666666666667,24,24,24
20241214,서대문구,2024121320,2.0,-4.0,48.958333333333336,0.0,2.1166666666666667,24,24,24
20241214,서초구,2024121320,3.0,-3.0,47.916666666666664,0.0,2.2375000000000003,24,24,24
20241214,성동구,2024121320,3.0,-3.0,44.791666666666664,0.0,2.2291666666666665,24,24,24
20241214,성북구,2024121320,0.0,-7.0,48.541666666666664,0.0,2.0833333333333335,24,24,24
20241214,송파구,2024121320,3.0,-3.0,45.833333333333336,0.0,2.2958333333333334,24,24,24
20241214,양천구,2024121320,2.0,-3.0,48.958333333333336,0.0,2.1708333333333334,24,24,24
20241214,영등포구,2024121320,2.0,-3.0,48.541666666666664,0.0,2.1625,24,24,24
20241214,용산구,2024121320,2.0,-4.0,48.75,0.0,2.1708333333333334,24,24,24
20241214,은평구,2024121320,2.0,-5.0,51.25,0.0,2.0875,24,24,24
20241214,종로구,2024121320,3.0,-4.0,49.166666666666664,0.0,2.1208333333333336,24,24,24
20241214,중구,2024121320,3.0,-4.0,49.166666666666664,0.0,2.1208333333333336,24,24,24
20241214,중랑구,2024121320,2.0,-4.0,46.458333333333336,0.0,2.2291666666666665,24,24,24
20241215,강남구,2024121420,5.0,-2.0,57.5,30.0,1.5958333333333332,24,24,24
20241215,강동구,2024121420,5.0,-2.0,57.5,30.0,1.7041666666666668,24,24,24
20241215,강북구,2024121420,3.0,-5.0,57.916666666666664,30.0,1.525,24,24,24
20241215,강서구,2024121420,5.0,-3.0,63.333333333333336,30.0,1.7166666666666668,24,24,24
20241215,관악구,2024121420,5.0,-1.0,59.166666666666664,30.0,1.6041666666666667,24,24,24
20241215,광진구,2024121420,5.0,-1.0,54.375,30.0,1.6541666666666668,24,24,24
20241215,구로구,2024121420,5.0,-1.0,55.416666666666664,30.0,1.6875,24,24,24
20241215,금천구,2024121420,5.0,-2.0,62.083333333333336,30.0,1.6625,24,24,24
20241215,노원구,2024121420,5.0,-4.0,59.791666666666664,30.0,1.6208333333333331,24,24,24
20241215,도봉구,2024121420,5.0,-4.0,59.791666666666664,30.0,1.6208333333333331,24,24,24
20241215,동대문구,2024121420,5.0,-2.0,54.791666666666664,30.0,1.5875,24,24,24
20241215,동작구,2024121420,5.0,-1.0,59.166666666666664,30.0,1.6041666666666667,24,24,24
20241215,마포구,2024121420,5.0,-2.0,57.5,30.0,1.575,24,24,24
20241215,서대문구,2024121420,5.0,-2.0,57.5,30.0,1.575,24,24,24
20241215,서초구,2024121420,5.0,-2.0,57.5,30.0,1.5958333333333332,24,24,24
20241215,성동구,2024121420,5.0,-1.0,55.208333333333336,30.0,1.5916666666666668,24,24,24
20241215,성북구,2024121420,3.0,-5.0,57.916666666666664,30.0,1.525,24,24,24
20241215,송파구,2024121420,5.0,-1.0,54.583333333333336,30.0,1.65,24,24,24
20241215,양천구,2024121420,5.0,-2.0,58.125,30.0,1.6499999999999997,24,24,24
20241215,영등포구,2024121420,5.0,-2.0,57.708333333333336,30.0,1.5916666666666668,24,24,24
20241215,용산구,2024121420,5.0,-2.0,57.083333333333336,30.0,1.5625,24,24,24
20241215,은평구,2024121420,5.0,-3.0,60.416666666666664,30.0,1.5625,24,24,24
20241215,종로구,2024121420,5.0,-2.0,58.125,30.0,1.55,24,24,24
20241215,중구,2024121420,5.0,-2.0,58.125,30.0,1.55,24,24,24
20241215,중랑구,2024121420,5.0,-2.0,55.208333333333336,30.0,1.6416666666666666,24,24,24
20241216,강남구,2024121520,4.0,-3.0,58.125,60.0,0.9916666666666668,24,24,24
20241216,강동구,2024121520,4.0,-3.0,58.333333333333336,60.0,1.1916666666666669,24,24,24
20241216,강북구,2024121520,1.0,-6.0,57.5,60.0,1.225,24,24,24
20241216,강서구,2024121520,4.0,-4.0,63.958333333333336,60.0,1.275,24,24,24
20241216,관악구,2024121520,4.0,-3.0,60.416666666666664,60.0,0.8833333333333333,24,24,24
20241216,광진구,2024121520,4.0,-3.0,55.208333333333336,60.0,1.1,24,24,24
20241216,구로구,2024121520,4.0,-2.0,57.083333333333336,60.0,0.975,24,24,24
20241216,금천구,2024121520,3.0,-3.0,63.333333333333336,60.0,0.8958333333333334,24,24,24
20241216,노원구,2024121520,4.0,-5.0,58.541666666666664,60.0,1.3999999999999997,24,24,24
20241216,도봉구,2024121520,4.0,-5.0,58.541666666666664,60.0,1.3999999999999997,24,24,24
20241216,동대문구,2024121520,4.0,-3.0,55.416666666666664,60.0,1.1291666666666669,24,24,24
20241216,동작구,2024121520,4.0,-3.0,60.416666666666664,60.0,0.8833333333333333,24,24,24
20241216,마포구,2024121520,3.0,-3.0,57.5,60.0,1.0458333333333334,24,24,24
20241216,서대문구,2024121520,3.0,-3.0,57.5,60.0,1.0458333333333334,24,24,24
20241216,서초구,2024121520,4.0,-3.0,58.125,60.0,0.9916666666666668,24,24,24
20241216,성동구,2024121520,4.0,-3.0,55.625,60.0,1.0166666666666666,24,24,24
20241216,성북구,2024121520,1.0,-6.0,57.5,60.0,1.225,24,24,24
20241216,송파구,2024121520,4.0,-2.0,55.833333333333336,60.0,1.0791666666666666,24,24,24
20241216,양천구,2024121520,4.0,-3.0,58.541666666666664,60.0,1.0666666666666669,24,24,24
20241216,영등포구,2024121520,3.0,-3.0,57.916666666666664,60.0,0.9541666666666668,24,24,24
20241216,용산구,2024121520,3.0,-3.0,57.291666666666664,60.0,0.9708333333333332,24,24,24
20241216,은평구,2024121520,4.0,-4.0,59.583333333333336,60.0,1.1875000000000002,24,24,24
20241216,종로구,2024121520,4.0,-3.0,57.5,60.0,1.0583333333333331,24,24,24
20241216,중구,2024121520,4.0,-3.0,57.5,60.0,1.0583333333333331,24,24,24
20241216,중랑구,2024121520,4.0,-3.0,55.0,60.0,1.2,24,24,24
20241217,강남구,2024121620,3.0,-3.0,45.208333333333336,30.0,1.7041666666666668,24,24,24
20241217,강동구,2024121620,3.0,-3.0,45.833333333333336,30.0,1.7749999999999997,24,24,24
20241217,강북구,2024121620,0.0,-6.0,45.833333333333336,30.0,1.6333333333333335,24,24,24
20241217,강서구,2024121620,3.0,-4.0,52.291666666666664,30.0,1.775,24,24,24
20241217,관악구,2024121620,2.0,-3.0,47.291666666666664,30.0,1.7,24,24,24
20241217,광진구,2024121620,3.0,-3.0,42.916666666666664,30.0,1.75,24,24,24
20241217,구로구,2024121620,3.0,-2.0,44.166666666666664,30.0,1.7083333333333333,24,24,24
20241217,금천구,2024121620,2.0,-3.0,50.625,30.0,1.6833333333333331,24,24,24
20241217,노원구,2024121620,3.0,-5.0,46.666666666666664,30.0,1.7166666666666668,24,24,24
20241217,도봉구,2024121620,3.0,-5.0,46.666666666666664,30.0,1.7166666666666668,24,24,24
20241217,동대문구,2024121620,2.0,-3.0,42.5,30.0,1.6916666666666669,24,24,24
20241217,동작구,2024121620,2.0,-3.0,47.291666666666664,30.0,1.7,24,24,24
20241217,마포구,2024121620,2.0,-3.0,44.583333333333336,30.0,1.6541666666666668,24,24,24
20241217,서대문구,2024121620,2.0,-3.0,44.583333333333336,30.0,1.6541666666666668,24,24,24
20241217,서초구,2024121620,3.0,-3.0,45.208333333333336,30.0,1.7041666666666668,24,24,24
20241217,성동구,2024121620,4.0,-3.0,43.333333333333336,30.0,1.7041666666666668,24,24,24
20241217,성북구,2024121620,0.0,-6.0,45.833333333333336,30.0,1.6333333333333335,24,24,24
20241217,송파구,2024121620,3.0,-2.0,43.125,30.0,1.7416666666666665,24,24,24
20241217,양천구,2024121620,2.0,-3.0,45.625,30.0,1.6958333333333335,24,24,24
20241217,영등포구,2024121620,2.0,-3.0,44.791666666666664,30.0,1.6791666666666665,24,24,24
20241217,용산구,2024121620,2.0,-3.0,44.375,30.0,1.6708333333333334,24,24,24
20241217,은평구,2024121620,2.0,-4.0,47.5,30.0,1.6625,24,24,24
20241217,종로구,2024121620,3.0,-3.0,46.25,30.0,1.6541666666666668,24,24,24
20241217,중구,2024121620,3.0,-3.0,46.25,30.0,1.6541666666666668,24,24,24
20241217,중랑구,2024121620,3.0,-3.0,43.333333333333336,30.0,1.7291666666666667,24,24,24
20241218,강남구,2024121720,0.0,-5.0,41.25,0.0,2.75,24,24,24
20241218,강동구,2024121720,1.0,-6.0,44.166666666666664,0.0,2.4625,24,24,24
20241218,강북구,2024121720,-2.0,-9.0,42.083333333333336,0.0,2.5708333333333333,24,24,24
20241218,강서구,2024121720,0.0,-7.0,45.416666666666664,0.0,3.304166666666667,24,24,24
20241218,관악구,2024121720,0.0,-5.0,41.875,0.0,2.8708333333333336,24,24,24
20241218,광진구,2024121720,1.0,-5.0,40.0,0.0,2.4875000000000003,24,24,24
20241218,구로구,2024121720,0.0,-4.0,37.708333333333336,0.0,3.0499999999999994,24,24,24
20241218,금천구,2024121720,-1.0,-6.0,44.583333333333336,0.0,3.0208333333333335,24,24,24
20241218,노원구,2024121720,1.0,-8.0,45.0,0.0,2.329166666666667,24,24,24
20241218,도봉구,2024121720,1.0,-8.0,45.0,0.0,2.329166666666667,24,24,24
20241218,동대문구,2024121720,0.0,-5.0,38.958333333333336,0.0,2.4458333333333333,24,24,24
20241218,동작구,2024121720,0.0,-5.0,41.875,0.0,2.8708333333333336,24,24,24
20241218,마포구,2024121720,0.0,-6.0,41.25,0.0,2.670833333333333,24,24,24
20241218,서대문구,2024121720,0.0,-6.0,41.25,0.0,2.670833333333333,24,24,24
20241218,서초구,2024121720,0.0,-5.0,41.25,0.0,2.75,24,24,24
20241218,성동구,2024121720,1.0,-5.0,38.541666666666664,0.0,2.5124999999999997,24,24,24
20241218,성북구,2024121720,-2.0,-9.0,42.083333333333336,0.0,2.5708333333333333,24,24,24
20241218,송파구,2024121720,1.0,-5.0,39.166666666666664,0.0,2.6958333333333333,24,24,24
20241218,양천구,2024121720,0.0,-5.0,40.416666666666664,0.0,2.975,24,24,24
20241218,영등포구,2024121720,0.0,-5.0,40.833333333333336,0.0,2.6791666666666667,24,24,24
20241218,용산구,2024121720,0.0,-5.0,40.625,0.0,2.6,24,24,24
20241218,은평구,2024121720,0.0,-8.0,43.958333333333336,0.0,2.7166666666666663,24,24,24
20241218,종로구,2024121720,1.0,-6.0,42.5,0.0,2.558333333333333,24,24,24
20241218,중구,2024121720,1.0,-6.0,42.5,0.0,2.558333333333333,24,24,24
20241218,중랑구,2024121720,1.0,-6.0,41.25,0.0,2.3958333333333335,24,24,24
20241219,강남구,2024121820,4.0,-4.0,54.375,30.0,0.5916666666666667,24,24,24
20241219,강동구,2024121820,4.0,-6.0,56.041666666666664,30.0,0.5166666666666666,24,24,24
20241219,강북구,2024121820,2.0,-8.0,52.708333333333336,30.0,0.5916666666666667,24,24,24
20241219,강서구,2024121820,4.0,-6.0,57.916666666666664,30.0,0.8833333333333334,24,24,24
20241219,관악구,2024121820,4.0,-4.0,55.0,30.0,0.6958333333333333,24,24,24
20241219,광진구,2024121820,4.0,-4.0,51.041666666666664,30.0,0.5208333333333334,24,24,24
20241219,구로구,2024121820,4.0,-3.0,51.875,30.0,0.8375,24,24,24
20241219,금천구,2024121820,3.0,-5.0,57.5,30.0,0.7999999999999999,24,24,24
20241219,노원구,2024121820,4.0,-6.0,53.541666666666664,30.0,0.6458333333333334,24,24,24
20241219,도봉구,2024121820,4.0,-6.0,53.541666666666664,30.0,0.6458333333333334,24,24,24
20241219,동대문구,2024121820,4.0,-4.0,49.791666666666664,30.0,0.5083333333333333,24,24,24
20241219,동작구,2024121820,4.0,-4.0,55.0,30.0,0.6958333333333333,24,24,24
20241219,마포구,2024121820,4.0,-5.0,52.083333333333336,30.0,0.5916666666666667,24,24,24
20241219,서대문구,2024121820,4.0,-5.0,52.083333333333336,30.0,0.5916666666666667,24,24,24
20241219,서초구,2024121820,4.0,-4.0,54.375,30.0,0.5916666666666667,24,24,24
20241219,성동구,2024121820,5.0,-4.0,49.791666666666664,30.0,0.5125000000000001,24,24,24
20241219,성북구,2024121820,2.0,-8.0,52.708333333333336,30.0,0.5916666666666667,24,24,24
20241219,송파구,2024121820,5.0,-4.0,52.291666666666664,30.0,0.5916666666666667,24,24,24
20241219,양천구,2024121820,3.0,-4.0,52.291666666666664,30.0,0.7416666666666667,24,24,24
20241219,영등포구,2024121820,4.0,-4.0,53.333333333333336,30.0,0.5875,24,24,24
20241219,용산구,2024121820,4.0,-4.0,52.916666666666664,30.0,0.5208333333333334,24,24,24
20241219,은평구,2024121820,4.0,-6.0,55.416666666666664,30.0,0.6583333333333333,24,24,24
20241219,종로구,2024121820,5.0,-5.0,51.875,30.0,0.5291666666666667,24,24,24
20241219,중구,2024121820,5.0,-5.0,51.875,30.0,0.5291666666666667,24,24,24
20241219,중랑구,2024121820,4.0,-5.0,50.416666666666664,30.0,0.5083333333333333,24,24,24
20241220,강남구,2024121920,5.0,-2.0,67.5,30.0,,24,17,0
20241220,강동구,2024121920,4.0,-3.0,68.75,30.0,,24,17,0
20241220,강북구,2024121920,3.0,-5.0,69.58333333333333,30.0,,24,17,0
20241220,강서구,2024121920,5.0,-4.0,73.95833333333333,30.0,,24,17,0
20241220,관악구,2024121920,5.0,-2.0,69.16666666666667,30.0,,24,17,0
20241220,광진구,2024121920,5.0,-2.0,65.0,30.0,,24,17,0
20241220,구로구,2024121920,5.0,-1.0,65.0,30.0,,24,17,0
20241220,금천구,2024121920,4.0,-3.0,71.875,30.0,,24,17,0
20241220,노원구,2024121920,5.0,-4.0,71.45833333333333,30.0,,24,17,0
20241220,도봉구,2024121920,5.0,-4.0,71.45833333333333,30.0,,24,17,0
20241220,동대문구,2024121920,5.0,-2.0,66.25,30.0,,24,17,0
20241220,동작구,2024121920,5.0,-2.0,69.16666666666667,30.0,,24,17,0
20241220,마포구,2024121920,4.0,-3.0,68.125,30.0,,24,17,0
20241220,서대문구,2024121920,4.0,-3.0,68.125,30.0,,24,17,0
20241220,서초구,2024121920,5.0,-2.0,67.5,30.0,,24,17,0
20241220,성동구,2024121920,5.0,-3.0,65.20833333333333,30.0,,24,17,0
20241220,성북구,2024121920,3.0,-5.0,69.58333333333333,30.0,,24,17,0
20241220,송파구,2024121920,5.0,-2.0,65.20833333333333,30.0,,24,17,0
20241220,양천구,2024121920,5.0,-2.0,67.29166666666667,30.0,,24,17,0
20241220,영등포구,2024121920,5.0,-2.0,67.08333333333333,30.0,,24,17,0
20241220,용산구,2024121920,5.0,-2.0,66.875,30.0,,24,17,0
20241220,은평구,2024121920,5.0,-4.0,72.5,30.0,,24,17,0
20241220,종로구,2024121920,4.0,-2.0,68.95833333333333,30.0,,24,17,0
20241220,중구,2024121920,4.0,-2.0,68.95833333333333,30.0,,24,17,0
20241220,중랑구,2024121920,5.0,-3.0,66.04166666666667,30.0,,24,17,0
20241221,강남구,2024122020,3.0,-1.0,65.625,60.0,2.5791666666666666,24,24,24
20241221,강동구,2024122020,2.0,-1.0,68.125,60.0,2.591666666666667,24,24,24
20241221,강북구,2024122020,0.0,-4.0,68.125,60.0,2.35,24,24,24
20241221,강서구,2024122020,2.0,-2.0,71.04166666666667,60.0,2.5916666666666663,24,24,24
20241221,관악구,2024122020,2.0,0.0,65.83333333333333,60.0,2.6041666666666665,24,24,24
20241221,광진구,2024122020,2.0,-1.0,64.79166666666667,60.0,2.5625,24,24,24
20241221,구로구,2024122020,2.0,0.0,60.625,60.0,2.6583333333333337,24,24,24
20241221,금천구,2024122020,2.0,-1.0,69.79166666666667,60.0,2.6625,24,24,24
20241221,노원구,2024122020,3.0,-2.0,70.625,60.0,2.4166666666666665,24,24,24
20241221,도봉구,2024122020,3.0,-2.0,70.625,60.0,2.4166666666666665,24,24,24
20241221,동대문구,2024122020,2.0,-1.0,65.20833333333333,60.0,2.454166666666667,24,24,24
20241221,동작구,2024122020,2.0,0.0,65.83333333333333,60.0,2.6041666666666665,24,24,24
20241221,마포구,2024122020,2.0,-1.0,65.20833333333333,60.0,2.4499999999999997,24,24,24
20241221,서대문구,2024122020,2.0,-1.0,65.20833333333333,60.0,2.4499999999999997,24,24,24
20241221,서초구,2024122020,3.0,-1.0,65.625,60.0,2.5791666666666666,24,24,24
20241221,성동구,2024122020,3.0,-1.0,65.83333333333333,60.0,2.5250000000000004,24,24,24
20241221,성북구,2024122020,0.0,-4.0,68.125,60.0,2.35,24,24,24
20241221,송파구,2024122020,3.0,-1.0,64.375,60.0,2.5999999999999996,24,24,24
20241221,양천구,2024122020,2.0,-1.0,64.375,60.0,2.5708333333333333,24,24,24
20241221,영등포구,2024122020,2.0,0.0,64.375,60.0,2.5208333333333335,24,24,24
20241221,용산구,2024122020,2.0,-1.0,65.0,60.0,2.516666666666667,24,24,24
20241221,은평구,2024122020,2.0,-2.0,68.75,60.0,2.4125,24,24,24
20241221,종로구,2024122020,2.0,-1.0,68.75,60.0,2.4333333333333336,24,24,24
20241221,중구,2024122020,2.0,-1.0,68.75,60.0,2.4333333333333336,24,24,24
20241221,중랑구,2024122020,2.0,-1.0,66.25,60.0,2.516666666666667,24,24,24
20241222,강남구,2024122120,1.0,-6.0,47.916666666666664,0.0,4.041666666666667,24,24,24
20241222,강동구,2024122120,1.0,-7.0,51.458333333333336,0.0,3.8166666666666664,24,24,24
20241222,강북구,2024122120,-1.0,-9.0,49.166666666666664,0.0,3.858333333333333,24,24,24
20241222,강서구,2024122120,1.0,-7.0,52.083333333333336,0.0,4.520833333333333,24,24,24
20241222,관악구,2024122120,1.0,-6.0,47.916666666666664,0.0,4.029166666666666,24,24,24
20241222,광진구,2024122120,1.0,-6.0,47.708333333333336,0.0,3.8250000000000006,24,24,24
20241222,구로구,2024122120,2.0,-5.0,42.916666666666664,0.0,4.3125,24,24,24
20241222,금천구,2024122120,0.0,-6.0,50.833333333333336,0.0,4.233333333333333,24,24,24
20241222,노원구,2024122120,1.0,-8.0,52.916666666666664,0.0,3.7833333333333328,24,24,24
20241222,도봉구,2024122120,1.0,-8.0,52.916666666666664,0.0,3.7833333333333328,24,24,24
20241222,동대문구,2024122120,1.0,-6.0,48.333333333333336,0.0,3.775,24,24,24
20241222,동작구,2024122120,1.0,-6.0,47.916666666666664,0.0,4.029166666666666,24,24,24
20241222,마포구,2024122120,1.0,-6.0,46.041666666666664,0.0,3.829166666666667,24,24,24
20241222,서대문구,2024122120,1.0,-6.0,46.041666666666664,0.0,3.829166666666667,24,24,24
20241222,서초구,2024122120,1.0,-6.0,47.916666666666664,0.0,4.041666666666667,24,24,24
20241222,성동구,2024122120,2.0,-6.0,48.958333333333336,0.0,3.8,24,24,24
20241222,성북구,2024122120,-1.0,-9.0,49.166666666666664,0.0,3.858333333333333,24,24,24
20241222,송파구,2024122120,2.0,-5.0,46.458333333333336,0.0,4.0249999999999995,24,24,24
20241222,양천구,2024122120,1.0,-5.0,45.625,0.0,4.145833333333333,24,24,24
20241222,영등포구,2024122120,1.0,-6.0,45.833333333333336,0.0,3.841666666666667,24,24,24
20241222,용산구,2024122120,1.0,-6.0,47.083333333333336,0.0,3.7999999999999994,24,24,24
20241222,은평구,2024122120,1.0,-7.0,49.375,0.0,3.9249999999999994,24,24,24
20241222,종로구,2024122120,2.0,-6.0,51.041666666666664,0.0,3.795833333333334,24,24,24
20241222,중구,2024122120,2.0,-6.0,51.041666666666664,0.0,3.795833333333334,24,24,24
20241222,중랑구,2024122120,1.0,-6.0,50.625,0.0,3.725,24,24,24
20241223,강남구,2024122220,5.0,-4.0,56.666666666666664,30.0,1.4458333333333335,24,24,24
20241223,강동구,2024122220,4.0,-6.0,59.375,30.0,1.525,24,24,24
20241223,강북구,2024122220,2.0,-8.0,58.125,30.0,1.3583333333333334,24,24,24
20241223,강서구,2024122220,5.0,-6.0,63.75,30.0,1.5583333333333336,24,24,24
20241223,관악구,2024122220,5.0,-4.0,58.125,30.0,1.45,24,24,24
20241223,광진구,2024122220,4.0,-4.0,55.0,30.0,1.4791666666666667,24,24,24
20241223,구로구,2024122220,5.0,-3.0,55.208333333333336,30.0,1.4666666666666668,24,24,24
20241223,금천구,2024122220,4.0,-5.0,61.666666666666664,30.0,1.4875,24,24,24
20241223,노원구,2024122220,4.0,-7.0,60.833333333333336,20.0,1.4375,24,24,24
20241223,도봉구,2024122220,4.0,-7.0,60.833333333333336,20.0,1.4375,24,24,24
20241223,동대문구,2024122220,4.0,-6.0,54.791666666666664,30.0,1.4208333333333334,24,24,24
20241223,동작구,2024122220,5.0,-4.0,58.125,30.0,1.45,24,24,24
20241223,마포구,2024122220,4.0,-5.0,56.875,30.0,1.4083333333333334,24,24,24
20241223,서대문구,2024122220,4.0,-5.0,56.875,30.0,1.4083333333333334,24,24,24
20241223,서초구,2024122220,5.0,-4.0,56.666666666666664,30.0,1.4458333333333335,24,24,24
20241223,성동구,2024122220,5.0,-6.0,54.166666666666664,30.0,1.4541666666666668,24,24,24
20241223,성북구,2024122220,2.0,-8.0,58.125,30.0,1.3583333333333334,24,24,24
20241223,송파구,2024122220,5.0,-4.0,55.416666666666664,30.0,1.5,24,24,24
20241223,양천구,2024122220,4.0,-4.0,56.875,30.0,1.4541666666666666,24,24,24
20241223,영등포구,2024122220,4.0,-4.0,56.041666666666664,30.0,1.4458333333333335,24,24,24
20241223,용산구,2024122220,4.0,-6.0,56.25,30.0,1.4166666666666667,24,24,24
20241223,은평구,2024122220,5.0,-6.0,60.208333333333336,30.0,1.4041666666666668,24,24,24
20241223,종로구,2024122220,5.0,-6.0,57.5,30.0,1.383333333333333,24,24,24
20241223,중구,2024122220,5.0,-6.0,57.5,30.0,1.383333333333333,24,24,24
20241223,중랑구,2024122220,4.0,-5.0,56.666666666666664,30.0,1.475,24,24,24
20241224,강남구,2024122320,2.0,-5.0,59.583333333333336,20.0,1.5208333333333333,24,24,24
20241224,강동구,2024122320,2.0,-7.0,63.75,30.0,1.4166666666666667,24,24,24
20241224,강북구,2024122320,-1.0,-9.0,61.666666666666664,20.0,1.4,24,24,24
20241224,강서구,2024122320,2.0,-8.0,66.25,20.0,1.575,24,24,24
20241224,관악구,2024122320,2.0,-5.0,58.958333333333336,20.0,1.5916666666666668,24,24,24
20241224,광진구,2024122320,2.0,-6.0,57.916666666666664,20.0,1.4375,24,24,24
20241224,구로구,2024122320,2.0,-4.0,55.625,20.0,1.6,24,24,24
20241224,금천구,2024122320,1.0,-5.0,61.041666666666664,20.0,1.5916666666666668,24,24,24
20241224,노원구,2024122320,2.0,-8.0,65.0,20.0,1.3833333333333335,24,24,24
20241224,도봉구,2024122320,2.0,-8.0,65.0,20.0,1.3833333333333335,24,24,24
20241224,동대문구,2024122320,2.0,-5.0,57.291666666666664,20.0,1.4333333333333331,24,24,24
20241224,동작구,2024122320,2.0,-5.0,58.958333333333336,20.0,1.5916666666666668,24,24,24
20241224,마포구,2024122320,1.0,-6.0,60.0,20.0,1.4791666666666667,24,24,24
20241224,서대문구,2024122320,1.0,-6.0,60.0,20.0,1.4791666666666667,24,24,24
20241224,서초구,2024122320,2.0,-5.0,59.583333333333336,20.0,1.5208333333333333,24,24,24
20241224,성동구,2024122320,3.0,-5.0,57.291666666666664,20.0,1.4833333333333332,24,24,24
20241224,성북구,2024122320,-1.0,-9.0,61.666666666666664,20.0,1.4,24,24,24
20241224,송파구,2024122320,2.0,-6.0,57.916666666666664,20.0,1.4708333333333332,24,24,24
20241224,양천구,2024122320,1.0,-5.0,58.75,20.0,1.5583333333333331,24,24,24
20241224,영등포구,2024122320,2.0,-5.0,58.125,20.0,1.525,24,24,24
20241224,용산구,2024122320,2.0,-5.0,57.916666666666664,20.0,1.4916666666666665,24,24,24
20241224,은평구,2024122320,2.0,-8.0,64.79166666666667,20.0,1.4125000000000003,24,24,24
20241224,종로구,2024122320,2.0,-6.0,57.708333333333336,20.0,1.4458333333333335,24,24,24
20241224,중구,2024122320,2.0,-6.0,57.708333333333336,20.0,1.4458333333333335,24,24,24
20241224,중랑구,2024122320,2.0,-6.0,58.958333333333336,20.0,1.4166666666666667,24,24,24
20241225,강남구,2024122420,6.0,-2.0,66.66666666666667,30.0,1.1166666666666667,24,24,24
20241225,강동구,2024122420,6.0,-3.0,67.91666666666667,30.0,1.1291666666666669,24,24,24
20241225,강북구,2024122420,4.0,-5.0,67.91666666666667,30.0,1.0875,24,24,24
20241225,강서구,2024122420,7.0,-3.0,71.875,30.0,1.2166666666666666,24,24,24
20241225,관악구,2024122420,6.0,-1.0,67.08333333333333,30.0,1.1291666666666669,24,24,24
20241225,광진구,2024122420,6.0,-2.0,63.541666666666664,30.0,1.1083333333333334,24,24,24
20241225,구로구,2024122420,6.0,-1.0,63.958333333333336,30.0,1.1666666666666667,24,24,24
20241225,금천구,2024122420,6.0,-2.0,70.625,30.0,1.1291666666666669,24,24,24
20241225,노원구,2024122420,6.0,-4.0,71.66666666666667,30.0,1.0458333333333334,24,24,24
20241225,도봉구,2024122420,6.0,-4.0,71.66666666666667,30.0,1.0458333333333334,24,24,24
20241225,동대문구,2024122420,6.0,-2.0,64.79166666666667,30.0,1.0875,24,24,24
20241225,동작구,2024122420,6.0,-1.0,67.08333333333333,30.0,1.1291666666666669,24,24,24
20241225,마포구,2024122420,6.0,-2.0,65.83333333333333,30.0,1.1208333333333331,24,24,24
20241225,서대문구,2024122420,6.0,-2.0,65.83333333333333,30.0,1.1208333333333331,24,24,24
20241225,서초구,2024122420,6.0,-2.0,66.66666666666667,30.0,1.1166666666666667,24,24,24
20241225,성동구,2024122420,6.0,-2.0,64.375,30.0,1.1041666666666667,24,24,24
20241225,성북구,2024122420,4.0,-5.0,67.91666666666667,30.0,1.0875,24,24,24
20241225,송파구,2024122420,6.0,-1.0,64.16666666666667,30.0,1.1208333333333331,24,24,24
20241225,양천구,2024122420,6.0,-2.0,65.83333333333333,30.0,1.15,24,24,24
20241225,영등포구,2024122420,6.0,-2.0,65.41666666666667,30.0,1.1291666666666669,24,24,24
20241225,용산구,2024122420,6.0,-2.0,65.20833333333333,30.0,1.0958333333333332,24,24,24
20241225,은평구,2024122420,6.0,-4.0,69.58333333333333,30.0,1.0833333333333333,24,24,24
20241225,종로구,2024122420,6.0,-2.0,67.08333333333333,30.0,1.0791666666666666,24,24,24
20241225,중구,2024122420,6.0,-2.0,67.08333333333333,30.0,1.0791666666666666,24,24,24
20241225,중랑구,2024122420,6.0,-3.0,64.79166666666667,30.0,1.1041666666666667,24,24,24
20241226,강남구,2024122520,1.0,-2.0,50.208333333333336,30.0,2.9874999999999994,24,24,24
20241226,강동구,2024122520,1.0,-3.0,52.5,30.0,3.0041666666666664,24,24,24
20241226,강북구,2024122520,-2.0,-6.0,53.125,30.0,2.804166666666667,24,24,24
20241226,강서구,2024122520,1.0,-3.0,56.875,30.0,3.1458333333333335,24,24,24
20241226,관악구,2024122520,1.0,-2.0,51.458333333333336,30.0,3.0958333333333337,24,24,24
20241226,광진구,2024122520,1.0,-2.0,48.958333333333336,30.0,2.9958333333333336,24,24,24
20241226,구로구,2024122520,1.0,-2.0,47.291666666666664,30.0,3.1500000000000004,24,24,24
20241226,금천구,2024122520,0.0,-3.0,54.583333333333336,30.0,3.0958333333333337,24,24,24
20241226,노원구,2024122520,1.0,-5.0,55.208333333333336,30.0,2.891666666666666,24,24,24
20241226,도봉구,2024122520,1.0,-5.0,55.208333333333336,30.0,2.891666666666666,24,24,24
20241226,동대문구,2024122520,1.0,-3.0,49.791666666666664,30.0,2.920833333333333,24,24,24
20241226,동작구,2024122520,1.0,-2.0,51.458333333333336,30.0,3.0958333333333337,24,24,24
20241226,마포구,2024122520,1.0,-3.0,50.416666666666664,30.0,2.9583333333333335,24,24,24
20241226,서대문구,2024122520,1.0,-3.0,50.416666666666664,30.0,2.9583333333333335,24,24,24
20241226,서초구,2024122520,1.0,-2.0,50.208333333333336,30.0,2.9874999999999994,24,24,24
20241226,성동구,2024122520,1.0,-2.0,49.375,30.0,2.975,24,24,24
20241226,성북구,2024122520,-2.0,-6.0,53.125,30.0,2.804166666666667,24,24,24
20241226,송파구,2024122520,1.0,-2.0,48.125,30.0,3.0,24,24,24
20241226,양천구,2024122520,0.0,-2.0,50.208333333333336,30.0,3.0708333333333333,24,24,24
20241226,영등포구,2024122520,1.0,-2.0,49.166666666666664,30.0,3.0208333333333335,24,24,24
20241226,용산구,2024122520,1.0,-2.0,49.583333333333336,30.0,2.9791666666666665,24,24,24
20241226,은평구,2024122520,1.0,-4.0,54.791666666666664,30.0,2.875,24,24,24
20241226,종로구,2024122520,1.0,-2.0,52.708333333333336,30.0,2.891666666666667,24,24,24
20241226,중구,2024122520,1.0,-2.0,52.708333333333336,30.0,2.891666666666667,24,24,24
20241226,중랑구,2024122520,1.0,-3.0,50.208333333333336,30.0,2.9416666666666664,24,24,24
20241227,강남구,2024122620,1.0,-5.0,41.458333333333336,30.0,2.6875,24,24,24
20241227,강동구,2024122620,1.0,-6.0,42.5,20.0,2.775,24,24,24
20241227,강북구,2024122620,-1.0,-9.0,43.75,20.0,2.545833333333333,24,24,24
20241227,강서구,2024122620,2.0,-7.0,48.541666666666664,30.0,2.658333333333333,24,24,24
20241227,관악구,2024122620,1.0,-5.0,44.166666666666664,30.0,2.641666666666667,24,24,24
20241227,광진구,2024122620,1.0,-5.0,40.208333333333336,20.0,2.7375000000000003,24,24,24
20241227,구로구,2024122620,1.0,-5.0,40.416666666666664,30.0,2.6374999999999997,24,24,24
20241227,금천구,2024122620,1.0,-6.0,46.666666666666664,30.0,2.6166666666666667,24,24,24
20241227,노원구,2024122620,1.0,-8.0,45.833333333333336,20.0,2.6875,24,24,24
20241227,도봉구,2024122620,1.0,-8.0,45.833333333333336,20.0,2.6875,24,24,24
20241227,동대문구,2024122620,1.0,-6.0,41.041666666666664,20.0,2.6625,24,24,24
20241227,동작구,2024122620,1.0,-5.0,44.166666666666664,30.0,2.641666666666667,24,24,24
20241227,마포구,2024122620,1.0,-6.0,42.291666666666664,30.0,2.591666666666667,24,24,24
20241227,서대문구,2024122620,1.0,-6.0,42.291666666666664,30.0,2.591666666666667,24,24,24
20241227,서초구,2024122620,1.0,-5.0,41.458333333333336,30.0,2.6875,24,24,24
20241227,성동구,2024122620,1.0,-5.0,40.208333333333336,20.0,2.6916666666666664,24,24,24
20241227,성북구,2024122620,-1.0,-9.0,43.75,20.0,2.545833333333333,24,24,24
20241227,송파구,2024122620,1.0,-5.0,40.208333333333336,20.0,2.716666666666667,24,24,24
20241227,양천구,2024122620,1.0,-5.0,42.083333333333336,30.0,2.6166666666666667,24,24,24
20241227,영등포구,2024122620,1.0,-5.0,42.083333333333336,30.0,2.6250000000000004,24,24,24
20241227,용산구,2024122620,1.0,-6.0,41.875,30.0,2.6333333333333333,24,24,24
20241227,은평구,2024122620,1.0,-7.0,44.791666666666664,20.0,2.5666666666666664,24,24,24
20241227,종로구,2024122620,1.0,-7.0,44.375,20.0,2.595833333333333,24,24,24
20241227,중구,2024122620,1.0,-7.0,44.375,20.0,2.595833333333333,24,24,24
20241227,중랑구,2024122620,1.0,-6.0,41.25,20.0,2.720833333333333,24,24,24
20241228,강남구,2024122720,1.0,-6.0,51.041666666666664,20.0,2.254166666666667,24,24,24
20241228,강동구,2024122720,1.0,-7.0,50.416666666666664,20.0,2.3583333333333334,24,24,24
20241228,강북구,2024122720,-2.0,-10.0,50.625,20.0,2.1125000000000003,24,24,24
20241228,강서구,2024122720,1.0,-7.0,54.791666666666664,20.0,2.2375000000000003,24,24,24
20241228,관악구,2024122720,1.0,-6.0,51.25,20.0,2.225,24,24,24
20241228,광진구,2024122720,1.0,-6.0,48.333333333333336,20.0,2.329166666666667,24,24,24
20241228,구로구,2024122720,1.0,-5.0,45.625,20.0,2.2333333333333334,24,24,24
20241228,금천구,2024122720,0.0,-6.0,54.791666666666664,20.0,2.275,24,24,24
20241228,노원구,2024122720,0.0,-8.0,53.958333333333336,20.0,2.216666666666667,24,24,24
20241228,도봉구,2024122720,0.0,-8.0,53.958333333333336,20.0,2.216666666666667,24,24,24
20241228,동대문구,2024122720,0.0,-6.0,48.958333333333336,20.0,2.2041666666666666,24,24,24
20241228,동작구,2024122720,1.0,-6.0,51.25,20.0,2.225,24,24,24
20241228,마포구,2024122720,0.0,-7.0,48.75,20.0,2.158333333333333,24,24,24
20241228,서대문구,2024122720,0.0,-7.0,48.75,20.0,2.158333333333333,24,24,24
20241228,서초구,2024122720,1.0,-6.0,51.041666666666664,20.0,2.254166666666667,24,24,24
20241228,성동구,2024122720,1.0,-6.0,50.208333333333336,20.0,2.25,24,24,24
20241228,성북구,2024122720,-2.0,-10.0,50.625,20.0,2.1125000000000003,24,24,24
20241228,송파구,2024122720,1.0,-6.0,48.541666666666664,20.0,2.3125,24,24,24
20241228,양천구,2024122720,0.0,-6.0,50.0,20.0,2.191666666666667,24,24,24
20241228,영등포구,2024122720,0.0,-6.0,49.375,20.0,2.1875,24,24,24
20241228,용산구,2024122720,0.0,-6.0,49.583333333333336,20.0,2.1999999999999997,24,24,24
20241228,은평구,2024122720,1.0,-8.0,51.25,20.0,2.129166666666667,24,24,24
20241228,종로구,2024122720,1.0,-7.0,52.291666666666664,20.0,2.1625,24,24,24
20241228,중구,2024122720,1.0,-7.0,52.291666666666664,20.0,2.1625,24,24,24
20241228,중랑구,2024122720,1.0,-7.0,48.75,20.0,2.275,24,24,24
20241229,강남구,2024122820,5.0,-3.0,58.333333333333336,30.0,0.9875,24,24,24
20241229,강동구,2024122820,4.0,-4.0,58.541666666666664,30.0,1.0750000000000002,24,24,24
20241229,강북구,2024122820,2.0,-7.0,57.708333333333336,30.0,1.0,24,24,24
20241229,강서구,2024122820,5.0,-4.0,62.083333333333336,30.0,1.0291666666666668,24,24,24
20241229,관악구,2024122820,4.0,-3.0,59.375,30.0,0.9625,24,24,24
20241229,광진구,2024122820,4.0,-3.0,55.208333333333336,30.0,1.0416666666666667,24,24,24
20241229,구로구,2024122820,5.0,-2.0,55.833333333333336,30.0,0.9916666666666666,24,24,24
20241229,금천구,2024122820,4.0,-4.0,62.5,30.0,0.9708333333333332,24,24,24
20241229,노원구,2024122820,4.0,-6.0,60.416666666666664,30.0,1.0666666666666669,24,24,24
20241229,도봉구,2024122820,4.0,-6.0,60.416666666666664,30.0,1.0666666666666669,24,24,24
20241229,동대문구,2024122820,4.0,-3.0,55.208333333333336,30.0,1.0166666666666666,24,24,24
20241229,동작구,2024122820,4.0,-3.0,59.375,30.0,0.9625,24,24,24
20241229,마포구,2024122820,4.0,-4.0,57.5,30.0,1.0083333333333333,24,24,24
20241229,서대문구,2024122820,4.0,-4.0,57.5,30.0,1.0083333333333333,24,24,24
20241229,서초구,2024122820,5.0,-3.0,58.333333333333336,30.0,0.9875,24,24,24
20241229,성동구,2024122820,4.0,-3.0,55.416666666666664,30.0,1.0125,24,24,24
20241229,성북구,2024122820,2.0,-7.0,57.708333333333336,30.0,1.0,24,24,24
20241229,송파구,2024122820,5.0,-3.0,55.625,30.0,1.0291666666666668,24,24,24
20241229,양천구,2024122820,4.0,-3.0,57.708333333333336,30.0,1.0,24,24,24
20241229,영등포구,2024122820,4.0,-3.0,57.708333333333336,30.0,0.9666666666666668,24,24,24
20241229,용산구,2024122820,4.0,-3.0,57.708333333333336,30.0,0.9833333333333334,24,24,24
20241229,은평구,2024122820,4.0,-5.0,59.375,30.0,0.9958333333333332,24,24,24
20241229,종로구,2024122820,5.0,-4.0,58.125,30.0,0.9958333333333332,24,24,24
20241229,중구,2024122820,5.0,-4.0,58.125,30.0,0.9958333333333332,24,24,24
20241229,중랑구,2024122820,4.0,-4.0,55.833333333333336,30.0,1.0416666666666667,24,24,24
20241230,강남구,2024122920,10.0,2.0,67.29166666666667,30.0,3.4166666666666665,24,24,24
20241230,강동구,2024122920,10.0,1.0,68.95833333333333,30.0,3.258333333333333,24,24,24
20241230,강북구,2024122920,7.0,-2.0,70.0,30.0,3.258333333333333,24,24,24
20241230,강서구,2024122920,10.0,1.0,72.70833333333333,30.0,4.029166666666666,24,24,24
20241230,관악구,2024122920,10.0,2.0,66.45833333333333,30.0,3.5375,24,24,24
20241230,광진구,2024122920,10.0,2.0,65.41666666666667,30.0,3.2624999999999997,24,24,24
20241230,구로구,2024122920,10.0,3.0,63.75,30.0,3.7625,24,24,24
20241230,금천구,2024122920,9.0,1.0,70.41666666666667,30.0,3.6583333333333328,24,24,24
20241230,노원구,2024122920,9.0,-1.0,72.91666666666667,30.0,3.1666666666666665,24,24,24
20241230,도봉구,2024122920,9.0,-1.0,72.91666666666667,30.0,3.1666666666666665,24,24,24
20241230,동대문구,2024122920,10.0,2.0,66.25,30.0,3.1750000000000003,24,24,24
20241230,동작구,2024122920,10.0,2.0,66.45833333333333,30.0,3.5375,24,24,24
20241230,마포구,2024122920,9.0,2.0,66.875,30.0,3.375,24,24,24
20241230,서대문구,2024122920,9.0,2.0,66.875,30.0,3.375,24,24,24
20241230,서초구,2024122920,10.0,2.0,67.29166666666667,30.0,3.4166666666666665,24,24,24
20241230,성동구,2024122920,9.0,2.0,65.0,30.0,3.2624999999999997,24,24,24
20241230,성북구,2024122920,7.0,-2.0,70.0,30.0,3.258333333333333,24,24,24
20241230,송파구,2024122920,10.0,2.0,65.20833333333333,30.0,3.391666666666667,24,24,24
20241230,양천구,2024122920,10.0,2.0,65.625,30.0,3.6583333333333337,24,24,24
20241230,영등포구,2024122920,10.0,2.0,65.625,30.0,3.383333333333333,24,24,24
20241230,용산구,2024122920,10.0,2.0,65.83333333333333,30.0,3.3166666666666664,24,24,24
20241230,은평구,2024122920,10.0,1.0,71.04166666666667,30.0,3.4458333333333333,24,24,24
20241230,종로구,2024122920,10.0,2.0,67.70833333333333,30.0,3.266666666666667,24,24,24
20241230,중구,2024122920,10.0,2.0,67.70833333333333,30.0,3.266666666666667,24,24,24
20241230,중랑구,2024122920,10.0,1.0,67.08333333333333,30.0,3.154166666666667,24,24,24
20241231,강남구,2024123020,3.0,-3.0,46.041666666666664,20.0,2.795833333333333,24,24,24
20241231,강동구,2024123020,3.0,-3.0,47.291666666666664,20.0,2.8041666666666667,24,24,24
20241231,강북구,2024123020,1.0,-6.0,47.916666666666664,0.0,2.5916666666666663,24,24,24
20241231,강서구,2024123020,3.0,-4.0,53.125,0.0,2.8166666666666664,24,24,24
20241231,관악구,2024123020,3.0,-2.0,47.291666666666664,20.0,2.795833333333333,24,24,24
20241231,광진구,2024123020,3.0,-3.0,44.166666666666664,20.0,2.7916666666666665,24,24,24
20241231,구로구,2024123020,4.0,-2.0,44.166666666666664,20.0,2.8333333333333335,24,24,24
20241231,금천구,2024123020,2.0,-3.0,50.0,20.0,2.8125,24,24,24
20241231,노원구,2024123020,3.0,-5.0,49.583333333333336,0.0,2.6916666666666664,24,24,24
20241231,도봉구,2024123020,3.0,-5.0,49.583333333333336,0.0,2.6916666666666664,24,24,24
20241231,동대문구,2024123020,3.0,-3.0,44.166666666666664,20.0,2.7000000000000006,24,24,24
20241231,동작구,2024123020,3.0,-2.0,47.291666666666664,20.0,2.795833333333333,24,24,24
20241231,마포구,2024123020,3.0,-3.0,46.666666666666664,0.0,2.6958333333333333,24,24,24
20241231,서대문구,2024123020,3.0,-3.0,46.666666666666664,0.0,2.6958333333333333,24,24,24
20241231,서초구,2024123020,3.0,-3.0,46.041666666666664,20.0,2.795833333333333,24,24,24
20241231,성동구,2024123020,4.0,-3.0,43.541666666666664,20.0,2.7624999999999997,24,24,24
20241231,성북구,2024123020,1.0,-6.0,47.916666666666664,0.0,2.5916666666666663,24,24,24
20241231,송파구,2024123020,4.0,-2.0,43.75,20.0,2.7916666666666665,24,24,24
20241231,양천구,2024123020,3.0,-3.0,46.25,0.0,2.7708333333333335,24,24,24
20241231,영등포구,2024123020,3.0,-3.0,45.833333333333336,20.0,2.75,24,24,24
20241231,용산구,2024123020,3.0,-3.0,45.833333333333336,20.0,2.7416666666666667,24,24,24
20241231,은평구,2024123020,3.0,-4.0,50.208333333333336,0.0,2.6541666666666663,24,24,24
20241231,종로구,2024123020,3.0,-3.0,47.708333333333336,20.0,2.670833333333333,24,24,24
20241231,중구,2024123020,3.0,-3.0,47.708333333333336,20.0,2.670833333333333,24,24,24
20241231,중랑구,2024123020,3.0,-3.0,45.208333333333336,20.0,2.725,24,24,24
