date,district,tmfc,TMX,TMN,REH_mean,POP_max,WSD_mean,REH_count,POP_count,WSD_count
20250101,강남구,2024123120,8.0,-1.0,58.333333333333336,20.0,1.6791666666666665,24,24,24
20250101,강동구,2024123120,8.0,-2.0,60.208333333333336,20.0,1.6875,24,24,24
20250101,강북구,2024123120,5.0,-4.0,59.791666666666664,20.0,1.5874999999999997,24,24,24
20250101,강서구,2024123120,8.0,-2.0,63.333333333333336,20.0,1.7875,24,24,24
20250101,관악구,2024123120,7.0,-1.0,59.166666666666664,20.0,1.7083333333333333,24,24,24
20250101,광진구,2024123120,8.0,-1.0,55.833333333333336,20.0,1.65,24,24,24
20250101,구로구,2024123120,7.0,0.0,55.416666666666664,20.0,1.7791666666666668,24,24,24
20250101,금천구,2024123120,7.0,-2.0,63.541666666666664,20.0,1.7416666666666665,24,24,24
20250101,노원구,2024123120,7.0,-3.0,62.291666666666664,20.0,1.6000000000000003,24,24,24
20250101,도봉구,2024123120,7.0,-3.0,62.291666666666664,20.0,1.6000000000000003,24,24,24
20250101,동대문구,2024123120,7.0,-1.0,56.041666666666664,20.0,1.6416666666666668,24,24,24
20250101,동작구,2024123120,7.0,-1.0,59.166666666666664,20.0,1.7083333333333333,24,24,24
20250101,마포구,2024123120,7.0,-1.0,57.5,20.0,1.6666666666666667,24,24,24
20250101,서대문구,2024123120,7.0,-1.0,57.5,20.0,1.6666666666666667,24,24,24
20250101,서초구,2024123120,8.0,-1.0,58.333333333333336,20.0,1.6791666666666665,24,24,24
20250101,성동구,2024123120,8.0,-1.0,56.666666666666664,20.0,1.6416666666666666,24,24,24
20250101,성북구,2024123120,5.0,-4.0,59.791666666666664,20.0,1.5874999999999997,24,24,24
20250101,송파구,2024123120,8.0,-1.0,56.875,20.0,1.6791666666666665,24,24,24
20250101,양천구,2024123120,7.0,-1.0,57.083333333333336,20.0,1.7291666666666667,24,24,24
20250101,영등포구,2024123120,7.0,-1.0,56.875,20.0,1.6791666666666665,24,24,24
20250101,용산구,2024123120,7.0,-1.0,57.083333333333336,20.0,1.6208333333333336,24,24,24
20250101,은평구,2024123120,8.0,-2.0,61.666666666666664,20.0,1.6375000000000002,24,24,24
20250101,종로구,2024123120,8.0,-1.0,58.333333333333336,20.0,1.6000000000000003,24,24,24
20250101,중구,2024123120,8.0,-1.0,58.333333333333336,20.0,1.6000000000000003,24,24,24
20250101,중랑구,2024123120,8.0,-2.0,57.083333333333336,20.0,1.6458333333333333,24,24,24
20250102,강남구,2025010120,5.0,-2.0,47.916666666666664,30.0,1.825,24,24,24
20250102,강동구,2025010120,5.0,-3.0,48.958333333333336,30.0,1.8875,24,24,24
20250102,강북구,2025010120,3.0,-5.0,48.541666666666664,30.0,1.7916666666666667,24,24,24
20250102,강서구,2025010120,5.0,-4.0,53.541666666666664,30.0,1.9624999999999997,24,24,24
20250102,관악구,2025010120,5.0,-2.0,49.791666666666664,30.0,1.8416666666666663,24,24,24
20250102,광진구,2025010120,5.0,-2.0,45.625,30.0,1.8625,24,24,24
20250102,구로구,2025010120,5.0,-1.0,47.083333333333336,30.0,1.85,24,24,24
20250102,금천구,2025010120,4.0,-3.0,53.125,30.0,1.8374999999999997,24,24,24
20250102,노원구,2025010120,5.0,-4.0,49.166666666666664,30.0,1.8916666666666668,24,24,24
20250102,도봉구,2025010120,5.0,-4.0,49.166666666666664,30.0,1.8916666666666668,24,24,24
20250102,동대문구,2025010120,5.0,-2.0,45.208333333333336,30.0,1.8416666666666668,24,24,24
20250102,동작구,2025010120,5.0,-2.0,49.791666666666664,30.0,1.8416666666666663,24,24,24
20250102,마포구,2025010120,5.0,-3.0,47.708333333333336,30.0,1.8541666666666667,24,24,24
20250102,서대문구,2025010120,5.0,-3.0,47.708333333333336,30.0,1.8541666666666667,24,24,24
20250102,서초구,2025010120,5.0,-2.0,47.916666666666664,30.0,1.825,24,24,24
20250102,성동구,2025010120,5.0,-2.0,45.416666666666664,30.0,1.8541666666666667,24,24,24
20250102,성북구,2025010120,3.0,-5.0,48.541666666666664,30.0,1.7916666666666667,24,24,24
20250102,송파구,2025010120,5.0,-2.0,46.458333333333336,30.0,1.8625,24,24,24
20250102,양천구,2025010120,5.0,-2.0,48.333333333333336,30.0,1.8625,24,24,24
20250102,영등포구,2025010120,5.0,-2.0,47.916666666666664,30.0,1.8291666666666664,24,24,24
20250102,용산구,2025010120,5.0,-2.0,47.291666666666664,30.0,1.8166666666666669,24,24,24
20250102,은평구,2025010120,5.0,-4.0,51.041666666666664,30.0,1.8291666666666664,24,24,24
20250102,종로구,2025010120,5.0,-3.0,47.5,30.0,1.7999999999999998,24,24,24
20250102,중구,2025010120,5.0,-3.0,47.5,30.0,1.7999999999999998,24,24,24
20250102,중랑구,2025010120,5.0,-2.0,46.458333333333336,30.0,1.883333333333333,24,24,24
20250103,강남구,2025010220,3.0,-4.0,46.875,30.0,1.4708333333333332,24,24,24
20250103,강동구,2025010220,2.0,-5.0,47.291666666666664,30.0,1.5916666666666668,24,24,24
20250103,강북구,2025010220,-1.0,-8.0,50.208333333333336,30.0,1.3958333333333333,24,24,24
20250103,강서구,2025010220,2.0,-6.0,52.708333333333336,30.0,1.4458333333333335,24,24,24
20250103,관악구,2025010220,2.0,-4.0,47.708333333333336,30.0,1.4083333333333332,24,24,24
20250103,광진구,2025010220,2.0,-4.0,45.833333333333336,30.0,1.5458333333333332,24,24,24
20250103,구로구,2025010220,3.0,-3.0,42.916666666666664,30.0,1.3916666666666666,24,24,24
20250103,금천구,2025010220,2.0,-5.0,51.666666666666664,30.0,1.4249999999999998,24,24,24
20250103,노원구,2025010220,2.0,-6.0,52.083333333333336,30.0,1.475,24,24,24
20250103,도봉구,2025010220,2.0,-6.0,52.083333333333336,30.0,1.475,24,24,24
20250103,동대문구,2025010220,2.0,-4.0,46.875,30.0,1.4500000000000002,24,24,24
20250103,동작구,2025010220,2.0,-4.0,47.708333333333336,30.0,1.4083333333333332,24,24,24
20250103,마포구,2025010220,2.0,-5.0,47.083333333333336,30.0,1.4083333333333332,24,24,24
20250103,서대문구,2025010220,2.0,-5.0,47.083333333333336,30.0,1.4083333333333332,24,24,24
20250103,서초구,2025010220,3.0,-4.0,46.875,30.0,1.4708333333333332,24,24,24
20250103,성동구,2025010220,2.0,-4.0,47.5,30.0,1.4666666666666668,24,24,24
20250103,성북구,2025010220,-1.0,-8.0,50.208333333333336,30.0,1.3958333333333333,24,24,24
20250103,송파구,2025010220,3.0,-4.0,45.416666666666664,30.0,1.5333333333333332,24,24,24
20250103,양천구,2025010220,2.0,-4.0,47.291666666666664,30.0,1.3999999999999997,24,24,24
20250103,영등포구,2025010220,2.0,-4.0,46.25,30.0,1.4125,24,24,24
20250103,용산구,2025010220,2.0,-4.0,46.875,30.0,1.425,24,24,24
20250103,은평구,2025010220,2.0,-6.0,51.041666666666664,30.0,1.4,24,24,24
20250103,종로구,2025010220,3.0,-5.0,50.625,30.0,1.4041666666666668,24,24,24
20250103,중구,2025010220,3.0,-5.0,50.625,30.0,1.4041666666666668,24,24,24
20250103,중랑구,2025010220,2.0,-5.0,46.875,30.0,1.5125,24,24,24
20250104,강남구,2025010320,5.0,-4.0,53.125,30.0,1.1708333333333334,24,24,24
20250104,강동구,2025010320,4.0,-4.0,54.583333333333336,30.0,1.2416666666666665,24,24,24
20250104,강북구,2025010320,2.0,-7.0,52.916666666666664,30.0,1.1333333333333333,24,24,24
20250104,강서구,2025010320,4.0,-5.0,58.333333333333336,30.0,1.1666666666666667,24,24,24
20250104,관악구,2025010320,4.0,-4.0,55.0,30.0,1.125,24,24,24
20250104,광진구,2025010320,4.0,-4.0,50.833333333333336,30.0,1.2041666666666666,24,24,24
20250104,구로구,2025010320,5.0,-3.0,51.666666666666664,30.0,1.1458333333333333,24,24,24
20250104,금천구,2025010320,4.0,-4.0,57.916666666666664,30.0,1.1208333333333331,24,24,24
20250104,노원구,2025010320,4.0,-6.0,54.791666666666664,30.0,1.1833333333333331,24,24,24
20250104,도봉구,2025010320,4.0,-6.0,54.791666666666664,30.0,1.1833333333333331,24,24,24
20250104,동대문구,2025010320,4.0,-3.0,50.0,30.0,1.1708333333333334,24,24,24
20250104,동작구,2025010320,4.0,-4.0,55.0,30.0,1.125,24,24,24
20250104,마포구,2025010320,4.0,-4.0,51.25,30.0,1.1208333333333331,24,24,24
20250104,서대문구,2025010320,4.0,-4.0,51.25,30.0,1.1208333333333331,24,24,24
20250104,서초구,2025010320,5.0,-4.0,53.125,30.0,1.1708333333333334,24,24,24
20250104,성동구,2025010320,4.0,-4.0,50.833333333333336,30.0,1.1875,24,24,24
20250104,성북구,2025010320,2.0,-7.0,52.916666666666664,30.0,1.1333333333333333,24,24,24
20250104,송파구,2025010320,5.0,-3.0,51.458333333333336,30.0,1.1958333333333333,24,24,24
20250104,양천구,2025010320,4.0,-4.0,52.291666666666664,30.0,1.1291666666666669,24,24,24
20250104,영등포구,2025010320,4.0,-4.0,53.125,30.0,1.1291666666666669,24,24,24
20250104,용산구,2025010320,4.0,-4.0,52.708333333333336,30.0,1.1625,24,24,24
20250104,은평구,2025010320,4.0,-5.0,55.416666666666664,30.0,1.1125,24,24,24
20250104,종로구,2025010320,5.0,-4.0,52.5,30.0,1.1375,24,24,24
20250104,중구,2025010320,5.0,-4.0,52.5,30.0,1.1375,24,24,24
20250104,중랑구,2025010320,4.0,-4.0,51.041666666666664,30.0,1.2041666666666666,24,24,24
20250105,강남구,2025010420,6.0,0.0,76.875,60.0,1.9125,24,24,24
20250105,강동구,2025010420,6.0,-1.0,77.70833333333333,60.0,1.8333333333333333,24,24,24
20250105,강북구,2025010420,4.0,-3.0,80.83333333333333,60.0,1.8791666666666669,24,24,24
20250105,강서구,2025010420,6.0,-1.0,85.0,61.0,2.1791666666666667,24,24,24
20250105,관악구,2025010420,6.0,1.0,78.125,60.0,1.9833333333333332,24,24,24
20250105,광진구,2025010420,6.0,0.0,74.375,60.0,1.8666666666666665,24,24,24
20250105,구로구,2025010420,7.0,1.0,74.375,60.0,2.033333333333333,24,24,24
20250105,금천구,2025010420,6.0,0.0,81.45833333333333,60.0,1.9791666666666667,24,24,24
20250105,노원구,2025010420,6.0,-2.0,83.125,60.0,1.8583333333333332,24,24,24
20250105,도봉구,2025010420,6.0,-2.0,83.125,60.0,1.8583333333333332,24,24,24
20250105,동대문구,2025010420,6.0,0.0,76.45833333333333,60.0,1.8791666666666669,24,24,24
20250105,동작구,2025010420,6.0,1.0,78.125,60.0,1.9833333333333332,24,24,24
20250105,마포구,2025010420,6.0,0.0,78.33333333333333,60.0,1.9625,24,24,24
20250105,서대문구,2025010420,6.0,0.0,78.33333333333333,60.0,1.9625,24,24,24
20250105,서초구,2025010420,6.0,0.0,76.875,60.0,1.9125,24,24,24
20250105,성동구,2025010420,6.0,0.0,75.41666666666667,60.0,1.8958333333333333,24,24,24
20250105,성북구,2025010420,4.0,-3.0,80.83333333333333,60.0,1.8791666666666669,24,24,24
20250105,송파구,2025010420,6.0,0.0,74.16666666666667,60.0,1.8666666666666665,24,24,24
20250105,양천구,2025010420,6.0,0.0,78.125,60.0,2.045833333333333,24,24,24
20250105,영등포구,2025010420,6.0,0.0,77.70833333333333,60.0,1.9625,24,24,24
20250105,용산구,2025010420,6.0,0.0,77.70833333333333,60.0,1.9208333333333332,24,24,24
20250105,은평구,2025010420,6.0,-1.0,82.91666666666667,60.0,1.9541666666666668,24,24,24
20250105,종로구,2025010420,6.0,0.0,80.625,60.0,1.8958333333333333,24,24,24
20250105,중구,2025010420,6.0,0.0,80.625,60.0,1.8958333333333333,24,24,24
20250105,중랑구,2025010420,6.0,0.0,76.875,60.0,1.8458333333333332,24,24,24
20250106,강남구,2025010520,4.0,2.0,69.16666666666667,60.0,2.35,24,24,24
20250106,강동구,2025010520,4.0,1.0,71.25,60.0,2.275,24,24,24
20250106,강북구,2025010520,1.0,-1.0,71.45833333333333,60.0,2.2375000000000003,24,24,24
20250106,강서구,2025010520,4.0,0.0,74.58333333333333,60.0,2.4458333333333333,24,24,24
20250106,관악구,2025010520,4.0,2.0,70.625,60.0,2.3833333333333333,24,24,24
20250106,광진구,2025010520,4.0,2.0,67.70833333333333,60.0,2.2916666666666665,24,24,24
20250106,구로구,2025010520,4.0,3.0,66.04166666666667,60.0,2.4125,24,24,24
20250106,금천구,2025010520,3.0,1.0,73.95833333333333,60.0,2.3958333333333335,24,24,24
20250106,노원구,2025010520,4.0,0.0,74.16666666666667,60.0,2.2416666666666667,24,24,24
20250106,도봉구,2025010520,4.0,0.0,74.16666666666667,60.0,2.2416666666666667,24,24,24
20250106,동대문구,2025010520,4.0,2.0,67.91666666666667,60.0,2.279166666666667,24,24,24
20250106,동작구,2025010520,4.0,2.0,70.625,60.0,2.3833333333333333,24,24,24
20250106,마포구,2025010520,3.0,2.0,70.20833333333333,60.0,2.3249999999999997,24,24,24
20250106,서대문구,2025010520,3.0,2.0,70.20833333333333,60.0,2.3249999999999997,24,24,24
20250106,서초구,2025010520,4.0,2.0,69.16666666666667,60.0,2.35,24,24,24
20250106,성동구,2025010520,5.0,2.0,68.125,60.0,2.3000000000000003,24,24,24
20250106,성북구,2025010520,1.0,-1.0,71.45833333333333,60.0,2.2375000000000003,24,24,24
20250106,송파구,2025010520,4.0,2.0,67.5,60.0,2.3041666666666667,24,24,24
20250106,양천구,2025010520,4.0,2.0,69.58333333333333,60.0,2.3874999999999997,24,24,24
20250106,영등포구,2025010520,4.0,2.0,68.54166666666667,60.0,2.3625000000000003,24,24,24
20250106,용산구,2025010520,4.0,2.0,68.33333333333333,60.0,2.341666666666667,24,24,24
20250106,은평구,2025010520,4.0,1.0,73.75,60.0,2.2791666666666663,24,24,24
20250106,종로구,2025010520,4.0,2.0,71.45833333333333,60.0,2.2958333333333334,24,24,24
20250106,중구,2025010520,4.0,2.0,71.45833333333333,60.0,2.2958333333333334,24,24,24
20250106,중랑구,2025010520,4.0,2.0,69.16666666666667,60.0,2.2624999999999997,24,24,24
20250107,강남구,2025010620,1.0,-5.0,48.958333333333336,30.0,3.633333333333333,24,24,24
20250107,강동구,2025010620,1.0,-6.0,50.0,30.0,3.9874999999999994,24,24,24
20250107,강북구,2025010620,-2.0,-9.0,51.25,30.0,3.7916666666666665,24,24,24
20250107,강서구,2025010620,1.0,-7.0,54.791666666666664,30.0,3.9083333333333337,24,24,24
20250107,관악구,2025010620,1.0,-5.0,51.041666666666664,30.0,3.5125000000000006,24,24,24
20250107,광진구,2025010620,1.0,-5.0,47.708333333333336,30.0,3.716666666666667,24,24,24
20250107,구로구,2025010620,2.0,-4.0,47.708333333333336,30.0,3.6666666666666665,24,24,24
20250107,금천구,2025010620,0.0,-6.0,52.916666666666664,30.0,3.670833333333334,24,24,24
20250107,노원구,2025010620,0.0,-8.0,53.541666666666664,30.0,3.954166666666667,24,24,24
20250107,도봉구,2025010620,0.0,-8.0,53.541666666666664,30.0,3.954166666666667,24,24,24
20250107,동대문구,2025010620,1.0,-5.0,49.166666666666664,30.0,3.595833333333333,24,24,24
20250107,동작구,2025010620,1.0,-5.0,51.041666666666664,30.0,3.5125000000000006,24,24,24
20250107,마포구,2025010620,1.0,-5.0,50.833333333333336,30.0,3.4416666666666664,24,24,24
20250107,서대문구,2025010620,1.0,-5.0,50.833333333333336,30.0,3.4416666666666664,24,24,24
20250107,서초구,2025010620,1.0,-5.0,48.958333333333336,30.0,3.633333333333333,24,24,24
20250107,성동구,2025010620,1.0,-5.0,48.333333333333336,30.0,3.483333333333333,24,24,24
20250107,성북구,2025010620,-2.0,-9.0,51.25,30.0,3.7916666666666665,24,24,24
20250107,송파구,2025010620,1.0,-5.0,46.875,30.0,3.8041666666666663,24,24,24
20250107,양천구,2025010620,1.0,-5.0,50.625,30.0,3.595833333333333,24,24,24
20250107,영등포구,2025010620,1.0,-5.0,49.583333333333336,30.0,3.3333333333333335,24,24,24
20250107,용산구,2025010620,1.0,-5.0,49.583333333333336,30.0,3.4250000000000003,24,24,24
20250107,은평구,2025010620,1.0,-7.0,52.916666666666664,30.0,3.6666666666666665,24,24,24
20250107,종로구,2025010620,1.0,-6.0,53.333333333333336,30.0,3.5124999999999997,24,24,24
20250107,중구,2025010620,1.0,-6.0,53.333333333333336,30.0,3.5124999999999997,24,24,24
20250107,중랑구,2025010620,1.0,-6.0,48.75,30.0,3.8333333333333335,24,24,24
20250108,강남구,2025010720,-1.0,-5.0,48.958333333333336,30.0,3.1666666666666665,24,24,24
20250108,강동구,2025010720,-1.0,-5.0,49.166666666666664,30.0,3.233333333333333,24,24,24
20250108,강북구,2025010720,-4.0,-8.0,50.208333333333336,30.0,3.0124999999999997,24,24,24
20250108,강서구,2025010720,-1.0,-6.0,52.291666666666664,30.0,3.216666666666667,24,24,24
20250108,관악구,2025010720,-1.0,-5.0,51.458333333333336,30.0,3.1750000000000003,24,24,24
20250108,광진구,2025010720,-1.0,-5.0,47.083333333333336,30.0,3.216666666666667,24,24,24
20250108,구로구,2025010720,-1.0,-4.0,47.291666666666664,30.0,3.204166666666667,24,24,24
20250108,금천구,2025010720,-1.0,-5.0,52.5,30.0,3.225,24,24,24
20250108,노원구,2025010720,-2.0,-7.0,51.25,30.0,3.0999999999999996,24,24,24
20250108,도봉구,2025010720,-2.0,-7.0,51.25,30.0,3.0999999999999996,24,24,24
20250108,동대문구,2025010720,-2.0,-5.0,47.708333333333336,30.0,3.091666666666667,24,24,24
20250108,동작구,2025010720,-1.0,-5.0,51.458333333333336,30.0,3.1750000000000003,24,24,24
20250108,마포구,2025010720,-1.0,-6.0,49.166666666666664,30.0,3.079166666666667,24,24,24
20250108,서대문구,2025010720,-1.0,-6.0,49.166666666666664,30.0,3.079166666666667,24,24,24
20250108,서초구,2025010720,-1.0,-5.0,48.958333333333336,30.0,3.1666666666666665,24,24,24
20250108,성동구,2025010720,-1.0,-5.0,47.291666666666664,30.0,3.1333333333333333,24,24,24
20250108,성북구,2025010720,-4.0,-8.0,50.208333333333336,30.0,3.0124999999999997,24,24,24
20250108,송파구,2025010720,-1.0,-5.0,46.666666666666664,30.0,3.204166666666667,24,24,24
20250108,양천구,2025010720,-1.0,-5.0,49.791666666666664,30.0,3.15,24,24,24
20250108,영등포구,2025010720,-1.0,-5.0,50.208333333333336,30.0,3.1375000000000006,24,24,24
20250108,용산구,2025010720,-1.0,-5.0,49.583333333333336,30.0,3.1374999999999997,24,24,24
20250108,은평구,2025010720,-1.0,-7.0,51.875,30.0,3.0541666666666667,24,24,24
20250108,종로구,2025010720,-1.0,-5.0,51.666666666666664,30.0,3.0666666666666664,24,24,24
20250108,중구,2025010720,-1.0,-5.0,51.666666666666664,30.0,3.0666666666666664,24,24,24
20250108,중랑구,2025010720,-1.0,-6.0,47.708333333333336,30.0,3.1833333333333336,24,24,24
20250109,강남구,2025010820,-7.0,-11.0,36.25,20.0,6.258333333333333,24,24,24
20250109,강동구,2025010820,-8.0,-11.0,37.708333333333336,20.0,6.375,24,24,24
20250109,강북구,2025010820,-10.0,-15.0,39.791666666666664,20.0,6.145833333333333,24,24,24
20250109,강서구,2025010820,-7.0,-12.0,40.208333333333336,20.0,6.9875,24,24,24
20250109,관악구,2025010820,-8.0,-11.0,37.291666666666664,20.0,6.3125,24,24,24
20250109,광진구,2025010820,-8.0,-11.0,35.833333333333336,20.0,6.233333333333333,24,24,24
20250109,구로구,2025010820,-8.0,-11.0,32.916666666666664,20.0,6.6375,24,24,24
20250109,금천구,2025010820,-8.0,-12.0,39.375,30.0,6.541666666666667,24,24,24
20250109,노원구,2025010820,-8.0,-13.0,43.333333333333336,20.0,6.116666666666667,24,24,24
20250109,도봉구,2025010820,-8.0,-13.0,43.333333333333336,20.0,6.116666666666667,24,24,24
20250109,동대문구,2025010820,-8.0,-12.0,37.083333333333336,20.0,6.058333333333334,24,24,24
20250109,동작구,2025010820,-8.0,-11.0,37.291666666666664,20.0,6.3125,24,24,24
20250109,마포구,2025010820,-8.0,-12.0,37.708333333333336,20.0,6.066666666666666,24,24,24
20250109,서대문구,2025010820,-8.0,-12.0,37.708333333333336,20.0,6.066666666666666,24,24,24
20250109,서초구,2025010820,-7.0,-11.0,36.25,20.0,6.258333333333333,24,24,24
20250109,성동구,2025010820,-7.0,-12.0,35.208333333333336,20.0,6.070833333333333,24,24,24
20250109,성북구,2025010820,-10.0,-15.0,39.791666666666664,20.0,6.145833333333333,24,24,24
20250109,송파구,2025010820,-7.0,-10.0,33.958333333333336,20.0,6.3500000000000005,24,24,24
20250109,양천구,2025010820,-8.0,-12.0,35.625,20.0,6.4750000000000005,24,24,24
20250109,영등포구,2025010820,-8.0,-12.0,37.291666666666664,20.0,6.058333333333333,24,24,24
20250109,용산구,2025010820,-8.0,-12.0,37.291666666666664,20.0,6.066666666666667,24,24,24
20250109,은평구,2025010820,-8.0,-13.0,39.791666666666664,20.0,6.1875,24,24,24
20250109,종로구,2025010820,-7.0,-12.0,40.208333333333336,20.0,6.058333333333333,24,24,24
20250109,중구,2025010820,-7.0,-12.0,40.208333333333336,20.0,6.058333333333333,24,24,24
20250109,중랑구,2025010820,-8.0,-12.0,36.875,20.0,6.216666666666666,24,24,24
20250110,강남구,2025010920,-2.0,-12.0,56.25,0.0,1.4541666666666666,24,24,24
20250110,강동구,2025010920,-3.0,-13.0,57.083333333333336,0.0,1.3083333333333331,24,24,24
20250110,강북구,2025010920,-5.0,-16.0,59.375,0.0,1.1166666666666667,24,24,24
20250110,강서구,2025010920,-2.0,-13.0,61.458333333333336,20.0,1.4625,24,24,24
20250110,관악구,2025010920,-3.0,-12.0,57.083333333333336,20.0,1.4624999999999997,24,24,24
20250110,광진구,2025010920,-3.0,-12.0,55.625,0.0,1.2708333333333333,24,24,24
20250110,구로구,2025010920,-2.0,-11.0,52.916666666666664,20.0,1.5208333333333333,24,24,24
20250110,금천구,2025010920,-3.0,-12.0,61.041666666666664,20.0,1.6375000000000002,24,24,24
20250110,노원구,2025010920,-3.0,-14.0,63.541666666666664,0.0,0.9833333333333334,24,24,24
20250110,도봉구,2025010920,-3.0,-14.0,63.541666666666664,0.0,0.9833333333333334,24,24,24
20250110,동대문구,2025010920,-3.0,-12.0,56.25,0.0,1.1666666666666667,24,24,24
20250110,동작구,2025010920,-3.0,-12.0,57.083333333333336,20.0,1.4624999999999997,24,24,24
20250110,마포구,2025010920,-3.0,-12.0,55.625,0.0,1.1666666666666667,24,24,24
20250110,서대문구,2025010920,-3.0,-12.0,55.625,0.0,1.1666666666666667,24,24,24
20250110,서초구,2025010920,-2.0,-12.0,56.25,0.0,1.4541666666666666,24,24,24
20250110,성동구,2025010920,-2.0,-12.0,57.291666666666664,0.0,1.2791666666666666,24,24,24
20250110,성북구,2025010920,-5.0,-16.0,59.375,0.0,1.1166666666666667,24,24,24
20250110,송파구,2025010920,-2.0,-11.0,54.791666666666664,0.0,1.4666666666666666,24,24,24
20250110,양천구,2025010920,-3.0,-12.0,56.25,20.0,1.3458333333333332,24,24,24
20250110,영등포구,2025010920,-3.0,-12.0,55.625,20.0,1.2791666666666666,24,24,24
20250110,용산구,2025010920,-3.0,-12.0,56.041666666666664,0.0,1.275,24,24,24
20250110,은평구,2025010920,-2.0,-14.0,58.958333333333336,0.0,1.1708333333333334,24,24,24
20250110,종로구,2025010920,-2.0,-12.0,60.625,0.0,1.1666666666666667,24,24,24
20250110,중구,2025010920,-2.0,-12.0,60.625,0.0,1.1666666666666667,24,24,24
20250110,중랑구,2025010920,-3.0,-13.0,57.708333333333336,0.0,1.1791666666666665,24,24,24
20250111,강남구,2025011020,1.0,-7.0,58.958333333333336,30.0,0.9958333333333336,24,24,24
20250111,강동구,2025011020,0.0,-9.0,58.75,20.0,1.0,24,24,24
20250111,강북구,2025011020,-2.0,-11.0,58.75,20.0,0.9125,24,24,24
20250111,강서구,2025011020,0.0,-9.0,64.16666666666667,30.0,1.075,24,24,24
20250111,관악구,2025011020,0.0,-7.0,61.458333333333336,30.0,1.025,24,24,24
20250111,광진구,2025011020,0.0,-8.0,56.041666666666664,20.0,0.9791666666666666,24,24,24
20250111,구로구,2025011020,1.0,-8.0,59.166666666666664,30.0,1.0833333333333333,24,24,24
20250111,금천구,2025011020,-1.0,-8.0,65.0,30.0,1.0625000000000002,24,24,24
20250111,노원구,2025011020,0.0,-10.0,62.708333333333336,20.0,0.8791666666666668,24,24,24
20250111,도봉구,2025011020,0.0,-10.0,62.708333333333336,20.0,0.8791666666666668,24,24,24
20250111,동대문구,2025011020,0.0,-8.0,55.0,20.0,0.9416666666666668,24,24,24
20250111,동작구,2025011020,0.0,-7.0,61.458333333333336,30.0,1.025,24,24,24
20250111,마포구,2025011020,0.0,-8.0,58.125,20.0,0.9666666666666668,24,24,24
20250111,서대문구,2025011020,0.0,-8.0,58.125,20.0,0.9666666666666668,24,24,24
20250111,서초구,2025011020,1.0,-7.0,58.958333333333336,30.0,0.9958333333333336,24,24,24
20250111,성동구,2025011020,1.0,-7.0,56.25,20.0,0.9708333333333332,24,24,24
20250111,성북구,2025011020,-2.0,-11.0,58.75,20.0,0.9125,24,24,24
20250111,송파구,2025011020,1.0,-7.0,56.041666666666664,20.0,0.9916666666666668,24,24,24
20250111,양천구,2025011020,0.0,-7.0,58.958333333333336,30.0,1.0458333333333334,24,24,24
20250111,영등포구,2025011020,0.0,-7.0,58.333333333333336,30.0,1.0,24,24,24
20250111,용산구,2025011020,0.0,-7.0,57.5,30.0,0.9916666666666668,24,24,24
20250111,은평구,2025011020,0.0,-10.0,61.041666666666664,20.0,0.9208333333333334,24,24,24
20250111,종로구,2025011020,1.0,-8.0,58.541666666666664,20.0,0.9583333333333334,24,24,24
20250111,중구,2025011020,1.0,-8.0,58.541666666666664,20.0,0.9583333333333334,24,24,24
20250111,중랑구,2025011020,0.0,-8.0,55.416666666666664,20.0,0.9375,24,24,24
20250112,강남구,2025011120,3.0,-6.0,49.375,30.0,1.2708333333333333,24,24,24
20250112,강동구,2025011120,2.0,-7.0,49.375,30.0,1.3166666666666669,24,24,24
20250112,강북구,2025011120,-1.0,-10.0,47.5,30.0,1.2416666666666665,24,24,24
20250112,강서구,2025011120,2.0,-8.0,53.541666666666664,30.0,1.3166666666666669,24,24,24
20250112,관악구,2025011120,2.0,-6.0,51.666666666666664,30.0,1.25,24,24,24
20250112,광진구,2025011120,2.0,-6.0,45.625,30.0,1.2791666666666666,24,24,24
20250112,구로구,2025011120,3.0,-5.0,49.583333333333336,30.0,1.2708333333333333,24,24,24
20250112,금천구,2025011120,2.0,-7.0,54.791666666666664,30.0,1.2625,24,24,24
20250112,노원구,2025011120,2.0,-9.0,49.583333333333336,30.0,1.25,24,24,24
20250112,도봉구,2025011120,2.0,-9.0,49.583333333333336,30.0,1.25,24,24,24
20250112,동대문구,2025011120,2.0,-6.0,44.791666666666664,30.0,1.2583333333333335,24,24,24
20250112,동작구,2025011120,2.0,-6.0,51.666666666666664,30.0,1.25,24,24,24
20250112,마포구,2025011120,2.0,-7.0,48.958333333333336,30.0,1.2416666666666667,24,24,24
20250112,서대문구,2025011120,2.0,-7.0,48.958333333333336,30.0,1.2416666666666667,24,24,24
20250112,서초구,2025011120,3.0,-6.0,49.375,30.0,1.2708333333333333,24,24,24
20250112,성동구,2025011120,3.0,-6.0,44.791666666666664,30.0,1.2625000000000002,24,24,24
20250112,성북구,2025011120,-1.0,-10.0,47.5,30.0,1.2416666666666665,24,24,24
20250112,송파구,2025011120,3.0,-6.0,46.25,30.0,1.3125,24,24,24
20250112,양천구,2025011120,2.0,-6.0,49.166666666666664,30.0,1.2625,24,24,24
20250112,영등포구,2025011120,2.0,-6.0,48.541666666666664,30.0,1.2541666666666669,24,24,24
20250112,용산구,2025011120,2.0,-6.0,47.291666666666664,30.0,1.2541666666666669,24,24,24
20250112,은평구,2025011120,2.0,-8.0,50.833333333333336,30.0,1.25,24,24,24
20250112,종로구,2025011120,2.0,-7.0,46.458333333333336,30.0,1.2541666666666669,24,24,24
20250112,중구,2025011120,2.0,-7.0,46.458333333333336,30.0,1.2541666666666669,24,24,24
20250112,중랑구,2025011120,2.0,-7.0,45.625,30.0,1.2583333333333333,24,24,24
20250113,강남구,2025011220,6.0,-4.0,64.58333333333333,60.0,1.4583333333333333,24,24,24
20250113,강동구,2025011220,5.0,-5.0,65.20833333333333,30.0,1.4791666666666667,24,24,24
20250113,강북구,2025011220,3.0,-7.0,66.04166666666667,60.0,1.4541666666666666,24,24,24
20250113,강서구,2025011220,6.0,-6.0,71.04166666666667,30.0,1.7,24,24,24
20250113,관악구,2025011220,5.0,-4.0,66.875,60.0,1.5416666666666667,24,24,24
20250113,광진구,2025011220,5.0,-4.0,62.708333333333336,30.0,1.4625,24,24,24
20250113,구로구,2025011220,6.0,-3.0,64.375,60.0,1.6083333333333334,24,24,24
20250113,금천구,2025011220,5.0,-5.0,70.83333333333333,60.0,1.5583333333333336,24,24,24
20250113,노원구,2025011220,5.0,-7.0,67.91666666666667,30.0,1.4708333333333334,24,24,24
20250113,도봉구,2025011220,5.0,-7.0,67.91666666666667,30.0,1.4708333333333334,24,24,24
20250113,동대문구,2025011220,6.0,-4.0,62.5,60.0,1.4583333333333333,24,24,24
20250113,동작구,2025011220,5.0,-4.0,66.875,60.0,1.5416666666666667,24,24,24
20250113,마포구,2025011220,5.0,-4.0,65.0,60.0,1.5125,24,24,24
20250113,서대문구,2025011220,5.0,-4.0,65.0,60.0,1.5125,24,24,24
20250113,서초구,2025011220,6.0,-4.0,64.58333333333333,60.0,1.4583333333333333,24,24,24
20250113,성동구,2025011220,6.0,-4.0,62.083333333333336,60.0,1.4583333333333333,24,24,24
20250113,성북구,2025011220,3.0,-7.0,66.04166666666667,60.0,1.4541666666666666,24,24,24
20250113,송파구,2025011220,6.0,-4.0,62.291666666666664,60.0,1.4375,24,24,24
20250113,양천구,2025011220,5.0,-4.0,66.04166666666667,60.0,1.6083333333333334,24,24,24
20250113,영등포구,2025011220,5.0,-4.0,65.625,60.0,1.5375,24,24,24
20250113,용산구,2025011220,5.0,-4.0,65.0,60.0,1.4833333333333334,24,24,24
20250113,은평구,2025011220,6.0,-6.0,68.54166666666667,30.0,1.5125,24,24,24
20250113,종로구,2025011220,6.0,-4.0,65.83333333333333,60.0,1.4625,24,24,24
20250113,중구,2025011220,6.0,-4.0,65.83333333333333,60.0,1.4625,24,24,24
20250113,중랑구,2025011220,5.0,-5.0,62.916666666666664,30.0,1.4750000000000003,24,24,24
20250114,강남구,2025011320,6.0,0.0,61.875,60.0,2.0708333333333333,24,24,24
20250114,강동구,2025011320,6.0,-1.0,64.16666666666667,60.0,2.016666666666667,24,24,24
20250114,강북구,2025011320,3.0,-3.0,64.79166666666667,60.0,1.9041666666666663,24,24,24
20250114,강서구,2025011320,6.0,-1.0,67.5,30.0,2.2083333333333335,24,24,24
20250114,관악구,2025011320,6.0,1.0,62.708333333333336,60.0,2.1166666666666667,24,24,24
20250114,광진구,2025011320,6.0,0.0,62.083333333333336,60.0,2.0083333333333333,24,24,24
20250114,구로구,2025011320,6.0,2.0,59.375,60.0,2.1333333333333333,24,24,24
20250114,금천구,2025011320,5.0,0.0,66.66666666666667,60.0,2.1083333333333334,24,24,24
20250114,노원구,2025011320,5.0,-2.0,68.125,60.0,1.9041666666666668,24,24,24
20250114,도봉구,2025011320,5.0,-2.0,68.125,60.0,1.9041666666666668,24,24,24
20250114,동대문구,2025011320,6.0,0.0,61.875,60.0,1.9666666666666668,24,24,24
20250114,동작구,2025011320,6.0,1.0,62.708333333333336,60.0,2.1166666666666667,24,24,24
20250114,마포구,2025011320,5.0,0.0,62.083333333333336,60.0,2.025,24,24,24
20250114,서대문구,2025011320,5.0,0.0,62.083333333333336,60.0,2.025,24,24,24
20250114,서초구,2025011320,6.0,0.0,61.875,60.0,2.0708333333333333,24,24,24
20250114,성동구,2025011320,6.0,1.0,61.458333333333336,60.0,2.029166666666667,24,24,24
20250114,성북구,2025011320,3.0,-3.0,64.79166666666667,60.0,1.9041666666666663,24,24,24
20250114,송파구,2025011320,6.0,0.0,60.833333333333336,60.0,2.0375,24,24,24
20250114,양천구,2025011320,5.0,1.0,61.25,60.0,2.1083333333333334,24,24,24
20250114,영등포구,2025011320,5.0,1.0,61.25,60.0,2.0749999999999997,24,24,24
20250114,용산구,2025011320,6.0,1.0,61.666666666666664,60.0,2.0500000000000003,24,24,24
20250114,은평구,2025011320,5.0,-1.0,65.83333333333333,60.0,1.9833333333333336,24,24,24
20250114,종로구,2025011320,6.0,1.0,63.958333333333336,60.0,1.9666666666666668,24,24,24
20250114,중구,2025011320,6.0,1.0,63.958333333333336,60.0,1.9666666666666668,24,24,24
20250114,중랑구,2025011320,6.0,0.0,62.916666666666664,60.0,1.9791666666666667,24,24,24
20250115,강남구,2025011420,-1.0,-5.0,38.75,0.0,2.941666666666667,24,24,24
20250115,강동구,2025011420,-1.0,-6.0,40.0,0.0,2.941666666666667,24,24,24
20250115,강북구,2025011420,-4.0,-9.0,40.208333333333336,20.0,2.8000000000000003,24,24,24
20250115,강서구,2025011420,-1.0,-7.0,43.125,20.0,3.054166666666667,24,24,24
20250115,관악구,2025011420,-1.0,-5.0,39.375,20.0,2.9583333333333335,24,24,24
20250115,광진구,2025011420,-1.0,-6.0,37.708333333333336,0.0,2.9375,24,24,24
20250115,구로구,2025011420,-1.0,-5.0,34.791666666666664,20.0,2.970833333333333,24,24,24
20250115,금천구,2025011420,-2.0,-6.0,42.708333333333336,20.0,2.9458333333333333,24,24,24
20250115,노원구,2025011420,-1.0,-8.0,41.875,0.0,2.8791666666666664,24,24,24
20250115,도봉구,2025011420,-1.0,-8.0,41.875,0.0,2.8791666666666664,24,24,24
20250115,동대문구,2025011420,-1.0,-6.0,37.916666666666664,0.0,2.8874999999999997,24,24,24
20250115,동작구,2025011420,-1.0,-5.0,39.375,20.0,2.9583333333333335,24,24,24
20250115,마포구,2025011420,-2.0,-6.0,37.916666666666664,20.0,2.8958333333333335,24,24,24
20250115,서대문구,2025011420,-2.0,-6.0,37.916666666666664,20.0,2.8958333333333335,24,24,24
20250115,서초구,2025011420,-1.0,-5.0,38.75,0.0,2.941666666666667,24,24,24
20250115,성동구,2025011420,-1.0,-5.0,39.791666666666664,0.0,2.9375,24,24,24
20250115,성북구,2025011420,-4.0,-9.0,40.208333333333336,20.0,2.8000000000000003,24,24,24
20250115,송파구,2025011420,-1.0,-5.0,37.083333333333336,0.0,2.9499999999999997,24,24,24
20250115,양천구,2025011420,-2.0,-5.0,37.916666666666664,20.0,2.9458333333333333,24,24,24
20250115,영등포구,2025011420,-2.0,-6.0,37.916666666666664,20.0,2.9291666666666667,24,24,24
20250115,용산구,2025011420,-2.0,-6.0,38.125,20.0,2.920833333333333,24,24,24
20250115,은평구,2025011420,-1.0,-7.0,40.833333333333336,20.0,2.8625000000000003,24,24,24
20250115,종로구,2025011420,-1.0,-6.0,42.083333333333336,20.0,2.8541666666666665,24,24,24
20250115,중구,2025011420,-1.0,-6.0,42.083333333333336,20.0,2.8541666666666665,24,24,24
20250115,중랑구,2025011420,-1.0,-6.0,39.166666666666664,0.0,2.9166666666666665,24,24,24
20250116,강남구,2025011520,6.0,-5.0,65.0,60.0,1.8999999999999997,24,24,24
20250116,강동구,2025011520,5.0,-6.0,66.25,60.0,1.9125,24,24,24
20250116,강북구,2025011520,3.0,-8.0,65.625,60.0,1.75,24,24,24
20250116,강서구,2025011520,6.0,-5.0,67.5,30.0,1.995833333333333,24,24,24
20250116,관악구,2025011520,5.0,-4.0,65.20833333333333,60.0,1.9625,24,24,24
20250116,광진구,2025011520,5.0,-5.0,63.541666666666664,60.0,1.8916666666666664,24,24,24
20250116,구로구,2025011520,5.0,-4.0,59.375,60.0,2.0375,24,24,24
20250116,금천구,2025011520,5.0,-5.0,67.70833333333333,60.0,2.0458333333333334,24,24,24
20250116,노원구,2025011520,5.0,-7.0,68.33333333333333,60.0,1.7833333333333332,24,24,24
20250116,도봉구,2025011520,5.0,-7.0,68.33333333333333,60.0,1.7833333333333332,24,24,24
20250116,동대문구,2025011520,5.0,-5.0,63.333333333333336,60.0,1.8166666666666669,24,24,24
20250116,동작구,2025011520,5.0,-4.0,65.20833333333333,60.0,1.9625,24,24,24
20250116,마포구,2025011520,5.0,-5.0,62.916666666666664,60.0,1.85,24,24,24
20250116,서대문구,2025011520,5.0,-5.0,62.916666666666664,60.0,1.85,24,24,24
20250116,서초구,2025011520,6.0,-5.0,65.0,60.0,1.8999999999999997,24,24,24
20250116,성동구,2025011520,5.0,-5.0,65.20833333333333,60.0,1.8625,24,24,24
20250116,성북구,2025011520,3.0,-8.0,65.625,60.0,1.75,24,24,24
20250116,송파구,2025011520,5.0,-5.0,62.5,60.0,1.9124999999999996,24,24,24
20250116,양천구,2025011520,5.0,-4.0,63.125,60.0,1.9583333333333333,24,24,24
20250116,영등포구,2025011520,5.0,-4.0,62.916666666666664,60.0,1.9041666666666668,24,24,24
20250116,용산구,2025011520,5.0,-5.0,63.333333333333336,60.0,1.870833333333333,24,24,24
20250116,은평구,2025011520,5.0,-6.0,66.25,60.0,1.7958333333333332,24,24,24
20250116,종로구,2025011520,5.0,-5.0,67.08333333333333,60.0,1.7875,24,24,24
20250116,중구,2025011520,5.0,-5.0,67.08333333333333,60.0,1.7875,24,24,24
20250116,중랑구,2025011520,5.0,-5.0,63.958333333333336,60.0,1.8625,24,24,24
20250117,강남구,2025011620,5.0,-4.0,54.166666666666664,0.0,1.0166666666666666,24,24,24
20250117,강동구,2025011620,5.0,-5.0,56.041666666666664,0.0,1.0541666666666667,24,24,24
20250117,강북구,2025011620,2.0,-7.0,53.541666666666664,0.0,0.9291666666666668,24,24,24
20250117,강서구,2025011620,4.0,-6.0,56.666666666666664,0.0,1.15,24,24,24
20250117,관악구,2025011620,4.0,-4.0,54.166666666666664,0.0,1.0458333333333334,24,24,24
20250117,광진구,2025011620,5.0,-4.0,51.875,0.0,1.0333333333333334,24,24,24
20250117,구로구,2025011620,4.0,-4.0,51.041666666666664,0.0,1.0875,24,24,24
20250117,금천구,2025011620,4.0,-5.0,57.083333333333336,0.0,1.0583333333333331,24,24,24
20250117,노원구,2025011620,5.0,-6.0,56.041666666666664,0.0,0.9375,24,24,24
20250117,도봉구,2025011620,5.0,-6.0,56.041666666666664,0.0,0.9375,24,24,24
20250117,동대문구,2025011620,5.0,-4.0,51.666666666666664,0.0,0.9708333333333332,24,24,24
20250117,동작구,2025011620,4.0,-4.0,54.166666666666664,0.0,1.0458333333333334,24,24,24
20250117,마포구,2025011620,4.0,-5.0,52.083333333333336,0.0,0.975,24,24,24
20250117,서대문구,2025011620,4.0,-5.0,52.083333333333336,0.0,0.975,24,24,24
20250117,서초구,2025011620,5.0,-4.0,54.166666666666664,0.0,1.0166666666666666,24,24,24
20250117,성동구,2025011620,5.0,-4.0,52.083333333333336,0.0,1.0041666666666669,24,24,24
20250117,성북구,2025011620,2.0,-7.0,53.541666666666664,0.0,0.9291666666666668,24,24,24
20250117,송파구,2025011620,5.0,-4.0,52.708333333333336,0.0,1.0416666666666667,24,24,24
20250117,양천구,2025011620,4.0,-4.0,51.458333333333336,0.0,1.0666666666666669,24,24,24
20250117,영등포구,2025011620,4.0,-4.0,51.875,0.0,1.0083333333333335,24,24,24
20250117,용산구,2025011620,4.0,-4.0,51.875,0.0,0.9958333333333332,24,24,24
20250117,은평구,2025011620,5.0,-6.0,54.375,0.0,0.9416666666666668,24,24,24
20250117,종로구,2025011620,5.0,-5.0,52.708333333333336,0.0,0.9625,24,24,24
20250117,중구,2025011620,5.0,-5.0,52.708333333333336,0.0,0.9625,24,24,24
20250117,중랑구,2025011620,5.0,-5.0,52.708333333333336,0.0,1.0083333333333335,24,24,24
20250118,강남구,2025011720,7.0,-3.0,50.625,30.0,0.8583333333333334,24,24,24
20250118,강동구,2025011720,7.0,-4.0,51.041666666666664,20.0,0.875,24,24,24
20250118,강북구,2025011720,4.0,-6.0,52.083333333333336,30.0,0.8624999999999999,24,24,24
20250118,강서구,2025011720,6.0,-5.0,58.333333333333336,30.0,1.025,24,24,24
20250118,관악구,2025011720,6.0,-3.0,53.958333333333336,30.0,0.9041666666666668,24,24,24
20250118,광진구,2025011720,6.0,-3.0,46.875,20.0,0.875,24,24,24
20250118,구로구,2025011720,6.0,-2.0,52.916666666666664,30.0,0.9375,24,24,24
20250118,금천구,2025011720,6.0,-4.0,56.666666666666664,30.0,0.9,24,24,24
20250118,노원구,2025011720,7.0,-5.0,52.083333333333336,30.0,0.8916666666666667,24,24,24
20250118,도봉구,2025011720,7.0,-5.0,52.083333333333336,30.0,0.8916666666666667,24,24,24
20250118,동대문구,2025011720,6.0,-3.0,47.083333333333336,30.0,0.875,24,24,24
20250118,동작구,2025011720,6.0,-3.0,53.958333333333336,30.0,0.9041666666666668,24,24,24
20250118,마포구,2025011720,6.0,-3.0,52.291666666666664,30.0,0.8875000000000002,24,24,24
20250118,서대문구,2025011720,6.0,-3.0,52.291666666666664,30.0,0.8875000000000002,24,24,24
20250118,서초구,2025011720,7.0,-3.0,50.625,30.0,0.8583333333333334,24,24,24
20250118,성동구,2025011720,7.0,-3.0,45.416666666666664,30.0,0.8708333333333332,24,24,24
20250118,성북구,2025011720,4.0,-6.0,52.083333333333336,30.0,0.8624999999999999,24,24,24
20250118,송파구,2025011720,7.0,-3.0,47.916666666666664,30.0,0.8541666666666666,24,24,24
20250118,양천구,2025011720,6.0,-3.0,52.708333333333336,30.0,0.9333333333333332,24,24,24
20250118,영등포구,2025011720,6.0,-3.0,51.875,30.0,0.9041666666666668,24,24,24
20250118,용산구,2025011720,6.0,-3.0,50.208333333333336,30.0,0.8708333333333332,24,24,24
20250118,은평구,2025011720,6.0,-5.0,55.833333333333336,30.0,0.8958333333333334,24,24,24
20250118,종로구,2025011720,7.0,-4.0,48.75,30.0,0.8708333333333335,24,24,24
20250118,중구,2025011720,7.0,-4.0,48.75,30.0,0.8708333333333335,24,24,24
20250118,중랑구,2025011720,7.0,-4.0,47.5,20.0,0.8833333333333333,24,24,24
20250119,강남구,2025011820,8.0,-1.0,65.625,30.0,1.4375,24,24,24
20250119,강동구,2025011820,7.0,-2.0,67.5,30.0,1.3625,24,24,24
20250119,강북구,2025011820,5.0,-4.0,67.08333333333333,30.0,1.4208333333333334,24,24,24
20250119,강서구,2025011820,8.0,-2.0,70.83333333333333,30.0,1.5791666666666666,24,24,24
20250119,관악구,2025011820,7.0,-1.0,66.45833333333333,30.0,1.4791666666666667,24,24,24
20250119,광진구,2025011820,7.0,-1.0,63.75,30.0,1.3875,24,24,24
20250119,구로구,2025011820,8.0,0.0,64.375,30.0,1.4875,24,24,24
20250119,금천구,2025011820,7.0,-1.0,68.75,30.0,1.4833333333333332,24,24,24
20250119,노원구,2025011820,7.0,-2.0,69.375,30.0,1.3708333333333331,24,24,24
20250119,도봉구,2025011820,7.0,-2.0,69.375,30.0,1.3708333333333331,24,24,24
20250119,동대문구,2025011820,7.0,-1.0,64.16666666666667,30.0,1.4083333333333332,24,24,24
20250119,동작구,2025011820,7.0,-1.0,66.45833333333333,30.0,1.4791666666666667,24,24,24
20250119,마포구,2025011820,7.0,-1.0,65.625,30.0,1.4624999999999997,24,24,24
20250119,서대문구,2025011820,7.0,-1.0,65.625,30.0,1.4624999999999997,24,24,24
20250119,서초구,2025011820,8.0,-1.0,65.625,30.0,1.4375,24,24,24
20250119,성동구,2025011820,8.0,-1.0,63.125,30.0,1.4291666666666665,24,24,24
20250119,성북구,2025011820,5.0,-4.0,67.08333333333333,30.0,1.4208333333333334,24,24,24
20250119,송파구,2025011820,8.0,-1.0,64.16666666666667,30.0,1.3999999999999997,24,24,24
20250119,양천구,2025011820,7.0,-1.0,64.58333333333333,30.0,1.4875,24,24,24
20250119,영등포구,2025011820,7.0,0.0,65.0,30.0,1.4875,24,24,24
20250119,용산구,2025011820,7.0,-1.0,65.625,30.0,1.475,24,24,24
20250119,은평구,2025011820,8.0,-1.0,69.58333333333333,30.0,1.4750000000000003,24,24,24
20250119,종로구,2025011820,8.0,0.0,64.58333333333333,30.0,1.445833333333333,24,24,24
20250119,중구,2025011820,8.0,0.0,64.58333333333333,30.0,1.445833333333333,24,24,24
20250119,중랑구,2025011820,7.0,-1.0,65.0,30.0,1.375,24,24,24
20250120,강남구,2025011920,8.0,1.0,77.91666666666667,30.0,1.0125,24,24,24
20250120,강동구,2025011920,8.0,0.0,79.16666666666667,60.0,1.0583333333333331,24,24,24
20250120,강북구,2025011920,5.0,-2.0,80.41666666666667,30.0,0.9333333333333332,24,24,24
20250120,강서구,2025011920,7.0,0.0,82.70833333333333,30.0,1.0208333333333333,24,24,24
20250120,관악구,2025011920,7.0,1.0,78.54166666666667,30.0,0.9791666666666666,24,24,24
20250120,광진구,2025011920,8.0,1.0,75.625,60.0,1.025,24,24,24
20250120,구로구,2025011920,7.0,2.0,75.20833333333333,30.0,0.9791666666666666,24,24,24
20250120,금천구,2025011920,6.0,0.0,81.66666666666667,30.0,1.0,24,24,24
20250120,노원구,2025011920,8.0,-1.0,81.875,30.0,0.95,24,24,24
20250120,도봉구,2025011920,8.0,-1.0,81.875,30.0,0.95,24,24,24
20250120,동대문구,2025011920,7.0,1.0,76.875,30.0,0.975,24,24,24
20250120,동작구,2025011920,7.0,1.0,78.54166666666667,30.0,0.9791666666666666,24,24,24
20250120,마포구,2025011920,7.0,1.0,77.91666666666667,30.0,0.9583333333333334,24,24,24
20250120,서대문구,2025011920,7.0,1.0,77.91666666666667,30.0,0.9583333333333334,24,24,24
20250120,서초구,2025011920,8.0,1.0,77.91666666666667,30.0,1.0125,24,24,24
20250120,성동구,2025011920,8.0,1.0,75.41666666666667,30.0,1.0041666666666669,24,24,24
20250120,성북구,2025011920,5.0,-2.0,80.41666666666667,30.0,0.9333333333333332,24,24,24
20250120,송파구,2025011920,8.0,1.0,75.625,30.0,1.0416666666666667,24,24,24
20250120,양천구,2025011920,7.0,1.0,77.08333333333333,30.0,0.9708333333333332,24,24,24
20250120,영등포구,2025011920,7.0,1.0,77.08333333333333,30.0,0.9625,24,24,24
20250120,용산구,2025011920,7.0,1.0,76.875,30.0,0.9791666666666666,24,24,24
20250120,은평구,2025011920,7.0,0.0,81.875,30.0,0.9541666666666666,24,24,24
20250120,종로구,2025011920,7.0,1.0,78.33333333333333,30.0,0.95,24,24,24
20250120,중구,2025011920,7.0,1.0,78.33333333333333,30.0,0.95,24,24,24
20250120,중랑구,2025011920,8.0,0.0,76.875,60.0,0.9916666666666666,24,24,24
20250121,강남구,2025012020,8.0,-1.0,73.95833333333333,30.0,0.9708333333333332,24,24,24
20250121,강동구,2025012020,8.0,-2.0,75.41666666666667,30.0,0.9958333333333332,24,24,24
20250121,강북구,2025012020,5.0,-4.0,75.625,30.0,0.9583333333333334,24,24,24
20250121,강서구,2025012020,8.0,-3.0,79.375,30.0,1.1041666666666667,24,24,24
20250121,관악구,2025012020,7.0,-1.0,74.79166666666667,30.0,1.0208333333333333,24,24,24
20250121,광진구,2025012020,8.0,-1.0,72.29166666666667,30.0,0.9666666666666668,24,24,24
20250121,구로구,2025012020,7.0,-1.0,72.70833333333333,30.0,1.0625,24,24,24
20250121,금천구,2025012020,7.0,-2.0,78.33333333333333,30.0,1.0291666666666668,24,24,24
20250121,노원구,2025012020,8.0,-3.0,78.54166666666667,30.0,0.9583333333333334,24,24,24
20250121,도봉구,2025012020,8.0,-3.0,78.54166666666667,30.0,0.9583333333333334,24,24,24
20250121,동대문구,2025012020,8.0,-1.0,72.70833333333333,30.0,0.975,24,24,24
20250121,동작구,2025012020,7.0,-1.0,74.79166666666667,30.0,1.0208333333333333,24,24,24
20250121,마포구,2025012020,7.0,-1.0,74.58333333333333,30.0,1.0083333333333335,24,24,24
20250121,서대문구,2025012020,7.0,-1.0,74.58333333333333,30.0,1.0083333333333335,24,24,24
20250121,서초구,2025012020,8.0,-1.0,73.95833333333333,30.0,0.9708333333333332,24,24,24
20250121,성동구,2025012020,8.0,-1.0,72.91666666666667,30.0,0.9791666666666666,24,24,24
20250121,성북구,2025012020,5.0,-4.0,75.625,30.0,0.9583333333333334,24,24,24
20250121,송파구,2025012020,8.0,-1.0,71.66666666666667,30.0,0.9583333333333334,24,24,24
20250121,양천구,2025012020,7.0,-1.0,73.75,30.0,1.0541666666666667,24,24,24
20250121,영등포구,2025012020,7.0,-1.0,73.75,30.0,1.0041666666666669,24,24,24
20250121,용산구,2025012020,7.0,-1.0,73.54166666666667,30.0,0.9916666666666666,24,24,24
20250121,은평구,2025012020,8.0,-2.0,77.29166666666667,30.0,1.0041666666666669,24,24,24
20250121,종로구,2025012020,8.0,-1.0,75.0,30.0,0.975,24,24,24
20250121,중구,2025012020,8.0,-1.0,75.0,30.0,0.975,24,24,24
20250121,중랑구,2025012020,8.0,-1.0,73.54166666666667,30.0,0.9625,24,24,24
20250122,강남구,2025012120,7.0,0.0,69.375,30.0,1.3541666666666667,24,24,24
20250122,강동구,2025012120,7.0,0.0,70.20833333333333,30.0,1.3541666666666667,24,24,24
20250122,강북구,2025012120,4.0,-3.0,72.08333333333333,30.0,1.3166666666666669,24,24,24
20250122,강서구,2025012120,6.0,-2.0,76.66666666666667,30.0,1.4708333333333334,24,24,24
20250122,관악구,2025012120,6.0,0.0,72.5,30.0,1.375,24,24,24
20250122,광진구,2025012120,7.0,0.0,67.29166666666667,30.0,1.3416666666666668,24,24,24
20250122,구로구,2025012120,7.0,0.0,70.20833333333333,30.0,1.4125000000000003,24,24,24
20250122,금천구,2025012120,6.0,-1.0,76.25,30.0,1.3833333333333335,24,24,24
20250122,노원구,2025012120,7.0,-1.0,72.70833333333333,30.0,1.3208333333333333,24,24,24
20250122,도봉구,2025012120,7.0,-1.0,72.70833333333333,30.0,1.3208333333333333,24,24,24
20250122,동대문구,2025012120,7.0,0.0,67.91666666666667,30.0,1.325,24,24,24
20250122,동작구,2025012120,6.0,0.0,72.5,30.0,1.375,24,24,24
20250122,마포구,2025012120,6.0,0.0,70.41666666666667,30.0,1.366666666666667,24,24,24
20250122,서대문구,2025012120,6.0,0.0,70.41666666666667,30.0,1.366666666666667,24,24,24
20250122,서초구,2025012120,7.0,0.0,69.375,30.0,1.3541666666666667,24,24,24
20250122,성동구,2025012120,7.0,0.0,67.5,30.0,1.3583333333333332,24,24,24
20250122,성북구,2025012120,4.0,-3.0,72.08333333333333,30.0,1.3166666666666669,24,24,24
20250122,송파구,2025012120,7.0,0.0,67.29166666666667,30.0,1.3458333333333332,24,24,24
20250122,양천구,2025012120,6.0,0.0,71.25,30.0,1.3875,24,24,24
20250122,영등포구,2025012120,6.0,0.0,70.83333333333333,30.0,1.3791666666666664,24,24,24
20250122,용산구,2025012120,6.0,0.0,69.58333333333333,30.0,1.3583333333333334,24,24,24
20250122,은평구,2025012120,6.0,-1.0,73.95833333333333,30.0,1.3416666666666666,24,24,24
20250122,종로구,2025012120,7.0,1.0,70.625,30.0,1.3333333333333333,24,24,24
20250122,중구,2025012120,7.0,1.0,70.625,30.0,1.3333333333333333,24,24,24
20250122,중랑구,2025012120,7.0,0.0,67.5,30.0,1.3333333333333333,24,24,24
20250123,강남구,2025012220,7.0,-3.0,56.875,20.0,0.9625,24,24,24
20250123,강동구,2025012220,7.0,-3.0,57.916666666666664,20.0,0.9958333333333332,24,24,24
20250123,강북구,2025012220,4.0,-6.0,59.166666666666664,20.0,1.0041666666666669,24,24,24
20250123,강서구,2025012220,6.0,-4.0,62.083333333333336,20.0,1.0916666666666668,24,24,24
20250123,관악구,2025012220,6.0,-2.0,59.166666666666664,30.0,0.9875000000000002,24,24,24
20250123,광진구,2025012220,7.0,-2.0,54.166666666666664,20.0,0.9666666666666668,24,24,24
20250123,구로구,2025012220,7.0,-2.0,56.875,30.0,1.0208333333333333,24,24,24
20250123,금천구,2025012220,6.0,-3.0,62.708333333333336,30.0,1.0083333333333333,24,24,24
20250123,노원구,2025012220,7.0,-5.0,61.041666666666664,20.0,1.0125,24,24,24
20250123,도봉구,2025012220,7.0,-5.0,61.041666666666664,20.0,1.0125,24,24,24
20250123,동대문구,2025012220,7.0,-2.0,54.583333333333336,20.0,0.975,24,24,24
20250123,동작구,2025012220,6.0,-2.0,59.166666666666664,30.0,0.9875000000000002,24,24,24
20250123,마포구,2025012220,6.0,-2.0,57.083333333333336,20.0,1.0166666666666666,24,24,24
20250123,서대문구,2025012220,6.0,-2.0,57.083333333333336,20.0,1.0166666666666666,24,24,24
20250123,서초구,2025012220,7.0,-3.0,56.875,20.0,0.9625,24,24,24
20250123,성동구,2025012220,7.0,-3.0,54.166666666666664,20.0,0.9625,24,24,24
20250123,성북구,2025012220,4.0,-6.0,59.166666666666664,20.0,1.0041666666666669,24,24,24
20250123,송파구,2025012220,7.0,-2.0,54.583333333333336,20.0,0.9708333333333332,24,24,24
20250123,양천구,2025012220,6.0,-2.0,57.5,20.0,1.0166666666666666,24,24,24
20250123,영등포구,2025012220,6.0,-2.0,56.875,20.0,1.0,24,24,24
20250123,용산구,2025012220,6.0,-2.0,56.666666666666664,20.0,0.9708333333333332,24,24,24
20250123,은평구,2025012220,6.0,-4.0,61.458333333333336,20.0,1.0333333333333334,24,24,24
20250123,종로구,2025012220,7.0,-2.0,56.458333333333336,20.0,0.9958333333333332,24,24,24
20250123,중구,2025012220,7.0,-2.0,56.458333333333336,20.0,0.9958333333333332,24,24,24
20250123,중랑구,2025012220,7.0,-3.0,55.0,20.0,0.9833333333333334,24,24,24
20250124,강남구,2025012320,9.0,-3.0,57.5,0.0,1.2333333333333334,24,24,24
20250124,강동구,2025012320,9.0,-3.0,58.333333333333336,0.0,1.3041666666666667,24,24,24
20250124,강북구,2025012320,7.0,-5.0,57.291666666666664,0.0,1.1625,24,24,24
20250124,강서구,2025012320,8.0,-4.0,61.666666666666664,0.0,1.3708333333333336,24,24,24
20250124,관악구,2025012320,8.0,-3.0,58.75,0.0,1.25,24,24,24
20250124,광진구,2025012320,9.0,-3.0,54.791666666666664,0.0,1.2583333333333333,24,24,24
20250124,구로구,2025012320,9.0,-2.0,55.416666666666664,0.0,1.2958333333333332,24,24,24
20250124,금천구,2025012320,8.0,-3.0,62.083333333333336,0.0,1.275,24,24,24
20250124,노원구,2025012320,9.0,-4.0,57.708333333333336,0.0,1.2416666666666665,24,24,24
20250124,도봉구,2025012320,9.0,-4.0,57.708333333333336,0.0,1.2416666666666665,24,24,24
20250124,동대문구,2025012320,9.0,-2.0,54.166666666666664,0.0,1.2083333333333333,24,24,24
20250124,동작구,2025012320,8.0,-3.0,58.75,0.0,1.25,24,24,24
20250124,마포구,2025012320,8.0,-2.0,56.875,0.0,1.2166666666666668,24,24,24
20250124,서대문구,2025012320,8.0,-2.0,56.875,0.0,1.2166666666666668,24,24,24
20250124,서초구,2025012320,9.0,-3.0,57.5,0.0,1.2333333333333334,24,24,24
20250124,성동구,2025012320,9.0,-3.0,54.375,0.0,1.2208333333333332,24,24,24
20250124,성북구,2025012320,7.0,-5.0,57.291666666666664,0.0,1.1625,24,24,24
20250124,송파구,2025012320,9.0,-3.0,54.375,0.0,1.2541666666666669,24,24,24
20250124,양천구,2025012320,8.0,-3.0,57.5,0.0,1.2791666666666668,24,24,24
20250124,영등포구,2025012320,8.0,-2.0,57.5,0.0,1.225,24,24,24
20250124,용산구,2025012320,8.0,-2.0,56.458333333333336,0.0,1.2041666666666666,24,24,24
20250124,은평구,2025012320,9.0,-3.0,58.958333333333336,0.0,1.2125,24,24,24
20250124,종로구,2025012320,9.0,-2.0,57.083333333333336,0.0,1.1791666666666667,24,24,24
20250124,중구,2025012320,9.0,-2.0,57.083333333333336,0.0,1.1791666666666667,24,24,24
20250124,중랑구,2025012320,9.0,-3.0,55.0,0.0,1.2541666666666669,24,24,24
20250125,강남구,2025012420,10.0,0.0,61.041666666666664,20.0,1.8416666666666663,24,24,24
20250125,강동구,2025012420,9.0,-1.0,62.083333333333336,20.0,2.0625,24,24,24
20250125,강북구,2025012420,7.0,-3.0,62.916666666666664,20.0,1.75,24,24,24
20250125,강서구,2025012420,9.0,-2.0,69.58333333333333,20.0,1.6708333333333332,24,24,24
20250125,관악구,2025012420,9.0,0.0,62.5,20.0,1.7208333333333332,24,24,24
20250125,광진구,2025012420,9.0,0.0,59.791666666666664,20.0,1.9708333333333337,24,24,24
20250125,구로구,2025012420,10.0,1.0,57.916666666666664,20.0,1.6583333333333334,24,24,24
20250125,금천구,2025012420,9.0,-1.0,65.83333333333333,20.0,1.6833333333333336,24,24,24
20250125,노원구,2025012420,10.0,-2.0,65.0,20.0,1.9750000000000003,24,24,24
20250125,도봉구,2025012420,10.0,-2.0,65.0,20.0,1.9750000000000003,24,24,24
20250125,동대문구,2025012420,9.0,0.0,60.625,20.0,1.8916666666666664,24,24,24
20250125,동작구,2025012420,9.0,0.0,62.5,20.0,1.7208333333333332,24,24,24
20250125,마포구,2025012420,9.0,0.0,61.041666666666664,20.0,1.7208333333333334,24,24,24
20250125,서대문구,2025012420,9.0,0.0,61.041666666666664,20.0,1.7208333333333334,24,24,24
20250125,서초구,2025012420,10.0,0.0,61.041666666666664,20.0,1.8416666666666663,24,24,24
20250125,성동구,2025012420,9.0,0.0,62.083333333333336,20.0,1.8666666666666665,24,24,24
20250125,성북구,2025012420,7.0,-3.0,62.916666666666664,20.0,1.75,24,24,24
20250125,송파구,2025012420,10.0,0.0,59.791666666666664,20.0,1.9166666666666667,24,24,24
20250125,양천구,2025012420,9.0,0.0,62.291666666666664,20.0,1.6791666666666665,24,24,24
20250125,영등포구,2025012420,9.0,0.0,60.625,20.0,1.725,24,24,24
20250125,용산구,2025012420,9.0,0.0,60.833333333333336,20.0,1.7708333333333333,24,24,24
20250125,은평구,2025012420,9.0,-1.0,64.58333333333333,20.0,1.7125,24,24,24
20250125,종로구,2025012420,9.0,0.0,64.16666666666667,20.0,1.7583333333333335,24,24,24
20250125,중구,2025012420,9.0,0.0,64.16666666666667,20.0,1.7583333333333335,24,24,24
20250125,중랑구,2025012420,10.0,0.0,60.833333333333336,20.0,2.0041666666666664,24,24,24
20250126,강남구,2025012520,7.0,0.0,58.125,30.0,1.7083333333333333,24,24,24
20250126,강동구,2025012520,7.0,-1.0,60.625,30.0,1.8541666666666667,24,24,24
20250126,강북구,2025012520,5.0,-3.0,61.25,30.0,1.6333333333333335,24,24,24
20250126,강서구,2025012520,7.0,-1.0,66.04166666666667,30.0,1.5333333333333332,24,24,24
20250126,관악구,2025012520,7.0,0.0,59.375,30.0,1.6166666666666665,24,24,24
20250126,광진구,2025012520,7.0,0.0,57.916666666666664,30.0,1.8041666666666665,24,24,24
20250126,구로구,2025012520,7.0,1.0,55.0,30.0,1.5625,24,24,24
20250126,금천구,2025012520,6.0,-1.0,62.708333333333336,30.0,1.6125,24,24,24
20250126,노원구,2025012520,7.0,-2.0,62.708333333333336,30.0,1.7958333333333334,24,24,24
20250126,도봉구,2025012520,7.0,-2.0,62.708333333333336,30.0,1.7958333333333334,24,24,24
20250126,동대문구,2025012520,7.0,0.0,57.916666666666664,30.0,1.7541666666666664,24,24,24
20250126,동작구,2025012520,7.0,0.0,59.375,30.0,1.6166666666666665,24,24,24
20250126,마포구,2025012520,7.0,0.0,58.75,30.0,1.6083333333333332,24,24,24
20250126,서대문구,2025012520,7.0,0.0,58.75,30.0,1.6083333333333332,24,24,24
20250126,서초구,2025012520,7.0,0.0,58.125,30.0,1.7083333333333333,24,24,24
20250126,성동구,2025012520,7.0,0.0,59.375,30.0,1.7374999999999998,24,24,24
20250126,성북구,2025012520,5.0,-3.0,61.25,30.0,1.6333333333333335,24,24,24
20250126,송파구,2025012520,7.0,0.0,56.666666666666664,30.0,1.7541666666666664,24,24,24
20250126,양천구,2025012520,7.0,0.0,59.166666666666664,30.0,1.5583333333333336,24,24,24
20250126,영등포구,2025012520,7.0,0.0,58.333333333333336,30.0,1.6083333333333334,24,24,24
20250126,용산구,2025012520,7.0,0.0,58.333333333333336,30.0,1.6666666666666667,24,24,24
20250126,은평구,2025012520,7.0,-1.0,61.875,30.0,1.6041666666666667,24,24,24
20250126,종로구,2025012520,7.0,0.0,61.666666666666664,30.0,1.6333333333333335,24,24,24
20250126,중구,2025012520,7.0,0.0,61.666666666666664,30.0,1.6333333333333335,24,24,24
20250126,중랑구,2025012520,7.0,-1.0,58.541666666666664,30.0,1.825,24,24,24
20250127,강남구,2025012620,2.0,1.0,74.16666666666667,60.0,3.1750000000000003,24,24,24
20250127,강동구,2025012620,2.0,1.0,76.66666666666667,60.0,3.0749999999999997,24,24,24
20250127,강북구,2025012620,1.0,-1.0,76.875,60.0,2.929166666666667,24,24,24
20250127,강서구,2025012620,2.0,1.0,79.375,60.0,3.4416666666666664,24,24,24
20250127,관악구,2025012620,2.0,1.0,74.58333333333333,60.0,3.3375,24,24,24
20250127,광진구,2025012620,2.0,1.0,73.95833333333333,60.0,3.0749999999999997,24,24,24
20250127,구로구,2025012620,2.0,1.0,69.58333333333333,60.0,3.4499999999999997,24,24,24
20250127,금천구,2025012620,2.0,1.0,76.875,60.0,3.4375,24,24,24
20250127,노원구,2025012620,2.0,1.0,80.0,60.0,2.983333333333333,24,24,24
20250127,도봉구,2025012620,2.0,1.0,80.0,60.0,2.983333333333333,24,24,24
20250127,동대문구,2025012620,2.0,1.0,74.58333333333333,60.0,3.029166666666667,24,24,24
20250127,동작구,2025012620,2.0,1.0,74.58333333333333,60.0,3.3375,24,24,24
20250127,마포구,2025012620,2.0,1.0,74.58333333333333,60.0,3.1375000000000006,24,24,24
20250127,서대문구,2025012620,2.0,1.0,74.58333333333333,60.0,3.1375000000000006,24,24,24
20250127,서초구,2025012620,2.0,1.0,74.16666666666667,60.0,3.1750000000000003,24,24,24
20250127,성동구,2025012620,2.0,1.0,74.58333333333333,60.0,3.1208333333333336,24,24,24
20250127,성북구,2025012620,1.0,-1.0,76.875,60.0,2.929166666666667,24,24,24
20250127,송파구,2025012620,2.0,1.0,73.75,60.0,3.1291666666666664,24,24,24
20250127,양천구,2025012620,2.0,1.0,73.33333333333333,60.0,3.3416666666666663,24,24,24
20250127,영등포구,2025012620,2.0,1.0,73.33333333333333,60.0,3.2374999999999994,24,24,24
20250127,용산구,2025012620,2.0,1.0,73.95833333333333,60.0,3.1374999999999997,24,24,24
20250127,은평구,2025012620,2.0,1.0,77.5,60.0,3.0416666666666665,24,24,24
20250127,종로구,2025012620,2.0,1.0,76.25,60.0,3.029166666666667,24,24,24
20250127,중구,2025012620,2.0,1.0,76.25,60.0,3.029166666666667,24,24,24
20250127,중랑구,2025012620,2.0,1.0,74.58333333333333,60.0,3.0291666666666663,24,24,24
20250128,강남구,2025012720,-1.0,-4.0,78.54166666666667,60.0,3.491666666666666,24,24,24
20250128,강동구,2025012720,-1.0,-5.0,78.95833333333333,60.0,3.383333333333333,24,24,24
20250128,강북구,2025012720,-4.0,-8.0,75.83333333333333,60.0,3.275,24,24,24
20250128,강서구,2025012720,-1.0,-6.0,79.58333333333333,60.0,3.875,24,24,24
20250128,관악구,2025012720,-1.0,-4.0,78.33333333333333,60.0,3.783333333333333,24,24,24
20250128,광진구,2025012720,-1.0,-4.0,76.875,60.0,3.4,24,24,24
20250128,구로구,2025012720,-1.0,-3.0,73.125,60.0,3.9625,24,24,24
20250128,금천구,2025012720,-2.0,-4.0,81.25,60.0,3.9291666666666663,24,24,24
20250128,노원구,2025012720,-1.0,-7.0,78.33333333333333,60.0,3.4166666666666665,24,24,24
20250128,도봉구,2025012720,-1.0,-7.0,78.33333333333333,60.0,3.4166666666666665,24,24,24
20250128,동대문구,2025012720,-1.0,-4.0,75.625,60.0,3.3666666666666667,24,24,24
20250128,동작구,2025012720,-1.0,-4.0,78.33333333333333,60.0,3.783333333333333,24,24,24
20250128,마포구,2025012720,-2.0,-5.0,75.625,60.0,3.5124999999999997,24,24,24
20250128,서대문구,2025012720,-2.0,-5.0,75.625,60.0,3.5124999999999997,24,24,24
20250128,서초구,2025012720,-1.0,-4.0,78.54166666666667,60.0,3.491666666666666,24,24,24
20250128,성동구,2025012720,-1.0,-5.0,77.91666666666667,60.0,3.4333333333333336,24,24,24
20250128,성북구,2025012720,-4.0,-8.0,75.83333333333333,60.0,3.275,24,24,24
20250128,송파구,2025012720,-1.0,-4.0,77.08333333333333,60.0,3.4166666666666665,24,24,24
20250128,양천구,2025012720,-2.0,-4.0,76.04166666666667,60.0,3.7583333333333337,24,24,24
20250128,영등포구,2025012720,-2.0,-4.0,76.45833333333333,60.0,3.65,24,24,24
20250128,용산구,2025012720,-1.0,-4.0,77.08333333333333,60.0,3.508333333333333,24,24,24
20250128,은평구,2025012720,-2.0,-6.0,76.04166666666667,60.0,3.3625000000000003,24,24,24
20250128,종로구,2025012720,-2.0,-5.0,77.29166666666667,60.0,3.3666666666666667,24,24,24
20250128,중구,2025012720,-2.0,-5.0,77.29166666666667,60.0,3.3666666666666667,24,24,24
20250128,중랑구,2025012720,-1.0,-5.0,76.04166666666667,60.0,3.375,24,24,24
20250129,강남구,2025012820,-1.0,-7.0,65.20833333333333,30.0,5.070833333333334,24,24,24
20250129,강동구,2025012820,-1.0,-8.0,67.08333333333333,30.0,5.295833333333333,24,24,24
20250129,강북구,2025012820,-4.0,-10.0,63.75,30.0,5.154166666666666,24,24,24
20250129,강서구,2025012820,-1.0,-8.0,65.0,30.0,5.862500000000001,24,24,24
20250129,관악구,2025012820,-1.0,-6.0,63.75,30.0,5.195833333333334,24,24,24
20250129,광진구,2025012820,-1.0,-7.0,64.16666666666667,30.0,5.1625000000000005,24,24,24
20250129,구로구,2025012820,-1.0,-5.0,58.958333333333336,30.0,5.474999999999999,24,24,24
20250129,금천구,2025012820,-2.0,-7.0,68.75,30.0,5.204166666666667,24,24,24
20250129,노원구,2025012820,-2.0,-9.0,69.16666666666667,30.0,4.941666666666666,24,24,24
20250129,도봉구,2025012820,-2.0,-9.0,69.16666666666667,30.0,4.941666666666666,24,24,24
20250129,동대문구,2025012820,-1.0,-7.0,63.333333333333336,30.0,5.1000000000000005,24,24,24
20250129,동작구,2025012820,-1.0,-6.0,63.75,30.0,5.195833333333334,24,24,24
20250129,마포구,2025012820,-2.0,-7.0,61.25,30.0,5.120833333333334,24,24,24
20250129,서대문구,2025012820,-2.0,-7.0,61.25,30.0,5.120833333333334,24,24,24
20250129,서초구,2025012820,-1.0,-7.0,65.20833333333333,30.0,5.070833333333334,24,24,24
20250129,성동구,2025012820,-1.0,-7.0,66.04166666666667,30.0,5.0625,24,24,24
20250129,성북구,2025012820,-4.0,-10.0,63.75,30.0,5.154166666666666,24,24,24
20250129,송파구,2025012820,-1.0,-7.0,63.958333333333336,30.0,5.104166666666667,24,24,24
20250129,양천구,2025012820,-1.0,-6.0,60.625,30.0,5.466666666666666,24,24,24
20250129,영등포구,2025012820,-1.0,-7.0,61.875,30.0,5.091666666666666,24,24,24
20250129,용산구,2025012820,-1.0,-7.0,62.916666666666664,30.0,5.0874999999999995,24,24,24
20250129,은평구,2025012820,-2.0,-8.0,63.541666666666664,30.0,5.1875,24,24,24
20250129,종로구,2025012820,-1.0,-7.0,65.20833333333333,30.0,5.095833333333333,24,24,24
20250129,중구,2025012820,-1.0,-7.0,65.20833333333333,30.0,5.095833333333333,24,24,24
20250129,중랑구,2025012820,-1.0,-8.0,64.79166666666667,30.0,5.129166666666666,24,24,24
20250130,강남구,2025012920,-1.0,-9.0,54.166666666666664,30.0,1.3458333333333332,24,24,24
20250130,강동구,2025012920,-1.0,-10.0,53.125,30.0,1.3208333333333335,24,24,24
20250130,강북구,2025012920,-4.0,-13.0,51.25,30.0,1.4125,24,24,24
20250130,강서구,2025012920,-1.0,-10.0,56.041666666666664,30.0,1.6208333333333336,24,24,24
20250130,관악구,2025012920,-1.0,-9.0,53.75,30.0,1.4458333333333335,24,24,24
20250130,광진구,2025012920,-1.0,-9.0,49.791666666666664,30.0,1.3291666666666666,24,24,24
20250130,구로구,2025012920,-1.0,-8.0,50.416666666666664,30.0,1.5166666666666664,24,24,24
20250130,금천구,2025012920,-2.0,-10.0,59.583333333333336,30.0,1.4,24,24,24
20250130,노원구,2025012920,-1.0,-11.0,55.625,30.0,1.4208333333333334,24,24,24
20250130,도봉구,2025012920,-1.0,-11.0,55.625,30.0,1.4208333333333334,24,24,24
20250130,동대문구,2025012920,-1.0,-9.0,48.958333333333336,30.0,1.35,24,24,24
20250130,동작구,2025012920,-1.0,-9.0,53.75,30.0,1.4458333333333335,24,24,24
20250130,마포구,2025012920,-1.0,-10.0,50.0,30.0,1.4583333333333333,24,24,24
20250130,서대문구,2025012920,-1.0,-10.0,50.0,30.0,1.4583333333333333,24,24,24
20250130,서초구,2025012920,-1.0,-9.0,54.166666666666664,30.0,1.3458333333333332,24,24,24
20250130,성동구,2025012920,0.0,-9.0,53.333333333333336,30.0,1.3458333333333332,24,24,24
20250130,성북구,2025012920,-4.0,-13.0,51.25,30.0,1.4125,24,24,24
20250130,송파구,2025012920,-1.0,-9.0,52.916666666666664,30.0,1.2958333333333334,24,24,24
20250130,양천구,2025012920,-1.0,-9.0,50.416666666666664,30.0,1.5125,24,24,24
20250130,영등포구,2025012920,-1.0,-9.0,50.625,30.0,1.45,24,24,24
20250130,용산구,2025012920,-1.0,-9.0,51.041666666666664,30.0,1.3875000000000002,24,24,24
20250130,은평구,2025012920,-1.0,-11.0,52.291666666666664,30.0,1.4583333333333333,24,24,24
20250130,종로구,2025012920,0.0,-9.0,52.916666666666664,30.0,1.3875,24,24,24
20250130,중구,2025012920,0.0,-9.0,52.916666666666664,30.0,1.3875,24,24,24
20250130,중랑구,2025012920,-1.0,-10.0,50.416666666666664,30.0,1.3500000000000003,24,24,24
20250131,강남구,2025013020,2.0,-5.0,72.5,60.0,1.3833333333333335,24,24,24
20250131,강동구,2025013020,2.0,-5.0,71.66666666666667,60.0,1.3541666666666667,24,24,24
20250131,강북구,2025013020,0.0,-7.0,66.45833333333333,60.0,1.2041666666666668,24,24,24
20250131,강서구,2025013020,2.0,-5.0,69.58333333333333,60.0,1.4708333333333334,24,24,24
20250131,관악구,2025013020,2.0,-4.0,72.5,60.0,1.4208333333333334,24,24,24
20250131,광진구,2025013020,3.0,-4.0,68.125,60.0,1.3416666666666668,24,24,24
20250131,구로구,2025013020,2.0,-4.0,68.54166666666667,60.0,1.4666666666666668,24,24,24
20250131,금천구,2025013020,2.0,-5.0,78.125,60.0,1.4708333333333332,24,24,24
20250131,노원구,2025013020,2.0,-6.0,68.125,60.0,1.2041666666666666,24,24,24
20250131,도봉구,2025013020,2.0,-6.0,68.125,60.0,1.2041666666666666,24,24,24
20250131,동대문구,2025013020,3.0,-4.0,65.625,60.0,1.2625,24,24,24
20250131,동작구,2025013020,2.0,-4.0,72.5,60.0,1.4208333333333334,24,24,24
20250131,마포구,2025013020,2.0,-4.0,65.83333333333333,60.0,1.3208333333333335,24,24,24
20250131,서대문구,2025013020,2.0,-4.0,65.83333333333333,60.0,1.3208333333333335,24,24,24
20250131,서초구,2025013020,2.0,-5.0,72.5,60.0,1.3833333333333335,24,24,24
20250131,성동구,2025013020,3.0,-4.0,72.5,60.0,1.3374999999999997,24,24,24
20250131,성북구,2025013020,0.0,-7.0,66.45833333333333,60.0,1.2041666666666668,24,24,24
20250131,송파구,2025013020,3.0,-4.0,71.45833333333333,60.0,1.3833333333333335,24,24,24
20250131,양천구,2025013020,2.0,-4.0,67.70833333333333,60.0,1.3958333333333333,24,24,24
20250131,영등포구,2025013020,2.0,-4.0,68.33333333333333,60.0,1.366666666666667,24,24,24
20250131,용산구,2025013020,2.0,-4.0,69.375,60.0,1.3291666666666666,24,24,24
20250131,은평구,2025013020,2.0,-5.0,67.29166666666667,60.0,1.25,24,24,24
20250131,종로구,2025013020,2.0,-4.0,68.75,60.0,1.2666666666666668,24,24,24
20250131,중구,2025013020,2.0,-4.0,68.75,60.0,1.2666666666666668,24,24,24
20250131,중랑구,2025013020,3.0,-5.0,67.08333333333333,60.0,1.3125,24,24,24
20250201,강남구,2025013120,8.0,-1.0,76.66666666666667,30.0,1.6083333333333332,24,24,24
20250201,강동구,2025013120,8.0,-2.0,78.54166666666667,30.0,1.6833333333333336,24,24,24
20250201,강북구,2025013120,5.0,-4.0,76.66666666666667,30.0,1.45,24,24,24
20250201,강서구,2025013120,7.0,-3.0,80.41666666666667,30.0,1.5249999999999997,24,24,24
20250201,관악구,2025013120,8.0,-1.0,77.29166666666667,30.0,1.5583333333333331,24,24,24
20250201,광진구,2025013120,8.0,-1.0,75.83333333333333,30.0,1.6375,24,24,24
20250201,구로구,2025013120,8.0,0.0,72.70833333333333,30.0,1.5583333333333331,24,24,24
20250201,금천구,2025013120,7.0,-2.0,81.875,30.0,1.6166666666666665,24,24,24
20250201,노원구,2025013120,8.0,-3.0,78.33333333333333,30.0,1.5458333333333334,24,24,24
20250201,도봉구,2025013120,8.0,-3.0,78.33333333333333,30.0,1.5458333333333334,24,24,24
20250201,동대문구,2025013120,8.0,-1.0,74.79166666666667,30.0,1.5541666666666665,24,24,24
20250201,동작구,2025013120,8.0,-1.0,77.29166666666667,30.0,1.5583333333333331,24,24,24
20250201,마포구,2025013120,7.0,-1.0,74.79166666666667,30.0,1.475,24,24,24
20250201,서대문구,2025013120,7.0,-1.0,74.79166666666667,30.0,1.475,24,24,24
20250201,서초구,2025013120,8.0,-1.0,76.66666666666667,30.0,1.6083333333333332,24,24,24
20250201,성동구,2025013120,9.0,-1.0,76.875,30.0,1.5874999999999997,24,24,24
20250201,성북구,2025013120,5.0,-4.0,76.66666666666667,30.0,1.45,24,24,24
20250201,송파구,2025013120,9.0,-1.0,76.04166666666667,30.0,1.6541666666666668,24,24,24
20250201,양천구,2025013120,7.0,-1.0,74.79166666666667,30.0,1.5041666666666669,24,24,24
20250201,영등포구,2025013120,8.0,-1.0,75.0,30.0,1.5208333333333333,24,24,24
20250201,용산구,2025013120,8.0,-1.0,75.41666666666667,30.0,1.5458333333333334,24,24,24
20250201,은평구,2025013120,7.0,-2.0,77.29166666666667,30.0,1.4458333333333335,24,24,24
20250201,종로구,2025013120,8.0,-1.0,78.75,30.0,1.5125,24,24,24
20250201,중구,2025013120,8.0,-1.0,78.75,30.0,1.5125,24,24,24
20250201,중랑구,2025013120,8.0,-1.0,75.83333333333333,30.0,1.6208333333333331,24,24,24
20250202,강남구,2025020120,8.0,-2.0,66.66666666666667,20.0,1.4125,24,24,24
20250202,강동구,2025020120,7.0,-3.0,66.66666666666667,20.0,1.5083333333333335,24,24,24
20250202,강북구,2025020120,5.0,-5.0,65.41666666666667,20.0,1.375,24,24,24
20250202,강서구,2025020120,7.0,-3.0,70.41666666666667,20.0,1.4708333333333334,24,24,24
20250202,관악구,2025020120,7.0,-2.0,67.08333333333333,20.0,1.3708333333333336,24,24,24
20250202,광진구,2025020120,7.0,-2.0,63.541666666666664,20.0,1.4541666666666666,24,24,24
20250202,구로구,2025020120,7.0,-1.0,65.20833333333333,20.0,1.3833333333333335,24,24,24
20250202,금천구,2025020120,6.0,-3.0,71.04166666666667,20.0,1.3791666666666669,24,24,24
20250202,노원구,2025020120,7.0,-4.0,68.33333333333333,20.0,1.4708333333333332,24,24,24
20250202,도봉구,2025020120,7.0,-4.0,68.33333333333333,20.0,1.4708333333333332,24,24,24
20250202,동대문구,2025020120,7.0,-2.0,63.541666666666664,20.0,1.4291666666666665,24,24,24
20250202,동작구,2025020120,7.0,-2.0,67.08333333333333,20.0,1.3708333333333336,24,24,24
20250202,마포구,2025020120,7.0,-2.0,65.0,20.0,1.3708333333333331,24,24,24
20250202,서대문구,2025020120,7.0,-2.0,65.0,20.0,1.3708333333333331,24,24,24
20250202,서초구,2025020120,8.0,-2.0,66.66666666666667,20.0,1.4125,24,24,24
20250202,성동구,2025020120,8.0,-1.0,65.625,20.0,1.425,24,24,24
20250202,성북구,2025020120,5.0,-5.0,65.41666666666667,20.0,1.375,24,24,24
20250202,송파구,2025020120,8.0,-2.0,64.58333333333333,20.0,1.4458333333333335,24,24,24
20250202,양천구,2025020120,7.0,-2.0,65.41666666666667,20.0,1.3708333333333336,24,24,24
20250202,영등포구,2025020120,7.0,-1.0,65.41666666666667,20.0,1.3875,24,24,24
20250202,용산구,2025020120,7.0,-2.0,65.0,20.0,1.3791666666666664,24,24,24
20250202,은평구,2025020120,7.0,-3.0,67.5,20.0,1.3958333333333333,24,24,24
20250202,종로구,2025020120,7.0,-2.0,65.625,20.0,1.3791666666666664,24,24,24
20250202,중구,2025020120,7.0,-2.0,65.625,20.0,1.3791666666666664,24,24,24
20250202,중랑구,2025020120,7.0,-2.0,63.75,20.0,1.4916666666666665,24,24,24
20250203,강남구,2025020220,-2.0,-6.0,49.583333333333336,30.0,3.8875,24,24,24
20250203,강동구,2025020220,-2.0,-6.0,50.625,30.0,3.7916666666666665,24,24,24
20250203,강북구,2025020220,-5.0,-9.0,49.791666666666664,30.0,3.695833333333333,24,24,24
20250203,강서구,2025020220,-2.0,-7.0,53.75,30.0,4.15,24,24,24
20250203,관악구,2025020220,-3.0,-6.0,50.625,30.0,3.9958333333333336,24,24,24
20250203,광진구,2025020220,-3.0,-6.0,48.958333333333336,30.0,3.8375,24,24,24
20250203,구로구,2025020220,-3.0,-6.0,46.041666666666664,30.0,4.05,24,24,24
20250203,금천구,2025020220,-3.0,-6.0,52.708333333333336,30.0,3.995833333333333,24,24,24
20250203,노원구,2025020220,-3.0,-8.0,52.291666666666664,30.0,3.7,24,24,24
20250203,도봉구,2025020220,-3.0,-8.0,52.291666666666664,30.0,3.7,24,24,24
20250203,동대문구,2025020220,-3.0,-6.0,49.375,30.0,3.7791666666666663,24,24,24
20250203,동작구,2025020220,-3.0,-6.0,50.625,30.0,3.9958333333333336,24,24,24
20250203,마포구,2025020220,-3.0,-7.0,49.375,30.0,3.875,24,24,24
20250203,서대문구,2025020220,-3.0,-7.0,49.375,30.0,3.875,24,24,24
20250203,서초구,2025020220,-2.0,-6.0,49.583333333333336,30.0,3.8875,24,24,24
20250203,성동구,2025020220,-2.0,-6.0,50.416666666666664,30.0,3.858333333333333,24,24,24
20250203,성북구,2025020220,-5.0,-9.0,49.791666666666664,30.0,3.695833333333333,24,24,24
20250203,송파구,2025020220,-2.0,-5.0,47.5,30.0,3.85,24,24,24
20250203,양천구,2025020220,-3.0,-6.0,49.791666666666664,30.0,4.004166666666666,24,24,24
20250203,영등포구,2025020220,-3.0,-6.0,48.75,30.0,3.9458333333333337,24,24,24
20250203,용산구,2025020220,-3.0,-6.0,49.583333333333336,30.0,3.891666666666667,24,24,24
20250203,은평구,2025020220,-3.0,-7.0,50.208333333333336,30.0,3.7916666666666665,24,24,24
20250203,종로구,2025020220,-2.0,-7.0,52.5,30.0,3.783333333333333,24,24,24
20250203,중구,2025020220,-2.0,-7.0,52.5,30.0,3.783333333333333,24,24,24
20250203,중랑구,2025020220,-3.0,-6.0,49.375,30.0,3.7708333333333335,24,24,24
20250204,강남구,2025020320,-6.0,-12.0,47.708333333333336,30.0,3.7916666666666665,24,24,24
20250204,강동구,2025020320,-6.0,-13.0,47.916666666666664,30.0,3.7541666666666664,24,24,24
20250204,강북구,2025020320,-8.0,-15.0,47.5,30.0,3.595833333333333,24,24,24
20250204,강서구,2025020320,-5.0,-13.0,51.458333333333336,30.0,3.8958333333333335,24,24,24
20250204,관악구,2025020320,-6.0,-12.0,47.916666666666664,30.0,3.8250000000000006,24,24,24
20250204,광진구,2025020320,-6.0,-12.0,46.25,30.0,3.779166666666667,24,24,24
20250204,구로구,2025020320,-6.0,-11.0,43.333333333333336,30.0,3.8708333333333336,24,24,24
20250204,금천구,2025020320,-6.0,-12.0,51.25,30.0,3.845833333333333,24,24,24
20250204,노원구,2025020320,-6.0,-14.0,49.375,30.0,3.641666666666667,24,24,24
20250204,도봉구,2025020320,-6.0,-14.0,49.375,30.0,3.641666666666667,24,24,24
20250204,동대문구,2025020320,-6.0,-12.0,46.875,30.0,3.6833333333333336,24,24,24
20250204,동작구,2025020320,-6.0,-12.0,47.916666666666664,30.0,3.8250000000000006,24,24,24
20250204,마포구,2025020320,-6.0,-13.0,46.875,30.0,3.733333333333334,24,24,24
20250204,서대문구,2025020320,-6.0,-13.0,46.875,30.0,3.733333333333334,24,24,24
20250204,서초구,2025020320,-6.0,-12.0,47.708333333333336,30.0,3.7916666666666665,24,24,24
20250204,성동구,2025020320,-5.0,-12.0,48.75,30.0,3.741666666666667,24,24,24
20250204,성북구,2025020320,-8.0,-15.0,47.5,30.0,3.595833333333333,24,24,24
20250204,송파구,2025020320,-6.0,-12.0,45.625,30.0,3.795833333333333,24,24,24
20250204,양천구,2025020320,-6.0,-12.0,47.5,30.0,3.8333333333333335,24,24,24
20250204,영등포구,2025020320,-6.0,-12.0,47.291666666666664,30.0,3.7791666666666663,24,24,24
20250204,용산구,2025020320,-6.0,-12.0,47.5,30.0,3.7625000000000006,24,24,24
20250204,은평구,2025020320,-6.0,-13.0,47.5,30.0,3.6749999999999994,24,24,24
20250204,종로구,2025020320,-6.0,-12.0,50.416666666666664,30.0,3.6666666666666665,24,24,24
20250204,중구,2025020320,-6.0,-12.0,50.416666666666664,30.0,3.6666666666666665,24,24,24
20250204,중랑구,2025020320,-6.0,-13.0,46.666666666666664,30.0,3.725,24,24,24
20250205,강남구,2025020420,-4.0,-12.0,53.333333333333336,30.0,3.0708333333333333,24,24,24
20250205,강동구,2025020420,-5.0,-12.0,55.625,30.0,3.1291666666666664,24,24,24
20250205,강북구,2025020420,-7.0,-15.0,56.041666666666664,30.0,2.9458333333333333,24,24,24
20250205,강서구,2025020420,-4.0,-13.0,56.875,30.0,3.0541666666666667,24,24,24
20250205,관악구,2025020420,-4.0,-12.0,56.458333333333336,30.0,3.0375,24,24,24
20250205,광진구,2025020420,-5.0,-12.0,52.5,30.0,3.1,24,24,24
20250205,구로구,2025020420,-4.0,-12.0,52.5,30.0,3.0625,24,24,24
20250205,금천구,2025020420,-5.0,-12.0,60.208333333333336,30.0,3.045833333333333,24,24,24
20250205,노원구,2025020420,-5.0,-14.0,58.125,30.0,3.0583333333333336,24,24,24
20250205,도봉구,2025020420,-5.0,-14.0,58.125,30.0,3.0583333333333336,24,24,24
20250205,동대문구,2025020420,-5.0,-12.0,53.125,30.0,3.0291666666666663,24,24,24
20250205,동작구,2025020420,-4.0,-12.0,56.458333333333336,30.0,3.0375,24,24,24
20250205,마포구,2025020420,-5.0,-13.0,54.166666666666664,30.0,2.975,24,24,24
20250205,서대문구,2025020420,-5.0,-13.0,54.166666666666664,30.0,2.975,24,24,24
20250205,서초구,2025020420,-4.0,-12.0,53.333333333333336,30.0,3.0708333333333333,24,24,24
20250205,성동구,2025020420,-4.0,-12.0,52.916666666666664,30.0,3.0666666666666664,24,24,24
20250205,성북구,2025020420,-7.0,-15.0,56.041666666666664,30.0,2.9458333333333333,24,24,24
20250205,송파구,2025020420,-4.0,-11.0,52.083333333333336,30.0,3.1124999999999994,24,24,24
20250205,양천구,2025020420,-4.0,-12.0,54.375,30.0,3.0124999999999997,24,24,24
20250205,영등포구,2025020420,-5.0,-12.0,54.583333333333336,30.0,3.0208333333333335,24,24,24
20250205,용산구,2025020420,-5.0,-12.0,54.375,30.0,3.016666666666667,24,24,24
20250205,은평구,2025020420,-5.0,-14.0,56.25,30.0,2.941666666666667,24,24,24
20250205,종로구,2025020420,-5.0,-12.0,54.791666666666664,30.0,2.9791666666666665,24,24,24
20250205,중구,2025020420,-5.0,-12.0,54.791666666666664,30.0,2.9791666666666665,24,24,24
20250205,중랑구,2025020420,-4.0,-12.0,52.708333333333336,30.0,3.1,24,24,24
20250206,강남구,2025020520,1.0,-11.0,57.916666666666664,60.0,2.066666666666667,24,24,24
20250206,강동구,2025020520,0.0,-11.0,60.833333333333336,60.0,2.0708333333333333,24,24,24
20250206,강북구,2025020520,-2.0,-14.0,57.708333333333336,60.0,1.8625,24,24,24
20250206,강서구,2025020520,1.0,-12.0,58.541666666666664,60.0,2.1708333333333334,24,24,24
20250206,관악구,2025020520,1.0,-11.0,57.708333333333336,60.0,2.1291666666666664,24,24,24
20250206,광진구,2025020520,0.0,-11.0,57.916666666666664,60.0,2.025,24,24,24
20250206,구로구,2025020520,1.0,-10.0,54.375,60.0,2.2041666666666666,24,24,24
20250206,금천구,2025020520,1.0,-11.0,60.208333333333336,60.0,2.158333333333333,24,24,24
20250206,노원구,2025020520,0.0,-13.0,62.708333333333336,60.0,1.9333333333333331,24,24,24
20250206,도봉구,2025020520,0.0,-13.0,62.708333333333336,60.0,1.9333333333333331,24,24,24
20250206,동대문구,2025020520,1.0,-11.0,57.708333333333336,60.0,1.9625,24,24,24
20250206,동작구,2025020520,1.0,-11.0,57.708333333333336,60.0,2.1291666666666664,24,24,24
20250206,마포구,2025020520,0.0,-11.0,56.25,60.0,1.9583333333333333,24,24,24
20250206,서대문구,2025020520,0.0,-11.0,56.25,60.0,1.9583333333333333,24,24,24
20250206,서초구,2025020520,1.0,-11.0,57.916666666666664,60.0,2.066666666666667,24,24,24
20250206,성동구,2025020520,1.0,-10.0,57.5,60.0,2.0083333333333333,24,24,24
20250206,성북구,2025020520,-2.0,-14.0,57.708333333333336,60.0,1.8625,24,24,24
20250206,송파구,2025020520,1.0,-10.0,57.083333333333336,60.0,2.0625,24,24,24
20250206,양천구,2025020520,1.0,-11.0,56.041666666666664,60.0,2.1041666666666665,24,24,24
20250206,영등포구,2025020520,1.0,-11.0,57.291666666666664,60.0,2.0416666666666665,24,24,24
20250206,용산구,2025020520,0.0,-11.0,57.291666666666664,60.0,2.004166666666667,24,24,24
20250206,은평구,2025020520,1.0,-12.0,57.083333333333336,60.0,1.8958333333333333,24,24,24
20250206,종로구,2025020520,0.0,-12.0,58.333333333333336,60.0,1.9458333333333335,24,24,24
20250206,중구,2025020520,0.0,-12.0,58.333333333333336,60.0,1.9458333333333335,24,24,24
20250206,중랑구,2025020520,0.0,-11.0,58.75,60.0,2.004166666666667,24,24,24
20250207,강남구,2025020620,-5.0,-10.0,62.083333333333336,60.0,3.8791666666666664,24,24,24
20250207,강동구,2025020620,-6.0,-11.0,64.79166666666667,60.0,3.783333333333333,24,24,24
20250207,강북구,2025020620,-8.0,-13.0,63.125,60.0,3.5750000000000006,24,24,24
20250207,강서구,2025020620,-6.0,-11.0,67.70833333333333,60.0,4.0125,24,24,24
20250207,관악구,2025020620,-6.0,-10.0,63.958333333333336,60.0,3.9958333333333336,24,24,24
20250207,광진구,2025020620,-6.0,-10.0,61.041666666666664,60.0,3.795833333333334,24,24,24
20250207,구로구,2025020620,-6.0,-12.0,60.208333333333336,60.0,4.0625,24,24,24
20250207,금천구,2025020620,-6.0,-11.0,65.41666666666667,60.0,4.041666666666667,24,24,24
20250207,노원구,2025020620,-6.0,-12.0,66.04166666666667,60.0,3.633333333333333,24,24,24
20250207,도봉구,2025020620,-6.0,-12.0,66.04166666666667,60.0,3.633333333333333,24,24,24
20250207,동대문구,2025020620,-6.0,-11.0,61.666666666666664,60.0,3.6833333333333336,24,24,24
20250207,동작구,2025020620,-6.0,-10.0,63.958333333333336,60.0,3.9958333333333336,24,24,24
20250207,마포구,2025020620,-6.0,-11.0,62.291666666666664,60.0,3.7625,24,24,24
20250207,서대문구,2025020620,-6.0,-11.0,62.291666666666664,60.0,3.7625,24,24,24
20250207,서초구,2025020620,-5.0,-10.0,62.083333333333336,60.0,3.8791666666666664,24,24,24
20250207,성동구,2025020620,-5.0,-10.0,61.458333333333336,60.0,3.8166666666666664,24,24,24
20250207,성북구,2025020620,-8.0,-13.0,63.125,60.0,3.5750000000000006,24,24,24
20250207,송파구,2025020620,-5.0,-10.0,60.625,60.0,3.8375,24,24,24
20250207,양천구,2025020620,-6.0,-11.0,62.916666666666664,60.0,3.945833333333333,24,24,24
20250207,영등포구,2025020620,-6.0,-11.0,62.708333333333336,60.0,3.883333333333333,24,24,24
20250207,용산구,2025020620,-6.0,-11.0,61.875,60.0,3.8333333333333335,24,24,24
20250207,은평구,2025020620,-6.0,-11.0,63.958333333333336,60.0,3.6625,24,24,24
20250207,종로구,2025020620,-6.0,-12.0,64.16666666666667,60.0,3.6875,24,24,24
20250207,중구,2025020620,-6.0,-12.0,64.16666666666667,60.0,3.6875,24,24,24
20250207,중랑구,2025020620,-6.0,-11.0,62.291666666666664,60.0,3.7125,24,24,24
20250208,강남구,2025020720,-3.0,-13.0,60.0,20.0,2.85,24,24,24
20250208,강동구,2025020720,-3.0,-14.0,63.541666666666664,20.0,2.829166666666667,24,24,24
20250208,강북구,2025020720,-6.0,-16.0,61.041666666666664,20.0,2.6416666666666666,24,24,24
20250208,강서구,2025020720,-3.0,-14.0,65.0,20.0,3.0125000000000006,24,24,24
20250208,관악구,2025020720,-3.0,-13.0,60.625,20.0,2.9583333333333335,24,24,24
20250208,광진구,2025020720,-3.0,-14.0,59.791666666666664,20.0,2.8208333333333333,24,24,24
20250208,구로구,2025020720,-3.0,-12.0,56.25,20.0,3.016666666666667,24,24,24
20250208,금천구,2025020720,-4.0,-14.0,62.916666666666664,20.0,2.9958333333333336,24,24,24
20250208,노원구,2025020720,-3.0,-15.0,64.58333333333333,20.0,2.6958333333333333,24,24,24
20250208,도봉구,2025020720,-3.0,-15.0,64.58333333333333,20.0,2.6958333333333333,24,24,24
20250208,동대문구,2025020720,-3.0,-14.0,59.166666666666664,20.0,2.75,24,24,24
20250208,동작구,2025020720,-3.0,-13.0,60.625,20.0,2.9583333333333335,24,24,24
20250208,마포구,2025020720,-3.0,-14.0,59.791666666666664,20.0,2.7875,24,24,24
20250208,서대문구,2025020720,-3.0,-14.0,59.791666666666664,20.0,2.7875,24,24,24
20250208,서초구,2025020720,-3.0,-13.0,60.0,20.0,2.85,24,24,24
20250208,성동구,2025020720,-2.0,-13.0,61.041666666666664,20.0,2.8125,24,24,24
20250208,성북구,2025020720,-6.0,-16.0,61.041666666666664,20.0,2.6416666666666666,24,24,24
20250208,송파구,2025020720,-3.0,-13.0,59.375,20.0,2.8625000000000003,24,24,24
20250208,양천구,2025020720,-3.0,-13.0,59.375,20.0,2.9375,24,24,24
20250208,영등포구,2025020720,-3.0,-13.0,59.375,20.0,2.866666666666667,24,24,24
20250208,용산구,2025020720,-3.0,-13.0,59.583333333333336,20.0,2.8166666666666664,24,24,24
20250208,은평구,2025020720,-3.0,-15.0,61.458333333333336,20.0,2.7125,24,24,24
20250208,종로구,2025020720,-3.0,-13.0,62.708333333333336,20.0,2.7291666666666665,24,24,24
20250208,중구,2025020720,-3.0,-13.0,62.708333333333336,20.0,2.7291666666666665,24,24,24
20250208,중랑구,2025020720,-3.0,-14.0,61.041666666666664,20.0,2.766666666666667,24,24,24
20250209,강남구,2025020820,0.0,-8.0,61.041666666666664,20.0,1.7749999999999997,24,24,24
20250209,강동구,2025020820,0.0,-8.0,60.208333333333336,20.0,1.9166666666666667,24,24,24
20250209,강북구,2025020820,-2.0,-11.0,62.916666666666664,20.0,1.675,24,24,24
20250209,강서구,2025020820,0.0,-9.0,66.25,20.0,1.7333333333333334,24,24,24
20250209,관악구,2025020820,0.0,-7.0,62.083333333333336,30.0,1.7250000000000003,24,24,24
20250209,광진구,2025020820,0.0,-8.0,58.541666666666664,20.0,1.8541666666666667,24,24,24
20250209,구로구,2025020820,0.0,-7.0,57.708333333333336,30.0,1.7291666666666667,24,24,24
20250209,금천구,2025020820,-1.0,-8.0,64.375,30.0,1.7541666666666664,24,24,24
20250209,노원구,2025020820,0.0,-10.0,63.125,20.0,1.7666666666666666,24,24,24
20250209,도봉구,2025020820,0.0,-10.0,63.125,20.0,1.7666666666666666,24,24,24
20250209,동대문구,2025020820,0.0,-8.0,59.791666666666664,20.0,1.7708333333333333,24,24,24
20250209,동작구,2025020820,0.0,-7.0,62.083333333333336,30.0,1.7250000000000003,24,24,24
20250209,마포구,2025020820,0.0,-8.0,62.083333333333336,20.0,1.675,24,24,24
20250209,서대문구,2025020820,0.0,-8.0,62.083333333333336,20.0,1.675,24,24,24
20250209,서초구,2025020820,0.0,-8.0,61.041666666666664,20.0,1.7749999999999997,24,24,24
20250209,성동구,2025020820,0.0,-7.0,60.0,20.0,1.7791666666666668,24,24,24
20250209,성북구,2025020820,-2.0,-11.0,62.916666666666664,20.0,1.675,24,24,24
20250209,송파구,2025020820,0.0,-7.0,58.541666666666664,20.0,1.8375,24,24,24
20250209,양천구,2025020820,-1.0,-8.0,61.875,20.0,1.6791666666666665,24,24,24
20250209,영등포구,2025020820,0.0,-8.0,61.25,20.0,1.7041666666666666,24,24,24
20250209,용산구,2025020820,0.0,-8.0,61.041666666666664,20.0,1.7291666666666667,24,24,24
20250209,은평구,2025020820,0.0,-9.0,64.16666666666667,20.0,1.6375,24,24,24
20250209,종로구,2025020820,0.0,-10.0,63.333333333333336,20.0,1.6958333333333335,24,24,24
20250209,중구,2025020820,0.0,-10.0,63.333333333333336,20.0,1.6958333333333335,24,24,24
20250209,중랑구,2025020820,0.0,-8.0,58.958333333333336,20.0,1.8541666666666667,24,24,24
20250210,강남구,2025020920,2.0,-8.0,62.291666666666664,30.0,1.3666666666666665,24,24,24
20250210,강동구,2025020920,2.0,-10.0,63.541666666666664,30.0,1.475,24,24,24
20250210,강북구,2025020920,-1.0,-10.0,60.625,30.0,1.3083333333333331,24,24,24
20250210,강서구,2025020920,2.0,-9.0,65.20833333333333,30.0,1.2708333333333333,24,24,24
20250210,관악구,2025020920,2.0,-8.0,62.083333333333336,30.0,1.3125,24,24,24
20250210,광진구,2025020920,2.0,-8.0,60.416666666666664,30.0,1.4333333333333336,24,24,24
20250210,구로구,2025020920,2.0,-7.0,57.5,30.0,1.275,24,24,24
20250210,금천구,2025020920,1.0,-8.0,65.41666666666667,30.0,1.2958333333333332,24,24,24
20250210,노원구,2025020920,2.0,-10.0,62.083333333333336,30.0,1.4,24,24,24
20250210,도봉구,2025020920,2.0,-10.0,62.083333333333336,30.0,1.4,24,24,24
20250210,동대문구,2025020920,2.0,-7.0,59.375,30.0,1.3708333333333331,24,24,24
20250210,동작구,2025020920,2.0,-8.0,62.083333333333336,30.0,1.3125,24,24,24
20250210,마포구,2025020920,2.0,-7.0,60.208333333333336,30.0,1.2791666666666668,24,24,24
20250210,서대문구,2025020920,2.0,-7.0,60.208333333333336,30.0,1.2791666666666668,24,24,24
20250210,서초구,2025020920,2.0,-8.0,62.291666666666664,30.0,1.3666666666666665,24,24,24
20250210,성동구,2025020920,2.0,-8.0,62.5,30.0,1.3791666666666669,24,24,24
20250210,성북구,2025020920,-1.0,-10.0,60.625,30.0,1.3083333333333331,24,24,24
20250210,송파구,2025020920,2.0,-8.0,60.833333333333336,30.0,1.4166666666666667,24,24,24
20250210,양천구,2025020920,2.0,-7.0,61.458333333333336,30.0,1.2583333333333335,24,24,24
20250210,영등포구,2025020920,2.0,-7.0,60.833333333333336,30.0,1.2791666666666666,24,24,24
20250210,용산구,2025020920,2.0,-8.0,60.625,30.0,1.3416666666666668,24,24,24
20250210,은평구,2025020920,2.0,-8.0,62.083333333333336,30.0,1.2666666666666668,24,24,24
20250210,종로구,2025020920,2.0,-8.0,63.75,30.0,1.3166666666666669,24,24,24
20250210,중구,2025020920,2.0,-8.0,63.75,30.0,1.3166666666666669,24,24,24
20250210,중랑구,2025020920,2.0,-9.0,60.416666666666664,30.0,1.4375,24,24,24
20250211,강남구,2025021020,6.0,-6.0,58.958333333333336,30.0,1.4166666666666667,24,24,24
20250211,강동구,2025021020,6.0,-8.0,57.708333333333336,30.0,1.3916666666666666,24,24,24
20250211,강북구,2025021020,4.0,-8.0,57.5,30.0,1.383333333333333,24,24,24
20250211,강서구,2025021020,6.0,-7.0,62.708333333333336,30.0,1.4458333333333335,24,24,24
20250211,관악구,2025021020,6.0,-5.0,59.583333333333336,30.0,1.4208333333333334,24,24,24
20250211,광진구,2025021020,6.0,-6.0,55.416666666666664,30.0,1.4125000000000003,24,24,24
20250211,구로구,2025021020,6.0,-4.0,55.833333333333336,30.0,1.4166666666666667,24,24,24
20250211,금천구,2025021020,5.0,-6.0,61.666666666666664,30.0,1.4416666666666669,24,24,24
20250211,노원구,2025021020,6.0,-8.0,58.958333333333336,30.0,1.3708333333333331,24,24,24
20250211,도봉구,2025021020,6.0,-8.0,58.958333333333336,30.0,1.3708333333333331,24,24,24
20250211,동대문구,2025021020,6.0,-5.0,56.041666666666664,30.0,1.3916666666666668,24,24,24
20250211,동작구,2025021020,6.0,-5.0,59.583333333333336,30.0,1.4208333333333334,24,24,24
20250211,마포구,2025021020,6.0,-5.0,57.708333333333336,30.0,1.3916666666666666,24,24,24
20250211,서대문구,2025021020,6.0,-5.0,57.708333333333336,30.0,1.3916666666666666,24,24,24
20250211,서초구,2025021020,6.0,-6.0,58.958333333333336,30.0,1.4166666666666667,24,24,24
20250211,성동구,2025021020,6.0,-7.0,56.666666666666664,30.0,1.4041666666666668,24,24,24
20250211,성북구,2025021020,4.0,-8.0,57.5,30.0,1.383333333333333,24,24,24
20250211,송파구,2025021020,6.0,-7.0,56.25,30.0,1.3916666666666666,24,24,24
20250211,양천구,2025021020,6.0,-5.0,58.333333333333336,30.0,1.3875,24,24,24
20250211,영등포구,2025021020,6.0,-5.0,58.333333333333336,30.0,1.4041666666666668,24,24,24
20250211,용산구,2025021020,6.0,-5.0,57.291666666666664,30.0,1.4125000000000003,24,24,24
20250211,은평구,2025021020,6.0,-6.0,59.791666666666664,30.0,1.3875,24,24,24
20250211,종로구,2025021020,6.0,-5.0,58.75,30.0,1.383333333333333,24,24,24
20250211,중구,2025021020,6.0,-5.0,58.75,30.0,1.383333333333333,24,24,24
20250211,중랑구,2025021020,6.0,-7.0,56.875,30.0,1.3958333333333333,24,24,24
20250212,강남구,2025021120,4.0,-1.0,73.125,70.0,3.0125000000000006,24,24,24
20250212,강동구,2025021120,4.0,-1.0,73.33333333333333,70.0,2.7624999999999997,24,24,24
20250212,강북구,2025021120,1.0,-4.0,75.41666666666667,70.0,2.8833333333333333,24,24,24
20250212,강서구,2025021120,4.0,-1.0,79.79166666666667,70.0,3.75,24,24,24
20250212,관악구,2025021120,3.0,0.0,75.625,70.0,3.3416666666666663,24,24,24
20250212,광진구,2025021120,4.0,-1.0,71.25,70.0,2.7916666666666665,24,24,24
20250212,구로구,2025021120,3.0,0.0,72.29166666666667,70.0,3.595833333333333,24,24,24
20250212,금천구,2025021120,3.0,-1.0,78.95833333333333,70.0,3.5500000000000003,24,24,24
20250212,노원구,2025021120,4.0,-2.0,76.875,70.0,2.8083333333333336,24,24,24
20250212,도봉구,2025021120,4.0,-2.0,76.875,70.0,2.8083333333333336,24,24,24
20250212,동대문구,2025021120,4.0,-1.0,72.70833333333333,70.0,2.766666666666667,24,24,24
20250212,동작구,2025021120,3.0,0.0,75.625,70.0,3.3416666666666663,24,24,24
20250212,마포구,2025021120,3.0,-1.0,75.0,70.0,3.025,24,24,24
20250212,서대문구,2025021120,3.0,-1.0,75.0,70.0,3.025,24,24,24
20250212,서초구,2025021120,4.0,-1.0,73.125,70.0,3.0125000000000006,24,24,24
20250212,성동구,2025021120,4.0,-1.0,71.45833333333333,70.0,2.8250000000000006,24,24,24
20250212,성북구,2025021120,1.0,-4.0,75.41666666666667,70.0,2.8833333333333333,24,24,24
20250212,송파구,2025021120,4.0,-1.0,71.25,70.0,2.941666666666667,24,24,24
20250212,양천구,2025021120,3.0,-1.0,75.0,70.0,3.420833333333333,24,24,24
20250212,영등포구,2025021120,3.0,0.0,75.0,70.0,3.1,24,24,24
20250212,용산구,2025021120,3.0,-1.0,74.58333333333333,70.0,2.929166666666667,24,24,24
20250212,은평구,2025021120,3.0,-1.0,78.125,70.0,3.0375,24,24,24
20250212,종로구,2025021120,4.0,0.0,74.79166666666667,70.0,2.8833333333333333,24,24,24
20250212,중구,2025021120,4.0,0.0,74.79166666666667,70.0,2.8833333333333333,24,24,24
20250212,중랑구,2025021120,4.0,-1.0,72.5,70.0,2.741666666666667,24,24,24
20250213,강남구,2025021220,5.0,-4.0,51.666666666666664,0.0,3.4291666666666667,24,24,24
20250213,강동구,2025021220,5.0,-4.0,51.25,0.0,3.5875,24,24,24
20250213,강북구,2025021220,3.0,-7.0,54.375,0.0,3.225,24,24,24
20250213,강서구,2025021220,5.0,-5.0,58.541666666666664,0.0,3.375,24,24,24
20250213,관악구,2025021220,5.0,-4.0,53.958333333333336,0.0,3.275,24,24,24
20250213,광진구,2025021220,5.0,-4.0,49.791666666666664,0.0,3.4,24,24,24
20250213,구로구,2025021220,5.0,-3.0,51.25,0.0,3.3333333333333335,24,24,24
20250213,금천구,2025021220,5.0,-4.0,55.625,0.0,3.454166666666667,24,24,24
20250213,노원구,2025021220,5.0,-6.0,54.791666666666664,0.0,3.3041666666666667,24,24,24
20250213,도봉구,2025021220,5.0,-6.0,54.791666666666664,0.0,3.3041666666666667,24,24,24
20250213,동대문구,2025021220,5.0,-4.0,51.458333333333336,0.0,3.1916666666666664,24,24,24
20250213,동작구,2025021220,5.0,-4.0,53.958333333333336,0.0,3.275,24,24,24
20250213,마포구,2025021220,5.0,-4.0,54.166666666666664,0.0,3.0875,24,24,24
20250213,서대문구,2025021220,5.0,-4.0,54.166666666666664,0.0,3.0875,24,24,24
20250213,서초구,2025021220,5.0,-4.0,51.666666666666664,0.0,3.4291666666666667,24,24,24
20250213,성동구,2025021220,5.0,-4.0,49.375,0.0,3.216666666666667,24,24,24
20250213,성북구,2025021220,3.0,-7.0,54.375,0.0,3.225,24,24,24
20250213,송파구,2025021220,5.0,-4.0,49.375,0.0,3.5708333333333333,24,24,24
20250213,양천구,2025021220,5.0,-4.0,54.375,0.0,3.1916666666666664,24,24,24
20250213,영등포구,2025021220,5.0,-4.0,53.958333333333336,0.0,3.0749999999999997,24,24,24
20250213,용산구,2025021220,5.0,-4.0,53.125,0.0,3.15,24,24,24
20250213,은평구,2025021220,5.0,-5.0,55.833333333333336,0.0,3.216666666666667,24,24,24
20250213,종로구,2025021220,5.0,-5.0,55.833333333333336,0.0,3.1333333333333333,24,24,24
20250213,중구,2025021220,5.0,-5.0,55.833333333333336,0.0,3.1333333333333333,24,24,24
20250213,중랑구,2025021220,5.0,-4.0,50.625,0.0,3.3333333333333335,24,24,24
20250214,강남구,2025021320,10.0,-1.0,65.20833333333333,30.0,2.029166666666667,24,24,24
20250214,강동구,2025021320,10.0,-1.0,65.41666666666667,30.0,1.8583333333333332,24,24,24
20250214,강북구,2025021320,8.0,-4.0,68.125,30.0,1.7875000000000003,24,24,24
20250214,강서구,2025021320,10.0,-2.0,73.95833333333333,30.0,2.233333333333333,24,24,24
20250214,관악구,2025021320,10.0,0.0,67.91666666666667,30.0,2.091666666666667,24,24,24
20250214,광진구,2025021320,10.0,-1.0,62.916666666666664,30.0,1.8916666666666668,24,24,24
20250214,구로구,2025021320,9.0,1.0,65.83333333333333,30.0,2.2249999999999996,24,24,24
20250214,금천구,2025021320,9.0,-1.0,72.08333333333333,30.0,2.1999999999999997,24,24,24
20250214,노원구,2025021320,10.0,-3.0,69.79166666666667,30.0,1.6291666666666669,24,24,24
20250214,도봉구,2025021320,10.0,-3.0,69.79166666666667,30.0,1.6291666666666669,24,24,24
20250214,동대문구,2025021320,10.0,-1.0,65.20833333333333,30.0,1.8125,24,24,24
20250214,동작구,2025021320,10.0,0.0,67.91666666666667,30.0,2.091666666666667,24,24,24
20250214,마포구,2025021320,9.0,-1.0,67.5,30.0,1.9041666666666668,24,24,24
20250214,서대문구,2025021320,9.0,-1.0,67.5,30.0,1.9041666666666668,24,24,24
20250214,서초구,2025021320,10.0,-1.0,65.20833333333333,30.0,2.029166666666667,24,24,24
20250214,성동구,2025021320,10.0,-1.0,63.75,30.0,1.8958333333333333,24,24,24
20250214,성북구,2025021320,8.0,-4.0,68.125,30.0,1.7875000000000003,24,24,24
20250214,송파구,2025021320,10.0,0.0,62.5,30.0,1.9875,24,24,24
20250214,양천구,2025021320,9.0,-1.0,68.125,30.0,2.1333333333333333,24,24,24
20250214,영등포구,2025021320,10.0,0.0,66.66666666666667,30.0,1.9750000000000003,24,24,24
20250214,용산구,2025021320,10.0,-1.0,65.20833333333333,30.0,1.95,24,24,24
20250214,은평구,2025021320,10.0,-2.0,70.625,30.0,1.8500000000000003,24,24,24
20250214,종로구,2025021320,10.0,-1.0,67.5,30.0,1.8541666666666667,24,24,24
20250214,중구,2025021320,10.0,-1.0,67.5,30.0,1.8541666666666667,24,24,24
20250214,중랑구,2025021320,10.0,-1.0,63.75,30.0,1.7875,24,24,24
20250215,강남구,2025021420,9.0,0.0,70.625,30.0,1.7250000000000003,24,24,24
20250215,강동구,2025021420,9.0,-1.0,70.83333333333333,30.0,1.6875,24,24,24
20250215,강북구,2025021420,7.0,-3.0,73.75,30.0,1.7333333333333332,24,24,24
20250215,강서구,2025021420,9.0,-2.0,78.95833333333333,30.0,1.9791666666666667,24,24,24
20250215,관악구,2025021420,9.0,0.0,72.91666666666667,30.0,1.820833333333333,24,24,24
20250215,광진구,2025021420,9.0,0.0,68.54166666666667,30.0,1.6916666666666669,24,24,24
20250215,구로구,2025021420,9.0,1.0,70.20833333333333,30.0,1.8791666666666669,24,24,24
20250215,금천구,2025021420,8.0,-1.0,76.25,30.0,1.7875,24,24,24
20250215,노원구,2025021420,9.0,-2.0,75.83333333333333,30.0,1.7166666666666668,24,24,24
20250215,도봉구,2025021420,9.0,-2.0,75.83333333333333,30.0,1.7166666666666668,24,24,24
20250215,동대문구,2025021420,9.0,0.0,70.625,30.0,1.7375,24,24,24
20250215,동작구,2025021420,9.0,0.0,72.91666666666667,30.0,1.820833333333333,24,24,24
20250215,마포구,2025021420,9.0,0.0,71.66666666666667,30.0,1.8083333333333331,24,24,24
20250215,서대문구,2025021420,9.0,0.0,71.66666666666667,30.0,1.8083333333333331,24,24,24
20250215,서초구,2025021420,9.0,0.0,70.625,30.0,1.7250000000000003,24,24,24
20250215,성동구,2025021420,10.0,0.0,67.91666666666667,30.0,1.7250000000000003,24,24,24
20250215,성북구,2025021420,7.0,-3.0,73.75,30.0,1.7333333333333332,24,24,24
20250215,송파구,2025021420,10.0,0.0,67.91666666666667,30.0,1.6875,24,24,24
20250215,양천구,2025021420,9.0,0.0,72.70833333333333,30.0,1.8708333333333336,24,24,24
20250215,영등포구,2025021420,9.0,0.0,71.66666666666667,30.0,1.8083333333333331,24,24,24
20250215,용산구,2025021420,9.0,0.0,71.04166666666667,30.0,1.75,24,24,24
20250215,은평구,2025021420,9.0,-1.0,76.04166666666667,30.0,1.8125,24,24,24
20250215,종로구,2025021420,9.0,0.0,72.08333333333333,30.0,1.75,24,24,24
20250215,중구,2025021420,9.0,0.0,72.08333333333333,30.0,1.75,24,24,24
20250215,중랑구,2025021420,9.0,-1.0,70.20833333333333,30.0,1.695833333333333,24,24,24
20250216,강남구,2025021520,9.0,1.0,72.70833333333333,30.0,2.983333333333333,24,24,24
20250216,강동구,2025021520,9.0,0.0,73.125,30.0,2.7583333333333333,24,24,24
20250216,강북구,2025021520,7.0,-2.0,76.04166666666667,30.0,2.8499999999999996,24,24,24
20250216,강서구,2025021520,9.0,0.0,80.625,30.0,3.7125,24,24,24
20250216,관악구,2025021520,8.0,1.0,75.41666666666667,30.0,3.2375000000000003,24,24,24
20250216,광진구,2025021520,9.0,1.0,70.625,30.0,2.8166666666666664,24,24,24
20250216,구로구,2025021520,9.0,1.0,72.08333333333333,30.0,3.516666666666667,24,24,24
20250216,금천구,2025021520,8.0,0.0,78.54166666666667,30.0,3.358333333333333,24,24,24
20250216,노원구,2025021520,9.0,-1.0,76.875,30.0,2.704166666666667,24,24,24
20250216,도봉구,2025021520,9.0,-1.0,76.875,30.0,2.704166666666667,24,24,24
20250216,동대문구,2025021520,9.0,1.0,72.70833333333333,30.0,2.783333333333333,24,24,24
20250216,동작구,2025021520,8.0,1.0,75.41666666666667,30.0,3.2375000000000003,24,24,24
20250216,마포구,2025021520,8.0,1.0,75.20833333333333,30.0,3.025,24,24,24
20250216,서대문구,2025021520,8.0,1.0,75.20833333333333,30.0,3.025,24,24,24
20250216,서초구,2025021520,9.0,1.0,72.70833333333333,30.0,2.983333333333333,24,24,24
20250216,성동구,2025021520,9.0,1.0,70.83333333333333,30.0,2.875,24,24,24
20250216,성북구,2025021520,7.0,-2.0,76.04166666666667,30.0,2.8499999999999996,24,24,24
20250216,송파구,2025021520,9.0,1.0,70.0,30.0,2.904166666666667,24,24,24
20250216,양천구,2025021520,8.0,1.0,75.20833333333333,30.0,3.3833333333333333,24,24,24
20250216,영등포구,2025021520,8.0,1.0,75.0,30.0,3.0875,24,24,24
20250216,용산구,2025021520,8.0,1.0,73.33333333333333,30.0,2.966666666666667,24,24,24
20250216,은평구,2025021520,9.0,0.0,77.70833333333333,30.0,2.991666666666667,24,24,24
20250216,종로구,2025021520,9.0,1.0,75.20833333333333,30.0,2.8875000000000006,24,24,24
20250216,중구,2025021520,9.0,1.0,75.20833333333333,30.0,2.8875000000000006,24,24,24
20250216,중랑구,2025021520,9.0,1.0,72.29166666666667,30.0,2.75,24,24,24
20250217,강남구,2025021620,3.0,-2.0,36.666666666666664,0.0,4.108333333333333,24,24,24
20250217,강동구,2025021620,3.0,-3.0,37.083333333333336,0.0,4.1499999999999995,24,24,24
20250217,강북구,2025021620,1.0,-6.0,39.791666666666664,0.0,3.9375,24,24,24
20250217,강서구,2025021620,3.0,-4.0,44.166666666666664,0.0,4.333333333333333,24,24,24
20250217,관악구,2025021620,3.0,-2.0,39.166666666666664,0.0,4.141666666666667,24,24,24
20250217,광진구,2025021620,3.0,-3.0,36.25,0.0,4.129166666666667,24,24,24
20250217,구로구,2025021620,3.0,-2.0,35.0,0.0,4.2,24,24,24
20250217,금천구,2025021620,2.0,-3.0,41.25,0.0,4.141666666666667,24,24,24
20250217,노원구,2025021620,3.0,-5.0,41.25,0.0,4.029166666666667,24,24,24
20250217,도봉구,2025021620,3.0,-5.0,41.25,0.0,4.029166666666667,24,24,24
20250217,동대문구,2025021620,3.0,-3.0,37.708333333333336,0.0,4.020833333333333,24,24,24
20250217,동작구,2025021620,3.0,-2.0,39.166666666666664,0.0,4.141666666666667,24,24,24
20250217,마포구,2025021620,3.0,-3.0,39.375,0.0,4.066666666666666,24,24,24
20250217,서대문구,2025021620,3.0,-3.0,39.375,0.0,4.066666666666666,24,24,24
20250217,서초구,2025021620,3.0,-2.0,36.666666666666664,0.0,4.108333333333333,24,24,24
20250217,성동구,2025021620,3.0,-3.0,36.666666666666664,0.0,4.1000000000000005,24,24,24
20250217,성북구,2025021620,1.0,-6.0,39.791666666666664,0.0,3.9375,24,24,24
20250217,송파구,2025021620,3.0,-2.0,35.208333333333336,0.0,4.145833333333333,24,24,24
20250217,양천구,2025021620,2.0,-3.0,39.375,0.0,4.183333333333334,24,24,24
20250217,영등포구,2025021620,3.0,-3.0,38.541666666666664,0.0,4.1125,24,24,24
20250217,용산구,2025021620,2.0,-3.0,38.125,0.0,4.070833333333334,24,24,24
20250217,은평구,2025021620,3.0,-4.0,40.625,0.0,4.054166666666667,24,24,24
20250217,종로구,2025021620,3.0,-4.0,41.25,0.0,4.004166666666666,24,24,24
20250217,중구,2025021620,3.0,-4.0,41.25,0.0,4.004166666666666,24,24,24
20250217,중랑구,2025021620,3.0,-3.0,36.875,0.0,4.0874999999999995,24,24,24
20250218,강남구,2025021720,1.0,-5.0,37.083333333333336,0.0,3.441666666666667,24,24,24
20250218,강동구,2025021720,1.0,-5.0,37.708333333333336,0.0,3.516666666666667,24,24,24
20250218,강북구,2025021720,-1.0,-8.0,37.708333333333336,0.0,3.295833333333333,24,24,24
20250218,강서구,2025021720,1.0,-6.0,41.458333333333336,0.0,3.6833333333333336,24,24,24
20250218,관악구,2025021720,1.0,-4.0,38.75,0.0,3.5041666666666664,24,24,24
20250218,광진구,2025021720,1.0,-5.0,35.416666666666664,0.0,3.4708333333333337,24,24,24
20250218,구로구,2025021720,1.0,-4.0,35.208333333333336,0.0,3.5416666666666665,24,24,24
20250218,금천구,2025021720,1.0,-5.0,40.416666666666664,0.0,3.4958333333333336,24,24,24
20250218,노원구,2025021720,1.0,-7.0,38.333333333333336,0.0,3.420833333333334,24,24,24
20250218,도봉구,2025021720,1.0,-7.0,38.333333333333336,0.0,3.420833333333334,24,24,24
20250218,동대문구,2025021720,1.0,-5.0,36.875,0.0,3.3958333333333335,24,24,24
20250218,동작구,2025021720,1.0,-4.0,38.75,0.0,3.5041666666666664,24,24,24
20250218,마포구,2025021720,1.0,-5.0,37.291666666666664,0.0,3.4458333333333333,24,24,24
20250218,서대문구,2025021720,1.0,-5.0,37.291666666666664,0.0,3.4458333333333333,24,24,24
20250218,서초구,2025021720,1.0,-5.0,37.083333333333336,0.0,3.441666666666667,24,24,24
20250218,성동구,2025021720,2.0,-5.0,35.625,0.0,3.4333333333333336,24,24,24
20250218,성북구,2025021720,-1.0,-8.0,37.708333333333336,0.0,3.295833333333333,24,24,24
20250218,송파구,2025021720,2.0,-5.0,35.0,0.0,3.4791666666666665,24,24,24
20250218,양천구,2025021720,1.0,-5.0,38.125,0.0,3.5291666666666672,24,24,24
20250218,영등포구,2025021720,1.0,-5.0,37.708333333333336,0.0,3.4666666666666663,24,24,24
20250218,용산구,2025021720,1.0,-5.0,37.708333333333336,0.0,3.4,24,24,24
20250218,은평구,2025021720,1.0,-6.0,38.75,0.0,3.4124999999999996,24,24,24
20250218,종로구,2025021720,2.0,-5.0,39.375,0.0,3.341666666666667,24,24,24
20250218,중구,2025021720,2.0,-5.0,39.375,0.0,3.341666666666667,24,24,24
20250218,중랑구,2025021720,1.0,-5.0,35.833333333333336,0.0,3.475,24,24,24
20250219,강남구,2025021820,1.0,-7.0,45.833333333333336,0.0,3.1333333333333333,24,24,24
20250219,강동구,2025021820,1.0,-7.0,47.083333333333336,0.0,3.108333333333333,24,24,24
20250219,강북구,2025021820,-2.0,-10.0,47.291666666666664,0.0,2.9499999999999997,24,24,24
20250219,강서구,2025021820,1.0,-8.0,49.375,0.0,3.345833333333333,24,24,24
20250219,관악구,2025021820,1.0,-7.0,47.291666666666664,0.0,3.2083333333333335,24,24,24
20250219,광진구,2025021820,1.0,-7.0,45.833333333333336,0.0,3.1125000000000003,24,24,24
20250219,구로구,2025021820,1.0,-7.0,42.083333333333336,0.0,3.266666666666667,24,24,24
20250219,금천구,2025021820,0.0,-7.0,48.541666666666664,0.0,3.216666666666667,24,24,24
20250219,노원구,2025021820,1.0,-8.0,49.791666666666664,0.0,3.025,24,24,24
20250219,도봉구,2025021820,1.0,-8.0,49.791666666666664,0.0,3.025,24,24,24
20250219,동대문구,2025021820,1.0,-7.0,46.25,0.0,3.0500000000000003,24,24,24
20250219,동작구,2025021820,1.0,-7.0,47.291666666666664,0.0,3.2083333333333335,24,24,24
20250219,마포구,2025021820,1.0,-7.0,46.041666666666664,0.0,3.1,24,24,24
20250219,서대문구,2025021820,1.0,-7.0,46.041666666666664,0.0,3.1,24,24,24
20250219,서초구,2025021820,1.0,-7.0,45.833333333333336,0.0,3.1333333333333333,24,24,24
20250219,성동구,2025021820,1.0,-7.0,46.25,0.0,3.1208333333333336,24,24,24
20250219,성북구,2025021820,-2.0,-10.0,47.291666666666664,0.0,2.9499999999999997,24,24,24
20250219,송파구,2025021820,1.0,-7.0,44.375,0.0,3.133333333333333,24,24,24
20250219,양천구,2025021820,0.0,-7.0,46.041666666666664,0.0,3.204166666666667,24,24,24
20250219,영등포구,2025021820,0.0,-7.0,46.25,0.0,3.170833333333333,24,24,24
20250219,용산구,2025021820,0.0,-7.0,46.875,0.0,3.1166666666666667,24,24,24
20250219,은평구,2025021820,1.0,-8.0,47.916666666666664,0.0,3.0625,24,24,24
20250219,종로구,2025021820,1.0,-7.0,48.541666666666664,0.0,3.0416666666666665,24,24,24
20250219,중구,2025021820,1.0,-7.0,48.541666666666664,0.0,3.0416666666666665,24,24,24
20250219,중랑구,2025021820,1.0,-7.0,45.833333333333336,0.0,3.079166666666667,24,24,24
20250220,강남구,2025021920,1.0,-7.0,40.416666666666664,0.0,2.6416666666666666,24,24,24
20250220,강동구,2025021920,2.0,-8.0,40.208333333333336,0.0,2.658333333333333,24,24,24
20250220,강북구,2025021920,-1.0,-10.0,42.083333333333336,0.0,2.5,24,24,24
20250220,강서구,2025021920,2.0,-8.0,45.416666666666664,0.0,2.8375,24,24,24
20250220,관악구,2025021920,1.0,-7.0,42.291666666666664,0.0,2.6791666666666667,24,24,24
20250220,광진구,2025021920,1.0,-7.0,38.958333333333336,0.0,2.629166666666667,24,24,24
20250220,구로구,2025021920,1.0,-6.0,38.541666666666664,0.0,2.7375000000000003,24,24,24
20250220,금천구,2025021920,1.0,-7.0,43.75,0.0,2.716666666666667,24,24,24
20250220,노원구,2025021920,1.0,-9.0,43.333333333333336,0.0,2.5541666666666667,24,24,24
20250220,도봉구,2025021920,1.0,-9.0,43.333333333333336,0.0,2.5541666666666667,24,24,24
20250220,동대문구,2025021920,1.0,-7.0,40.416666666666664,0.0,2.5749999999999997,24,24,24
20250220,동작구,2025021920,1.0,-7.0,42.291666666666664,0.0,2.6791666666666667,24,24,24
20250220,마포구,2025021920,1.0,-7.0,41.875,0.0,2.620833333333333,24,24,24
20250220,서대문구,2025021920,1.0,-7.0,41.875,0.0,2.620833333333333,24,24,24
20250220,서초구,2025021920,1.0,-7.0,40.416666666666664,0.0,2.6416666666666666,24,24,24
20250220,성동구,2025021920,2.0,-7.0,39.791666666666664,0.0,2.6125000000000003,24,24,24
20250220,성북구,2025021920,-1.0,-10.0,42.083333333333336,0.0,2.5,24,24,24
20250220,송파구,2025021920,2.0,-7.0,38.541666666666664,0.0,2.641666666666667,24,24,24
20250220,양천구,2025021920,1.0,-7.0,41.25,0.0,2.6999999999999997,24,24,24
20250220,영등포구,2025021920,1.0,-7.0,41.458333333333336,0.0,2.658333333333333,24,24,24
20250220,용산구,2025021920,1.0,-7.0,41.875,0.0,2.6041666666666665,24,24,24
20250220,은평구,2025021920,1.0,-8.0,42.5,0.0,2.595833333333333,24,24,24
20250220,종로구,2025021920,2.0,-7.0,43.541666666666664,0.0,2.5541666666666667,24,24,24
20250220,중구,2025021920,2.0,-7.0,43.541666666666664,0.0,2.5541666666666667,24,24,24
20250220,중랑구,2025021920,1.0,-7.0,39.583333333333336,0.0,2.595833333333333,24,24,24
20250221,강남구,2025022020,2.0,-6.0,46.25,0.0,2.6583333333333337,24,24,24
20250221,강동구,2025022020,2.0,-7.0,46.041666666666664,0.0,2.679166666666667,24,24,24
20250221,강북구,2025022020,-1.0,-10.0,47.5,0.0,2.5,24,24,24
20250221,강서구,2025022020,2.0,-7.0,49.166666666666664,20.0,2.7458333333333336,24,24,24
20250221,관악구,2025022020,2.0,-6.0,47.083333333333336,0.0,2.658333333333333,24,24,24
20250221,광진구,2025022020,2.0,-6.0,44.791666666666664,0.0,2.670833333333333,24,24,24
20250221,구로구,2025022020,2.0,-6.0,42.708333333333336,0.0,2.6916666666666664,24,24,24
20250221,금천구,2025022020,1.0,-7.0,49.583333333333336,0.0,2.6916666666666664,24,24,24
20250221,노원구,2025022020,2.0,-8.0,47.083333333333336,0.0,2.566666666666667,24,24,24
20250221,도봉구,2025022020,2.0,-8.0,47.083333333333336,0.0,2.566666666666667,24,24,24
20250221,동대문구,2025022020,2.0,-6.0,45.208333333333336,0.0,2.595833333333333,24,24,24
20250221,동작구,2025022020,2.0,-6.0,47.083333333333336,0.0,2.658333333333333,24,24,24
20250221,마포구,2025022020,1.0,-7.0,45.0,20.0,2.5833333333333335,24,24,24
20250221,서대문구,2025022020,1.0,-7.0,45.0,20.0,2.5833333333333335,24,24,24
20250221,서초구,2025022020,2.0,-6.0,46.25,0.0,2.6583333333333337,24,24,24
20250221,성동구,2025022020,2.0,-6.0,45.625,0.0,2.629166666666667,24,24,24
20250221,성북구,2025022020,-1.0,-10.0,47.5,0.0,2.5,24,24,24
20250221,송파구,2025022020,2.0,-6.0,44.166666666666664,0.0,2.6958333333333333,24,24,24
20250221,양천구,2025022020,2.0,-6.0,46.25,0.0,2.6416666666666666,24,24,24
20250221,영등포구,2025022020,2.0,-6.0,46.25,0.0,2.625,24,24,24
20250221,용산구,2025022020,2.0,-6.0,46.041666666666664,0.0,2.608333333333333,24,24,24
20250221,은평구,2025022020,2.0,-8.0,47.5,20.0,2.55,24,24,24
20250221,종로구,2025022020,2.0,-7.0,48.958333333333336,0.0,2.5666666666666664,24,24,24
20250221,중구,2025022020,2.0,-7.0,48.958333333333336,0.0,2.5666666666666664,24,24,24
20250221,중랑구,2025022020,2.0,-7.0,45.0,0.0,2.6375,24,24,24
20250222,강남구,2025022120,2.0,-6.0,38.333333333333336,20.0,4.091666666666667,24,24,24
20250222,강동구,2025022120,2.0,-7.0,38.125,20.0,4.225,24,24,24
20250222,강북구,2025022120,-1.0,-10.0,39.166666666666664,20.0,4.108333333333333,24,24,24
20250222,강서구,2025022120,2.0,-7.0,43.541666666666664,20.0,4.6499999999999995,24,24,24
20250222,관악구,2025022120,1.0,-7.0,39.791666666666664,20.0,4.170833333333333,24,24,24
20250222,광진구,2025022120,2.0,-7.0,36.666666666666664,20.0,4.104166666666667,24,24,24
20250222,구로구,2025022120,2.0,-6.0,35.416666666666664,20.0,4.375,24,24,24
20250222,금천구,2025022120,1.0,-7.0,41.458333333333336,20.0,4.3374999999999995,24,24,24
20250222,노원구,2025022120,2.0,-8.0,40.833333333333336,20.0,4.029166666666666,24,24,24
20250222,도봉구,2025022120,2.0,-8.0,40.833333333333336,20.0,4.029166666666666,24,24,24
20250222,동대문구,2025022120,2.0,-6.0,37.916666666666664,20.0,4.004166666666666,24,24,24
20250222,동작구,2025022120,1.0,-7.0,39.791666666666664,20.0,4.170833333333333,24,24,24
20250222,마포구,2025022120,1.0,-7.0,40.0,20.0,4.041666666666667,24,24,24
20250222,서대문구,2025022120,1.0,-7.0,40.0,20.0,4.041666666666667,24,24,24
20250222,서초구,2025022120,2.0,-6.0,38.333333333333336,20.0,4.091666666666667,24,24,24
20250222,성동구,2025022120,2.0,-7.0,36.666666666666664,20.0,3.9791666666666665,24,24,24
20250222,성북구,2025022120,-1.0,-10.0,39.166666666666664,20.0,4.108333333333333,24,24,24
20250222,송파구,2025022120,2.0,-6.0,35.416666666666664,20.0,4.141666666666667,24,24,24
20250222,양천구,2025022120,1.0,-7.0,39.166666666666664,20.0,4.2875000000000005,24,24,24
20250222,영등포구,2025022120,1.0,-7.0,39.375,20.0,4.008333333333334,24,24,24
20250222,용산구,2025022120,1.0,-7.0,39.583333333333336,20.0,3.9875,24,24,24
20250222,은평구,2025022120,2.0,-8.0,40.0,20.0,4.1499999999999995,24,24,24
20250222,종로구,2025022120,2.0,-7.0,41.041666666666664,20.0,4.020833333333333,24,24,24
20250222,중구,2025022120,2.0,-7.0,41.041666666666664,20.0,4.020833333333333,24,24,24
20250222,중랑구,2025022120,2.0,-7.0,37.083333333333336,20.0,4.083333333333333,24,24,24
20250223,강남구,2025022220,1.0,-5.0,39.375,0.0,3.141666666666667,24,24,24
20250223,강동구,2025022220,1.0,-6.0,40.416666666666664,0.0,3.1208333333333336,24,24,24
20250223,강북구,2025022220,-2.0,-9.0,40.833333333333336,0.0,2.9500000000000006,24,24,24
20250223,강서구,2025022220,1.0,-6.0,43.333333333333336,0.0,3.2583333333333333,24,24,24
20250223,관악구,2025022220,0.0,-5.0,40.625,0.0,3.1791666666666667,24,24,24
20250223,광진구,2025022220,1.0,-5.0,38.333333333333336,0.0,3.1125000000000003,24,24,24
20250223,구로구,2025022220,1.0,-5.0,36.458333333333336,0.0,3.2125,24,24,24
20250223,금천구,2025022220,0.0,-6.0,42.708333333333336,0.0,3.2125000000000004,24,24,24
20250223,노원구,2025022220,1.0,-7.0,42.708333333333336,0.0,2.9916666666666667,24,24,24
20250223,도봉구,2025022220,1.0,-7.0,42.708333333333336,0.0,2.9916666666666667,24,24,24
20250223,동대문구,2025022220,1.0,-5.0,39.166666666666664,0.0,3.0375,24,24,24
20250223,동작구,2025022220,0.0,-5.0,40.625,0.0,3.1791666666666667,24,24,24
20250223,마포구,2025022220,0.0,-6.0,39.583333333333336,0.0,3.0708333333333333,24,24,24
20250223,서대문구,2025022220,0.0,-6.0,39.583333333333336,0.0,3.0708333333333333,24,24,24
20250223,서초구,2025022220,1.0,-5.0,39.375,0.0,3.141666666666667,24,24,24
20250223,성동구,2025022220,1.0,-6.0,39.583333333333336,0.0,3.1041666666666665,24,24,24
20250223,성북구,2025022220,-2.0,-9.0,40.833333333333336,0.0,2.9500000000000006,24,24,24
20250223,송파구,2025022220,1.0,-5.0,37.708333333333336,0.0,3.15,24,24,24
20250223,양천구,2025022220,0.0,-5.0,40.0,0.0,3.15,24,24,24
20250223,영등포구,2025022220,0.0,-5.0,39.375,0.0,3.1208333333333336,24,24,24
20250223,용산구,2025022220,0.0,-6.0,39.791666666666664,0.0,3.0916666666666663,24,24,24
20250223,은평구,2025022220,1.0,-7.0,41.666666666666664,0.0,3.0124999999999997,24,24,24
20250223,종로구,2025022220,1.0,-6.0,42.083333333333336,0.0,3.008333333333333,24,24,24
20250223,중구,2025022220,1.0,-6.0,42.083333333333336,0.0,3.008333333333333,24,24,24
20250223,중랑구,2025022220,1.0,-6.0,39.166666666666664,0.0,3.070833333333333,24,24,24
20250224,강남구,2025022320,5.0,-5.0,45.625,0.0,3.2291666666666665,24,24,24
20250224,강동구,2025022320,5.0,-6.0,45.416666666666664,0.0,3.1583333333333337,24,24,24
20250224,강북구,2025022320,3.0,-9.0,45.416666666666664,0.0,2.975,24,24,24
20250224,강서구,2025022320,5.0,-7.0,50.833333333333336,0.0,3.5,24,24,24
20250224,관악구,2025022320,4.0,-5.0,47.916666666666664,0.0,3.2916666666666665,24,24,24
20250224,광진구,2025022320,5.0,-5.0,43.333333333333336,0.0,3.1291666666666664,24,24,24
20250224,구로구,2025022320,5.0,-4.0,44.583333333333336,0.0,3.475,24,24,24
20250224,금천구,2025022320,3.0,-6.0,49.791666666666664,0.0,3.475,24,24,24
20250224,노원구,2025022320,5.0,-7.0,45.625,0.0,2.8083333333333336,24,24,24
20250224,도봉구,2025022320,5.0,-7.0,45.625,0.0,2.8083333333333336,24,24,24
20250224,동대문구,2025022320,5.0,-5.0,43.75,0.0,3.0291666666666663,24,24,24
20250224,동작구,2025022320,4.0,-5.0,47.916666666666664,0.0,3.2916666666666665,24,24,24
20250224,마포구,2025022320,4.0,-6.0,46.25,0.0,3.016666666666667,24,24,24
20250224,서대문구,2025022320,4.0,-6.0,46.25,0.0,3.016666666666667,24,24,24
20250224,서초구,2025022320,5.0,-5.0,45.625,0.0,3.2291666666666665,24,24,24
20250224,성동구,2025022320,5.0,-5.0,42.291666666666664,0.0,3.1374999999999997,24,24,24
20250224,성북구,2025022320,3.0,-9.0,45.416666666666664,0.0,2.975,24,24,24
20250224,송파구,2025022320,5.0,-5.0,42.708333333333336,0.0,3.1916666666666664,24,24,24
20250224,양천구,2025022320,4.0,-5.0,46.25,0.0,3.2999999999999994,24,24,24
20250224,영등포구,2025022320,4.0,-5.0,46.458333333333336,0.0,3.0708333333333333,24,24,24
20250224,용산구,2025022320,4.0,-5.0,46.25,0.0,3.0875,24,24,24
20250224,은평구,2025022320,5.0,-7.0,47.708333333333336,0.0,3.0208333333333335,24,24,24
20250224,종로구,2025022320,5.0,-6.0,47.291666666666664,0.0,3.016666666666667,24,24,24
20250224,중구,2025022320,5.0,-6.0,47.291666666666664,0.0,3.016666666666667,24,24,24
20250224,중랑구,2025022320,5.0,-6.0,43.333333333333336,0.0,3.025,24,24,24
20250225,강남구,2025022420,7.0,-2.0,64.375,30.0,3.570833333333333,24,24,24
20250225,강동구,2025022420,7.0,-3.0,63.75,30.0,3.383333333333333,24,24,24
20250225,강북구,2025022420,5.0,-5.0,67.91666666666667,30.0,3.2708333333333335,24,24,24
20250225,강서구,2025022420,7.0,-3.0,72.91666666666667,30.0,3.9249999999999994,24,24,24
20250225,관악구,2025022420,7.0,-1.0,67.91666666666667,30.0,3.6208333333333336,24,24,24
20250225,광진구,2025022420,7.0,-2.0,61.666666666666664,30.0,3.3875000000000006,24,24,24
20250225,구로구,2025022420,7.0,0.0,66.45833333333333,30.0,3.8166666666666664,24,24,24
20250225,금천구,2025022420,7.0,-2.0,70.20833333333333,30.0,3.7875,24,24,24
20250225,노원구,2025022420,7.0,-4.0,67.5,30.0,3.233333333333333,24,24,24
20250225,도봉구,2025022420,7.0,-4.0,67.5,30.0,3.233333333333333,24,24,24
20250225,동대문구,2025022420,7.0,-2.0,63.75,30.0,3.2791666666666663,24,24,24
20250225,동작구,2025022420,7.0,-1.0,67.91666666666667,30.0,3.6208333333333336,24,24,24
20250225,마포구,2025022420,7.0,-2.0,67.91666666666667,30.0,3.358333333333334,24,24,24
20250225,서대문구,2025022420,7.0,-2.0,67.91666666666667,30.0,3.358333333333334,24,24,24
20250225,서초구,2025022420,7.0,-2.0,64.375,30.0,3.570833333333333,24,24,24
20250225,성동구,2025022420,7.0,-2.0,61.25,30.0,3.375,24,24,24
20250225,성북구,2025022420,5.0,-5.0,67.91666666666667,30.0,3.2708333333333335,24,24,24
20250225,송파구,2025022420,8.0,-2.0,61.875,30.0,3.533333333333333,24,24,24
20250225,양천구,2025022420,7.0,-1.0,68.125,30.0,3.6458333333333335,24,24,24
20250225,영등포구,2025022420,7.0,-1.0,67.29166666666667,30.0,3.429166666666667,24,24,24
20250225,용산구,2025022420,7.0,-2.0,65.83333333333333,30.0,3.391666666666667,24,24,24
20250225,은평구,2025022420,7.0,-3.0,69.79166666666667,30.0,3.3541666666666665,24,24,24
20250225,종로구,2025022420,7.0,-2.0,67.70833333333333,30.0,3.3166666666666664,24,24,24
20250225,중구,2025022420,7.0,-2.0,67.70833333333333,30.0,3.3166666666666664,24,24,24
20250225,중랑구,2025022420,7.0,-2.0,62.291666666666664,30.0,3.3125,24,24,24
20250226,강남구,2025022520,7.0,-2.0,55.0,20.0,3.2291666666666665,24,24,24
20250226,강동구,2025022520,7.0,-3.0,55.208333333333336,30.0,2.9749999999999996,24,24,24
20250226,강북구,2025022520,5.0,-5.0,55.833333333333336,20.0,3.0916666666666663,24,24,24
20250226,강서구,2025022520,7.0,-4.0,60.0,20.0,3.7125,24,24,24
20250226,관악구,2025022520,6.0,-2.0,56.25,20.0,3.329166666666667,24,24,24
20250226,광진구,2025022520,7.0,-2.0,52.083333333333336,30.0,3.025,24,24,24
20250226,구로구,2025022520,6.0,-1.0,53.333333333333336,20.0,3.4791666666666665,24,24,24
20250226,금천구,2025022520,6.0,-3.0,58.958333333333336,20.0,3.4583333333333335,24,24,24
20250226,노원구,2025022520,7.0,-4.0,55.416666666666664,20.0,2.9041666666666663,24,24,24
20250226,도봉구,2025022520,7.0,-4.0,55.416666666666664,20.0,2.9041666666666663,24,24,24
20250226,동대문구,2025022520,7.0,-2.0,53.333333333333336,20.0,3.0124999999999997,24,24,24
20250226,동작구,2025022520,6.0,-2.0,56.25,20.0,3.329166666666667,24,24,24
20250226,마포구,2025022520,6.0,-2.0,54.583333333333336,20.0,3.2083333333333335,24,24,24
20250226,서대문구,2025022520,6.0,-2.0,54.583333333333336,20.0,3.2083333333333335,24,24,24
20250226,서초구,2025022520,7.0,-2.0,55.0,20.0,3.2291666666666665,24,24,24
20250226,성동구,2025022520,7.0,-2.0,51.666666666666664,20.0,3.0916666666666663,24,24,24
20250226,성북구,2025022520,5.0,-5.0,55.833333333333336,20.0,3.0916666666666663,24,24,24
20250226,송파구,2025022520,7.0,-2.0,52.708333333333336,30.0,3.154166666666667,24,24,24
20250226,양천구,2025022520,6.0,-2.0,55.625,20.0,3.4416666666666664,24,24,24
20250226,영등포구,2025022520,6.0,-2.0,54.791666666666664,20.0,3.2125000000000004,24,24,24
20250226,용산구,2025022520,6.0,-2.0,55.0,20.0,3.1375000000000006,24,24,24
20250226,은평구,2025022520,7.0,-4.0,57.5,20.0,3.2291666666666665,24,24,24
20250226,종로구,2025022520,7.0,-2.0,56.25,20.0,3.1124999999999994,24,24,24
20250226,중구,2025022520,7.0,-2.0,56.25,20.0,3.1124999999999994,24,24,24
20250226,중랑구,2025022520,7.0,-2.0,53.958333333333336,30.0,2.975,24,24,24
20250227,강남구,2025022620,13.0,-1.0,55.416666666666664,30.0,1.5916666666666668,24,24,24
20250227,강동구,2025022620,13.0,-2.0,54.791666666666664,30.0,1.5958333333333332,24,24,24
20250227,강북구,2025022620,10.0,-3.0,57.708333333333336,20.0,1.6125,24,24,24
20250227,강서구,2025022620,12.0,-2.0,65.0,20.0,1.9041666666666668,24,24,24
20250227,관악구,2025022620,12.0,0.0,58.75,30.0,1.6875,24,24,24
20250227,광진구,2025022620,13.0,-1.0,51.458333333333336,30.0,1.5916666666666668,24,24,24
20250227,구로구,2025022620,12.0,1.0,58.333333333333336,20.0,1.7458333333333336,24,24,24
20250227,금천구,2025022620,12.0,-1.0,60.208333333333336,30.0,1.675,24,24,24
20250227,노원구,2025022620,13.0,-3.0,56.458333333333336,20.0,1.6125,24,24,24
20250227,도봉구,2025022620,13.0,-3.0,56.458333333333336,20.0,1.6125,24,24,24
20250227,동대문구,2025022620,13.0,0.0,53.333333333333336,30.0,1.6,24,24,24
20250227,동작구,2025022620,12.0,0.0,58.75,30.0,1.6875,24,24,24
20250227,마포구,2025022620,12.0,0.0,57.708333333333336,20.0,1.6916666666666664,24,24,24
20250227,서대문구,2025022620,12.0,0.0,57.708333333333336,20.0,1.6916666666666664,24,24,24
20250227,서초구,2025022620,13.0,-1.0,55.416666666666664,30.0,1.5916666666666668,24,24,24
20250227,성동구,2025022620,14.0,-2.0,49.791666666666664,30.0,1.6000000000000003,24,24,24
20250227,성북구,2025022620,10.0,-3.0,57.708333333333336,20.0,1.6125,24,24,24
20250227,송파구,2025022620,14.0,-1.0,51.458333333333336,30.0,1.5916666666666668,24,24,24
20250227,양천구,2025022620,12.0,0.0,58.541666666666664,20.0,1.75,24,24,24
20250227,영등포구,2025022620,12.0,0.0,57.5,20.0,1.683333333333333,24,24,24
20250227,용산구,2025022620,13.0,0.0,55.208333333333336,30.0,1.625,24,24,24
20250227,은평구,2025022620,12.0,-1.0,61.041666666666664,20.0,1.6916666666666669,24,24,24
20250227,종로구,2025022620,13.0,-1.0,55.833333333333336,30.0,1.6125,24,24,24
20250227,중구,2025022620,13.0,-1.0,55.833333333333336,30.0,1.6125,24,24,24
20250227,중랑구,2025022620,13.0,-1.0,52.5,30.0,1.5750000000000002,24,24,24
20250228,강남구,2025022720,12.0,2.0,73.125,30.0,1.0208333333333333,24,24,24
20250228,강동구,2025022720,12.0,2.0,70.83333333333333,30.0,0.9916666666666668,24,24,24
20250228,강북구,2025022720,9.0,-1.0,73.125,30.0,0.9875,24,24,24
20250228,강서구,2025022720,11.0,1.0,80.0,30.0,1.0916666666666668,24,24,24
20250228,관악구,2025022720,11.0,2.0,76.66666666666667,30.0,1.0583333333333331,24,24,24
20250228,광진구,2025022720,12.0,2.0,68.33333333333333,30.0,0.9958333333333332,24,24,24
20250228,구로구,2025022720,12.0,2.0,75.83333333333333,30.0,1.0666666666666669,24,24,24
20250228,금천구,2025022720,11.0,1.0,78.95833333333333,30.0,1.0583333333333331,24,24,24
20250228,노원구,2025022720,11.0,1.0,71.875,30.0,0.9625,24,24,24
20250228,도봉구,2025022720,11.0,1.0,71.875,30.0,0.9625,24,24,24
20250228,동대문구,2025022720,11.0,2.0,70.0,30.0,0.9958333333333332,24,24,24
20250228,동작구,2025022720,11.0,2.0,76.66666666666667,30.0,1.0583333333333331,24,24,24
20250228,마포구,2025022720,11.0,2.0,74.375,30.0,1.0291666666666666,24,24,24
20250228,서대문구,2025022720,11.0,2.0,74.375,30.0,1.0291666666666666,24,24,24
20250228,서초구,2025022720,12.0,2.0,73.125,30.0,1.0208333333333333,24,24,24
20250228,성동구,2025022720,12.0,2.0,68.33333333333333,30.0,1.0208333333333333,24,24,24
20250228,성북구,2025022720,9.0,-1.0,73.125,30.0,0.9875,24,24,24
20250228,송파구,2025022720,12.0,2.0,69.58333333333333,30.0,1.0208333333333333,24,24,24
20250228,양천구,2025022720,11.0,2.0,75.41666666666667,30.0,1.0541666666666665,24,24,24
20250228,영등포구,2025022720,11.0,2.0,75.0,30.0,1.0416666666666667,24,24,24
20250228,용산구,2025022720,11.0,2.0,73.125,30.0,1.0333333333333334,24,24,24
20250228,은평구,2025022720,11.0,1.0,77.08333333333333,30.0,0.9875000000000002,24,24,24
20250228,종로구,2025022720,12.0,3.0,73.33333333333333,30.0,1.0083333333333335,24,24,24
20250228,중구,2025022720,12.0,3.0,73.33333333333333,30.0,1.0083333333333335,24,24,24
20250228,중랑구,2025022720,12.0,2.0,68.33333333333333,30.0,0.9958333333333332,24,24,24
20250301,강남구,2025022820,12.0,3.0,77.5,60.0,1.5166666666666668,24,24,24
20250301,강동구,2025022820,12.0,3.0,76.66666666666667,60.0,1.5333333333333334,24,24,24
20250301,강북구,2025022820,10.0,0.0,79.375,60.0,1.3458333333333332,24,24,24
20250301,강서구,2025022820,11.0,1.0,84.375,60.0,1.3791666666666669,24,24,24
20250301,관악구,2025022820,12.0,2.0,79.58333333333333,60.0,1.4625,24,24,24
20250301,광진구,2025022820,12.0,3.0,73.75,60.0,1.5125,24,24,24
20250301,구로구,2025022820,12.0,3.0,78.33333333333333,60.0,1.4583333333333333,24,24,24
20250301,금천구,2025022820,11.0,1.0,82.5,60.0,1.4916666666666665,24,24,24
20250301,노원구,2025022820,12.0,1.0,81.04166666666667,30.0,1.4,24,24,24
20250301,도봉구,2025022820,12.0,1.0,81.04166666666667,30.0,1.4,24,24,24
20250301,동대문구,2025022820,12.0,3.0,75.625,60.0,1.4291666666666665,24,24,24
20250301,동작구,2025022820,12.0,2.0,79.58333333333333,60.0,1.4625,24,24,24
20250301,마포구,2025022820,11.0,3.0,78.95833333333333,60.0,1.3666666666666665,24,24,24
20250301,서대문구,2025022820,11.0,3.0,78.95833333333333,60.0,1.3666666666666665,24,24,24
20250301,서초구,2025022820,12.0,3.0,77.5,60.0,1.5166666666666668,24,24,24
20250301,성동구,2025022820,12.0,4.0,74.58333333333333,60.0,1.4833333333333332,24,24,24
20250301,성북구,2025022820,10.0,0.0,79.375,60.0,1.3458333333333332,24,24,24
20250301,송파구,2025022820,13.0,3.0,74.375,60.0,1.525,24,24,24
20250301,양천구,2025022820,11.0,2.0,79.58333333333333,60.0,1.4,24,24,24
20250301,영등포구,2025022820,12.0,3.0,79.58333333333333,60.0,1.429166666666667,24,24,24
20250301,용산구,2025022820,12.0,3.0,76.66666666666667,60.0,1.4458333333333335,24,24,24
20250301,은평구,2025022820,11.0,2.0,81.875,60.0,1.3333333333333333,24,24,24
20250301,종로구,2025022820,12.0,4.0,79.16666666666667,60.0,1.4083333333333332,24,24,24
20250301,중구,2025022820,12.0,4.0,79.16666666666667,60.0,1.4083333333333332,24,24,24
20250301,중랑구,2025022820,12.0,3.0,75.0,30.0,1.4875,24,24,24
20250302,강남구,2025030120,13.0,6.0,74.16666666666667,80.0,2.525,24,24,24
20250302,강동구,2025030120,12.0,5.0,73.54166666666667,80.0,2.8083333333333336,24,24,24
20250302,강북구,2025030120,11.0,3.0,72.5,80.0,2.283333333333333,24,24,24
20250302,강서구,2025030120,13.0,4.0,75.20833333333333,80.0,2.375,24,24,24
20250302,관악구,2025030120,12.0,6.0,73.95833333333333,80.0,2.441666666666667,24,24,24
20250302,광진구,2025030120,12.0,6.0,71.875,80.0,2.658333333333333,24,24,24
20250302,구로구,2025030120,12.0,7.0,70.83333333333333,80.0,2.3874999999999997,24,24,24
20250302,금천구,2025030120,12.0,6.0,77.5,80.0,2.4416666666666664,24,24,24
20250302,노원구,2025030120,13.0,3.0,73.33333333333333,80.0,2.4916666666666667,24,24,24
20250302,도봉구,2025030120,13.0,3.0,73.33333333333333,80.0,2.4916666666666667,24,24,24
20250302,동대문구,2025030120,13.0,6.0,70.41666666666667,80.0,2.4916666666666667,24,24,24
20250302,동작구,2025030120,12.0,6.0,73.95833333333333,80.0,2.441666666666667,24,24,24
20250302,마포구,2025030120,12.0,6.0,71.25,80.0,2.3041666666666667,24,24,24
20250302,서대문구,2025030120,12.0,6.0,71.25,80.0,2.3041666666666667,24,24,24
20250302,서초구,2025030120,13.0,6.0,74.16666666666667,80.0,2.525,24,24,24
20250302,성동구,2025030120,12.0,6.0,74.375,80.0,2.5208333333333335,24,24,24
20250302,성북구,2025030120,11.0,3.0,72.5,80.0,2.283333333333333,24,24,24
20250302,송파구,2025030120,13.0,6.0,72.5,80.0,2.65,24,24,24
20250302,양천구,2025030120,12.0,6.0,71.45833333333333,80.0,2.3499999999999996,24,24,24
20250302,영등포구,2025030120,12.0,7.0,71.66666666666667,80.0,2.3625000000000003,24,24,24
20250302,용산구,2025030120,12.0,7.0,71.45833333333333,80.0,2.408333333333333,24,24,24
20250302,은평구,2025030120,13.0,5.0,73.54166666666667,80.0,2.25,24,24,24
20250302,종로구,2025030120,12.0,6.0,73.95833333333333,80.0,2.3416666666666663,24,24,24
20250302,중구,2025030120,12.0,6.0,73.95833333333333,80.0,2.3416666666666663,24,24,24
20250302,중랑구,2025030120,13.0,5.0,71.45833333333333,80.0,2.670833333333333,24,24,24
20250303,강남구,2025030220,7.0,0.0,63.958333333333336,80.0,3.9708333333333337,24,24,24
20250303,강동구,2025030220,7.0,0.0,63.541666666666664,80.0,4.208333333333333,24,24,24
20250303,강북구,2025030220,4.0,-2.0,64.16666666666667,80.0,3.6291666666666664,24,24,24
20250303,강서구,2025030220,7.0,-1.0,67.5,80.0,3.9333333333333336,24,24,24
20250303,관악구,2025030220,6.0,1.0,65.41666666666667,80.0,3.9416666666666664,24,24,24
20250303,광진구,2025030220,6.0,0.0,61.666666666666664,80.0,4.0874999999999995,24,24,24
20250303,구로구,2025030220,7.0,1.0,61.458333333333336,80.0,3.9333333333333336,24,24,24
20250303,금천구,2025030220,6.0,0.0,68.54166666666667,80.0,3.8666666666666663,24,24,24
20250303,노원구,2025030220,7.0,-1.0,64.79166666666667,80.0,3.866666666666667,24,24,24
20250303,도봉구,2025030220,7.0,-1.0,64.79166666666667,80.0,3.866666666666667,24,24,24
20250303,동대문구,2025030220,6.0,0.0,62.291666666666664,80.0,3.904166666666667,24,24,24
20250303,동작구,2025030220,6.0,1.0,65.41666666666667,80.0,3.9416666666666664,24,24,24
20250303,마포구,2025030220,6.0,0.0,64.16666666666667,80.0,3.7625000000000006,24,24,24
20250303,서대문구,2025030220,6.0,0.0,64.16666666666667,80.0,3.7625000000000006,24,24,24
20250303,서초구,2025030220,7.0,0.0,63.958333333333336,80.0,3.9708333333333337,24,24,24
20250303,성동구,2025030220,7.0,0.0,63.958333333333336,80.0,3.9791666666666665,24,24,24
20250303,성북구,2025030220,4.0,-2.0,64.16666666666667,80.0,3.6291666666666664,24,24,24
20250303,송파구,2025030220,7.0,0.0,62.083333333333336,80.0,4.0375000000000005,24,24,24
20250303,양천구,2025030220,6.0,0.0,63.541666666666664,80.0,3.891666666666667,24,24,24
20250303,영등포구,2025030220,6.0,0.0,63.75,80.0,3.9,24,24,24
20250303,용산구,2025030220,6.0,0.0,62.916666666666664,80.0,3.858333333333333,24,24,24
20250303,은평구,2025030220,7.0,0.0,65.625,80.0,3.6791666666666663,24,24,24
20250303,종로구,2025030220,8.0,0.0,65.83333333333333,80.0,3.7416666666666663,24,24,24
20250303,중구,2025030220,8.0,0.0,65.83333333333333,80.0,3.7416666666666663,24,24,24
20250303,중랑구,2025030220,6.0,0.0,61.666666666666664,80.0,4.1125,24,24,24
20250304,강남구,2025030320,4.0,0.0,65.20833333333333,80.0,2.720833333333333,24,24,24
20250304,강동구,2025030320,3.0,0.0,65.0,80.0,2.970833333333333,24,24,24
20250304,강북구,2025030320,1.0,-3.0,66.25,80.0,2.6125,24,24,24
20250304,강서구,2025030320,4.0,-2.0,69.79166666666667,80.0,2.9499999999999997,24,24,24
20250304,관악구,2025030320,3.0,0.0,66.45833333333333,80.0,2.7291666666666665,24,24,24
20250304,광진구,2025030320,3.0,0.0,63.125,80.0,2.8625000000000003,24,24,24
20250304,구로구,2025030320,4.0,1.0,64.79166666666667,80.0,2.795833333333333,24,24,24
20250304,금천구,2025030320,2.0,-1.0,70.83333333333333,80.0,2.6791666666666667,24,24,24
20250304,노원구,2025030320,4.0,-1.0,66.04166666666667,80.0,2.841666666666667,24,24,24
20250304,도봉구,2025030320,4.0,-1.0,66.04166666666667,80.0,2.841666666666667,24,24,24
20250304,동대문구,2025030320,3.0,0.0,63.333333333333336,80.0,2.7708333333333335,24,24,24
20250304,동작구,2025030320,3.0,0.0,66.45833333333333,80.0,2.7291666666666665,24,24,24
20250304,마포구,2025030320,3.0,0.0,64.375,80.0,2.7125,24,24,24
20250304,서대문구,2025030320,3.0,0.0,64.375,80.0,2.7125,24,24,24
20250304,서초구,2025030320,4.0,0.0,65.20833333333333,80.0,2.720833333333333,24,24,24
20250304,성동구,2025030320,3.0,1.0,64.375,80.0,2.745833333333333,24,24,24
20250304,성북구,2025030320,1.0,-3.0,66.25,80.0,2.6125,24,24,24
20250304,송파구,2025030320,4.0,0.0,63.541666666666664,80.0,2.795833333333333,24,24,24
20250304,양천구,2025030320,3.0,0.0,65.0,80.0,2.8083333333333336,24,24,24
20250304,영등포구,2025030320,3.0,0.0,64.79166666666667,80.0,2.7375000000000003,24,24,24
20250304,용산구,2025030320,3.0,0.0,64.58333333333333,80.0,2.670833333333333,24,24,24
20250304,은평구,2025030320,3.0,-1.0,67.08333333333333,80.0,2.7125,24,24,24
20250304,종로구,2025030320,4.0,0.0,65.41666666666667,80.0,2.6458333333333335,24,24,24
20250304,중구,2025030320,4.0,0.0,65.41666666666667,80.0,2.6458333333333335,24,24,24
20250304,중랑구,2025030320,3.0,0.0,62.916666666666664,80.0,2.9249999999999994,24,24,24
20250305,강남구,2025030420,9.0,1.0,59.791666666666664,30.0,1.8041666666666665,24,24,24
20250305,강동구,2025030420,9.0,0.0,61.458333333333336,30.0,1.9375,24,24,24
20250305,강북구,2025030420,7.0,-2.0,59.791666666666664,30.0,1.8083333333333331,24,24,24
20250305,강서구,2025030420,9.0,-2.0,64.16666666666667,30.0,2.025,24,24,24
20250305,관악구,2025030420,9.0,0.0,61.25,30.0,1.8541666666666667,24,24,24
20250305,광진구,2025030420,9.0,1.0,58.958333333333336,30.0,1.8791666666666669,24,24,24
20250305,구로구,2025030420,9.0,1.0,58.125,30.0,1.9041666666666668,24,24,24
20250305,금천구,2025030420,9.0,0.0,65.20833333333333,30.0,1.8333333333333333,24,24,24
20250305,노원구,2025030420,9.0,-1.0,61.041666666666664,30.0,1.975,24,24,24
20250305,도봉구,2025030420,9.0,-1.0,61.041666666666664,30.0,1.975,24,24,24
20250305,동대문구,2025030420,9.0,1.0,59.166666666666664,30.0,1.8666666666666665,24,24,24
20250305,동작구,2025030420,9.0,0.0,61.25,30.0,1.8541666666666667,24,24,24
20250305,마포구,2025030420,9.0,0.0,59.375,30.0,1.8541666666666667,24,24,24
20250305,서대문구,2025030420,9.0,0.0,59.375,30.0,1.8541666666666667,24,24,24
20250305,서초구,2025030420,9.0,1.0,59.791666666666664,30.0,1.8041666666666665,24,24,24
20250305,성동구,2025030420,10.0,1.0,59.791666666666664,30.0,1.8333333333333333,24,24,24
20250305,성북구,2025030420,7.0,-2.0,59.791666666666664,30.0,1.8083333333333331,24,24,24
20250305,송파구,2025030420,10.0,1.0,59.583333333333336,30.0,1.8291666666666664,24,24,24
20250305,양천구,2025030420,9.0,0.0,59.791666666666664,30.0,1.9208333333333332,24,24,24
20250305,영등포구,2025030420,9.0,0.0,59.166666666666664,30.0,1.8541666666666667,24,24,24
20250305,용산구,2025030420,9.0,0.0,58.75,30.0,1.8083333333333331,24,24,24
20250305,은평구,2025030420,9.0,0.0,61.25,30.0,1.8708333333333331,24,24,24
20250305,종로구,2025030420,9.0,0.0,61.041666666666664,30.0,1.820833333333333,24,24,24
20250305,중구,2025030420,9.0,0.0,61.041666666666664,30.0,1.820833333333333,24,24,24
20250305,중랑구,2025030420,9.0,0.0,59.375,30.0,1.9458333333333335,24,24,24
20250306,강남구,2025030520,10.0,0.0,55.0,20.0,1.2166666666666666,24,24,24
20250306,강동구,2025030520,10.0,-1.0,58.541666666666664,30.0,1.0625,24,24,24
20250306,강북구,2025030520,8.0,-3.0,55.625,20.0,1.1875,24,24,24
20250306,강서구,2025030520,10.0,-2.0,59.166666666666664,20.0,1.5208333333333333,24,24,24
20250306,관악구,2025030520,10.0,0.0,56.458333333333336,20.0,1.3791666666666669,24,24,24
20250306,광진구,2025030520,10.0,0.0,54.791666666666664,20.0,1.0708333333333335,24,24,24
20250306,구로구,2025030520,9.0,1.0,55.0,20.0,1.4291666666666665,24,24,24
20250306,금천구,2025030520,9.0,-1.0,60.208333333333336,20.0,1.4291666666666665,24,24,24
20250306,노원구,2025030520,10.0,-2.0,58.125,20.0,1.0666666666666669,24,24,24
20250306,도봉구,2025030520,10.0,-2.0,58.125,20.0,1.0666666666666669,24,24,24
20250306,동대문구,2025030520,10.0,0.0,54.375,20.0,1.125,24,24,24
20250306,동작구,2025030520,10.0,0.0,56.458333333333336,20.0,1.3791666666666669,24,24,24
20250306,마포구,2025030520,10.0,0.0,55.208333333333336,20.0,1.2999999999999998,24,24,24
20250306,서대문구,2025030520,10.0,0.0,55.208333333333336,20.0,1.2999999999999998,24,24,24
20250306,서초구,2025030520,10.0,0.0,55.0,20.0,1.2166666666666666,24,24,24
20250306,성동구,2025030520,10.0,0.0,54.375,20.0,1.1583333333333334,24,24,24
20250306,성북구,2025030520,8.0,-3.0,55.625,20.0,1.1875,24,24,24
20250306,송파구,2025030520,10.0,0.0,55.0,20.0,1.125,24,24,24
20250306,양천구,2025030520,9.0,0.0,55.625,20.0,1.4208333333333332,24,24,24
20250306,영등포구,2025030520,10.0,0.0,54.791666666666664,20.0,1.3458333333333332,24,24,24
20250306,용산구,2025030520,10.0,0.0,55.0,20.0,1.275,24,24,24
20250306,은평구,2025030520,10.0,-1.0,57.5,20.0,1.2791666666666666,24,24,24
20250306,종로구,2025030520,10.0,0.0,55.0,20.0,1.225,24,24,24
20250306,중구,2025030520,10.0,0.0,55.0,20.0,1.225,24,24,24
20250306,중랑구,2025030520,10.0,-1.0,55.416666666666664,20.0,1.0541666666666665,24,24,24
20250307,강남구,2025030620,10.0,0.0,54.583333333333336,20.0,1.1583333333333334,24,24,24
20250307,강동구,2025030620,10.0,-1.0,55.208333333333336,20.0,1.2041666666666668,24,24,24
20250307,강북구,2025030620,8.0,-3.0,55.0,20.0,1.1833333333333331,24,24,24
20250307,강서구,2025030620,10.0,-2.0,61.666666666666664,20.0,1.3083333333333331,24,24,24
20250307,관악구,2025030620,9.0,0.0,57.291666666666664,20.0,1.2,24,24,24
20250307,광진구,2025030620,10.0,0.0,51.666666666666664,20.0,1.2,24,24,24
20250307,구로구,2025030620,9.0,1.0,56.666666666666664,20.0,1.2333333333333334,24,24,24
20250307,금천구,2025030620,9.0,-1.0,60.416666666666664,20.0,1.2083333333333333,24,24,24
20250307,노원구,2025030620,10.0,-2.0,56.25,20.0,1.2166666666666666,24,24,24
20250307,도봉구,2025030620,10.0,-2.0,56.25,20.0,1.2166666666666666,24,24,24
20250307,동대문구,2025030620,10.0,0.0,51.666666666666664,20.0,1.1833333333333331,24,24,24
20250307,동작구,2025030620,9.0,0.0,57.291666666666664,20.0,1.2,24,24,24
20250307,마포구,2025030620,10.0,0.0,54.583333333333336,20.0,1.1916666666666669,24,24,24
20250307,서대문구,2025030620,10.0,0.0,54.583333333333336,20.0,1.1916666666666669,24,24,24
20250307,서초구,2025030620,10.0,0.0,54.583333333333336,20.0,1.1583333333333334,24,24,24
20250307,성동구,2025030620,11.0,0.0,50.625,20.0,1.1708333333333334,24,24,24
20250307,성북구,2025030620,8.0,-3.0,55.0,20.0,1.1833333333333331,24,24,24
20250307,송파구,2025030620,10.0,0.0,52.916666666666664,20.0,1.1708333333333332,24,24,24
20250307,양천구,2025030620,9.0,0.0,56.458333333333336,20.0,1.2416666666666667,24,24,24
20250307,영등포구,2025030620,10.0,0.0,55.208333333333336,20.0,1.2000000000000002,24,24,24
20250307,용산구,2025030620,10.0,0.0,53.541666666666664,20.0,1.1791666666666665,24,24,24
20250307,은평구,2025030620,10.0,-2.0,57.291666666666664,20.0,1.2,24,24,24
20250307,종로구,2025030620,10.0,0.0,54.166666666666664,20.0,1.1916666666666669,24,24,24
20250307,중구,2025030620,10.0,0.0,54.166666666666664,20.0,1.1916666666666669,24,24,24
20250307,중랑구,2025030620,10.0,-1.0,52.708333333333336,20.0,1.1916666666666669,24,24,24
20250308,강남구,2025030720,10.0,2.0,66.66666666666667,30.0,1.425,24,24,24
20250308,강동구,2025030720,10.0,2.0,67.91666666666667,30.0,1.4083333333333332,24,24,24
20250308,강북구,2025030720,8.0,-1.0,65.625,30.0,1.35,24,24,24
20250308,강서구,2025030720,10.0,0.0,68.75,30.0,1.45,24,24,24
20250308,관악구,2025030720,9.0,2.0,67.08333333333333,30.0,1.4083333333333332,24,24,24
20250308,광진구,2025030720,10.0,2.0,65.83333333333333,30.0,1.4125000000000003,24,24,24
20250308,구로구,2025030720,9.0,2.0,63.75,30.0,1.4125000000000003,24,24,24
20250308,금천구,2025030720,9.0,1.0,71.25,30.0,1.4166666666666667,24,24,24
20250308,노원구,2025030720,10.0,0.0,67.08333333333333,30.0,1.3833333333333335,24,24,24
20250308,도봉구,2025030720,10.0,0.0,67.08333333333333,30.0,1.3833333333333335,24,24,24
20250308,동대문구,2025030720,10.0,2.0,65.41666666666667,30.0,1.3875,24,24,24
20250308,동작구,2025030720,9.0,2.0,67.08333333333333,30.0,1.4083333333333332,24,24,24
20250308,마포구,2025030720,9.0,2.0,65.625,30.0,1.3666666666666665,24,24,24
20250308,서대문구,2025030720,9.0,2.0,65.625,30.0,1.3666666666666665,24,24,24
20250308,서초구,2025030720,10.0,2.0,66.66666666666667,30.0,1.425,24,24,24
20250308,성동구,2025030720,10.0,3.0,65.41666666666667,30.0,1.4083333333333332,24,24,24
20250308,성북구,2025030720,8.0,-1.0,65.625,30.0,1.35,24,24,24
20250308,송파구,2025030720,10.0,2.0,66.25,30.0,1.425,24,24,24
20250308,양천구,2025030720,9.0,1.0,65.83333333333333,30.0,1.3999999999999997,24,24,24
20250308,영등포구,2025030720,9.0,2.0,65.83333333333333,30.0,1.4083333333333334,24,24,24
20250308,용산구,2025030720,9.0,2.0,66.04166666666667,30.0,1.3958333333333333,24,24,24
20250308,은평구,2025030720,10.0,1.0,67.29166666666667,30.0,1.3708333333333331,24,24,24
20250308,종로구,2025030720,10.0,2.0,67.08333333333333,30.0,1.3791666666666669,24,24,24
20250308,중구,2025030720,10.0,2.0,67.08333333333333,30.0,1.3791666666666669,24,24,24
20250308,중랑구,2025030720,10.0,2.0,65.83333333333333,30.0,1.4041666666666668,24,24,24
20250309,강남구,2025030820,13.0,1.0,69.58333333333333,0.0,0.975,24,24,24
20250309,강동구,2025030820,13.0,0.0,67.70833333333333,0.0,1.0083333333333335,24,24,24
20250309,강북구,2025030820,11.0,-2.0,71.25,0.0,0.9625,24,24,24
20250309,강서구,2025030820,12.0,-1.0,78.95833333333333,0.0,1.0833333333333333,24,24,24
20250309,관악구,2025030820,12.0,1.0,73.54166666666667,0.0,1.0083333333333335,24,24,24
20250309,광진구,2025030820,13.0,1.0,65.41666666666667,0.0,0.9958333333333332,24,24,24
20250309,구로구,2025030820,12.0,2.0,72.70833333333333,0.0,1.025,24,24,24
20250309,금천구,2025030820,12.0,0.0,76.45833333333333,0.0,0.9916666666666668,24,24,24
20250309,노원구,2025030820,13.0,-1.0,70.625,0.0,0.9791666666666666,24,24,24
20250309,도봉구,2025030820,13.0,-1.0,70.625,0.0,0.9791666666666666,24,24,24
20250309,동대문구,2025030820,13.0,1.0,67.70833333333333,0.0,0.975,24,24,24
20250309,동작구,2025030820,12.0,1.0,73.54166666666667,0.0,1.0083333333333335,24,24,24
20250309,마포구,2025030820,13.0,1.0,72.29166666666667,0.0,0.9875000000000002,24,24,24
20250309,서대문구,2025030820,13.0,1.0,72.29166666666667,0.0,0.9875000000000002,24,24,24
20250309,서초구,2025030820,13.0,1.0,69.58333333333333,0.0,0.975,24,24,24
20250309,성동구,2025030820,14.0,1.0,66.04166666666667,0.0,0.9666666666666668,24,24,24
20250309,성북구,2025030820,11.0,-2.0,71.25,0.0,0.9625,24,24,24
20250309,송파구,2025030820,13.0,2.0,66.66666666666667,0.0,0.9833333333333334,24,24,24
20250309,양천구,2025030820,12.0,1.0,73.125,0.0,1.0125,24,24,24
20250309,영등포구,2025030820,12.0,1.0,72.29166666666667,0.0,1.0041666666666669,24,24,24
20250309,용산구,2025030820,13.0,1.0,70.83333333333333,0.0,0.9833333333333332,24,24,24
20250309,은평구,2025030820,13.0,0.0,73.95833333333333,0.0,0.9833333333333334,24,24,24
20250309,종로구,2025030820,13.0,2.0,70.0,0.0,0.9625,24,24,24
20250309,중구,2025030820,13.0,2.0,70.0,0.0,0.9625,24,24,24
20250309,중랑구,2025030820,13.0,1.0,66.25,0.0,0.9708333333333332,24,24,24
20250310,강남구,2025030920,14.0,2.0,62.083333333333336,0.0,1.5291666666666668,24,24,24
20250310,강동구,2025030920,14.0,1.0,61.666666666666664,0.0,1.5916666666666668,24,24,24
20250310,강북구,2025030920,12.0,-1.0,63.958333333333336,0.0,1.5166666666666666,24,24,24
20250310,강서구,2025030920,14.0,0.0,71.66666666666667,0.0,1.625,24,24,24
20250310,관악구,2025030920,14.0,1.0,65.625,0.0,1.5458333333333332,24,24,24
20250310,광진구,2025030920,14.0,2.0,58.75,0.0,1.5541666666666665,24,24,24
20250310,구로구,2025030920,13.0,2.0,64.58333333333333,0.0,1.5541666666666665,24,24,24
20250310,금천구,2025030920,13.0,1.0,68.125,0.0,1.5375000000000003,24,24,24
20250310,노원구,2025030920,14.0,0.0,65.0,0.0,1.5708333333333335,24,24,24
20250310,도봉구,2025030920,14.0,0.0,65.0,0.0,1.5708333333333335,24,24,24
20250310,동대문구,2025030920,14.0,2.0,60.0,0.0,1.5416666666666667,24,24,24
20250310,동작구,2025030920,14.0,1.0,65.625,0.0,1.5458333333333332,24,24,24
20250310,마포구,2025030920,14.0,2.0,63.125,0.0,1.55,24,24,24
20250310,서대문구,2025030920,14.0,2.0,63.125,0.0,1.55,24,24,24
20250310,서초구,2025030920,14.0,2.0,62.083333333333336,0.0,1.5291666666666668,24,24,24
20250310,성동구,2025030920,14.0,2.0,58.541666666666664,0.0,1.5375,24,24,24
20250310,성북구,2025030920,12.0,-1.0,63.958333333333336,0.0,1.5166666666666666,24,24,24
20250310,송파구,2025030920,15.0,2.0,59.583333333333336,0.0,1.5583333333333331,24,24,24
20250310,양천구,2025030920,13.0,1.0,65.20833333333333,0.0,1.5625,24,24,24
20250310,영등포구,2025030920,14.0,2.0,63.541666666666664,0.0,1.5333333333333332,24,24,24
20250310,용산구,2025030920,14.0,2.0,61.458333333333336,0.0,1.525,24,24,24
20250310,은평구,2025030920,14.0,1.0,65.625,0.0,1.554166666666667,24,24,24
20250310,종로구,2025030920,14.0,3.0,62.083333333333336,0.0,1.5208333333333333,24,24,24
20250310,중구,2025030920,14.0,3.0,62.083333333333336,0.0,1.5208333333333333,24,24,24
20250310,중랑구,2025030920,14.0,1.0,59.791666666666664,0.0,1.5583333333333331,24,24,24
20250311,강남구,2025031020,16.0,2.0,56.25,30.0,0.9958333333333332,24,24,24
20250311,강동구,2025031020,16.0,2.0,55.625,30.0,0.9875,24,24,24
20250311,강북구,2025031020,13.0,0.0,58.541666666666664,30.0,0.9666666666666668,24,24,24
20250311,강서구,2025031020,15.0,0.0,63.541666666666664,30.0,1.05,24,24,24
20250311,관악구,2025031020,15.0,2.0,59.166666666666664,30.0,1.0375,24,24,24
20250311,광진구,2025031020,16.0,3.0,54.166666666666664,30.0,0.9791666666666666,24,24,24
20250311,구로구,2025031020,15.0,3.0,55.208333333333336,30.0,1.05,24,24,24
20250311,금천구,2025031020,15.0,1.0,61.458333333333336,30.0,1.0125000000000002,24,24,24
20250311,노원구,2025031020,16.0,0.0,59.791666666666664,30.0,0.9625,24,24,24
20250311,도봉구,2025031020,16.0,0.0,59.791666666666664,30.0,0.9625,24,24,24
20250311,동대문구,2025031020,16.0,3.0,56.458333333333336,30.0,0.975,24,24,24
20250311,동작구,2025031020,15.0,2.0,59.166666666666664,30.0,1.0375,24,24,24
20250311,마포구,2025031020,15.0,3.0,58.958333333333336,30.0,0.9958333333333332,24,24,24
20250311,서대문구,2025031020,15.0,3.0,58.958333333333336,30.0,0.9958333333333332,24,24,24
20250311,서초구,2025031020,16.0,2.0,56.25,30.0,0.9958333333333332,24,24,24
20250311,성동구,2025031020,16.0,3.0,54.791666666666664,30.0,0.9875000000000002,24,24,24
20250311,성북구,2025031020,13.0,0.0,58.541666666666664,30.0,0.9666666666666668,24,24,24
20250311,송파구,2025031020,16.0,3.0,53.958333333333336,30.0,0.9916666666666668,24,24,24
20250311,양천구,2025031020,15.0,2.0,58.75,30.0,1.0166666666666666,24,24,24
20250311,영등포구,2025031020,15.0,3.0,58.333333333333336,30.0,1.0208333333333333,24,24,24
20250311,용산구,2025031020,15.0,3.0,57.708333333333336,30.0,0.9958333333333332,24,24,24
20250311,은평구,2025031020,16.0,1.0,60.833333333333336,30.0,0.9791666666666666,24,24,24
20250311,종로구,2025031020,16.0,3.0,59.375,30.0,1.0,24,24,24
20250311,중구,2025031020,16.0,3.0,59.375,30.0,1.0,24,24,24
20250311,중랑구,2025031020,16.0,2.0,54.583333333333336,30.0,0.9833333333333334,24,24,24
20250312,강남구,2025031120,12.0,5.0,73.33333333333333,60.0,1.675,24,24,24
20250312,강동구,2025031120,12.0,4.0,73.54166666666667,60.0,1.7125000000000004,24,24,24
20250312,강북구,2025031120,8.0,2.0,75.41666666666667,60.0,1.5833333333333333,24,24,24
20250312,강서구,2025031120,10.0,3.0,81.25,60.0,1.8083333333333331,24,24,24
20250312,관악구,2025031120,11.0,5.0,76.45833333333333,60.0,1.7291666666666667,24,24,24
20250312,광진구,2025031120,11.0,5.0,71.04166666666667,60.0,1.6749999999999998,24,24,24
20250312,구로구,2025031120,11.0,5.0,74.79166666666667,60.0,1.7791666666666668,24,24,24
20250312,금천구,2025031120,10.0,4.0,79.375,60.0,1.7124999999999997,24,24,24
20250312,노원구,2025031120,11.0,3.0,76.25,60.0,1.6541666666666668,24,24,24
20250312,도봉구,2025031120,11.0,3.0,76.25,60.0,1.6541666666666668,24,24,24
20250312,동대문구,2025031120,11.0,5.0,72.70833333333333,60.0,1.6458333333333333,24,24,24
20250312,동작구,2025031120,11.0,5.0,76.45833333333333,60.0,1.7291666666666667,24,24,24
20250312,마포구,2025031120,10.0,5.0,75.625,60.0,1.6708333333333334,24,24,24
20250312,서대문구,2025031120,10.0,5.0,75.625,60.0,1.6708333333333334,24,24,24
20250312,서초구,2025031120,12.0,5.0,73.33333333333333,60.0,1.675,24,24,24
20250312,성동구,2025031120,12.0,6.0,71.04166666666667,60.0,1.6666666666666667,24,24,24
20250312,성북구,2025031120,8.0,2.0,75.41666666666667,60.0,1.5833333333333333,24,24,24
20250312,송파구,2025031120,12.0,5.0,71.66666666666667,60.0,1.6875,24,24,24
20250312,양천구,2025031120,10.0,4.0,76.66666666666667,60.0,1.7333333333333334,24,24,24
20250312,영등포구,2025031120,10.0,5.0,75.83333333333333,60.0,1.6791666666666665,24,24,24
20250312,용산구,2025031120,11.0,5.0,74.16666666666667,60.0,1.6458333333333333,24,24,24
20250312,은평구,2025031120,11.0,4.0,78.95833333333333,60.0,1.6416666666666668,24,24,24
20250312,종로구,2025031120,11.0,6.0,76.04166666666667,60.0,1.625,24,24,24
20250312,중구,2025031120,11.0,6.0,76.04166666666667,60.0,1.625,24,24,24
20250312,중랑구,2025031120,11.0,4.0,71.875,60.0,1.6875,24,24,24
20250313,강남구,2025031220,15.0,2.0,34.791666666666664,30.0,2.025,24,24,24
20250313,강동구,2025031220,15.0,2.0,35.0,30.0,2.0833333333333335,24,24,24
20250313,강북구,2025031220,12.0,0.0,35.0,30.0,1.9333333333333331,24,24,24
20250313,강서구,2025031220,14.0,0.0,37.708333333333336,30.0,2.2291666666666665,24,24,24
20250313,관악구,2025031220,14.0,2.0,35.416666666666664,30.0,2.0208333333333335,24,24,24
20250313,광진구,2025031220,14.0,3.0,33.125,30.0,2.0458333333333334,24,24,24
20250313,구로구,2025031220,14.0,3.0,31.875,30.0,2.0625,24,24,24
20250313,금천구,2025031220,14.0,1.0,38.958333333333336,30.0,2.0416666666666665,24,24,24
20250313,노원구,2025031220,14.0,1.0,37.291666666666664,30.0,1.9625,24,24,24
20250313,도봉구,2025031220,14.0,1.0,37.291666666666664,30.0,1.9625,24,24,24
20250313,동대문구,2025031220,15.0,3.0,33.541666666666664,30.0,1.9625,24,24,24
20250313,동작구,2025031220,14.0,2.0,35.416666666666664,30.0,2.0208333333333335,24,24,24
20250313,마포구,2025031220,14.0,3.0,33.541666666666664,30.0,2.0375,24,24,24
20250313,서대문구,2025031220,14.0,3.0,33.541666666666664,30.0,2.0375,24,24,24
20250313,서초구,2025031220,15.0,2.0,34.791666666666664,30.0,2.025,24,24,24
20250313,성동구,2025031220,15.0,3.0,33.541666666666664,30.0,1.9875,24,24,24
20250313,성북구,2025031220,12.0,0.0,35.0,30.0,1.9333333333333331,24,24,24
20250313,송파구,2025031220,15.0,3.0,33.333333333333336,30.0,2.0583333333333336,24,24,24
20250313,양천구,2025031220,14.0,2.0,33.541666666666664,30.0,2.0625,24,24,24
20250313,영등포구,2025031220,14.0,3.0,33.75,30.0,2.033333333333333,24,24,24
20250313,용산구,2025031220,14.0,3.0,34.166666666666664,30.0,2.0,24,24,24
20250313,은평구,2025031220,15.0,2.0,35.416666666666664,30.0,2.033333333333333,24,24,24
20250313,종로구,2025031220,14.0,3.0,35.208333333333336,30.0,1.9541666666666664,24,24,24
20250313,중구,2025031220,14.0,3.0,35.208333333333336,30.0,1.9541666666666664,24,24,24
20250313,중랑구,2025031220,15.0,2.0,33.541666666666664,30.0,2.0250000000000004,24,24,24
20250314,강남구,2025031320,18.0,4.0,40.416666666666664,30.0,1.6375,24,24,24
20250314,강동구,2025031320,18.0,3.0,41.458333333333336,30.0,1.5916666666666668,24,24,24
20250314,강북구,2025031320,15.0,1.0,41.458333333333336,30.0,1.5499999999999998,24,24,24
20250314,강서구,2025031320,18.0,2.0,45.416666666666664,30.0,1.675,24,24,24
20250314,관악구,2025031320,18.0,4.0,42.916666666666664,30.0,1.6333333333333335,24,24,24
20250314,광진구,2025031320,18.0,4.0,37.916666666666664,30.0,1.5958333333333332,24,24,24
20250314,구로구,2025031320,18.0,4.0,41.458333333333336,30.0,1.6333333333333335,24,24,24
20250314,금천구,2025031320,17.0,3.0,46.25,30.0,1.6416666666666666,24,24,24
20250314,노원구,2025031320,18.0,2.0,43.333333333333336,30.0,1.570833333333333,24,24,24
20250314,도봉구,2025031320,18.0,2.0,43.333333333333336,30.0,1.570833333333333,24,24,24
20250314,동대문구,2025031320,18.0,4.0,38.125,30.0,1.575,24,24,24
20250314,동작구,2025031320,18.0,4.0,42.916666666666664,30.0,1.6333333333333335,24,24,24
20250314,마포구,2025031320,18.0,4.0,39.791666666666664,30.0,1.6,24,24,24
20250314,서대문구,2025031320,18.0,4.0,39.791666666666664,30.0,1.6,24,24,24
20250314,서초구,2025031320,18.0,4.0,40.416666666666664,30.0,1.6375,24,24,24
20250314,성동구,2025031320,19.0,4.0,37.291666666666664,30.0,1.6208333333333331,24,24,24
20250314,성북구,2025031320,15.0,1.0,41.458333333333336,30.0,1.5499999999999998,24,24,24
20250314,송파구,2025031320,18.0,4.0,38.333333333333336,30.0,1.6166666666666665,24,24,24
20250314,양천구,2025031320,17.0,3.0,40.833333333333336,30.0,1.625,24,24,24
20250314,영등포구,2025031320,18.0,4.0,39.791666666666664,30.0,1.6291666666666664,24,24,24
20250314,용산구,2025031320,18.0,4.0,39.375,30.0,1.6166666666666665,24,24,24
20250314,은평구,2025031320,18.0,3.0,42.5,30.0,1.5791666666666668,24,24,24
20250314,종로구,2025031320,18.0,4.0,40.833333333333336,30.0,1.5833333333333333,24,24,24
20250314,중구,2025031320,18.0,4.0,40.833333333333336,30.0,1.5833333333333333,24,24,24
20250314,중랑구,2025031320,18.0,3.0,38.75,30.0,1.575,24,24,24
20250315,강남구,2025031420,16.0,6.0,49.791666666666664,30.0,2.6875,24,24,24
20250315,강동구,2025031420,15.0,6.0,51.25,30.0,2.704166666666667,24,24,24
20250315,강북구,2025031420,13.0,3.0,51.875,30.0,2.3249999999999997,24,24,24
20250315,강서구,2025031420,16.0,4.0,56.25,30.0,2.4250000000000003,24,24,24
20250315,관악구,2025031420,15.0,6.0,51.041666666666664,30.0,2.5749999999999997,24,24,24
20250315,광진구,2025031420,15.0,6.0,47.916666666666664,30.0,2.658333333333333,24,24,24
20250315,구로구,2025031420,15.0,6.0,48.125,30.0,2.5500000000000003,24,24,24
20250315,금천구,2025031420,15.0,5.0,54.791666666666664,30.0,2.6625,24,24,24
20250315,노원구,2025031420,15.0,4.0,54.166666666666664,30.0,2.3874999999999997,24,24,24
20250315,도봉구,2025031420,15.0,4.0,54.166666666666664,30.0,2.3874999999999997,24,24,24
20250315,동대문구,2025031420,15.0,6.0,49.583333333333336,30.0,2.4916666666666667,24,24,24
20250315,동작구,2025031420,15.0,6.0,51.041666666666664,30.0,2.5749999999999997,24,24,24
20250315,마포구,2025031420,15.0,6.0,49.791666666666664,30.0,2.404166666666667,24,24,24
20250315,서대문구,2025031420,15.0,6.0,49.791666666666664,30.0,2.404166666666667,24,24,24
20250315,서초구,2025031420,16.0,6.0,49.791666666666664,30.0,2.6875,24,24,24
20250315,성동구,2025031420,16.0,7.0,48.958333333333336,30.0,2.591666666666667,24,24,24
20250315,성북구,2025031420,13.0,3.0,51.875,30.0,2.3249999999999997,24,24,24
20250315,송파구,2025031420,16.0,6.0,48.125,30.0,2.7208333333333337,24,24,24
20250315,양천구,2025031420,15.0,5.0,50.625,30.0,2.4499999999999997,24,24,24
20250315,영등포구,2025031420,15.0,6.0,50.0,30.0,2.5,24,24,24
20250315,용산구,2025031420,15.0,6.0,49.375,30.0,2.5374999999999996,24,24,24
20250315,은평구,2025031420,15.0,5.0,53.75,30.0,2.329166666666667,24,24,24
20250315,종로구,2025031420,16.0,7.0,52.5,30.0,2.4333333333333336,24,24,24
20250315,중구,2025031420,16.0,7.0,52.5,30.0,2.4333333333333336,24,24,24
20250315,중랑구,2025031420,15.0,5.0,50.0,30.0,2.5833333333333335,24,24,24
20250316,강남구,2025031520,6.0,4.0,69.58333333333333,60.0,2.2291666666666665,24,24,24
20250316,강동구,2025031520,6.0,4.0,72.08333333333333,60.0,2.5666666666666664,24,24,24
20250316,강북구,2025031520,3.0,1.0,73.33333333333333,60.0,2.1791666666666667,24,24,24
20250316,강서구,2025031520,6.0,3.0,73.95833333333333,60.0,2.108333333333333,24,24,24
20250316,관악구,2025031520,5.0,4.0,69.58333333333333,60.0,2.0416666666666665,24,24,24
20250316,광진구,2025031520,6.0,4.0,70.41666666666667,60.0,2.4291666666666667,24,24,24
20250316,구로구,2025031520,5.0,5.0,63.125,60.0,1.9375,24,24,24
20250316,금천구,2025031520,5.0,4.0,72.29166666666667,60.0,1.9208333333333332,24,24,24
20250316,노원구,2025031520,6.0,3.0,76.04166666666667,60.0,2.404166666666667,24,24,24
20250316,도봉구,2025031520,6.0,3.0,76.04166666666667,60.0,2.404166666666667,24,24,24
20250316,동대문구,2025031520,6.0,4.0,71.25,60.0,2.3249999999999997,24,24,24
20250316,동작구,2025031520,5.0,4.0,69.58333333333333,60.0,2.0416666666666665,24,24,24
20250316,마포구,2025031520,5.0,4.0,69.58333333333333,60.0,2.1374999999999997,24,24,24
20250316,서대문구,2025031520,5.0,4.0,69.58333333333333,60.0,2.1374999999999997,24,24,24
20250316,서초구,2025031520,6.0,4.0,69.58333333333333,60.0,2.2291666666666665,24,24,24
20250316,성동구,2025031520,6.0,4.0,71.25,60.0,2.2958333333333334,24,24,24
20250316,성북구,2025031520,3.0,1.0,73.33333333333333,60.0,2.1791666666666667,24,24,24
20250316,송파구,2025031520,6.0,4.0,69.16666666666667,60.0,2.3375000000000004,24,24,24
20250316,양천구,2025031520,5.0,4.0,68.54166666666667,60.0,2.0208333333333335,24,24,24
20250316,영등포구,2025031520,5.0,4.0,68.33333333333333,60.0,2.120833333333333,24,24,24
20250316,용산구,2025031520,5.0,4.0,69.375,60.0,2.175,24,24,24
20250316,은평구,2025031520,6.0,4.0,72.5,60.0,2.1791666666666667,24,24,24
20250316,종로구,2025031520,6.0,5.0,73.95833333333333,60.0,2.170833333333333,24,24,24
20250316,중구,2025031520,6.0,5.0,73.95833333333333,60.0,2.170833333333333,24,24,24
20250316,중랑구,2025031520,6.0,4.0,71.875,60.0,2.4875000000000003,24,24,24
20250317,강남구,2025031620,7.0,-1.0,40.416666666666664,30.0,4.108333333333333,24,24,24
20250317,강동구,2025031620,6.0,-2.0,41.875,30.0,3.875,24,24,24
20250317,강북구,2025031620,4.0,-4.0,40.833333333333336,30.0,3.845833333333333,24,24,24
20250317,강서구,2025031620,7.0,-3.0,45.208333333333336,60.0,4.7,24,24,24
20250317,관악구,2025031620,6.0,-1.0,42.291666666666664,30.0,4.5375000000000005,24,24,24
20250317,광진구,2025031620,6.0,-1.0,38.958333333333336,30.0,3.8875000000000006,24,24,24
20250317,구로구,2025031620,6.0,-1.0,39.375,30.0,4.675,24,24,24
20250317,금천구,2025031620,5.0,-2.0,43.541666666666664,30.0,4.708333333333333,24,24,24
20250317,노원구,2025031620,7.0,-3.0,42.916666666666664,30.0,3.7000000000000006,24,24,24
20250317,도봉구,2025031620,7.0,-3.0,42.916666666666664,30.0,3.7000000000000006,24,24,24
20250317,동대문구,2025031620,6.0,-1.0,39.583333333333336,30.0,3.8083333333333336,24,24,24
20250317,동작구,2025031620,6.0,-1.0,42.291666666666664,30.0,4.5375000000000005,24,24,24
20250317,마포구,2025031620,6.0,-2.0,41.25,30.0,4.2375,24,24,24
20250317,서대문구,2025031620,6.0,-2.0,41.25,30.0,4.2375,24,24,24
20250317,서초구,2025031620,7.0,-1.0,40.416666666666664,30.0,4.108333333333333,24,24,24
20250317,성동구,2025031620,6.0,-1.0,39.166666666666664,30.0,3.9041666666666672,24,24,24
20250317,성북구,2025031620,4.0,-4.0,40.833333333333336,30.0,3.845833333333333,24,24,24
20250317,송파구,2025031620,7.0,-1.0,39.166666666666664,30.0,4.0249999999999995,24,24,24
20250317,양천구,2025031620,6.0,-1.0,41.25,30.0,4.533333333333334,24,24,24
20250317,영등포구,2025031620,6.0,-1.0,41.041666666666664,30.0,4.325,24,24,24
20250317,용산구,2025031620,6.0,-1.0,40.833333333333336,30.0,3.9791666666666665,24,24,24
20250317,은평구,2025031620,6.0,-3.0,42.5,30.0,3.9583333333333335,24,24,24
20250317,종로구,2025031620,6.0,-2.0,41.25,30.0,3.8416666666666663,24,24,24
20250317,중구,2025031620,6.0,-2.0,41.25,30.0,3.8416666666666663,24,24,24
20250317,중랑구,2025031620,6.0,-1.0,39.791666666666664,30.0,3.8208333333333337,24,24,24
20250318,강남구,2025031720,6.0,0.0,65.20833333333333,60.0,2.670833333333333,24,24,24
20250318,강동구,2025031720,6.0,0.0,67.29166666666667,60.0,2.8416666666666663,24,24,24
20250318,강북구,2025031720,4.0,-3.0,66.25,60.0,2.3958333333333335,24,24,24
20250318,강서구,2025031720,7.0,-1.0,69.79166666666667,60.0,2.5875,24,24,24
20250318,관악구,2025031720,6.0,0.0,66.66666666666667,60.0,2.591666666666667,24,24,24
20250318,광진구,2025031720,6.0,0.0,63.75,60.0,2.725,24,24,24
20250318,구로구,2025031720,6.0,1.0,63.958333333333336,60.0,2.516666666666666,24,24,24
20250318,금천구,2025031720,6.0,0.0,69.16666666666667,60.0,2.766666666666667,24,24,24
20250318,노원구,2025031720,6.0,-1.0,67.29166666666667,60.0,2.5083333333333333,24,24,24
20250318,도봉구,2025031720,6.0,-1.0,67.29166666666667,60.0,2.5083333333333333,24,24,24
20250318,동대문구,2025031720,6.0,0.0,63.75,60.0,2.5708333333333333,24,24,24
20250318,동작구,2025031720,6.0,0.0,66.66666666666667,60.0,2.591666666666667,24,24,24
20250318,마포구,2025031720,6.0,0.0,65.83333333333333,60.0,2.470833333333333,24,24,24
20250318,서대문구,2025031720,6.0,0.0,65.83333333333333,60.0,2.470833333333333,24,24,24
20250318,서초구,2025031720,6.0,0.0,65.20833333333333,60.0,2.670833333333333,24,24,24
20250318,성동구,2025031720,6.0,0.0,63.333333333333336,60.0,2.579166666666667,24,24,24
20250318,성북구,2025031720,4.0,-3.0,66.25,60.0,2.3958333333333335,24,24,24
20250318,송파구,2025031720,6.0,0.0,64.58333333333333,60.0,2.775,24,24,24
20250318,양천구,2025031720,6.0,0.0,66.25,60.0,2.5208333333333335,24,24,24
20250318,영등포구,2025031720,6.0,0.0,65.83333333333333,60.0,2.5124999999999997,24,24,24
20250318,용산구,2025031720,6.0,0.0,65.41666666666667,60.0,2.5708333333333333,24,24,24
20250318,은평구,2025031720,6.0,-1.0,68.125,60.0,2.370833333333333,24,24,24
20250318,종로구,2025031720,6.0,0.0,65.625,60.0,2.4583333333333335,24,24,24
20250318,중구,2025031720,6.0,0.0,65.625,60.0,2.4583333333333335,24,24,24
20250318,중랑구,2025031720,6.0,0.0,63.958333333333336,60.0,2.6624999999999996,24,24,24
20250319,강남구,2025031820,7.0,-2.0,50.416666666666664,20.0,2.6750000000000003,24,24,24
20250319,강동구,2025031820,7.0,-2.0,52.291666666666664,20.0,2.4499999999999997,24,24,24
20250319,강북구,2025031820,5.0,-5.0,52.291666666666664,20.0,2.475,24,24,24
20250319,강서구,2025031820,7.0,-3.0,53.541666666666664,20.0,3.3208333333333333,24,24,24
20250319,관악구,2025031820,6.0,-2.0,51.25,20.0,2.904166666666667,24,24,24
20250319,광진구,2025031820,7.0,-1.0,50.416666666666664,20.0,2.5,24,24,24
20250319,구로구,2025031820,6.0,-1.0,48.125,20.0,3.1166666666666667,24,24,24
20250319,금천구,2025031820,6.0,-3.0,53.333333333333336,20.0,3.0625,24,24,24
20250319,노원구,2025031820,7.0,-4.0,54.791666666666664,20.0,2.3125,24,24,24
20250319,도봉구,2025031820,7.0,-4.0,54.791666666666664,20.0,2.3125,24,24,24
20250319,동대문구,2025031820,7.0,-2.0,50.416666666666664,20.0,2.433333333333333,24,24,24
20250319,동작구,2025031820,6.0,-2.0,51.25,20.0,2.904166666666667,24,24,24
20250319,마포구,2025031820,7.0,-2.0,50.0,20.0,2.65,24,24,24
20250319,서대문구,2025031820,7.0,-2.0,50.0,20.0,2.65,24,24,24
20250319,서초구,2025031820,7.0,-2.0,50.416666666666664,20.0,2.6750000000000003,24,24,24
20250319,성동구,2025031820,8.0,-2.0,49.583333333333336,20.0,2.533333333333333,24,24,24
20250319,성북구,2025031820,5.0,-5.0,52.291666666666664,20.0,2.475,24,24,24
20250319,송파구,2025031820,7.0,-1.0,50.208333333333336,20.0,2.5875,24,24,24
20250319,양천구,2025031820,6.0,-2.0,49.583333333333336,20.0,3.0250000000000004,24,24,24
20250319,영등포구,2025031820,6.0,-2.0,49.791666666666664,20.0,2.7291666666666665,24,24,24
20250319,용산구,2025031820,6.0,-2.0,50.625,20.0,2.6166666666666667,24,24,24
20250319,은평구,2025031820,7.0,-4.0,53.125,20.0,2.6166666666666667,24,24,24
20250319,종로구,2025031820,7.0,-2.0,50.833333333333336,20.0,2.529166666666667,24,24,24
20250319,중구,2025031820,7.0,-2.0,50.833333333333336,20.0,2.529166666666667,24,24,24
20250319,중랑구,2025031820,7.0,-2.0,51.25,20.0,2.4125,24,24,24
20250320,강남구,2025031920,15.0,1.0,65.83333333333333,30.0,3.029166666666667,24,24,24
20250320,강동구,2025031920,15.0,0.0,65.83333333333333,30.0,2.745833333333333,24,24,24
20250320,강북구,2025031920,12.0,-2.0,69.375,30.0,2.725,24,24,24
20250320,강서구,2025031920,13.0,0.0,75.41666666666667,20.0,3.7125,24,24,24
20250320,관악구,2025031920,14.0,1.0,68.95833333333333,30.0,3.2625000000000006,24,24,24
20250320,광진구,2025031920,14.0,1.0,64.58333333333333,30.0,2.7416666666666667,24,24,24
20250320,구로구,2025031920,13.0,2.0,66.875,20.0,3.5625,24,24,24
20250320,금천구,2025031920,13.0,0.0,71.875,30.0,3.5208333333333335,24,24,24
20250320,노원구,2025031920,14.0,-1.0,70.0,30.0,2.6125000000000003,24,24,24
20250320,도봉구,2025031920,14.0,-1.0,70.0,30.0,2.6125000000000003,24,24,24
20250320,동대문구,2025031920,14.0,1.0,66.25,30.0,2.654166666666667,24,24,24
20250320,동작구,2025031920,14.0,1.0,68.95833333333333,30.0,3.2625000000000006,24,24,24
20250320,마포구,2025031920,14.0,1.0,68.54166666666667,30.0,2.9250000000000003,24,24,24
20250320,서대문구,2025031920,14.0,1.0,68.54166666666667,30.0,2.9250000000000003,24,24,24
20250320,서초구,2025031920,15.0,1.0,65.83333333333333,30.0,3.029166666666667,24,24,24
20250320,성동구,2025031920,15.0,1.0,65.41666666666667,30.0,2.7625000000000006,24,24,24
20250320,성북구,2025031920,12.0,-2.0,69.375,30.0,2.725,24,24,24
20250320,송파구,2025031920,15.0,1.0,64.375,30.0,2.954166666666667,24,24,24
20250320,양천구,2025031920,13.0,1.0,69.16666666666667,30.0,3.358333333333333,24,24,24
20250320,영등포구,2025031920,14.0,1.0,68.33333333333333,30.0,3.0416666666666665,24,24,24
20250320,용산구,2025031920,14.0,1.0,67.29166666666667,30.0,2.908333333333333,24,24,24
20250320,은평구,2025031920,14.0,0.0,70.41666666666667,30.0,2.8791666666666664,24,24,24
20250320,종로구,2025031920,14.0,1.0,70.0,30.0,2.7625000000000006,24,24,24
20250320,중구,2025031920,14.0,1.0,70.0,30.0,2.7625000000000006,24,24,24
20250320,중랑구,2025031920,14.0,1.0,65.41666666666667,30.0,2.6458333333333335,24,24,24
20250321,강남구,2025032020,18.0,5.0,64.375,30.0,3.3000000000000003,24,24,24
20250321,강동구,2025032020,18.0,4.0,63.958333333333336,30.0,3.0416666666666665,24,24,24
20250321,강북구,2025032020,16.0,2.0,66.25,30.0,2.9499999999999997,24,24,24
20250321,강서구,2025032020,17.0,3.0,70.0,20.0,3.6541666666666663,24,24,24
20250321,관악구,2025032020,17.0,5.0,66.45833333333333,30.0,3.3083333333333336,24,24,24
20250321,광진구,2025032020,18.0,5.0,62.708333333333336,30.0,3.0833333333333335,24,24,24
20250321,구로구,2025032020,16.0,6.0,64.58333333333333,20.0,3.5124999999999997,24,24,24
20250321,금천구,2025032020,16.0,4.0,68.75,20.0,3.4958333333333336,24,24,24
20250321,노원구,2025032020,18.0,3.0,66.66666666666667,30.0,2.85,24,24,24
20250321,도봉구,2025032020,18.0,3.0,66.66666666666667,30.0,2.85,24,24,24
20250321,동대문구,2025032020,18.0,5.0,63.541666666666664,30.0,2.983333333333333,24,24,24
20250321,동작구,2025032020,17.0,5.0,66.45833333333333,30.0,3.3083333333333336,24,24,24
20250321,마포구,2025032020,17.0,5.0,65.20833333333333,30.0,3.0333333333333337,24,24,24
20250321,서대문구,2025032020,17.0,5.0,65.20833333333333,30.0,3.0333333333333337,24,24,24
20250321,서초구,2025032020,18.0,5.0,64.375,30.0,3.3000000000000003,24,24,24
20250321,성동구,2025032020,19.0,6.0,62.916666666666664,30.0,3.095833333333333,24,24,24
20250321,성북구,2025032020,16.0,2.0,66.25,30.0,2.9499999999999997,24,24,24
20250321,송파구,2025032020,19.0,5.0,62.708333333333336,30.0,3.225,24,24,24
20250321,양천구,2025032020,16.0,5.0,66.45833333333333,30.0,3.3458333333333337,24,24,24
20250321,영등포구,2025032020,17.0,5.0,65.41666666666667,30.0,3.125,24,24,24
20250321,용산구,2025032020,17.0,5.0,65.0,30.0,3.125,24,24,24
20250321,은평구,2025032020,18.0,4.0,67.5,30.0,3.0,24,24,24
20250321,종로구,2025032020,18.0,5.0,66.66666666666667,30.0,3.016666666666667,24,24,24
20250321,중구,2025032020,18.0,5.0,66.66666666666667,30.0,3.016666666666667,24,24,24
20250321,중랑구,2025032020,18.0,5.0,63.333333333333336,30.0,2.975,24,24,24
20250322,강남구,2025032120,20.0,7.0,57.083333333333336,0.0,2.7875,24,24,24
20250322,강동구,2025032120,20.0,6.0,56.25,0.0,2.454166666666667,24,24,24
20250322,강북구,2025032120,16.0,4.0,58.75,0.0,2.3583333333333334,24,24,24
20250322,강서구,2025032120,18.0,5.0,63.75,0.0,3.0833333333333335,24,24,24
20250322,관악구,2025032120,18.0,7.0,60.0,0.0,2.7916666666666665,24,24,24
20250322,광진구,2025032120,19.0,7.0,54.375,0.0,2.5208333333333335,24,24,24
20250322,구로구,2025032120,17.0,7.0,58.125,0.0,2.975,24,24,24
20250322,금천구,2025032120,17.0,6.0,62.916666666666664,0.0,2.9416666666666664,24,24,24
20250322,노원구,2025032120,19.0,4.0,58.958333333333336,0.0,2.2041666666666666,24,24,24
20250322,도봉구,2025032120,19.0,4.0,58.958333333333336,0.0,2.2041666666666666,24,24,24
20250322,동대문구,2025032120,19.0,7.0,55.625,0.0,2.4124999999999996,24,24,24
20250322,동작구,2025032120,18.0,7.0,60.0,0.0,2.7916666666666665,24,24,24
20250322,마포구,2025032120,18.0,7.0,57.916666666666664,0.0,2.516666666666667,24,24,24
20250322,서대문구,2025032120,18.0,7.0,57.916666666666664,0.0,2.516666666666667,24,24,24
20250322,서초구,2025032120,20.0,7.0,57.083333333333336,0.0,2.7875,24,24,24
20250322,성동구,2025032120,20.0,7.0,54.375,0.0,2.5833333333333335,24,24,24
20250322,성북구,2025032120,16.0,4.0,58.75,0.0,2.3583333333333334,24,24,24
20250322,송파구,2025032120,20.0,7.0,54.583333333333336,0.0,2.6833333333333336,24,24,24
20250322,양천구,2025032120,17.0,7.0,59.166666666666664,0.0,2.8375,24,24,24
20250322,영등포구,2025032120,18.0,7.0,58.125,0.0,2.6291666666666664,24,24,24
20250322,용산구,2025032120,19.0,7.0,57.083333333333336,0.0,2.591666666666667,24,24,24
20250322,은평구,2025032120,19.0,6.0,59.375,0.0,2.4625,24,24,24
20250322,종로구,2025032120,19.0,7.0,57.708333333333336,0.0,2.4625,24,24,24
20250322,중구,2025032120,19.0,7.0,57.708333333333336,0.0,2.4625,24,24,24
20250322,중랑구,2025032120,19.0,6.0,55.0,0.0,2.370833333333333,24,24,24
20250323,강남구,2025032220,23.0,6.0,53.541666666666664,20.0,1.9416666666666669,24,24,24
20250323,강동구,2025032220,23.0,6.0,53.125,20.0,1.6666666666666667,24,24,24
20250323,강북구,2025032220,20.0,4.0,54.583333333333336,20.0,1.7208333333333332,24,24,24
20250323,강서구,2025032220,22.0,5.0,59.375,20.0,2.475,24,24,24
20250323,관악구,2025032220,22.0,6.0,56.041666666666664,20.0,2.1,24,24,24
20250323,광진구,2025032220,23.0,7.0,51.25,20.0,1.7083333333333333,24,24,24
20250323,구로구,2025032220,22.0,7.0,55.416666666666664,20.0,2.3333333333333335,24,24,24
20250323,금천구,2025032220,22.0,5.0,59.166666666666664,20.0,2.254166666666667,24,24,24
20250323,노원구,2025032220,23.0,5.0,55.416666666666664,20.0,1.6833333333333336,24,24,24
20250323,도봉구,2025032220,23.0,5.0,55.416666666666664,20.0,1.6833333333333336,24,24,24
20250323,동대문구,2025032220,23.0,7.0,51.875,20.0,1.6666666666666667,24,24,24
20250323,동작구,2025032220,22.0,6.0,56.041666666666664,20.0,2.1,24,24,24
20250323,마포구,2025032220,22.0,7.0,54.791666666666664,20.0,1.8875,24,24,24
20250323,서대문구,2025032220,22.0,7.0,54.791666666666664,20.0,1.8875,24,24,24
20250323,서초구,2025032220,23.0,6.0,53.541666666666664,20.0,1.9416666666666669,24,24,24
20250323,성동구,2025032220,23.0,6.0,51.041666666666664,20.0,1.7541666666666664,24,24,24
20250323,성북구,2025032220,20.0,4.0,54.583333333333336,20.0,1.7208333333333332,24,24,24
20250323,송파구,2025032220,23.0,7.0,52.5,20.0,1.866666666666667,24,24,24
20250323,양천구,2025032220,22.0,6.0,55.833333333333336,20.0,2.2125,24,24,24
20250323,영등포구,2025032220,22.0,7.0,55.416666666666664,20.0,1.9666666666666663,24,24,24
20250323,용산구,2025032220,22.0,7.0,53.333333333333336,20.0,1.8583333333333336,24,24,24
20250323,은평구,2025032220,22.0,6.0,57.083333333333336,20.0,1.8333333333333333,24,24,24
20250323,종로구,2025032220,23.0,7.0,55.0,20.0,1.775,24,24,24
20250323,중구,2025032220,23.0,7.0,55.0,20.0,1.775,24,24,24
20250323,중랑구,2025032220,23.0,6.0,52.083333333333336,20.0,1.6416666666666666,24,24,24
20250324,강남구,2025032320,20.0,10.0,61.458333333333336,30.0,2.7583333333333333,24,24,24
20250324,강동구,2025032320,20.0,10.0,61.666666666666664,30.0,2.5208333333333335,24,24,24
20250324,강북구,2025032320,16.0,7.0,65.41666666666667,30.0,2.7541666666666664,24,24,24
20250324,강서구,2025032320,17.0,8.0,71.45833333333333,30.0,3.1791666666666667,24,24,24
20250324,관악구,2025032320,18.0,10.0,66.45833333333333,30.0,3.0833333333333335,24,24,24
20250324,광진구,2025032320,19.0,10.0,60.0,30.0,2.466666666666667,24,24,24
20250324,구로구,2025032320,17.0,10.0,64.79166666666667,30.0,3.2708333333333335,24,24,24
20250324,금천구,2025032320,18.0,9.0,69.375,30.0,3.3208333333333333,24,24,24
20250324,노원구,2025032320,19.0,8.0,65.0,30.0,2.816666666666667,24,24,24
20250324,도봉구,2025032320,19.0,8.0,65.0,30.0,2.816666666666667,24,24,24
20250324,동대문구,2025032320,19.0,10.0,62.083333333333336,30.0,2.5083333333333333,24,24,24
20250324,동작구,2025032320,18.0,10.0,66.45833333333333,30.0,3.0833333333333335,24,24,24
20250324,마포구,2025032320,18.0,10.0,65.41666666666667,30.0,2.875,24,24,24
20250324,서대문구,2025032320,18.0,10.0,65.41666666666667,30.0,2.875,24,24,24
20250324,서초구,2025032320,20.0,10.0,61.458333333333336,30.0,2.7583333333333333,24,24,24
20250324,성동구,2025032320,20.0,11.0,61.041666666666664,30.0,2.5875000000000004,24,24,24
20250324,성북구,2025032320,16.0,7.0,65.41666666666667,30.0,2.7541666666666664,24,24,24
20250324,송파구,2025032320,20.0,10.0,59.583333333333336,30.0,2.6458333333333335,24,24,24
20250324,양천구,2025032320,17.0,9.0,67.5,30.0,3.125,24,24,24
20250324,영등포구,2025032320,18.0,10.0,64.58333333333333,30.0,2.9499999999999997,24,24,24
20250324,용산구,2025032320,18.0,10.0,63.75,30.0,2.7458333333333336,24,24,24
20250324,은평구,2025032320,18.0,9.0,67.5,30.0,2.9625,24,24,24
20250324,종로구,2025032320,19.0,11.0,66.25,30.0,2.654166666666667,24,24,24
20250324,중구,2025032320,19.0,11.0,66.25,30.0,2.654166666666667,24,24,24
20250324,중랑구,2025032320,19.0,10.0,60.625,30.0,2.341666666666667,24,24,24
20250325,강남구,2025032420,22.0,8.0,65.625,30.0,2.533333333333333,24,24,24
20250325,강동구,2025032420,21.0,9.0,66.04166666666667,30.0,2.5500000000000003,24,24,24
20250325,강북구,2025032420,18.0,5.0,68.95833333333333,30.0,2.4499999999999997,24,24,24
20250325,강서구,2025032420,20.0,6.0,72.91666666666667,30.0,2.6374999999999997,24,24,24
20250325,관악구,2025032420,20.0,8.0,68.125,30.0,2.5166666666666666,24,24,24
20250325,광진구,2025032420,21.0,9.0,64.16666666666667,30.0,2.5541666666666667,24,24,24
20250325,구로구,2025032420,20.0,8.0,64.58333333333333,30.0,2.566666666666667,24,24,24
20250325,금천구,2025032420,20.0,7.0,70.83333333333333,30.0,2.5708333333333333,24,24,24
20250325,노원구,2025032420,20.0,7.0,69.375,30.0,2.4666666666666663,24,24,24
20250325,도봉구,2025032420,20.0,7.0,69.375,30.0,2.4666666666666663,24,24,24
20250325,동대문구,2025032420,20.0,9.0,66.04166666666667,30.0,2.4791666666666665,24,24,24
20250325,동작구,2025032420,20.0,8.0,68.125,30.0,2.5166666666666666,24,24,24
20250325,마포구,2025032420,20.0,8.0,67.29166666666667,30.0,2.5083333333333333,24,24,24
20250325,서대문구,2025032420,20.0,8.0,67.29166666666667,30.0,2.5083333333333333,24,24,24
20250325,서초구,2025032420,22.0,8.0,65.625,30.0,2.533333333333333,24,24,24
20250325,성동구,2025032420,21.0,8.0,65.20833333333333,30.0,2.5,24,24,24
20250325,성북구,2025032420,18.0,5.0,68.95833333333333,30.0,2.4499999999999997,24,24,24
20250325,송파구,2025032420,22.0,9.0,63.958333333333336,30.0,2.5458333333333334,24,24,24
20250325,양천구,2025032420,20.0,7.0,68.33333333333333,30.0,2.5500000000000003,24,24,24
20250325,영등포구,2025032420,20.0,8.0,67.29166666666667,30.0,2.5250000000000004,24,24,24
20250325,용산구,2025032420,21.0,8.0,66.66666666666667,30.0,2.4958333333333336,24,24,24
20250325,은평구,2025032420,20.0,7.0,69.58333333333333,30.0,2.504166666666667,24,24,24
20250325,종로구,2025032420,20.0,8.0,69.58333333333333,30.0,2.470833333333333,24,24,24
20250325,중구,2025032420,20.0,8.0,69.58333333333333,30.0,2.470833333333333,24,24,24
20250325,중랑구,2025032420,20.0,9.0,65.83333333333333,30.0,2.5166666666666666,24,24,24
20250326,강남구,2025032520,22.0,5.0,49.375,30.0,1.5375000000000003,24,24,24
20250326,강동구,2025032520,22.0,5.0,49.375,30.0,1.491666666666667,24,24,24
20250326,강북구,2025032520,19.0,2.0,50.833333333333336,30.0,1.4874999999999998,24,24,24
20250326,강서구,2025032520,21.0,4.0,56.666666666666664,30.0,1.675,24,24,24
20250326,관악구,2025032520,21.0,5.0,52.708333333333336,30.0,1.5708333333333335,24,24,24
20250326,광진구,2025032520,22.0,5.0,47.083333333333336,30.0,1.5208333333333333,24,24,24
20250326,구로구,2025032520,21.0,6.0,51.041666666666664,30.0,1.6208333333333336,24,24,24
20250326,금천구,2025032520,21.0,4.0,55.625,30.0,1.5833333333333333,24,24,24
20250326,노원구,2025032520,21.0,4.0,51.25,30.0,1.4833333333333332,24,24,24
20250326,도봉구,2025032520,21.0,4.0,51.25,30.0,1.4833333333333332,24,24,24
20250326,동대문구,2025032520,22.0,5.0,47.083333333333336,30.0,1.4958333333333336,24,24,24
20250326,동작구,2025032520,21.0,5.0,52.708333333333336,30.0,1.5708333333333335,24,24,24
20250326,마포구,2025032520,21.0,5.0,51.041666666666664,30.0,1.5416666666666667,24,24,24
20250326,서대문구,2025032520,21.0,5.0,51.041666666666664,30.0,1.5416666666666667,24,24,24
20250326,서초구,2025032520,22.0,5.0,49.375,30.0,1.5375000000000003,24,24,24
20250326,성동구,2025032520,23.0,5.0,46.458333333333336,30.0,1.5166666666666666,24,24,24
20250326,성북구,2025032520,19.0,2.0,50.833333333333336,30.0,1.4874999999999998,24,24,24
20250326,송파구,2025032520,22.0,5.0,47.291666666666664,30.0,1.5166666666666668,24,24,24
20250326,양천구,2025032520,21.0,5.0,52.708333333333336,30.0,1.6208333333333331,24,24,24
20250326,영등포구,2025032520,21.0,5.0,51.875,30.0,1.575,24,24,24
20250326,용산구,2025032520,22.0,5.0,49.791666666666664,30.0,1.5458333333333334,24,24,24
20250326,은평구,2025032520,21.0,5.0,52.916666666666664,30.0,1.5375,24,24,24
20250326,종로구,2025032520,21.0,6.0,50.833333333333336,30.0,1.5083333333333335,24,24,24
20250326,중구,2025032520,21.0,6.0,50.833333333333336,30.0,1.5083333333333335,24,24,24
20250326,중랑구,2025032520,22.0,5.0,47.708333333333336,30.0,1.4874999999999998,24,24,24
20250327,강남구,2025032620,20.0,13.0,62.916666666666664,72.0,3.3833333333333333,24,24,24
20250327,강동구,2025032620,20.0,13.0,63.541666666666664,68.0,2.758333333333333,24,24,24
20250327,강북구,2025032620,18.0,10.0,62.708333333333336,66.0,3.0749999999999997,24,24,24
20250327,강서구,2025032620,20.0,11.0,66.45833333333333,75.0,3.745833333333333,24,24,24
20250327,관악구,2025032620,19.0,12.0,66.04166666666667,69.0,3.5541666666666667,24,24,24
20250327,광진구,2025032620,20.0,13.0,61.458333333333336,69.0,2.966666666666667,24,24,24
20250327,구로구,2025032620,19.0,12.0,63.958333333333336,68.0,3.733333333333333,24,24,24
20250327,금천구,2025032620,18.0,12.0,68.33333333333333,69.0,3.725,24,24,24
20250327,노원구,2025032620,20.0,11.0,62.708333333333336,64.0,2.8333333333333335,24,24,24
20250327,도봉구,2025032620,20.0,11.0,62.708333333333336,64.0,2.8333333333333335,24,24,24
20250327,동대문구,2025032620,20.0,13.0,60.833333333333336,63.0,2.9958333333333336,24,24,24
20250327,동작구,2025032620,19.0,12.0,66.04166666666667,69.0,3.5541666666666667,24,24,24
20250327,마포구,2025032620,20.0,12.0,63.541666666666664,69.0,3.258333333333333,24,24,24
20250327,서대문구,2025032620,20.0,12.0,63.541666666666664,69.0,3.258333333333333,24,24,24
20250327,서초구,2025032620,20.0,13.0,62.916666666666664,72.0,3.3833333333333333,24,24,24
20250327,성동구,2025032620,19.0,12.0,61.041666666666664,68.0,3.15,24,24,24
20250327,성북구,2025032620,18.0,10.0,62.708333333333336,66.0,3.0749999999999997,24,24,24
20250327,송파구,2025032620,20.0,13.0,61.875,73.0,3.1625,24,24,24
20250327,양천구,2025032620,19.0,12.0,64.16666666666667,70.0,3.5416666666666665,24,24,24
20250327,영등포구,2025032620,20.0,12.0,63.75,69.0,3.329166666666667,24,24,24
20250327,용산구,2025032620,20.0,12.0,62.916666666666664,67.0,3.241666666666667,24,24,24
20250327,은평구,2025032620,20.0,11.0,63.333333333333336,68.0,3.241666666666667,24,24,24
20250327,종로구,2025032620,19.0,13.0,63.541666666666664,66.0,3.1041666666666665,24,24,24
20250327,중구,2025032620,19.0,13.0,63.541666666666664,66.0,3.1041666666666665,24,24,24
20250327,중랑구,2025032620,20.0,13.0,60.833333333333336,63.0,2.8250000000000006,24,24,24
20250328,강남구,2025032720,12.0,3.0,35.208333333333336,20.0,3.0125000000000006,24,24,24
20250328,강동구,2025032720,13.0,3.0,37.291666666666664,20.0,3.0041666666666664,24,24,24
20250328,강북구,2025032720,10.0,0.0,36.041666666666664,20.0,2.9083333333333337,24,24,24
20250328,강서구,2025032720,12.0,2.0,38.125,20.0,3.4375,24,24,24
20250328,관악구,2025032720,12.0,3.0,36.875,20.0,3.133333333333333,24,24,24
20250328,광진구,2025032720,12.0,4.0,34.791666666666664,20.0,3.0041666666666664,24,24,24
20250328,구로구,2025032720,12.0,4.0,33.75,20.0,3.2374999999999994,24,24,24
20250328,금천구,2025032720,11.0,3.0,40.208333333333336,20.0,3.141666666666667,24,24,24
20250328,노원구,2025032720,12.0,2.0,37.5,20.0,2.9166666666666665,24,24,24
20250328,도봉구,2025032720,12.0,2.0,37.5,20.0,2.9166666666666665,24,24,24
20250328,동대문구,2025032720,12.0,3.0,35.416666666666664,20.0,2.9625,24,24,24
20250328,동작구,2025032720,12.0,3.0,36.875,20.0,3.133333333333333,24,24,24
20250328,마포구,2025032720,12.0,3.0,35.416666666666664,20.0,3.095833333333333,24,24,24
20250328,서대문구,2025032720,12.0,3.0,35.416666666666664,20.0,3.095833333333333,24,24,24
20250328,서초구,2025032720,12.0,3.0,35.208333333333336,20.0,3.0125000000000006,24,24,24
20250328,성동구,2025032720,13.0,4.0,35.833333333333336,20.0,2.9958333333333336,24,24,24
20250328,성북구,2025032720,10.0,0.0,36.041666666666664,20.0,2.9083333333333337,24,24,24
20250328,송파구,2025032720,13.0,4.0,35.0,20.0,3.033333333333333,24,24,24
20250328,양천구,2025032720,11.0,3.0,36.041666666666664,20.0,3.2083333333333335,24,24,24
20250328,영등포구,2025032720,12.0,3.0,35.625,20.0,3.1124999999999994,24,24,24
20250328,용산구,2025032720,12.0,3.0,35.625,20.0,3.0,24,24,24
20250328,은평구,2025032720,12.0,2.0,36.458333333333336,20.0,3.0750000000000006,24,24,24
20250328,종로구,2025032720,12.0,3.0,36.666666666666664,20.0,2.954166666666667,24,24,24
20250328,중구,2025032720,12.0,3.0,36.666666666666664,20.0,2.954166666666667,24,24,24
20250328,중랑구,2025032720,12.0,3.0,36.041666666666664,20.0,2.954166666666667,24,24,24
20250329,강남구,2025032820,8.0,0.0,40.416666666666664,60.0,2.2624999999999997,24,24,24
20250329,강동구,2025032820,8.0,0.0,40.416666666666664,60.0,2.2875,24,24,24
20250329,강북구,2025032820,5.0,-2.0,41.458333333333336,60.0,2.158333333333333,24,24,24
20250329,강서구,2025032820,8.0,0.0,42.5,60.0,2.4625,24,24,24
20250329,관악구,2025032820,7.0,1.0,41.875,60.0,2.3125,24,24,24
20250329,광진구,2025032820,7.0,1.0,38.75,60.0,2.266666666666667,24,24,24
20250329,구로구,2025032820,8.0,2.0,39.166666666666664,60.0,2.3958333333333335,24,24,24
20250329,금천구,2025032820,7.0,0.0,45.208333333333336,60.0,2.3583333333333334,24,24,24
20250329,노원구,2025032820,8.0,-1.0,41.25,60.0,2.2375,24,24,24
20250329,도봉구,2025032820,8.0,-1.0,41.25,60.0,2.2375,24,24,24
20250329,동대문구,2025032820,7.0,1.0,39.166666666666664,60.0,2.225,24,24,24
20250329,동작구,2025032820,7.0,1.0,41.875,60.0,2.3125,24,24,24
20250329,마포구,2025032820,7.0,1.0,39.583333333333336,60.0,2.254166666666667,24,24,24
20250329,서대문구,2025032820,7.0,1.0,39.583333333333336,60.0,2.254166666666667,24,24,24
20250329,서초구,2025032820,8.0,0.0,40.416666666666664,60.0,2.2624999999999997,24,24,24
20250329,성동구,2025032820,8.0,1.0,38.75,60.0,2.2416666666666667,24,24,24
20250329,성북구,2025032820,5.0,-2.0,41.458333333333336,60.0,2.158333333333333,24,24,24
20250329,송파구,2025032820,8.0,1.0,39.375,60.0,2.275,24,24,24
20250329,양천구,2025032820,7.0,1.0,40.208333333333336,60.0,2.35,24,24,24
20250329,영등포구,2025032820,7.0,1.0,40.416666666666664,60.0,2.2875,24,24,24
20250329,용산구,2025032820,7.0,1.0,40.625,60.0,2.2291666666666665,24,24,24
20250329,은평구,2025032820,8.0,-1.0,41.458333333333336,60.0,2.2416666666666667,24,24,24
20250329,종로구,2025032820,7.0,1.0,40.833333333333336,60.0,2.191666666666667,24,24,24
20250329,중구,2025032820,7.0,1.0,40.833333333333336,60.0,2.191666666666667,24,24,24
20250329,중랑구,2025032820,7.0,1.0,39.375,60.0,2.2458333333333336,24,24,24
20250330,강남구,2025032920,9.0,-1.0,40.416666666666664,30.0,3.641666666666667,24,24,24
20250330,강동구,2025032920,9.0,-1.0,40.208333333333336,30.0,3.525,24,24,24
20250330,강북구,2025032920,6.0,-3.0,40.833333333333336,30.0,3.283333333333333,24,24,24
20250330,강서구,2025032920,9.0,-1.0,42.708333333333336,30.0,3.8708333333333336,24,24,24
20250330,관악구,2025032920,8.0,0.0,42.708333333333336,30.0,3.6208333333333336,24,24,24
20250330,광진구,2025032920,9.0,0.0,38.541666666666664,30.0,3.475,24,24,24
20250330,구로구,2025032920,9.0,1.0,38.958333333333336,30.0,3.8,24,24,24
20250330,금천구,2025032920,8.0,-1.0,44.583333333333336,30.0,3.8041666666666663,24,24,24
20250330,노원구,2025032920,9.0,-2.0,42.5,30.0,3.279166666666667,24,24,24
20250330,도봉구,2025032920,9.0,-2.0,42.5,30.0,3.279166666666667,24,24,24
20250330,동대문구,2025032920,9.0,0.0,39.375,30.0,3.341666666666667,24,24,24
20250330,동작구,2025032920,8.0,0.0,42.708333333333336,30.0,3.6208333333333336,24,24,24
20250330,마포구,2025032920,8.0,0.0,40.0,30.0,3.329166666666667,24,24,24
20250330,서대문구,2025032920,8.0,0.0,40.0,30.0,3.329166666666667,24,24,24
20250330,서초구,2025032920,9.0,-1.0,40.416666666666664,30.0,3.641666666666667,24,24,24
20250330,성동구,2025032920,9.0,0.0,38.541666666666664,30.0,3.4375,24,24,24
20250330,성북구,2025032920,6.0,-3.0,40.833333333333336,30.0,3.283333333333333,24,24,24
20250330,송파구,2025032920,9.0,0.0,38.75,30.0,3.616666666666667,24,24,24
20250330,양천구,2025032920,8.0,0.0,40.625,30.0,3.6833333333333336,24,24,24
20250330,영등포구,2025032920,8.0,0.0,41.458333333333336,30.0,3.4041666666666663,24,24,24
20250330,용산구,2025032920,8.0,0.0,41.041666666666664,30.0,3.4166666666666665,24,24,24
20250330,은평구,2025032920,9.0,-2.0,41.666666666666664,30.0,3.279166666666667,24,24,24
20250330,종로구,2025032920,9.0,0.0,41.458333333333336,30.0,3.3125,24,24,24
20250330,중구,2025032920,9.0,0.0,41.458333333333336,30.0,3.3125,24,24,24
20250330,중랑구,2025032920,9.0,0.0,38.541666666666664,30.0,3.4,24,24,24
20250331,강남구,2025033020,14.0,0.0,60.833333333333336,20.0,2.225,24,24,24
20250331,강동구,2025033020,14.0,0.0,59.791666666666664,20.0,2.1208333333333336,24,24,24
20250331,강북구,2025033020,11.0,-2.0,62.5,20.0,2.191666666666667,24,24,24
20250331,강서구,2025033020,13.0,0.0,66.25,20.0,2.6,24,24,24
20250331,관악구,2025033020,13.0,1.0,63.333333333333336,20.0,2.3833333333333333,24,24,24
20250331,광진구,2025033020,13.0,1.0,58.333333333333336,20.0,2.15,24,24,24
20250331,구로구,2025033020,12.0,3.0,59.166666666666664,20.0,2.4833333333333334,24,24,24
20250331,금천구,2025033020,12.0,0.0,65.83333333333333,20.0,2.375,24,24,24
20250331,노원구,2025033020,13.0,-1.0,61.666666666666664,20.0,2.15,24,24,24
20250331,도봉구,2025033020,13.0,-1.0,61.666666666666664,20.0,2.15,24,24,24
20250331,동대문구,2025033020,13.0,1.0,59.791666666666664,20.0,2.1666666666666665,24,24,24
20250331,동작구,2025033020,13.0,1.0,63.333333333333336,20.0,2.3833333333333333,24,24,24
20250331,마포구,2025033020,13.0,1.0,61.458333333333336,20.0,2.3249999999999997,24,24,24
20250331,서대문구,2025033020,13.0,1.0,61.458333333333336,20.0,2.3249999999999997,24,24,24
20250331,서초구,2025033020,14.0,0.0,60.833333333333336,20.0,2.225,24,24,24
20250331,성동구,2025033020,14.0,0.0,60.833333333333336,20.0,2.1999999999999997,24,24,24
20250331,성북구,2025033020,11.0,-2.0,62.5,20.0,2.191666666666667,24,24,24
20250331,송파구,2025033020,14.0,1.0,59.166666666666664,20.0,2.1666666666666665,24,24,24
20250331,양천구,2025033020,12.0,1.0,62.916666666666664,20.0,2.4583333333333335,24,24,24
20250331,영등포구,2025033020,13.0,1.0,62.291666666666664,20.0,2.3541666666666665,24,24,24
20250331,용산구,2025033020,13.0,1.0,61.458333333333336,20.0,2.2624999999999997,24,24,24
20250331,은평구,2025033020,13.0,-1.0,62.5,20.0,2.2916666666666665,24,24,24
20250331,종로구,2025033020,13.0,1.0,64.58333333333333,20.0,2.216666666666667,24,24,24
20250331,중구,2025033020,13.0,1.0,64.58333333333333,20.0,2.216666666666667,24,24,24
20250331,중랑구,2025033020,13.0,1.0,58.333333333333336,20.0,2.1458333333333335,24,24,24
20250401,강남구,2025033120,17.0,3.0,53.541666666666664,30.0,1.5333333333333332,24,24,24
20250401,강동구,2025033120,17.0,3.0,51.666666666666664,30.0,1.5291666666666668,24,24,24
20250401,강북구,2025033120,14.0,1.0,55.208333333333336,30.0,1.5375000000000003,24,24,24
20250401,강서구,2025033120,16.0,3.0,60.625,30.0,1.7291666666666667,24,24,24
20250401,관악구,2025033120,16.0,4.0,57.083333333333336,30.0,1.5874999999999997,24,24,24
20250401,광진구,2025033120,17.0,4.0,50.416666666666664,30.0,1.5291666666666668,24,24,24
20250401,구로구,2025033120,16.0,5.0,55.0,30.0,1.6125,24,24,24
20250401,금천구,2025033120,16.0,3.0,59.791666666666664,30.0,1.5625,24,24,24
20250401,노원구,2025033120,17.0,2.0,54.791666666666664,30.0,1.5208333333333333,24,24,24
20250401,도봉구,2025033120,17.0,2.0,54.791666666666664,30.0,1.5208333333333333,24,24,24
20250401,동대문구,2025033120,17.0,4.0,51.875,30.0,1.5291666666666668,24,24,24
20250401,동작구,2025033120,16.0,4.0,57.083333333333336,30.0,1.5874999999999997,24,24,24
20250401,마포구,2025033120,16.0,5.0,55.833333333333336,30.0,1.5874999999999997,24,24,24
20250401,서대문구,2025033120,16.0,5.0,55.833333333333336,30.0,1.5874999999999997,24,24,24
20250401,서초구,2025033120,17.0,3.0,53.541666666666664,30.0,1.5333333333333332,24,24,24
20250401,성동구,2025033120,17.0,4.0,50.625,30.0,1.5499999999999998,24,24,24
20250401,성북구,2025033120,14.0,1.0,55.208333333333336,30.0,1.5375000000000003,24,24,24
20250401,송파구,2025033120,17.0,4.0,50.625,30.0,1.5249999999999997,24,24,24
20250401,양천구,2025033120,16.0,4.0,56.875,30.0,1.6291666666666664,24,24,24
20250401,영등포구,2025033120,16.0,5.0,55.625,30.0,1.5833333333333333,24,24,24
20250401,용산구,2025033120,17.0,4.0,53.75,30.0,1.5583333333333331,24,24,24
20250401,은평구,2025033120,17.0,3.0,57.708333333333336,30.0,1.5875,24,24,24
20250401,종로구,2025033120,17.0,5.0,56.458333333333336,30.0,1.5458333333333334,24,24,24
20250401,중구,2025033120,17.0,5.0,56.458333333333336,30.0,1.5458333333333334,24,24,24
20250401,중랑구,2025033120,17.0,3.0,51.25,30.0,1.5250000000000004,24,24,24
20250402,강남구,2025040120,16.0,3.0,54.583333333333336,60.0,1.925,24,24,24
20250402,강동구,2025040120,16.0,4.0,50.208333333333336,60.0,1.8458333333333332,24,24,24
20250402,강북구,2025040120,13.0,2.0,54.791666666666664,60.0,1.8166666666666664,24,24,24
20250402,강서구,2025040120,15.0,3.0,61.25,60.0,1.9583333333333333,24,24,24
20250402,관악구,2025040120,15.0,4.0,58.958333333333336,60.0,1.9416666666666664,24,24,24
20250402,광진구,2025040120,16.0,5.0,50.0,60.0,1.8583333333333332,24,24,24
20250402,구로구,2025040120,15.0,5.0,56.041666666666664,60.0,1.9416666666666664,24,24,24
20250402,금천구,2025040120,15.0,3.0,61.458333333333336,60.0,1.9125000000000003,24,24,24
20250402,노원구,2025040120,16.0,3.0,54.375,60.0,1.7875,24,24,24
20250402,도봉구,2025040120,16.0,3.0,54.375,60.0,1.7875,24,24,24
20250402,동대문구,2025040120,15.0,5.0,52.291666666666664,60.0,1.85,24,24,24
20250402,동작구,2025040120,15.0,4.0,58.958333333333336,60.0,1.9416666666666664,24,24,24
20250402,마포구,2025040120,15.0,5.0,56.041666666666664,60.0,1.8583333333333336,24,24,24
20250402,서대문구,2025040120,15.0,5.0,56.041666666666664,60.0,1.8583333333333336,24,24,24
20250402,서초구,2025040120,16.0,3.0,54.583333333333336,60.0,1.925,24,24,24
20250402,성동구,2025040120,16.0,4.0,51.458333333333336,60.0,1.8958333333333333,24,24,24
20250402,성북구,2025040120,13.0,2.0,54.791666666666664,60.0,1.8166666666666664,24,24,24
20250402,송파구,2025040120,16.0,4.0,51.25,60.0,1.8833333333333335,24,24,24
20250402,양천구,2025040120,15.0,5.0,58.125,60.0,1.9083333333333332,24,24,24
20250402,영등포구,2025040120,15.0,5.0,57.083333333333336,60.0,1.9125000000000003,24,24,24
20250402,용산구,2025040120,15.0,5.0,54.583333333333336,60.0,1.9166666666666667,24,24,24
20250402,은평구,2025040120,15.0,4.0,57.083333333333336,60.0,1.8583333333333336,24,24,24
20250402,종로구,2025040120,15.0,5.0,57.083333333333336,60.0,1.8666666666666665,24,24,24
20250402,중구,2025040120,15.0,5.0,57.083333333333336,60.0,1.8666666666666665,24,24,24
20250402,중랑구,2025040120,16.0,4.0,50.625,60.0,1.8333333333333333,24,24,24
20250403,강남구,2025040220,17.0,4.0,54.583333333333336,30.0,1.3083333333333331,24,24,24
20250403,강동구,2025040220,17.0,4.0,53.958333333333336,30.0,1.3541666666666667,24,24,24
20250403,강북구,2025040220,15.0,2.0,56.25,30.0,1.2875,24,24,24
20250403,강서구,2025040220,17.0,3.0,62.083333333333336,30.0,1.3624999999999998,24,24,24
20250403,관악구,2025040220,17.0,5.0,58.958333333333336,30.0,1.3333333333333333,24,24,24
20250403,광진구,2025040220,17.0,5.0,52.5,30.0,1.3416666666666668,24,24,24
20250403,구로구,2025040220,16.0,5.0,58.541666666666664,30.0,1.3416666666666668,24,24,24
20250403,금천구,2025040220,16.0,4.0,63.125,30.0,1.320833333333333,24,24,24
20250403,노원구,2025040220,17.0,3.0,56.458333333333336,30.0,1.3458333333333334,24,24,24
20250403,도봉구,2025040220,17.0,3.0,56.458333333333336,30.0,1.3458333333333334,24,24,24
20250403,동대문구,2025040220,17.0,5.0,53.333333333333336,30.0,1.3125,24,24,24
20250403,동작구,2025040220,17.0,5.0,58.958333333333336,30.0,1.3333333333333333,24,24,24
20250403,마포구,2025040220,17.0,5.0,56.25,30.0,1.2958333333333334,24,24,24
20250403,서대문구,2025040220,17.0,5.0,56.25,30.0,1.2958333333333334,24,24,24
20250403,서초구,2025040220,17.0,4.0,54.583333333333336,30.0,1.3083333333333331,24,24,24
20250403,성동구,2025040220,17.0,5.0,52.291666666666664,30.0,1.3125,24,24,24
20250403,성북구,2025040220,15.0,2.0,56.25,30.0,1.2875,24,24,24
20250403,송파구,2025040220,17.0,5.0,52.5,30.0,1.3166666666666669,24,24,24
20250403,양천구,2025040220,16.0,5.0,58.541666666666664,30.0,1.325,24,24,24
20250403,영등포구,2025040220,17.0,5.0,57.083333333333336,30.0,1.3208333333333333,24,24,24
20250403,용산구,2025040220,17.0,5.0,55.833333333333336,30.0,1.3125,24,24,24
20250403,은평구,2025040220,17.0,4.0,58.125,30.0,1.2958333333333334,24,24,24
20250403,종로구,2025040220,17.0,6.0,57.083333333333336,30.0,1.2958333333333332,24,24,24
20250403,중구,2025040220,17.0,6.0,57.083333333333336,30.0,1.2958333333333332,24,24,24
20250403,중랑구,2025040220,17.0,4.0,52.708333333333336,30.0,1.35,24,24,24
20250404,강남구,2025040320,17.0,5.0,57.083333333333336,20.0,1.3666666666666665,24,24,24
20250404,강동구,2025040320,17.0,4.0,56.25,20.0,1.3708333333333336,24,24,24
20250404,강북구,2025040320,14.0,2.0,58.333333333333336,20.0,1.4624999999999997,24,24,24
20250404,강서구,2025040320,15.0,4.0,65.41666666666667,20.0,1.6375,24,24,24
20250404,관악구,2025040320,16.0,5.0,62.083333333333336,20.0,1.4708333333333334,24,24,24
20250404,광진구,2025040320,17.0,5.0,53.75,20.0,1.375,24,24,24
20250404,구로구,2025040320,15.0,6.0,60.625,20.0,1.5208333333333333,24,24,24
20250404,금천구,2025040320,15.0,4.0,63.541666666666664,20.0,1.4291666666666665,24,24,24
20250404,노원구,2025040320,16.0,3.0,58.333333333333336,20.0,1.4583333333333333,24,24,24
20250404,도봉구,2025040320,16.0,3.0,58.333333333333336,20.0,1.4583333333333333,24,24,24
20250404,동대문구,2025040320,16.0,5.0,55.416666666666664,20.0,1.4249999999999998,24,24,24
20250404,동작구,2025040320,16.0,5.0,62.083333333333336,20.0,1.4708333333333334,24,24,24
20250404,마포구,2025040320,16.0,5.0,59.375,20.0,1.4875,24,24,24
20250404,서대문구,2025040320,16.0,5.0,59.375,20.0,1.4875,24,24,24
20250404,서초구,2025040320,17.0,5.0,57.083333333333336,20.0,1.3666666666666665,24,24,24
20250404,성동구,2025040320,17.0,5.0,53.125,20.0,1.3958333333333333,24,24,24
20250404,성북구,2025040320,14.0,2.0,58.333333333333336,20.0,1.4624999999999997,24,24,24
20250404,송파구,2025040320,17.0,5.0,55.208333333333336,20.0,1.3333333333333333,24,24,24
20250404,양천구,2025040320,15.0,5.0,61.458333333333336,20.0,1.5416666666666667,24,24,24
20250404,영등포구,2025040320,16.0,5.0,59.791666666666664,20.0,1.475,24,24,24
20250404,용산구,2025040320,16.0,5.0,58.333333333333336,20.0,1.425,24,24,24
20250404,은평구,2025040320,16.0,4.0,61.25,20.0,1.4916666666666665,24,24,24
20250404,종로구,2025040320,16.0,6.0,58.958333333333336,20.0,1.4375,24,24,24
20250404,중구,2025040320,16.0,6.0,58.958333333333336,20.0,1.4375,24,24,24
20250404,중랑구,2025040320,16.0,5.0,54.166666666666664,20.0,1.3958333333333333,24,24,24
20250405,강남구,2025040420,13.0,7.0,76.25,60.0,2.6416666666666666,24,24,24
20250405,강동구,2025040420,13.0,7.0,75.41666666666667,60.0,2.6458333333333335,24,24,24
20250405,강북구,2025040420,10.0,4.0,80.20833333333333,60.0,2.379166666666667,24,24,24
20250405,강서구,2025040420,11.0,6.0,83.33333333333333,60.0,2.625,24,24,24
20250405,관악구,2025040420,12.0,7.0,78.95833333333333,60.0,2.608333333333333,24,24,24
20250405,광진구,2025040420,13.0,8.0,74.16666666666667,60.0,2.6125000000000003,24,24,24
20250405,구로구,2025040420,12.0,8.0,76.875,60.0,2.620833333333333,24,24,24
20250405,금천구,2025040420,12.0,7.0,81.45833333333333,60.0,2.6666666666666665,24,24,24
20250405,노원구,2025040420,12.0,6.0,80.625,60.0,2.4375,24,24,24
20250405,도봉구,2025040420,12.0,6.0,80.625,60.0,2.4375,24,24,24
20250405,동대문구,2025040420,13.0,7.0,76.25,60.0,2.5083333333333333,24,24,24
20250405,동작구,2025040420,12.0,7.0,78.95833333333333,60.0,2.608333333333333,24,24,24
20250405,마포구,2025040420,12.0,7.0,78.54166666666667,60.0,2.483333333333334,24,24,24
20250405,서대문구,2025040420,12.0,7.0,78.54166666666667,60.0,2.483333333333334,24,24,24
20250405,서초구,2025040420,13.0,7.0,76.25,60.0,2.6416666666666666,24,24,24
20250405,성동구,2025040420,13.0,7.0,74.58333333333333,60.0,2.5791666666666666,24,24,24
20250405,성북구,2025040420,10.0,4.0,80.20833333333333,60.0,2.379166666666667,24,24,24
20250405,송파구,2025040420,13.0,7.0,74.375,60.0,2.658333333333333,24,24,24
20250405,양천구,2025040420,11.0,7.0,79.16666666666667,60.0,2.5541666666666667,24,24,24
20250405,영등포구,2025040420,12.0,7.0,77.91666666666667,60.0,2.5416666666666665,24,24,24
20250405,용산구,2025040420,12.0,7.0,77.08333333333333,60.0,2.5541666666666667,24,24,24
20250405,은평구,2025040420,12.0,6.0,81.45833333333333,60.0,2.4083333333333337,24,24,24
20250405,종로구,2025040420,12.0,7.0,79.79166666666667,60.0,2.4666666666666663,24,24,24
20250405,중구,2025040420,12.0,7.0,79.79166666666667,60.0,2.4666666666666663,24,24,24
20250405,중랑구,2025040420,13.0,7.0,75.41666666666667,60.0,2.5749999999999997,24,24,24
20250406,강남구,2025040520,17.0,7.0,62.291666666666664,30.0,2.2083333333333335,24,24,24
20250406,강동구,2025040520,17.0,7.0,61.875,30.0,2.275,24,24,24
20250406,강북구,2025040520,14.0,4.0,63.958333333333336,30.0,2.0916666666666663,24,24,24
20250406,강서구,2025040520,16.0,6.0,69.375,30.0,2.191666666666667,24,24,24
20250406,관악구,2025040520,15.0,7.0,65.41666666666667,30.0,2.1625,24,24,24
20250406,광진구,2025040520,16.0,7.0,60.0,30.0,2.220833333333333,24,24,24
20250406,구로구,2025040520,15.0,8.0,63.541666666666664,30.0,2.1791666666666667,24,24,24
20250406,금천구,2025040520,15.0,7.0,67.70833333333333,30.0,2.1625,24,24,24
20250406,노원구,2025040520,17.0,6.0,65.20833333333333,30.0,2.1374999999999997,24,24,24
20250406,도봉구,2025040520,17.0,6.0,65.20833333333333,30.0,2.1374999999999997,24,24,24
20250406,동대문구,2025040520,16.0,7.0,61.458333333333336,30.0,2.158333333333333,24,24,24
20250406,동작구,2025040520,15.0,7.0,65.41666666666667,30.0,2.1625,24,24,24
20250406,마포구,2025040520,16.0,7.0,64.375,30.0,2.108333333333334,24,24,24
20250406,서대문구,2025040520,16.0,7.0,64.375,30.0,2.108333333333334,24,24,24
20250406,서초구,2025040520,17.0,7.0,62.291666666666664,30.0,2.2083333333333335,24,24,24
20250406,성동구,2025040520,17.0,7.0,59.375,30.0,2.191666666666667,24,24,24
20250406,성북구,2025040520,14.0,4.0,63.958333333333336,30.0,2.0916666666666663,24,24,24
20250406,송파구,2025040520,17.0,7.0,60.208333333333336,30.0,2.216666666666667,24,24,24
20250406,양천구,2025040520,15.0,7.0,65.20833333333333,30.0,2.1458333333333335,24,24,24
20250406,영등포구,2025040520,16.0,7.0,64.375,30.0,2.158333333333333,24,24,24
20250406,용산구,2025040520,16.0,7.0,63.75,30.0,2.1333333333333333,24,24,24
20250406,은평구,2025040520,17.0,6.0,66.04166666666667,30.0,2.095833333333333,24,24,24
20250406,종로구,2025040520,16.0,6.0,64.375,30.0,2.120833333333333,24,24,24
20250406,중구,2025040520,16.0,6.0,64.375,30.0,2.120833333333333,24,24,24
20250406,중랑구,2025040520,17.0,7.0,60.416666666666664,30.0,2.220833333333333,24,24,24
20250407,강남구,2025040620,21.0,6.0,57.5,0.0,3.216666666666667,24,24,24
20250407,강동구,2025040620,21.0,5.0,57.916666666666664,0.0,2.9,24,24,24
20250407,강북구,2025040620,18.0,3.0,59.166666666666664,0.0,2.891666666666667,24,24,24
20250407,강서구,2025040620,19.0,5.0,63.541666666666664,60.0,3.975,24,24,24
20250407,관악구,2025040620,20.0,6.0,60.416666666666664,0.0,3.358333333333333,24,24,24
20250407,광진구,2025040620,20.0,6.0,56.041666666666664,0.0,2.9416666666666664,24,24,24
20250407,구로구,2025040620,19.0,7.0,57.708333333333336,0.0,3.716666666666667,24,24,24
20250407,금천구,2025040620,19.0,5.0,61.666666666666664,0.0,3.5374999999999996,24,24,24
20250407,노원구,2025040620,20.0,4.0,60.625,0.0,2.8166666666666664,24,24,24
20250407,도봉구,2025040620,20.0,4.0,60.625,0.0,2.8166666666666664,24,24,24
20250407,동대문구,2025040620,20.0,6.0,57.708333333333336,0.0,2.85,24,24,24
20250407,동작구,2025040620,20.0,6.0,60.416666666666664,0.0,3.358333333333333,24,24,24
20250407,마포구,2025040620,20.0,6.0,58.125,0.0,3.0916666666666663,24,24,24
20250407,서대문구,2025040620,20.0,6.0,58.125,0.0,3.0916666666666663,24,24,24
20250407,서초구,2025040620,21.0,6.0,57.5,0.0,3.216666666666667,24,24,24
20250407,성동구,2025040620,21.0,6.0,55.625,0.0,3.0,24,24,24
20250407,성북구,2025040620,18.0,3.0,59.166666666666664,0.0,2.891666666666667,24,24,24
20250407,송파구,2025040620,21.0,6.0,56.25,0.0,3.141666666666667,24,24,24
20250407,양천구,2025040620,19.0,6.0,59.375,0.0,3.5666666666666664,24,24,24
20250407,영등포구,2025040620,20.0,6.0,58.333333333333336,0.0,3.1750000000000003,24,24,24
20250407,용산구,2025040620,20.0,6.0,57.916666666666664,0.0,3.0875,24,24,24
20250407,은평구,2025040620,20.0,5.0,60.0,0.0,3.0375,24,24,24
20250407,종로구,2025040620,20.0,6.0,59.375,0.0,2.954166666666667,24,24,24
20250407,중구,2025040620,20.0,6.0,59.375,0.0,2.954166666666667,24,24,24
20250407,중랑구,2025040620,20.0,6.0,56.666666666666664,0.0,2.8208333333333333,24,24,24
20250408,강남구,2025040720,19.0,9.0,60.416666666666664,60.0,1.9958333333333336,24,24,24
20250408,강동구,2025040720,19.0,9.0,60.416666666666664,60.0,1.9583333333333333,24,24,24
20250408,강북구,2025040720,17.0,5.0,61.875,30.0,1.7,24,24,24
20250408,강서구,2025040720,19.0,7.0,65.20833333333333,30.0,1.9541666666666664,24,24,24
20250408,관악구,2025040720,18.0,8.0,63.125,60.0,2.033333333333333,24,24,24
20250408,광진구,2025040720,19.0,9.0,58.333333333333336,60.0,1.9208333333333336,24,24,24
20250408,구로구,2025040720,18.0,9.0,61.041666666666664,60.0,2.045833333333333,24,24,24
20250408,금천구,2025040720,17.0,8.0,65.41666666666667,30.0,2.0875,24,24,24
20250408,노원구,2025040720,19.0,7.0,62.708333333333336,60.0,1.7,24,24,24
20250408,도봉구,2025040720,19.0,7.0,62.708333333333336,60.0,1.7,24,24,24
20250408,동대문구,2025040720,19.0,9.0,60.0,60.0,1.825,24,24,24
20250408,동작구,2025040720,18.0,8.0,63.125,60.0,2.033333333333333,24,24,24
20250408,마포구,2025040720,19.0,8.0,61.041666666666664,30.0,1.7958333333333332,24,24,24
20250408,서대문구,2025040720,19.0,8.0,61.041666666666664,30.0,1.7958333333333332,24,24,24
20250408,서초구,2025040720,19.0,9.0,60.416666666666664,60.0,1.9958333333333336,24,24,24
20250408,성동구,2025040720,19.0,10.0,58.75,60.0,1.9208333333333336,24,24,24
20250408,성북구,2025040720,17.0,5.0,61.875,30.0,1.7,24,24,24
20250408,송파구,2025040720,19.0,9.0,58.541666666666664,60.0,1.9958333333333331,24,24,24
20250408,양천구,2025040720,18.0,8.0,62.708333333333336,60.0,1.9291666666666665,24,24,24
20250408,영등포구,2025040720,18.0,8.0,61.666666666666664,60.0,1.9041666666666668,24,24,24
20250408,용산구,2025040720,19.0,9.0,61.25,60.0,1.8916666666666664,24,24,24
20250408,은평구,2025040720,19.0,7.0,62.291666666666664,30.0,1.7166666666666668,24,24,24
20250408,종로구,2025040720,19.0,9.0,61.875,60.0,1.8041666666666665,24,24,24
20250408,중구,2025040720,19.0,9.0,61.875,60.0,1.8041666666666665,24,24,24
20250408,중랑구,2025040720,19.0,9.0,59.791666666666664,60.0,1.875,24,24,24
20250409,강남구,2025040820,19.0,7.0,56.875,60.0,1.7833333333333334,24,24,24
20250409,강동구,2025040820,19.0,7.0,57.708333333333336,60.0,1.825,24,24,24
20250409,강북구,2025040820,16.0,4.0,58.958333333333336,60.0,1.7583333333333335,24,24,24
20250409,강서구,2025040820,18.0,6.0,61.458333333333336,60.0,1.7833333333333334,24,24,24
20250409,관악구,2025040820,18.0,7.0,59.166666666666664,60.0,1.7208333333333332,24,24,24
20250409,광진구,2025040820,19.0,7.0,55.0,60.0,1.7833333333333332,24,24,24
20250409,구로구,2025040820,17.0,7.0,57.083333333333336,60.0,1.6833333333333331,24,24,24
20250409,금천구,2025040820,17.0,6.0,62.708333333333336,60.0,1.7125,24,24,24
20250409,노원구,2025040820,18.0,6.0,58.541666666666664,60.0,1.7875000000000003,24,24,24
20250409,도봉구,2025040820,18.0,6.0,58.541666666666664,60.0,1.7875000000000003,24,24,24
20250409,동대문구,2025040820,19.0,7.0,56.041666666666664,60.0,1.7583333333333335,24,24,24
20250409,동작구,2025040820,18.0,7.0,59.166666666666664,60.0,1.7208333333333332,24,24,24
20250409,마포구,2025040820,18.0,7.0,57.708333333333336,60.0,1.7291666666666667,24,24,24
20250409,서대문구,2025040820,18.0,7.0,57.708333333333336,60.0,1.7291666666666667,24,24,24
20250409,서초구,2025040820,19.0,7.0,56.875,60.0,1.7833333333333334,24,24,24
20250409,성동구,2025040820,19.0,8.0,54.583333333333336,60.0,1.7708333333333333,24,24,24
20250409,성북구,2025040820,16.0,4.0,58.958333333333336,60.0,1.7583333333333335,24,24,24
20250409,송파구,2025040820,19.0,8.0,56.875,60.0,1.8,24,24,24
20250409,양천구,2025040820,17.0,7.0,58.333333333333336,60.0,1.7083333333333333,24,24,24
20250409,영등포구,2025040820,18.0,7.0,57.708333333333336,60.0,1.7208333333333332,24,24,24
20250409,용산구,2025040820,18.0,7.0,56.458333333333336,60.0,1.7583333333333335,24,24,24
20250409,은평구,2025040820,18.0,6.0,60.0,60.0,1.7416666666666665,24,24,24
20250409,종로구,2025040820,18.0,8.0,58.958333333333336,60.0,1.7458333333333336,24,24,24
20250409,중구,2025040820,18.0,8.0,58.958333333333336,60.0,1.7458333333333336,24,24,24
20250409,중랑구,2025040820,19.0,7.0,55.416666666666664,60.0,1.7749999999999997,24,24,24
20250410,강남구,2025040920,20.0,8.0,55.416666666666664,30.0,1.2375,24,24,24
20250410,강동구,2025040920,20.0,8.0,55.0,30.0,1.2666666666666668,24,24,24
20250410,강북구,2025040920,17.0,5.0,57.083333333333336,30.0,1.2375,24,24,24
20250410,강서구,2025040920,19.0,6.0,60.833333333333336,30.0,1.3875,24,24,24
20250410,관악구,2025040920,19.0,7.0,58.333333333333336,30.0,1.2708333333333333,24,24,24
20250410,광진구,2025040920,20.0,8.0,53.125,30.0,1.2541666666666669,24,24,24
20250410,구로구,2025040920,19.0,8.0,56.041666666666664,30.0,1.3458333333333332,24,24,24
20250410,금천구,2025040920,18.0,7.0,61.458333333333336,30.0,1.2875,24,24,24
20250410,노원구,2025040920,20.0,6.0,57.916666666666664,30.0,1.2916666666666667,24,24,24
20250410,도봉구,2025040920,20.0,6.0,57.916666666666664,30.0,1.2916666666666667,24,24,24
20250410,동대문구,2025040920,20.0,8.0,54.375,30.0,1.2333333333333334,24,24,24
20250410,동작구,2025040920,19.0,7.0,58.333333333333336,30.0,1.2708333333333333,24,24,24
20250410,마포구,2025040920,19.0,8.0,56.458333333333336,30.0,1.2666666666666666,24,24,24
20250410,서대문구,2025040920,19.0,8.0,56.458333333333336,30.0,1.2666666666666666,24,24,24
20250410,서초구,2025040920,20.0,8.0,55.416666666666664,30.0,1.2375,24,24,24
20250410,성동구,2025040920,20.0,9.0,54.166666666666664,30.0,1.2333333333333334,24,24,24
20250410,성북구,2025040920,17.0,5.0,57.083333333333336,30.0,1.2375,24,24,24
20250410,송파구,2025040920,20.0,8.0,53.541666666666664,30.0,1.25,24,24,24
20250410,양천구,2025040920,19.0,7.0,57.916666666666664,30.0,1.3125,24,24,24
20250410,영등포구,2025040920,19.0,8.0,56.666666666666664,30.0,1.2666666666666668,24,24,24
20250410,용산구,2025040920,19.0,8.0,56.041666666666664,30.0,1.2208333333333334,24,24,24
20250410,은평구,2025040920,20.0,7.0,58.75,30.0,1.275,24,24,24
20250410,종로구,2025040920,19.0,9.0,57.916666666666664,30.0,1.2166666666666666,24,24,24
20250410,중구,2025040920,19.0,9.0,57.916666666666664,30.0,1.2166666666666666,24,24,24
20250410,중랑구,2025040920,20.0,7.0,54.166666666666664,30.0,1.2583333333333335,24,24,24
20250411,강남구,2025041020,24.0,8.0,54.791666666666664,0.0,1.175,24,24,24
20250411,강동구,2025041020,24.0,8.0,53.333333333333336,0.0,1.1166666666666665,24,24,24
20250411,강북구,2025041020,21.0,5.0,55.208333333333336,0.0,1.175,24,24,24
20250411,강서구,2025041020,22.0,6.0,60.833333333333336,0.0,1.3,24,24,24
20250411,관악구,2025041020,23.0,8.0,58.125,0.0,1.2083333333333333,24,24,24
20250411,광진구,2025041020,24.0,9.0,51.25,0.0,1.1333333333333333,24,24,24
20250411,구로구,2025041020,22.0,8.0,57.5,0.0,1.225,24,24,24
20250411,금천구,2025041020,22.0,7.0,61.25,0.0,1.2083333333333333,24,24,24
20250411,노원구,2025041020,24.0,7.0,55.416666666666664,0.0,1.15,24,24,24
20250411,도봉구,2025041020,24.0,7.0,55.416666666666664,0.0,1.15,24,24,24
20250411,동대문구,2025041020,23.0,9.0,52.5,0.0,1.1666666666666667,24,24,24
20250411,동작구,2025041020,23.0,8.0,58.125,0.0,1.2083333333333333,24,24,24
20250411,마포구,2025041020,23.0,8.0,55.833333333333336,0.0,1.2125,24,24,24
20250411,서대문구,2025041020,23.0,8.0,55.833333333333336,0.0,1.2125,24,24,24
20250411,서초구,2025041020,24.0,8.0,54.791666666666664,0.0,1.175,24,24,24
20250411,성동구,2025041020,24.0,8.0,51.875,0.0,1.1833333333333331,24,24,24
20250411,성북구,2025041020,21.0,5.0,55.208333333333336,0.0,1.175,24,24,24
20250411,송파구,2025041020,24.0,9.0,52.5,0.0,1.1375,24,24,24
20250411,양천구,2025041020,22.0,8.0,57.291666666666664,0.0,1.2375,24,24,24
20250411,영등포구,2025041020,23.0,8.0,56.25,0.0,1.2125,24,24,24
20250411,용산구,2025041020,23.0,8.0,55.208333333333336,0.0,1.2083333333333333,24,24,24
20250411,은평구,2025041020,23.0,7.0,57.5,0.0,1.2,24,24,24
20250411,종로구,2025041020,23.0,8.0,55.208333333333336,0.0,1.1958333333333335,24,24,24
20250411,중구,2025041020,23.0,8.0,55.208333333333336,0.0,1.1958333333333335,24,24,24
20250411,중랑구,2025041020,24.0,8.0,51.875,0.0,1.15,24,24,24
20250412,강남구,2025041120,20.0,12.0,57.708333333333336,65.0,5.908333333333334,24,24,24
20250412,강동구,2025041120,20.0,11.0,57.5,65.0,5.708333333333333,24,24,24
20250412,강북구,2025041120,17.0,9.0,59.583333333333336,67.0,5.595833333333334,24,24,24
20250412,강서구,2025041120,20.0,10.0,65.20833333333333,66.0,6.129166666666666,24,24,24
20250412,관악구,2025041120,19.0,11.0,60.0,64.0,5.954166666666667,24,24,24
20250412,광진구,2025041120,19.0,12.0,55.833333333333336,65.0,5.708333333333333,24,24,24
20250412,구로구,2025041120,19.0,11.0,58.125,66.0,6.058333333333334,24,24,24
20250412,금천구,2025041120,19.0,11.0,62.291666666666664,64.0,6.108333333333334,24,24,24
20250412,노원구,2025041120,20.0,10.0,60.208333333333336,68.0,5.579166666666666,24,24,24
20250412,도봉구,2025041120,20.0,10.0,60.208333333333336,68.0,5.579166666666666,24,24,24
20250412,동대문구,2025041120,20.0,12.0,57.291666666666664,67.0,5.575,24,24,24
20250412,동작구,2025041120,19.0,11.0,60.0,64.0,5.954166666666667,24,24,24
20250412,마포구,2025041120,19.0,12.0,59.791666666666664,65.0,5.712500000000001,24,24,24
20250412,서대문구,2025041120,19.0,12.0,59.791666666666664,65.0,5.712500000000001,24,24,24
20250412,서초구,2025041120,20.0,12.0,57.708333333333336,65.0,5.908333333333334,24,24,24
20250412,성동구,2025041120,20.0,12.0,56.458333333333336,66.0,5.675,24,24,24
20250412,성북구,2025041120,17.0,9.0,59.583333333333336,67.0,5.595833333333334,24,24,24
20250412,송파구,2025041120,20.0,12.0,56.458333333333336,64.0,5.883333333333333,24,24,24
20250412,양천구,2025041120,19.0,11.0,60.0,65.0,5.9750000000000005,24,24,24
20250412,영등포구,2025041120,19.0,12.0,59.166666666666664,64.0,5.791666666666667,24,24,24
20250412,용산구,2025041120,19.0,12.0,58.125,65.0,5.724999999999999,24,24,24
20250412,은평구,2025041120,19.0,11.0,60.416666666666664,65.0,5.691666666666666,24,24,24
20250412,종로구,2025041120,20.0,13.0,58.958333333333336,66.0,5.587500000000001,24,24,24
20250412,중구,2025041120,20.0,13.0,58.958333333333336,66.0,5.587500000000001,24,24,24
20250412,중랑구,2025041120,20.0,11.0,57.083333333333336,66.0,5.604166666666667,24,24,24
20250413,강남구,2025041220,10.0,3.0,59.375,60.0,8.545833333333333,24,24,24
20250413,강동구,2025041220,9.0,3.0,60.0,60.0,8.458333333333334,24,24,24
20250413,강북구,2025041220,7.0,0.0,63.75,60.0,8.491666666666667,24,24,24
20250413,강서구,2025041220,10.0,3.0,64.375,60.0,9.033333333333331,24,24,24
20250413,관악구,2025041220,10.0,3.0,61.458333333333336,60.0,8.725,24,24,24
20250413,광진구,2025041220,10.0,3.0,57.708333333333336,60.0,8.483333333333334,24,24,24
20250413,구로구,2025041220,10.0,4.0,57.916666666666664,60.0,8.779166666666667,24,24,24
20250413,금천구,2025041220,9.0,3.0,63.125,60.0,8.820833333333333,24,24,24
20250413,노원구,2025041220,9.0,1.0,65.20833333333333,60.0,8.516666666666667,24,24,24
20250413,도봉구,2025041220,9.0,1.0,65.20833333333333,60.0,8.516666666666667,24,24,24
20250413,동대문구,2025041220,10.0,3.0,59.583333333333336,60.0,8.429166666666667,24,24,24
20250413,동작구,2025041220,10.0,3.0,61.458333333333336,60.0,8.725,24,24,24
20250413,마포구,2025041220,9.0,3.0,61.666666666666664,60.0,8.5875,24,24,24
20250413,서대문구,2025041220,9.0,3.0,61.666666666666664,60.0,8.5875,24,24,24
20250413,서초구,2025041220,10.0,3.0,59.375,60.0,8.545833333333333,24,24,24
20250413,성동구,2025041220,9.0,3.0,58.125,60.0,8.379166666666665,24,24,24
20250413,성북구,2025041220,7.0,0.0,63.75,60.0,8.491666666666667,24,24,24
20250413,송파구,2025041220,10.0,3.0,57.916666666666664,60.0,8.520833333333334,24,24,24
20250413,양천구,2025041220,10.0,3.0,61.041666666666664,60.0,8.820833333333333,24,24,24
20250413,영등포구,2025041220,10.0,3.0,60.625,60.0,8.654166666666667,24,24,24
20250413,용산구,2025041220,10.0,3.0,60.208333333333336,60.0,8.520833333333334,24,24,24
20250413,은평구,2025041220,9.0,2.0,63.958333333333336,60.0,8.579166666666667,24,24,24
20250413,종로구,2025041220,9.0,2.0,61.041666666666664,60.0,8.320833333333335,24,24,24
20250413,중구,2025041220,9.0,2.0,61.041666666666664,60.0,8.320833333333335,24,24,24
20250413,중랑구,2025041220,10.0,3.0,60.0,60.0,8.466666666666667,24,24,24
20250414,강남구,2025041320,10.0,3.0,70.83333333333333,60.0,2.8666666666666667,24,24,24
20250414,강동구,2025041320,10.0,3.0,71.875,60.0,2.829166666666667,24,24,24
20250414,강북구,2025041320,7.0,0.0,72.70833333333333,60.0,2.775,24,24,24
20250414,강서구,2025041320,10.0,3.0,75.20833333333333,60.0,3.1333333333333333,24,24,24
20250414,관악구,2025041320,9.0,4.0,71.875,60.0,2.8874999999999997,24,24,24
20250414,광진구,2025041320,9.0,4.0,70.625,60.0,2.8249999999999997,24,24,24
20250414,구로구,2025041320,10.0,4.0,67.5,60.0,2.908333333333333,24,24,24
20250414,금천구,2025041320,9.0,3.0,75.41666666666667,60.0,2.8166666666666664,24,24,24
20250414,노원구,2025041320,10.0,2.0,74.58333333333333,60.0,2.7458333333333336,24,24,24
20250414,도봉구,2025041320,10.0,2.0,74.58333333333333,60.0,2.7458333333333336,24,24,24
20250414,동대문구,2025041320,9.0,4.0,71.45833333333333,60.0,2.775,24,24,24
20250414,동작구,2025041320,9.0,4.0,71.875,60.0,2.8874999999999997,24,24,24
20250414,마포구,2025041320,9.0,3.0,71.66666666666667,60.0,2.8874999999999997,24,24,24
20250414,서대문구,2025041320,9.0,3.0,71.66666666666667,60.0,2.8874999999999997,24,24,24
20250414,서초구,2025041320,10.0,3.0,70.83333333333333,60.0,2.8666666666666667,24,24,24
20250414,성동구,2025041320,9.0,3.0,70.625,60.0,2.8375000000000004,24,24,24
20250414,성북구,2025041320,7.0,0.0,72.70833333333333,60.0,2.775,24,24,24
20250414,송파구,2025041320,10.0,4.0,69.79166666666667,60.0,2.8541666666666665,24,24,24
20250414,양천구,2025041320,9.0,4.0,71.45833333333333,60.0,2.9416666666666664,24,24,24
20250414,영등포구,2025041320,9.0,4.0,70.83333333333333,60.0,2.8791666666666664,24,24,24
20250414,용산구,2025041320,9.0,3.0,71.04166666666667,60.0,2.858333333333333,24,24,24
20250414,은평구,2025041320,9.0,2.0,73.75,60.0,2.9125,24,24,24
20250414,종로구,2025041320,10.0,4.0,74.375,60.0,2.795833333333333,24,24,24
20250414,중구,2025041320,10.0,4.0,74.375,60.0,2.795833333333333,24,24,24
20250414,중랑구,2025041320,9.0,3.0,71.25,60.0,2.779166666666667,24,24,24
20250415,강남구,2025041420,14.0,2.0,63.125,30.0,2.720833333333333,24,24,24
20250415,강동구,2025041420,15.0,2.0,63.75,30.0,2.720833333333333,24,24,24
20250415,강북구,2025041420,13.0,-1.0,65.0,30.0,2.4791666666666665,24,24,24
20250415,강서구,2025041420,14.0,2.0,68.75,30.0,2.779166666666667,24,24,24
20250415,관악구,2025041420,14.0,2.0,65.20833333333333,30.0,2.7249999999999996,24,24,24
20250415,광진구,2025041420,14.0,3.0,62.5,30.0,2.6666666666666665,24,24,24
20250415,구로구,2025041420,13.0,3.0,63.125,30.0,2.7708333333333335,24,24,24
20250415,금천구,2025041420,13.0,2.0,68.125,30.0,2.7875,24,24,24
20250415,노원구,2025041420,15.0,1.0,64.79166666666667,30.0,2.4916666666666667,24,24,24
20250415,도봉구,2025041420,15.0,1.0,64.79166666666667,30.0,2.4916666666666667,24,24,24
20250415,동대문구,2025041420,15.0,2.0,63.333333333333336,30.0,2.5666666666666664,24,24,24
20250415,동작구,2025041420,14.0,2.0,65.20833333333333,30.0,2.7249999999999996,24,24,24
20250415,마포구,2025041420,14.0,2.0,64.58333333333333,30.0,2.6,24,24,24
20250415,서대문구,2025041420,14.0,2.0,64.58333333333333,30.0,2.6,24,24,24
20250415,서초구,2025041420,14.0,2.0,63.125,30.0,2.720833333333333,24,24,24
20250415,성동구,2025041420,14.0,3.0,62.916666666666664,30.0,2.654166666666667,24,24,24
20250415,성북구,2025041420,13.0,-1.0,65.0,30.0,2.4791666666666665,24,24,24
20250415,송파구,2025041420,14.0,3.0,63.125,30.0,2.733333333333333,24,24,24
20250415,양천구,2025041420,14.0,2.0,65.41666666666667,30.0,2.6999999999999997,24,24,24
20250415,영등포구,2025041420,14.0,2.0,64.375,30.0,2.641666666666666,24,24,24
20250415,용산구,2025041420,14.0,2.0,63.958333333333336,30.0,2.6333333333333333,24,24,24
20250415,은평구,2025041420,15.0,1.0,66.66666666666667,30.0,2.529166666666667,24,24,24
20250415,종로구,2025041420,14.0,2.0,66.04166666666667,30.0,2.5208333333333335,24,24,24
20250415,중구,2025041420,14.0,2.0,66.04166666666667,30.0,2.5208333333333335,24,24,24
20250415,중랑구,2025041420,15.0,2.0,62.916666666666664,30.0,2.6125000000000003,24,24,24
20250416,강남구,2025041520,23.0,5.0,59.583333333333336,30.0,2.029166666666667,24,24,24
20250416,강동구,2025041520,23.0,5.0,59.791666666666664,30.0,1.9958333333333336,24,24,24
20250416,강북구,2025041520,20.0,2.0,61.25,30.0,1.9833333333333336,24,24,24
20250416,강서구,2025041520,22.0,4.0,65.625,30.0,2.2458333333333336,24,24,24
20250416,관악구,2025041520,22.0,5.0,62.291666666666664,30.0,2.1,24,24,24
20250416,광진구,2025041520,23.0,6.0,58.333333333333336,30.0,2.0124999999999997,24,24,24
20250416,구로구,2025041520,22.0,6.0,60.416666666666664,30.0,2.1374999999999997,24,24,24
20250416,금천구,2025041520,22.0,4.0,64.58333333333333,30.0,2.1166666666666667,24,24,24
20250416,노원구,2025041520,23.0,4.0,61.458333333333336,30.0,1.9833333333333336,24,24,24
20250416,도봉구,2025041520,23.0,4.0,61.458333333333336,30.0,1.9833333333333336,24,24,24
20250416,동대문구,2025041520,23.0,6.0,58.958333333333336,30.0,1.975,24,24,24
20250416,동작구,2025041520,22.0,5.0,62.291666666666664,30.0,2.1,24,24,24
20250416,마포구,2025041520,22.0,5.0,61.458333333333336,30.0,2.0541666666666667,24,24,24
20250416,서대문구,2025041520,22.0,5.0,61.458333333333336,30.0,2.0541666666666667,24,24,24
20250416,서초구,2025041520,23.0,5.0,59.583333333333336,30.0,2.029166666666667,24,24,24
20250416,성동구,2025041520,23.0,5.0,57.916666666666664,30.0,2.0124999999999997,24,24,24
20250416,성북구,2025041520,20.0,2.0,61.25,30.0,1.9833333333333336,24,24,24
20250416,송파구,2025041520,23.0,6.0,58.75,30.0,2.025,24,24,24
20250416,양천구,2025041520,22.0,5.0,62.083333333333336,30.0,2.1166666666666667,24,24,24
20250416,영등포구,2025041520,22.0,6.0,61.25,30.0,2.0625,24,24,24
20250416,용산구,2025041520,23.0,5.0,60.833333333333336,30.0,2.025,24,24,24
20250416,은평구,2025041520,22.0,4.0,63.125,30.0,2.0375,24,24,24
20250416,종로구,2025041520,22.0,6.0,61.041666666666664,30.0,1.9875,24,24,24
20250416,중구,2025041520,22.0,6.0,61.041666666666664,30.0,1.9875,24,24,24
20250416,중랑구,2025041520,23.0,5.0,57.916666666666664,30.0,1.9875,24,24,24
20250417,강남구,2025041620,25.0,14.0,70.625,30.0,4.016666666666667,24,24,24
20250417,강동구,2025041620,25.0,13.0,70.83333333333333,30.0,3.4666666666666663,24,24,24
20250417,강북구,2025041620,22.0,11.0,72.08333333333333,30.0,3.6749999999999994,24,24,24
20250417,강서구,2025041620,23.0,13.0,75.625,30.0,4.45,24,24,24
20250417,관악구,2025041620,24.0,14.0,71.875,30.0,4.4875,24,24,24
20250417,광진구,2025041620,25.0,14.0,68.54166666666667,30.0,3.4791666666666665,24,24,24
20250417,구로구,2025041620,23.0,15.0,69.79166666666667,30.0,4.7250000000000005,24,24,24
20250417,금천구,2025041620,24.0,13.0,73.95833333333333,30.0,4.75,24,24,24
20250417,노원구,2025041620,25.0,13.0,72.5,30.0,3.7083333333333335,24,24,24
20250417,도봉구,2025041620,25.0,13.0,72.5,30.0,3.7083333333333335,24,24,24
20250417,동대문구,2025041620,25.0,14.0,70.41666666666667,30.0,3.404166666666667,24,24,24
20250417,동작구,2025041620,24.0,14.0,71.875,30.0,4.4875,24,24,24
20250417,마포구,2025041620,24.0,14.0,72.08333333333333,30.0,3.8875,24,24,24
20250417,서대문구,2025041620,24.0,14.0,72.08333333333333,30.0,3.8875,24,24,24
20250417,서초구,2025041620,25.0,14.0,70.625,30.0,4.016666666666667,24,24,24
20250417,성동구,2025041620,25.0,13.0,69.375,30.0,3.6791666666666663,24,24,24
20250417,성북구,2025041620,22.0,11.0,72.08333333333333,30.0,3.6749999999999994,24,24,24
20250417,송파구,2025041620,25.0,14.0,68.95833333333333,30.0,3.85,24,24,24
20250417,양천구,2025041620,23.0,14.0,71.66666666666667,30.0,4.433333333333334,24,24,24
20250417,영등포구,2025041620,24.0,14.0,71.45833333333333,30.0,4.195833333333333,24,24,24
20250417,용산구,2025041620,24.0,14.0,71.45833333333333,30.0,3.9,24,24,24
20250417,은평구,2025041620,24.0,13.0,72.91666666666667,30.0,3.9333333333333336,24,24,24
20250417,종로구,2025041620,24.0,14.0,72.08333333333333,30.0,3.633333333333333,24,24,24
20250417,중구,2025041620,24.0,14.0,72.08333333333333,30.0,3.633333333333333,24,24,24
20250417,중랑구,2025041620,25.0,14.0,69.58333333333333,30.0,3.204166666666667,24,24,24
20250418,강남구,2025041720,23.0,14.0,68.125,30.0,1.7833333333333332,24,24,24
20250418,강동구,2025041720,24.0,14.0,67.08333333333333,30.0,1.8,24,24,24
20250418,강북구,2025041720,21.0,10.0,69.375,30.0,1.6958333333333335,24,24,24
20250418,강서구,2025041720,21.0,11.0,75.0,30.0,1.8333333333333333,24,24,24
20250418,관악구,2025041720,22.0,13.0,71.875,30.0,1.8083333333333331,24,24,24
20250418,광진구,2025041720,23.0,14.0,64.79166666666667,30.0,1.7875,24,24,24
20250418,구로구,2025041720,21.0,13.0,70.625,30.0,1.825,24,24,24
20250418,금천구,2025041720,21.0,13.0,73.75,30.0,1.7833333333333332,24,24,24
20250418,노원구,2025041720,23.0,12.0,69.58333333333333,30.0,1.7375,24,24,24
20250418,도봉구,2025041720,23.0,12.0,69.58333333333333,30.0,1.7375,24,24,24
20250418,동대문구,2025041720,23.0,14.0,66.04166666666667,30.0,1.7166666666666668,24,24,24
20250418,동작구,2025041720,22.0,13.0,71.875,30.0,1.8083333333333331,24,24,24
20250418,마포구,2025041720,22.0,13.0,70.20833333333333,30.0,1.7333333333333334,24,24,24
20250418,서대문구,2025041720,22.0,13.0,70.20833333333333,30.0,1.7333333333333334,24,24,24
20250418,서초구,2025041720,23.0,14.0,68.125,30.0,1.7833333333333332,24,24,24
20250418,성동구,2025041720,23.0,14.0,65.41666666666667,30.0,1.7625,24,24,24
20250418,성북구,2025041720,21.0,10.0,69.375,30.0,1.6958333333333335,24,24,24
20250418,송파구,2025041720,23.0,14.0,65.41666666666667,30.0,1.7875,24,24,24
20250418,양천구,2025041720,21.0,12.0,71.875,30.0,1.7833333333333332,24,24,24
20250418,영등포구,2025041720,22.0,13.0,70.83333333333333,30.0,1.7708333333333333,24,24,24
20250418,용산구,2025041720,22.0,13.0,69.375,30.0,1.7625,24,24,24
20250418,은평구,2025041720,23.0,12.0,71.45833333333333,30.0,1.7208333333333332,24,24,24
20250418,종로구,2025041720,22.0,14.0,69.79166666666667,30.0,1.7250000000000003,24,24,24
20250418,중구,2025041720,22.0,14.0,69.79166666666667,30.0,1.7250000000000003,24,24,24
20250418,중랑구,2025041720,23.0,14.0,65.625,30.0,1.7791666666666666,24,24,24
20250419,강남구,2025041820,19.0,16.0,82.5,63.0,2.4250000000000003,24,24,24
20250419,강동구,2025041820,20.0,16.0,82.08333333333333,64.0,2.4458333333333333,24,24,24
20250419,강북구,2025041820,16.0,12.0,85.625,67.0,2.3291666666666666,24,24,24
20250419,강서구,2025041820,18.0,14.0,88.75,67.0,2.625,24,24,24
20250419,관악구,2025041820,19.0,15.0,85.20833333333333,62.0,2.4875,24,24,24
20250419,광진구,2025041820,19.0,16.0,80.83333333333333,65.0,2.4250000000000003,24,24,24
20250419,구로구,2025041820,18.0,16.0,82.08333333333333,63.0,2.5375,24,24,24
20250419,금천구,2025041820,18.0,15.0,87.08333333333333,60.0,2.5,24,24,24
20250419,노원구,2025041820,18.0,14.0,85.20833333333333,64.0,2.3791666666666664,24,24,24
20250419,도봉구,2025041820,18.0,14.0,85.20833333333333,64.0,2.3791666666666664,24,24,24
20250419,동대문구,2025041820,19.0,16.0,83.125,67.0,2.3874999999999997,24,24,24
20250419,동작구,2025041820,19.0,15.0,85.20833333333333,62.0,2.4875,24,24,24
20250419,마포구,2025041820,18.0,15.0,84.79166666666667,67.0,2.441666666666667,24,24,24
20250419,서대문구,2025041820,18.0,15.0,84.79166666666667,67.0,2.441666666666667,24,24,24
20250419,서초구,2025041820,19.0,16.0,82.5,63.0,2.4250000000000003,24,24,24
20250419,성동구,2025041820,19.0,15.0,81.45833333333333,65.0,2.408333333333333,24,24,24
20250419,성북구,2025041820,16.0,12.0,85.625,67.0,2.3291666666666666,24,24,24
20250419,송파구,2025041820,20.0,16.0,81.25,64.0,2.441666666666667,24,24,24
20250419,양천구,2025041820,18.0,15.0,84.58333333333333,65.0,2.5083333333333333,24,24,24
20250419,영등포구,2025041820,18.0,15.0,84.58333333333333,64.0,2.4583333333333335,24,24,24
20250419,용산구,2025041820,19.0,15.0,84.16666666666667,65.0,2.4208333333333334,24,24,24
20250419,은평구,2025041820,18.0,14.0,86.25,66.0,2.420833333333333,24,24,24
20250419,종로구,2025041820,18.0,15.0,85.20833333333333,67.0,2.3708333333333336,24,24,24
20250419,중구,2025041820,18.0,15.0,85.20833333333333,67.0,2.3708333333333336,24,24,24
20250419,중랑구,2025041820,19.0,16.0,82.08333333333333,67.0,2.408333333333333,24,24,24
20250420,강남구,2025041920,24.0,11.0,60.833333333333336,0.0,1.3458333333333332,24,24,24
20250420,강동구,2025041920,25.0,10.0,59.375,20.0,1.3333333333333333,24,24,24
20250420,강북구,2025041920,22.0,8.0,60.833333333333336,20.0,1.3708333333333331,24,24,24
20250420,강서구,2025041920,23.0,9.0,66.04166666666667,0.0,1.45,24,24,24
20250420,관악구,2025041920,24.0,10.0,63.75,0.0,1.3833333333333335,24,24,24
20250420,광진구,2025041920,24.0,11.0,57.083333333333336,20.0,1.3458333333333332,24,24,24
20250420,구로구,2025041920,23.0,10.0,63.541666666666664,0.0,1.4333333333333336,24,24,24
20250420,금천구,2025041920,23.0,10.0,66.66666666666667,0.0,1.3791666666666664,24,24,24
20250420,노원구,2025041920,25.0,9.0,60.208333333333336,20.0,1.3791666666666669,24,24,24
20250420,도봉구,2025041920,25.0,9.0,60.208333333333336,20.0,1.3791666666666669,24,24,24
20250420,동대문구,2025041920,24.0,11.0,58.541666666666664,20.0,1.3541666666666667,24,24,24
20250420,동작구,2025041920,24.0,10.0,63.75,0.0,1.3833333333333335,24,24,24
20250420,마포구,2025041920,24.0,10.0,62.291666666666664,20.0,1.3833333333333335,24,24,24
20250420,서대문구,2025041920,24.0,10.0,62.291666666666664,20.0,1.3833333333333335,24,24,24
20250420,서초구,2025041920,24.0,11.0,60.833333333333336,0.0,1.3458333333333332,24,24,24
20250420,성동구,2025041920,25.0,11.0,58.125,20.0,1.3541666666666667,24,24,24
20250420,성북구,2025041920,22.0,8.0,60.833333333333336,20.0,1.3708333333333331,24,24,24
20250420,송파구,2025041920,25.0,11.0,59.166666666666664,20.0,1.3375,24,24,24
20250420,양천구,2025041920,23.0,10.0,62.708333333333336,0.0,1.425,24,24,24
20250420,영등포구,2025041920,24.0,10.0,62.083333333333336,0.0,1.3958333333333333,24,24,24
20250420,용산구,2025041920,24.0,10.0,61.25,20.0,1.3791666666666669,24,24,24
20250420,은평구,2025041920,24.0,10.0,64.16666666666667,20.0,1.3875000000000002,24,24,24
20250420,종로구,2025041920,24.0,11.0,60.625,20.0,1.375,24,24,24
20250420,중구,2025041920,24.0,11.0,60.625,20.0,1.375,24,24,24
20250420,중랑구,2025041920,24.0,10.0,57.916666666666664,20.0,1.3458333333333332,24,24,24
20250421,강남구,2025042020,27.0,13.0,60.0,20.0,1.7333333333333332,24,24,24
20250421,강동구,2025042020,26.0,13.0,58.958333333333336,20.0,1.7749999999999997,24,24,24
20250421,강북구,2025042020,24.0,11.0,61.041666666666664,20.0,1.7,24,24,24
20250421,강서구,2025042020,26.0,12.0,66.66666666666667,20.0,1.6625000000000003,24,24,24
20250421,관악구,2025042020,26.0,13.0,62.708333333333336,20.0,1.6666666666666667,24,24,24
20250421,광진구,2025042020,26.0,13.0,58.333333333333336,20.0,1.7583333333333335,24,24,24
20250421,구로구,2025042020,26.0,13.0,60.833333333333336,20.0,1.6125,24,24,24
20250421,금천구,2025042020,25.0,12.0,65.625,20.0,1.6458333333333333,24,24,24
20250421,노원구,2025042020,26.0,12.0,61.875,20.0,1.725,24,24,24
20250421,도봉구,2025042020,26.0,12.0,61.875,20.0,1.725,24,24,24
20250421,동대문구,2025042020,26.0,13.0,59.375,20.0,1.725,24,24,24
20250421,동작구,2025042020,26.0,13.0,62.708333333333336,20.0,1.6666666666666667,24,24,24
20250421,마포구,2025042020,26.0,13.0,61.041666666666664,20.0,1.6833333333333336,24,24,24
20250421,서대문구,2025042020,26.0,13.0,61.041666666666664,20.0,1.6833333333333336,24,24,24
20250421,서초구,2025042020,27.0,13.0,60.0,20.0,1.7333333333333332,24,24,24
20250421,성동구,2025042020,26.0,14.0,59.166666666666664,20.0,1.7375,24,24,24
20250421,성북구,2025042020,24.0,11.0,61.041666666666664,20.0,1.7,24,24,24
20250421,송파구,2025042020,26.0,14.0,58.958333333333336,20.0,1.7708333333333333,24,24,24
20250421,양천구,2025042020,26.0,12.0,63.333333333333336,20.0,1.6333333333333335,24,24,24
20250421,영등포구,2025042020,26.0,13.0,60.625,20.0,1.6833333333333331,24,24,24
20250421,용산구,2025042020,26.0,13.0,60.833333333333336,20.0,1.7166666666666668,24,24,24
20250421,은평구,2025042020,26.0,13.0,63.333333333333336,20.0,1.6916666666666664,24,24,24
20250421,종로구,2025042020,26.0,14.0,63.125,20.0,1.7041666666666666,24,24,24
20250421,중구,2025042020,26.0,14.0,63.125,20.0,1.7041666666666666,24,24,24
20250421,중랑구,2025042020,26.0,13.0,58.958333333333336,20.0,1.7583333333333335,24,24,24
20250422,강남구,2025042120,20.0,17.0,81.45833333333333,88.0,2.775,24,24,24
20250422,강동구,2025042120,20.0,16.0,80.41666666666667,88.0,2.608333333333334,24,24,24
20250422,강북구,2025042120,17.0,14.0,83.75,77.0,2.5291666666666663,24,24,24
20250422,강서구,2025042120,19.0,16.0,87.70833333333333,79.0,2.7708333333333335,24,24,24
20250422,관악구,2025042120,19.0,17.0,83.33333333333333,80.0,2.9083333333333337,24,24,24
20250422,광진구,2025042120,20.0,17.0,79.58333333333333,85.0,2.6374999999999997,24,24,24
20250422,구로구,2025042120,19.0,17.0,82.08333333333333,80.0,3.0,24,24,24
20250422,금천구,2025042120,19.0,16.0,86.04166666666667,88.0,3.0375,24,24,24
20250422,노원구,2025042120,19.0,16.0,85.0,80.0,2.525,24,24,24
20250422,도봉구,2025042120,19.0,16.0,85.0,80.0,2.525,24,24,24
20250422,동대문구,2025042120,19.0,17.0,81.45833333333333,76.0,2.620833333333333,24,24,24
20250422,동작구,2025042120,19.0,17.0,83.33333333333333,80.0,2.9083333333333337,24,24,24
20250422,마포구,2025042120,19.0,16.0,83.95833333333333,77.0,2.6374999999999997,24,24,24
20250422,서대문구,2025042120,19.0,16.0,83.95833333333333,77.0,2.6374999999999997,24,24,24
20250422,서초구,2025042120,20.0,17.0,81.45833333333333,88.0,2.775,24,24,24
20250422,성동구,2025042120,20.0,16.0,79.16666666666667,82.0,2.6833333333333336,24,24,24
20250422,성북구,2025042120,17.0,14.0,83.75,77.0,2.5291666666666663,24,24,24
20250422,송파구,2025042120,20.0,17.0,79.58333333333333,92.0,2.7125000000000004,24,24,24
20250422,양천구,2025042120,19.0,17.0,83.54166666666667,79.0,2.8249999999999997,24,24,24
20250422,영등포구,2025042120,19.0,17.0,83.33333333333333,79.0,2.779166666666667,24,24,24
20250422,용산구,2025042120,19.0,17.0,82.91666666666667,79.0,2.725,24,24,24
20250422,은평구,2025042120,19.0,16.0,85.625,77.0,2.5374999999999996,24,24,24
20250422,종로구,2025042120,18.0,17.0,83.75,76.0,2.620833333333333,24,24,24
20250422,중구,2025042120,18.0,17.0,83.75,76.0,2.620833333333333,24,24,24
20250422,중랑구,2025042120,20.0,16.0,80.83333333333333,78.0,2.604166666666667,24,24,24
20250423,강남구,2025042220,25.0,13.0,59.583333333333336,0.0,1.5958333333333332,24,24,24
20250423,강동구,2025042220,25.0,13.0,58.125,20.0,1.7375,24,24,24
20250423,강북구,2025042220,23.0,10.0,61.458333333333336,0.0,1.554166666666667,24,24,24
20250423,강서구,2025042220,24.0,11.0,67.08333333333333,0.0,1.7124999999999997,24,24,24
20250423,관악구,2025042220,25.0,13.0,62.083333333333336,0.0,1.6166666666666665,24,24,24
20250423,광진구,2025042220,25.0,13.0,56.25,0.0,1.6708333333333334,24,24,24
20250423,구로구,2025042220,24.0,13.0,60.416666666666664,0.0,1.65,24,24,24
20250423,금천구,2025042220,24.0,12.0,65.625,0.0,1.625,24,24,24
20250423,노원구,2025042220,25.0,11.0,61.25,0.0,1.65,24,24,24
20250423,도봉구,2025042220,25.0,11.0,61.25,0.0,1.65,24,24,24
20250423,동대문구,2025042220,25.0,13.0,58.75,0.0,1.5916666666666668,24,24,24
20250423,동작구,2025042220,25.0,13.0,62.083333333333336,0.0,1.6166666666666665,24,24,24
20250423,마포구,2025042220,25.0,13.0,61.875,0.0,1.6041666666666667,24,24,24
20250423,서대문구,2025042220,25.0,13.0,61.875,0.0,1.6041666666666667,24,24,24
20250423,서초구,2025042220,25.0,13.0,59.583333333333336,0.0,1.5958333333333332,24,24,24
20250423,성동구,2025042220,25.0,13.0,57.708333333333336,0.0,1.6208333333333336,24,24,24
20250423,성북구,2025042220,23.0,10.0,61.458333333333336,0.0,1.554166666666667,24,24,24
20250423,송파구,2025042220,25.0,13.0,57.5,20.0,1.6541666666666668,24,24,24
20250423,양천구,2025042220,24.0,13.0,62.083333333333336,0.0,1.6208333333333336,24,24,24
20250423,영등포구,2025042220,25.0,13.0,61.041666666666664,0.0,1.6,24,24,24
20250423,용산구,2025042220,25.0,13.0,60.0,0.0,1.5625,24,24,24
20250423,은평구,2025042220,25.0,11.0,62.916666666666664,0.0,1.5958333333333332,24,24,24
20250423,종로구,2025042220,25.0,13.0,61.041666666666664,0.0,1.5625,24,24,24
20250423,중구,2025042220,25.0,13.0,61.041666666666664,0.0,1.5625,24,24,24
20250423,중랑구,2025042220,25.0,13.0,57.291666666666664,0.0,1.675,24,24,24
20250424,강남구,2025042320,20.0,11.0,55.416666666666664,0.0,2.433333333333333,24,24,24
20250424,강동구,2025042320,21.0,11.0,53.541666666666664,0.0,2.4375,24,24,24
20250424,강북구,2025042320,18.0,8.0,54.375,0.0,2.3125,24,24,24
20250424,강서구,2025042320,20.0,10.0,59.583333333333336,0.0,2.533333333333333,24,24,24
20250424,관악구,2025042320,20.0,11.0,57.916666666666664,0.0,2.4791666666666665,24,24,24
20250424,광진구,2025042320,21.0,11.0,52.291666666666664,0.0,2.433333333333333,24,24,24
20250424,구로구,2025042320,19.0,11.0,55.208333333333336,0.0,2.4958333333333336,24,24,24
20250424,금천구,2025042320,19.0,10.0,60.416666666666664,0.0,2.4625,24,24,24
20250424,노원구,2025042320,21.0,9.0,54.583333333333336,0.0,2.3249999999999997,24,24,24
20250424,도봉구,2025042320,21.0,9.0,54.583333333333336,0.0,2.3249999999999997,24,24,24
20250424,동대문구,2025042320,21.0,11.0,53.333333333333336,0.0,2.3666666666666667,24,24,24
20250424,동작구,2025042320,20.0,11.0,57.916666666666664,0.0,2.4791666666666665,24,24,24
20250424,마포구,2025042320,20.0,10.0,55.833333333333336,0.0,2.3833333333333333,24,24,24
20250424,서대문구,2025042320,20.0,10.0,55.833333333333336,0.0,2.3833333333333333,24,24,24
20250424,서초구,2025042320,20.0,11.0,55.416666666666664,0.0,2.433333333333333,24,24,24
20250424,성동구,2025042320,20.0,11.0,52.708333333333336,0.0,2.4125,24,24,24
20250424,성북구,2025042320,18.0,8.0,54.375,0.0,2.3125,24,24,24
20250424,송파구,2025042320,21.0,11.0,53.125,0.0,2.4458333333333333,24,24,24
20250424,양천구,2025042320,19.0,10.0,57.708333333333336,0.0,2.4458333333333333,24,24,24
20250424,영등포구,2025042320,20.0,11.0,56.666666666666664,0.0,2.441666666666667,24,24,24
20250424,용산구,2025042320,20.0,11.0,55.833333333333336,0.0,2.408333333333333,24,24,24
20250424,은평구,2025042320,21.0,10.0,56.25,0.0,2.3541666666666665,24,24,24
20250424,종로구,2025042320,20.0,11.0,55.0,0.0,2.35,24,24,24
20250424,중구,2025042320,20.0,11.0,55.0,0.0,2.35,24,24,24
20250424,중랑구,2025042320,21.0,11.0,51.875,0.0,2.3874999999999997,24,24,24
20250425,강남구,2025042420,18.0,8.0,40.416666666666664,0.0,2.6125,24,24,24
20250425,강동구,2025042420,18.0,7.0,38.75,0.0,2.6458333333333335,24,24,24
20250425,강북구,2025042420,16.0,4.0,38.958333333333336,0.0,2.5,24,24,24
20250425,강서구,2025042420,18.0,7.0,46.25,0.0,2.891666666666667,24,24,24
20250425,관악구,2025042420,17.0,8.0,43.541666666666664,0.0,2.6791666666666667,24,24,24
20250425,광진구,2025042420,18.0,8.0,36.666666666666664,0.0,2.6333333333333333,24,24,24
20250425,구로구,2025042420,17.0,9.0,41.666666666666664,0.0,2.75,24,24,24
20250425,금천구,2025042420,17.0,7.0,46.875,0.0,2.6791666666666667,24,24,24
20250425,노원구,2025042420,18.0,6.0,39.375,0.0,2.5,24,24,24
20250425,도봉구,2025042420,18.0,6.0,39.375,0.0,2.5,24,24,24
20250425,동대문구,2025042420,18.0,8.0,37.5,0.0,2.5541666666666667,24,24,24
20250425,동작구,2025042420,17.0,8.0,43.541666666666664,0.0,2.6791666666666667,24,24,24
20250425,마포구,2025042420,18.0,7.0,41.041666666666664,0.0,2.6416666666666666,24,24,24
20250425,서대문구,2025042420,18.0,7.0,41.041666666666664,0.0,2.6416666666666666,24,24,24
20250425,서초구,2025042420,18.0,8.0,40.416666666666664,0.0,2.6125,24,24,24
20250425,성동구,2025042420,18.0,9.0,37.916666666666664,0.0,2.6166666666666667,24,24,24
20250425,성북구,2025042420,16.0,4.0,38.958333333333336,0.0,2.5,24,24,24
20250425,송파구,2025042420,18.0,8.0,38.333333333333336,0.0,2.658333333333333,24,24,24
20250425,양천구,2025042420,17.0,8.0,42.083333333333336,0.0,2.7125,24,24,24
20250425,영등포구,2025042420,18.0,8.0,41.25,0.0,2.6375,24,24,24
20250425,용산구,2025042420,18.0,8.0,40.208333333333336,0.0,2.595833333333333,24,24,24
20250425,은평구,2025042420,18.0,6.0,40.625,0.0,2.6249999999999996,24,24,24
20250425,종로구,2025042420,18.0,7.0,41.041666666666664,0.0,2.545833333333333,24,24,24
20250425,중구,2025042420,18.0,7.0,41.041666666666664,0.0,2.545833333333333,24,24,24
20250425,중랑구,2025042420,18.0,7.0,36.666666666666664,0.0,2.6,24,24,24
20250426,강남구,2025042520,20.0,8.0,52.708333333333336,0.0,2.1625,24,24,24
20250426,강동구,2025042520,20.0,7.0,50.833333333333336,0.0,2.1416666666666666,24,24,24
20250426,강북구,2025042520,17.0,5.0,55.208333333333336,0.0,2.0541666666666667,24,24,24
20250426,강서구,2025042520,18.0,7.0,62.291666666666664,0.0,2.329166666666667,24,24,24
20250426,관악구,2025042520,19.0,9.0,56.25,0.0,2.2291666666666665,24,24,24
20250426,광진구,2025042520,20.0,9.0,48.75,0.0,2.1333333333333333,24,24,24
20250426,구로구,2025042520,18.0,10.0,55.0,0.0,2.275,24,24,24
20250426,금천구,2025042520,18.0,8.0,58.75,0.0,2.220833333333333,24,24,24
20250426,노원구,2025042520,20.0,6.0,55.625,0.0,2.033333333333333,24,24,24
20250426,도봉구,2025042520,20.0,6.0,55.625,0.0,2.033333333333333,24,24,24
20250426,동대문구,2025042520,20.0,9.0,52.083333333333336,0.0,2.108333333333334,24,24,24
20250426,동작구,2025042520,19.0,9.0,56.25,0.0,2.2291666666666665,24,24,24
20250426,마포구,2025042520,19.0,9.0,55.833333333333336,0.0,2.15,24,24,24
20250426,서대문구,2025042520,19.0,9.0,55.833333333333336,0.0,2.15,24,24,24
20250426,서초구,2025042520,20.0,8.0,52.708333333333336,0.0,2.1625,24,24,24
20250426,성동구,2025042520,21.0,9.0,48.958333333333336,0.0,2.1458333333333335,24,24,24
20250426,성북구,2025042520,17.0,5.0,55.208333333333336,0.0,2.0541666666666667,24,24,24
20250426,송파구,2025042520,20.0,9.0,50.0,0.0,2.175,24,24,24
20250426,양천구,2025042520,18.0,9.0,57.291666666666664,0.0,2.2458333333333336,24,24,24
20250426,영등포구,2025042520,19.0,9.0,54.583333333333336,0.0,2.154166666666667,24,24,24
20250426,용산구,2025042520,19.0,9.0,53.541666666666664,0.0,2.1541666666666663,24,24,24
20250426,은평구,2025042520,20.0,7.0,57.916666666666664,0.0,2.1,24,24,24
20250426,종로구,2025042520,19.0,8.0,54.583333333333336,0.0,2.1,24,24,24
20250426,중구,2025042520,19.0,8.0,54.583333333333336,0.0,2.1,24,24,24
20250426,중랑구,2025042520,20.0,8.0,50.625,0.0,2.0875,24,24,24
20250427,강남구,2025042620,21.0,11.0,49.791666666666664,30.0,4.0125,24,24,24
20250427,강동구,2025042620,22.0,10.0,48.125,30.0,3.795833333333333,24,24,24
20250427,강북구,2025042620,19.0,7.0,53.125,30.0,3.6875,24,24,24
20250427,강서구,2025042620,20.0,10.0,60.0,30.0,4.270833333333333,24,24,24
20250427,관악구,2025042620,20.0,10.0,52.916666666666664,30.0,4.033333333333334,24,24,24
20250427,광진구,2025042620,21.0,11.0,46.041666666666664,30.0,3.7916666666666665,24,24,24
20250427,구로구,2025042620,20.0,11.0,51.875,30.0,4.158333333333333,24,24,24
20250427,금천구,2025042620,20.0,10.0,55.0,30.0,4.1499999999999995,24,24,24
20250427,노원구,2025042620,21.0,9.0,53.333333333333336,30.0,3.5875000000000004,24,24,24
20250427,도봉구,2025042620,21.0,9.0,53.333333333333336,30.0,3.5875000000000004,24,24,24
20250427,동대문구,2025042620,21.0,10.0,49.375,30.0,3.6625,24,24,24
20250427,동작구,2025042620,20.0,10.0,52.916666666666664,30.0,4.033333333333334,24,24,24
20250427,마포구,2025042620,20.0,10.0,53.75,30.0,3.7999999999999994,24,24,24
20250427,서대문구,2025042620,20.0,10.0,53.75,30.0,3.7999999999999994,24,24,24
20250427,서초구,2025042620,21.0,11.0,49.791666666666664,30.0,4.0125,24,24,24
20250427,성동구,2025042620,22.0,11.0,47.083333333333336,30.0,3.795833333333333,24,24,24
20250427,성북구,2025042620,19.0,7.0,53.125,30.0,3.6875,24,24,24
20250427,송파구,2025042620,22.0,11.0,46.25,30.0,3.966666666666667,24,24,24
20250427,양천구,2025042620,20.0,10.0,54.166666666666664,30.0,4.033333333333333,24,24,24
20250427,영등포구,2025042620,20.0,11.0,52.916666666666664,30.0,3.858333333333333,24,24,24
20250427,용산구,2025042620,21.0,10.0,51.041666666666664,30.0,3.8125,24,24,24
20250427,은평구,2025042620,21.0,10.0,55.833333333333336,30.0,3.7833333333333337,24,24,24
20250427,종로구,2025042620,20.0,11.0,53.541666666666664,30.0,3.725,24,24,24
20250427,중구,2025042620,20.0,11.0,53.541666666666664,30.0,3.725,24,24,24
20250427,중랑구,2025042620,21.0,10.0,48.333333333333336,30.0,3.675,24,24,24
20250428,강남구,2025042720,20.0,10.0,48.541666666666664,30.0,2.2125,24,24,24
20250428,강동구,2025042720,20.0,10.0,47.708333333333336,30.0,2.3125,24,24,24
20250428,강북구,2025042720,18.0,7.0,49.583333333333336,30.0,2.1458333333333335,24,24,24
20250428,강서구,2025042720,20.0,9.0,53.958333333333336,30.0,2.3625000000000003,24,24,24
20250428,관악구,2025042720,20.0,10.0,51.25,30.0,2.2083333333333335,24,24,24
20250428,광진구,2025042720,20.0,10.0,45.833333333333336,30.0,2.254166666666667,24,24,24
20250428,구로구,2025042720,20.0,10.0,50.833333333333336,30.0,2.25,24,24,24
20250428,금천구,2025042720,19.0,9.0,54.375,30.0,2.2416666666666667,24,24,24
20250428,노원구,2025042720,20.0,8.0,50.416666666666664,30.0,2.2125,24,24,24
20250428,도봉구,2025042720,20.0,8.0,50.416666666666664,30.0,2.2125,24,24,24
20250428,동대문구,2025042720,20.0,10.0,47.5,30.0,2.216666666666667,24,24,24
20250428,동작구,2025042720,20.0,10.0,51.25,30.0,2.2083333333333335,24,24,24
20250428,마포구,2025042720,20.0,10.0,50.0,30.0,2.2083333333333335,24,24,24
20250428,서대문구,2025042720,20.0,10.0,50.0,30.0,2.2083333333333335,24,24,24
20250428,서초구,2025042720,20.0,10.0,48.541666666666664,30.0,2.2125,24,24,24
20250428,성동구,2025042720,20.0,11.0,45.833333333333336,30.0,2.2041666666666666,24,24,24
20250428,성북구,2025042720,18.0,7.0,49.583333333333336,30.0,2.1458333333333335,24,24,24
20250428,송파구,2025042720,20.0,10.0,46.666666666666664,30.0,2.2624999999999997,24,24,24
20250428,양천구,2025042720,20.0,10.0,50.416666666666664,30.0,2.2416666666666667,24,24,24
20250428,영등포구,2025042720,20.0,10.0,49.791666666666664,30.0,2.1958333333333333,24,24,24
20250428,용산구,2025042720,20.0,10.0,49.166666666666664,30.0,2.1750000000000003,24,24,24
20250428,은평구,2025042720,20.0,9.0,51.666666666666664,30.0,2.2083333333333335,24,24,24
20250428,종로구,2025042720,20.0,10.0,49.583333333333336,30.0,2.183333333333333,24,24,24
20250428,중구,2025042720,20.0,10.0,49.583333333333336,30.0,2.183333333333333,24,24,24
20250428,중랑구,2025042720,20.0,10.0,47.083333333333336,30.0,2.25,24,24,24
20250429,강남구,2025042820,21.0,8.0,41.458333333333336,20.0,1.6458333333333333,24,24,24
20250429,강동구,2025042820,21.0,7.0,40.416666666666664,20.0,1.6375,24,24,24
20250429,강북구,2025042820,18.0,4.0,42.083333333333336,20.0,1.5916666666666668,24,24,24
20250429,강서구,2025042820,19.0,6.0,47.708333333333336,20.0,1.7750000000000004,24,24,24
20250429,관악구,2025042820,19.0,7.0,44.375,20.0,1.6666666666666667,24,24,24
20250429,광진구,2025042820,20.0,8.0,38.333333333333336,20.0,1.6458333333333333,24,24,24
20250429,구로구,2025042820,19.0,7.0,43.333333333333336,20.0,1.6833333333333331,24,24,24
20250429,금천구,2025042820,19.0,6.0,47.5,20.0,1.65,24,24,24
20250429,노원구,2025042820,20.0,6.0,42.916666666666664,20.0,1.5958333333333332,24,24,24
20250429,도봉구,2025042820,20.0,6.0,42.916666666666664,20.0,1.5958333333333332,24,24,24
20250429,동대문구,2025042820,20.0,8.0,39.375,20.0,1.6208333333333331,24,24,24
20250429,동작구,2025042820,19.0,7.0,44.375,20.0,1.6666666666666667,24,24,24
20250429,마포구,2025042820,20.0,7.0,42.5,20.0,1.6541666666666668,24,24,24
20250429,서대문구,2025042820,20.0,7.0,42.5,20.0,1.6541666666666668,24,24,24
20250429,서초구,2025042820,21.0,8.0,41.458333333333336,20.0,1.6458333333333333,24,24,24
20250429,성동구,2025042820,21.0,9.0,37.916666666666664,20.0,1.6375,24,24,24
20250429,성북구,2025042820,18.0,4.0,42.083333333333336,20.0,1.5916666666666668,24,24,24
20250429,송파구,2025042820,21.0,8.0,38.541666666666664,20.0,1.6458333333333333,24,24,24
20250429,양천구,2025042820,19.0,7.0,43.75,20.0,1.6833333333333331,24,24,24
20250429,영등포구,2025042820,20.0,7.0,42.916666666666664,20.0,1.6583333333333334,24,24,24
20250429,용산구,2025042820,20.0,7.0,41.041666666666664,20.0,1.6583333333333334,24,24,24
20250429,은평구,2025042820,20.0,6.0,44.791666666666664,20.0,1.6458333333333333,24,24,24
20250429,종로구,2025042820,20.0,8.0,41.666666666666664,20.0,1.616666666666667,24,24,24
20250429,중구,2025042820,20.0,8.0,41.666666666666664,20.0,1.616666666666667,24,24,24
20250429,중랑구,2025042820,20.0,7.0,38.958333333333336,20.0,1.625,24,24,24
20250430,강남구,2025042920,26.0,11.0,36.25,30.0,2.679166666666667,24,24,24
20250430,강동구,2025042920,26.0,11.0,35.833333333333336,30.0,2.5875,24,24,24
20250430,강북구,2025042920,23.0,8.0,37.291666666666664,30.0,2.716666666666667,24,24,24
20250430,강서구,2025042920,25.0,10.0,44.166666666666664,30.0,3.2291666666666665,24,24,24
20250430,관악구,2025042920,25.0,10.0,39.583333333333336,30.0,2.8708333333333336,24,24,24
20250430,광진구,2025042920,26.0,12.0,33.958333333333336,30.0,2.6333333333333333,24,24,24
20250430,구로구,2025042920,25.0,10.0,37.5,30.0,3.0041666666666664,24,24,24
20250430,금천구,2025042920,25.0,10.0,42.5,30.0,2.858333333333333,24,24,24
20250430,노원구,2025042920,26.0,10.0,38.125,30.0,2.6749999999999994,24,24,24
20250430,도봉구,2025042920,26.0,10.0,38.125,30.0,2.6749999999999994,24,24,24
20250430,동대문구,2025042920,26.0,11.0,35.208333333333336,30.0,2.6791666666666667,24,24,24
20250430,동작구,2025042920,25.0,10.0,39.583333333333336,30.0,2.8708333333333336,24,24,24
20250430,마포구,2025042920,25.0,11.0,38.541666666666664,30.0,2.8791666666666664,24,24,24
20250430,서대문구,2025042920,25.0,11.0,38.541666666666664,30.0,2.8791666666666664,24,24,24
20250430,서초구,2025042920,26.0,11.0,36.25,30.0,2.679166666666667,24,24,24
20250430,성동구,2025042920,27.0,13.0,35.0,30.0,2.670833333333333,24,24,24
20250430,성북구,2025042920,23.0,8.0,37.291666666666664,30.0,2.716666666666667,24,24,24
20250430,송파구,2025042920,26.0,12.0,34.375,30.0,2.629166666666667,24,24,24
20250430,양천구,2025042920,25.0,10.0,40.208333333333336,30.0,2.9791666666666665,24,24,24
20250430,영등포구,2025042920,25.0,11.0,38.125,30.0,2.858333333333333,24,24,24
20250430,용산구,2025042920,25.0,11.0,36.875,30.0,2.7583333333333333,24,24,24
20250430,은평구,2025042920,26.0,10.0,39.375,30.0,2.8708333333333336,24,24,24
20250430,종로구,2025042920,26.0,12.0,39.166666666666664,30.0,2.7374999999999994,24,24,24
20250430,중구,2025042920,26.0,12.0,39.166666666666664,30.0,2.7374999999999994,24,24,24
20250430,중랑구,2025042920,26.0,11.0,35.416666666666664,30.0,2.620833333333333,24,24,24
20250501,강남구,2025043020,19.0,14.0,66.66666666666667,95.0,3.2375000000000003,24,24,24
20250501,강동구,2025043020,19.0,13.0,66.04166666666667,92.0,3.2833333333333337,24,24,24
20250501,강북구,2025043020,16.0,10.0,69.375,96.0,3.095833333333333,24,24,24
20250501,강서구,2025043020,18.0,12.0,73.95833333333333,98.0,4.041666666666667,24,24,24
20250501,관악구,2025043020,18.0,13.0,68.75,92.0,3.4375,24,24,24
20250501,광진구,2025043020,19.0,14.0,65.83333333333333,92.0,3.233333333333333,24,24,24
20250501,구로구,2025043020,18.0,13.0,67.08333333333333,91.0,3.3333333333333335,24,24,24
20250501,금천구,2025043020,17.0,13.0,71.25,92.0,3.6208333333333336,24,24,24
20250501,노원구,2025043020,18.0,12.0,69.58333333333333,90.0,3.0541666666666667,24,24,24
20250501,도봉구,2025043020,18.0,12.0,69.58333333333333,90.0,3.0541666666666667,24,24,24
20250501,동대문구,2025043020,19.0,13.0,66.66666666666667,90.0,3.1166666666666667,24,24,24
20250501,동작구,2025043020,18.0,13.0,68.75,92.0,3.4375,24,24,24
20250501,마포구,2025043020,18.0,13.0,69.16666666666667,95.0,3.2291666666666665,24,24,24
20250501,서대문구,2025043020,18.0,13.0,69.16666666666667,95.0,3.2291666666666665,24,24,24
20250501,서초구,2025043020,19.0,14.0,66.66666666666667,95.0,3.2375000000000003,24,24,24
20250501,성동구,2025043020,19.0,15.0,65.625,91.0,3.2000000000000006,24,24,24
20250501,성북구,2025043020,16.0,10.0,69.375,96.0,3.095833333333333,24,24,24
20250501,송파구,2025043020,20.0,14.0,65.83333333333333,95.0,3.2916666666666665,24,24,24
20250501,양천구,2025043020,18.0,13.0,69.375,93.0,3.608333333333333,24,24,24
20250501,영등포구,2025043020,18.0,13.0,68.125,91.0,3.3416666666666663,24,24,24
20250501,용산구,2025043020,18.0,13.0,67.91666666666667,91.0,3.204166666666667,24,24,24
20250501,은평구,2025043020,18.0,12.0,71.45833333333333,100.0,3.1666666666666665,24,24,24
20250501,종로구,2025043020,18.0,14.0,69.79166666666667,93.0,3.0958333333333337,24,24,24
20250501,중구,2025043020,18.0,14.0,69.79166666666667,93.0,3.0958333333333337,24,24,24
20250501,중랑구,2025043020,19.0,13.0,66.25,89.0,3.195833333333333,24,24,24
20250502,강남구,2025050120,21.0,9.0,51.041666666666664,30.0,2.25,24,24,24
20250502,강동구,2025050120,21.0,9.0,50.625,30.0,2.308333333333333,24,24,24
20250502,강북구,2025050120,18.0,6.0,50.625,30.0,2.1750000000000003,24,24,24
20250502,강서구,2025050120,20.0,9.0,54.791666666666664,30.0,2.341666666666667,24,24,24
20250502,관악구,2025050120,20.0,9.0,52.5,30.0,2.2375000000000003,24,24,24
20250502,광진구,2025050120,21.0,9.0,48.333333333333336,30.0,2.275,24,24,24
20250502,구로구,2025050120,20.0,11.0,50.208333333333336,30.0,2.216666666666667,24,24,24
20250502,금천구,2025050120,19.0,9.0,56.458333333333336,30.0,2.2291666666666665,24,24,24
20250502,노원구,2025050120,20.0,7.0,51.458333333333336,30.0,2.254166666666667,24,24,24
20250502,도봉구,2025050120,20.0,7.0,51.458333333333336,30.0,2.254166666666667,24,24,24
20250502,동대문구,2025050120,21.0,9.0,48.958333333333336,30.0,2.2416666666666667,24,24,24
20250502,동작구,2025050120,20.0,9.0,52.5,30.0,2.2375000000000003,24,24,24
20250502,마포구,2025050120,20.0,9.0,51.25,30.0,2.2041666666666666,24,24,24
20250502,서대문구,2025050120,20.0,9.0,51.25,30.0,2.2041666666666666,24,24,24
20250502,서초구,2025050120,21.0,9.0,51.041666666666664,30.0,2.25,24,24,24
20250502,성동구,2025050120,21.0,10.0,48.75,30.0,2.2375000000000003,24,24,24
20250502,성북구,2025050120,18.0,6.0,50.625,30.0,2.1750000000000003,24,24,24
20250502,송파구,2025050120,21.0,10.0,49.166666666666664,30.0,2.2875,24,24,24
20250502,양천구,2025050120,20.0,9.0,51.041666666666664,30.0,2.2375000000000003,24,24,24
20250502,영등포구,2025050120,20.0,9.0,50.625,30.0,2.220833333333333,24,24,24
20250502,용산구,2025050120,20.0,9.0,50.416666666666664,30.0,2.245833333333333,24,24,24
20250502,은평구,2025050120,21.0,8.0,52.5,30.0,2.216666666666667,24,24,24
20250502,종로구,2025050120,20.0,9.0,51.458333333333336,30.0,2.220833333333333,24,24,24
20250502,중구,2025050120,20.0,9.0,51.458333333333336,30.0,2.220833333333333,24,24,24
20250502,중랑구,2025050120,21.0,9.0,48.75,30.0,2.2541666666666664,24,24,24
20250503,강남구,2025050220,15.0,10.0,73.33333333333333,60.0,1.8625,24,24,24
20250503,강동구,2025050220,15.0,10.0,73.125,60.0,1.8625,24,24,24
20250503,강북구,2025050220,13.0,7.0,73.75,60.0,1.7416666666666665,24,24,24
20250503,강서구,2025050220,15.0,10.0,76.45833333333333,60.0,1.9875,24,24,24
20250503,관악구,2025050220,15.0,10.0,74.16666666666667,60.0,1.9083333333333332,24,24,24
20250503,광진구,2025050220,15.0,10.0,71.25,60.0,1.8458333333333332,24,24,24
20250503,구로구,2025050220,15.0,10.0,70.625,60.0,1.9333333333333336,24,24,24
20250503,금천구,2025050220,14.0,10.0,77.08333333333333,60.0,1.9208333333333336,24,24,24
20250503,노원구,2025050220,15.0,9.0,75.41666666666667,60.0,1.7666666666666666,24,24,24
20250503,도봉구,2025050220,15.0,9.0,75.41666666666667,60.0,1.7666666666666666,24,24,24
20250503,동대문구,2025050220,15.0,10.0,72.5,60.0,1.7916666666666667,24,24,24
20250503,동작구,2025050220,15.0,10.0,74.16666666666667,60.0,1.9083333333333332,24,24,24
20250503,마포구,2025050220,15.0,10.0,72.70833333333333,60.0,1.8291666666666668,24,24,24
20250503,서대문구,2025050220,15.0,10.0,72.70833333333333,60.0,1.8291666666666668,24,24,24
20250503,서초구,2025050220,15.0,10.0,73.33333333333333,60.0,1.8625,24,24,24
20250503,성동구,2025050220,15.0,10.0,71.66666666666667,60.0,1.825,24,24,24
20250503,성북구,2025050220,13.0,7.0,73.75,60.0,1.7416666666666665,24,24,24
20250503,송파구,2025050220,15.0,11.0,72.5,60.0,1.8708333333333331,24,24,24
20250503,양천구,2025050220,15.0,10.0,72.91666666666667,60.0,1.8916666666666668,24,24,24
20250503,영등포구,2025050220,15.0,10.0,72.5,60.0,1.8583333333333336,24,24,24
20250503,용산구,2025050220,15.0,10.0,73.125,60.0,1.8208333333333335,24,24,24
20250503,은평구,2025050220,15.0,9.0,74.16666666666667,60.0,1.8041666666666665,24,24,24
20250503,종로구,2025050220,15.0,10.0,73.95833333333333,60.0,1.7833333333333332,24,24,24
20250503,중구,2025050220,15.0,10.0,73.95833333333333,60.0,1.7833333333333332,24,24,24
20250503,중랑구,2025050220,15.0,10.0,71.875,60.0,1.8291666666666664,24,24,24
20250504,강남구,2025050320,21.0,9.0,52.083333333333336,0.0,2.2874999999999996,24,24,24
20250504,강동구,2025050320,21.0,9.0,51.875,0.0,2.35,24,24,24
20250504,강북구,2025050320,19.0,6.0,50.625,0.0,2.1708333333333334,24,24,24
20250504,강서구,2025050320,20.0,8.0,55.0,0.0,2.4250000000000003,24,24,24
20250504,관악구,2025050320,20.0,9.0,53.75,0.0,2.316666666666667,24,24,24
20250504,광진구,2025050320,21.0,9.0,49.583333333333336,0.0,2.3125,24,24,24
20250504,구로구,2025050320,19.0,10.0,51.458333333333336,0.0,2.3625000000000003,24,24,24
20250504,금천구,2025050320,19.0,9.0,57.083333333333336,0.0,2.3208333333333333,24,24,24
20250504,노원구,2025050320,21.0,7.0,52.5,0.0,2.2125,24,24,24
20250504,도봉구,2025050320,21.0,7.0,52.5,0.0,2.2125,24,24,24
20250504,동대문구,2025050320,21.0,9.0,49.583333333333336,0.0,2.2291666666666665,24,24,24
20250504,동작구,2025050320,20.0,9.0,53.75,0.0,2.316666666666667,24,24,24
20250504,마포구,2025050320,20.0,9.0,51.666666666666664,0.0,2.2624999999999997,24,24,24
20250504,서대문구,2025050320,20.0,9.0,51.666666666666664,0.0,2.2624999999999997,24,24,24
20250504,서초구,2025050320,21.0,9.0,52.083333333333336,0.0,2.2874999999999996,24,24,24
20250504,성동구,2025050320,21.0,10.0,50.208333333333336,0.0,2.2708333333333335,24,24,24
20250504,성북구,2025050320,19.0,6.0,50.625,0.0,2.1708333333333334,24,24,24
20250504,송파구,2025050320,21.0,10.0,51.041666666666664,0.0,2.3166666666666664,24,24,24
20250504,양천구,2025050320,20.0,9.0,52.5,0.0,2.35,24,24,24
20250504,영등포구,2025050320,20.0,9.0,52.291666666666664,0.0,2.283333333333333,24,24,24
20250504,용산구,2025050320,20.0,9.0,52.083333333333336,0.0,2.2375000000000003,24,24,24
20250504,은평구,2025050320,21.0,8.0,52.291666666666664,0.0,2.2333333333333334,24,24,24
20250504,종로구,2025050320,20.0,9.0,50.625,0.0,2.2041666666666666,24,24,24
20250504,중구,2025050320,20.0,9.0,50.625,0.0,2.2041666666666666,24,24,24
20250504,중랑구,2025050320,21.0,8.0,50.208333333333336,0.0,2.2916666666666665,24,24,24
20250505,강남구,2025050420,19.0,9.0,64.375,60.0,1.3833333333333335,24,24,24
20250505,강동구,2025050420,19.0,9.0,63.75,60.0,1.2791666666666666,24,24,24
20250505,강북구,2025050420,16.0,6.0,62.916666666666664,60.0,1.2708333333333333,24,24,24
20250505,강서구,2025050420,18.0,8.0,66.66666666666667,60.0,1.4208333333333334,24,24,24
20250505,관악구,2025050420,18.0,8.0,65.20833333333333,60.0,1.4375,24,24,24
20250505,광진구,2025050420,19.0,9.0,61.041666666666664,60.0,1.3083333333333331,24,24,24
20250505,구로구,2025050420,18.0,9.0,62.708333333333336,60.0,1.4708333333333334,24,24,24
20250505,금천구,2025050420,17.0,8.0,67.29166666666667,60.0,1.3999999999999997,24,24,24
20250505,노원구,2025050420,18.0,7.0,62.916666666666664,60.0,1.2291666666666667,24,24,24
20250505,도봉구,2025050420,18.0,7.0,62.916666666666664,60.0,1.2291666666666667,24,24,24
20250505,동대문구,2025050420,19.0,9.0,61.25,60.0,1.2916666666666667,24,24,24
20250505,동작구,2025050420,18.0,8.0,65.20833333333333,60.0,1.4375,24,24,24
20250505,마포구,2025050420,18.0,9.0,62.916666666666664,60.0,1.3374999999999997,24,24,24
20250505,서대문구,2025050420,18.0,9.0,62.916666666666664,60.0,1.3374999999999997,24,24,24
20250505,서초구,2025050420,19.0,9.0,64.375,60.0,1.3833333333333335,24,24,24
20250505,성동구,2025050420,19.0,9.0,61.875,60.0,1.3375,24,24,24
20250505,성북구,2025050420,16.0,6.0,62.916666666666664,60.0,1.2708333333333333,24,24,24
20250505,송파구,2025050420,19.0,9.0,63.958333333333336,60.0,1.3416666666666666,24,24,24
20250505,양천구,2025050420,18.0,9.0,63.541666666666664,60.0,1.4208333333333332,24,24,24
20250505,영등포구,2025050420,18.0,9.0,63.333333333333336,60.0,1.3916666666666666,24,24,24
20250505,용산구,2025050420,18.0,9.0,62.708333333333336,60.0,1.3666666666666665,24,24,24
20250505,은평구,2025050420,18.0,8.0,65.0,60.0,1.3,24,24,24
20250505,종로구,2025050420,18.0,9.0,62.083333333333336,60.0,1.3,24,24,24
20250505,중구,2025050420,18.0,9.0,62.083333333333336,60.0,1.3,24,24,24
20250505,중랑구,2025050420,19.0,8.0,62.291666666666664,60.0,1.2666666666666666,24,24,24
20250506,강남구,2025050520,21.0,9.0,57.5,30.0,1.5666666666666669,24,24,24
20250506,강동구,2025050520,21.0,9.0,56.458333333333336,30.0,1.4833333333333334,24,24,24
20250506,강북구,2025050520,18.0,6.0,55.416666666666664,30.0,1.55,24,24,24
20250506,강서구,2025050520,20.0,9.0,60.833333333333336,30.0,1.7250000000000003,24,24,24
20250506,관악구,2025050520,20.0,9.0,58.333333333333336,30.0,1.6041666666666667,24,24,24
20250506,광진구,2025050520,21.0,9.0,54.166666666666664,30.0,1.5291666666666666,24,24,24
20250506,구로구,2025050520,20.0,9.0,56.25,30.0,1.6708333333333334,24,24,24
20250506,금천구,2025050520,20.0,8.0,61.25,30.0,1.6583333333333332,24,24,24
20250506,노원구,2025050520,21.0,8.0,56.666666666666664,30.0,1.5333333333333332,24,24,24
20250506,도봉구,2025050520,21.0,8.0,56.666666666666664,30.0,1.5333333333333332,24,24,24
20250506,동대문구,2025050520,21.0,9.0,53.958333333333336,30.0,1.525,24,24,24
20250506,동작구,2025050520,20.0,9.0,58.333333333333336,30.0,1.6041666666666667,24,24,24
20250506,마포구,2025050520,20.0,9.0,56.041666666666664,30.0,1.575,24,24,24
20250506,서대문구,2025050520,20.0,9.0,56.041666666666664,30.0,1.575,24,24,24
20250506,서초구,2025050520,21.0,9.0,57.5,30.0,1.5666666666666669,24,24,24
20250506,성동구,2025050520,21.0,10.0,53.958333333333336,30.0,1.5458333333333332,24,24,24
20250506,성북구,2025050520,18.0,6.0,55.416666666666664,30.0,1.55,24,24,24
20250506,송파구,2025050520,21.0,10.0,55.833333333333336,30.0,1.5208333333333333,24,24,24
20250506,양천구,2025050520,20.0,9.0,56.666666666666664,30.0,1.6333333333333335,24,24,24
20250506,영등포구,2025050520,20.0,9.0,56.666666666666664,30.0,1.5958333333333332,24,24,24
20250506,용산구,2025050520,20.0,9.0,56.041666666666664,30.0,1.5541666666666665,24,24,24
20250506,은평구,2025050520,21.0,8.0,58.125,30.0,1.5583333333333336,24,24,24
20250506,종로구,2025050520,20.0,10.0,55.208333333333336,30.0,1.55,24,24,24
20250506,중구,2025050520,20.0,10.0,55.208333333333336,30.0,1.55,24,24,24
20250506,중랑구,2025050520,21.0,9.0,54.791666666666664,30.0,1.5083333333333335,24,24,24
20250507,강남구,2025050620,21.0,10.0,57.5,20.0,1.8666666666666665,24,24,24
20250507,강동구,2025050620,22.0,9.0,55.625,20.0,1.8958333333333333,24,24,24
20250507,강북구,2025050620,19.0,7.0,56.25,20.0,1.6375000000000002,24,24,24
20250507,강서구,2025050620,21.0,9.0,61.666666666666664,20.0,1.9083333333333332,24,24,24
20250507,관악구,2025050620,21.0,10.0,58.958333333333336,20.0,1.7458333333333331,24,24,24
20250507,광진구,2025050620,22.0,10.0,53.333333333333336,20.0,1.8791666666666664,24,24,24
20250507,구로구,2025050620,20.0,10.0,58.958333333333336,20.0,1.8041666666666665,24,24,24
20250507,금천구,2025050620,20.0,9.0,62.083333333333336,20.0,1.7916666666666667,24,24,24
20250507,노원구,2025050620,22.0,8.0,57.708333333333336,20.0,1.6291666666666669,24,24,24
20250507,도봉구,2025050620,22.0,8.0,57.708333333333336,20.0,1.6291666666666669,24,24,24
20250507,동대문구,2025050620,21.0,10.0,53.75,20.0,1.7666666666666668,24,24,24
20250507,동작구,2025050620,21.0,10.0,58.958333333333336,20.0,1.7458333333333331,24,24,24
20250507,마포구,2025050620,21.0,10.0,57.291666666666664,20.0,1.7125,24,24,24
20250507,서대문구,2025050620,21.0,10.0,57.291666666666664,20.0,1.7125,24,24,24
20250507,서초구,2025050620,21.0,10.0,57.5,20.0,1.8666666666666665,24,24,24
20250507,성동구,2025050620,22.0,10.0,52.708333333333336,20.0,1.8374999999999997,24,24,24
20250507,성북구,2025050620,19.0,7.0,56.25,20.0,1.6375000000000002,24,24,24
20250507,송파구,2025050620,22.0,10.0,55.0,20.0,1.8666666666666665,24,24,24
20250507,양천구,2025050620,20.0,10.0,58.333333333333336,20.0,1.8083333333333331,24,24,24
20250507,영등포구,2025050620,21.0,10.0,57.708333333333336,20.0,1.7541666666666669,24,24,24
20250507,용산구,2025050620,21.0,10.0,56.666666666666664,20.0,1.7791666666666668,24,24,24
20250507,은평구,2025050620,21.0,9.0,58.75,20.0,1.6875,24,24,24
20250507,종로구,2025050620,21.0,10.0,54.583333333333336,20.0,1.7333333333333334,24,24,24
20250507,중구,2025050620,21.0,10.0,54.583333333333336,20.0,1.7333333333333334,24,24,24
20250507,중랑구,2025050620,22.0,10.0,54.375,20.0,1.7916666666666667,24,24,24
20250508,강남구,2025050720,25.0,10.0,57.291666666666664,30.0,1.2625,24,24,24
20250508,강동구,2025050720,25.0,9.0,56.458333333333336,30.0,1.1625,24,24,24
20250508,강북구,2025050720,22.0,7.0,58.541666666666664,30.0,1.1958333333333333,24,24,24
20250508,강서구,2025050720,24.0,8.0,63.75,30.0,1.5291666666666668,24,24,24
20250508,관악구,2025050720,25.0,10.0,59.166666666666664,30.0,1.3333333333333333,24,24,24
20250508,광진구,2025050720,25.0,10.0,55.208333333333336,30.0,1.1625,24,24,24
20250508,구로구,2025050720,25.0,10.0,58.333333333333336,30.0,1.4041666666666668,24,24,24
20250508,금천구,2025050720,24.0,8.0,61.875,30.0,1.4125,24,24,24
20250508,노원구,2025050720,25.0,8.0,59.375,30.0,1.2125,24,24,24
20250508,도봉구,2025050720,25.0,8.0,59.375,30.0,1.2125,24,24,24
20250508,동대문구,2025050720,25.0,10.0,56.25,30.0,1.1666666666666667,24,24,24
20250508,동작구,2025050720,25.0,10.0,59.166666666666664,30.0,1.3333333333333333,24,24,24
20250508,마포구,2025050720,25.0,10.0,57.708333333333336,30.0,1.2666666666666666,24,24,24
20250508,서대문구,2025050720,25.0,10.0,57.708333333333336,30.0,1.2666666666666666,24,24,24
20250508,서초구,2025050720,25.0,10.0,57.291666666666664,30.0,1.2625,24,24,24
20250508,성동구,2025050720,26.0,10.0,55.416666666666664,30.0,1.1916666666666669,24,24,24
20250508,성북구,2025050720,22.0,7.0,58.541666666666664,30.0,1.1958333333333333,24,24,24
20250508,송파구,2025050720,25.0,10.0,55.833333333333336,30.0,1.2208333333333332,24,24,24
20250508,양천구,2025050720,24.0,10.0,58.958333333333336,30.0,1.3708333333333331,24,24,24
20250508,영등포구,2025050720,25.0,10.0,57.5,30.0,1.2583333333333333,24,24,24
20250508,용산구,2025050720,25.0,10.0,57.291666666666664,30.0,1.2291666666666667,24,24,24
20250508,은평구,2025050720,25.0,9.0,60.416666666666664,30.0,1.2708333333333333,24,24,24
20250508,종로구,2025050720,25.0,10.0,57.916666666666664,30.0,1.2041666666666666,24,24,24
20250508,중구,2025050720,25.0,10.0,57.916666666666664,30.0,1.2041666666666666,24,24,24
20250508,중랑구,2025050720,25.0,10.0,56.041666666666664,30.0,1.1708333333333332,24,24,24
20250509,강남구,2025050820,16.0,15.0,75.83333333333333,60.0,3.920833333333333,24,24,24
20250509,강동구,2025050820,16.0,14.0,76.875,60.0,3.5041666666666664,24,24,24
20250509,강북구,2025050820,14.0,12.0,77.70833333333333,60.0,3.533333333333333,24,24,24
20250509,강서구,2025050820,16.0,14.0,78.75,60.0,4.179166666666667,24,24,24
20250509,관악구,2025050820,16.0,14.0,76.25,60.0,4.1000000000000005,24,24,24
20250509,광진구,2025050820,16.0,14.0,75.20833333333333,60.0,3.545833333333333,24,24,24
20250509,구로구,2025050820,16.0,13.0,74.16666666666667,60.0,4.258333333333334,24,24,24
20250509,금천구,2025050820,16.0,14.0,78.95833333333333,60.0,4.383333333333334,24,24,24
20250509,노원구,2025050820,16.0,13.0,79.58333333333333,60.0,3.4083333333333337,24,24,24
20250509,도봉구,2025050820,16.0,13.0,79.58333333333333,60.0,3.4083333333333337,24,24,24
20250509,동대문구,2025050820,16.0,14.0,76.04166666666667,60.0,3.466666666666667,24,24,24
20250509,동작구,2025050820,16.0,14.0,76.25,60.0,4.1000000000000005,24,24,24
20250509,마포구,2025050820,16.0,14.0,75.83333333333333,60.0,3.6625,24,24,24
20250509,서대문구,2025050820,16.0,14.0,75.83333333333333,60.0,3.6625,24,24,24
20250509,서초구,2025050820,16.0,15.0,75.83333333333333,60.0,3.920833333333333,24,24,24
20250509,성동구,2025050820,16.0,16.0,76.04166666666667,60.0,3.608333333333333,24,24,24
20250509,성북구,2025050820,14.0,12.0,77.70833333333333,60.0,3.533333333333333,24,24,24
20250509,송파구,2025050820,16.0,15.0,75.20833333333333,60.0,3.8166666666666664,24,24,24
20250509,양천구,2025050820,16.0,14.0,75.625,60.0,3.9916666666666663,24,24,24
20250509,영등포구,2025050820,16.0,14.0,74.79166666666667,60.0,3.7875,24,24,24
20250509,용산구,2025050820,16.0,14.0,75.41666666666667,60.0,3.6875,24,24,24
20250509,은평구,2025050820,16.0,14.0,77.91666666666667,60.0,3.6666666666666665,24,24,24
20250509,종로구,2025050820,16.0,15.0,78.95833333333333,60.0,3.5625,24,24,24
20250509,중구,2025050820,16.0,15.0,78.95833333333333,60.0,3.5625,24,24,24
20250509,중랑구,2025050820,15.0,14.0,76.45833333333333,60.0,3.4000000000000004,24,24,24
20250510,강남구,2025050920,16.0,13.0,86.45833333333333,60.0,5.270833333333333,24,24,24
20250510,강동구,2025050920,15.0,13.0,86.875,60.0,5.045833333333333,24,24,24
20250510,강북구,2025050920,14.0,10.0,86.875,60.0,4.591666666666666,24,24,24
20250510,강서구,2025050920,16.0,12.0,87.08333333333333,60.0,5.329166666666667,24,24,24
20250510,관악구,2025050920,16.0,13.0,86.25,60.0,5.233333333333333,24,24,24
20250510,광진구,2025050920,15.0,13.0,85.0,60.0,4.970833333333333,24,24,24
20250510,구로구,2025050920,16.0,13.0,83.75,60.0,5.408333333333332,24,24,24
20250510,금천구,2025050920,15.0,12.0,87.91666666666667,60.0,5.616666666666667,24,24,24
20250510,노원구,2025050920,16.0,12.0,88.125,60.0,4.408333333333333,24,24,24
20250510,도봉구,2025050920,16.0,12.0,88.125,60.0,4.408333333333333,24,24,24
20250510,동대문구,2025050920,16.0,13.0,86.04166666666667,60.0,4.6625000000000005,24,24,24
20250510,동작구,2025050920,16.0,13.0,86.25,60.0,5.233333333333333,24,24,24
20250510,마포구,2025050920,16.0,12.0,86.04166666666667,60.0,4.679166666666666,24,24,24
20250510,서대문구,2025050920,16.0,12.0,86.04166666666667,60.0,4.679166666666666,24,24,24
20250510,서초구,2025050920,16.0,13.0,86.45833333333333,60.0,5.270833333333333,24,24,24
20250510,성동구,2025050920,16.0,12.0,84.375,60.0,4.8999999999999995,24,24,24
20250510,성북구,2025050920,14.0,10.0,86.875,60.0,4.591666666666666,24,24,24
20250510,송파구,2025050920,16.0,13.0,84.58333333333333,60.0,5.3,24,24,24
20250510,양천구,2025050920,16.0,12.0,85.83333333333333,60.0,5.125,24,24,24
20250510,영등포구,2025050920,16.0,12.0,85.625,60.0,4.825,24,24,24
20250510,용산구,2025050920,15.0,12.0,86.04166666666667,60.0,4.870833333333334,24,24,24
20250510,은평구,2025050920,16.0,12.0,87.08333333333333,60.0,4.633333333333333,24,24,24
20250510,종로구,2025050920,15.0,12.0,86.875,60.0,4.658333333333333,24,24,24
20250510,중구,2025050920,15.0,12.0,86.875,60.0,4.658333333333333,24,24,24
20250510,중랑구,2025050920,16.0,13.0,86.66666666666667,60.0,4.7749999999999995,24,24,24
20250511,강남구,2025051020,22.0,11.0,71.04166666666667,30.0,1.8708333333333331,24,24,24
20250511,강동구,2025051020,22.0,11.0,71.04166666666667,30.0,1.7625,24,24,24
20250511,강북구,2025051020,20.0,8.0,71.04166666666667,20.0,1.7416666666666665,24,24,24
20250511,강서구,2025051020,20.0,10.0,74.79166666666667,20.0,2.0625,24,24,24
20250511,관악구,2025051020,21.0,11.0,72.29166666666667,20.0,1.9916666666666665,24,24,24
20250511,광진구,2025051020,22.0,11.0,69.58333333333333,30.0,1.75,24,24,24
20250511,구로구,2025051020,20.0,11.0,70.83333333333333,20.0,2.0375,24,24,24
20250511,금천구,2025051020,20.0,10.0,74.58333333333333,20.0,1.9958333333333336,24,24,24
20250511,노원구,2025051020,22.0,10.0,73.125,30.0,1.5958333333333332,24,24,24
20250511,도봉구,2025051020,22.0,10.0,73.125,30.0,1.5958333333333332,24,24,24
20250511,동대문구,2025051020,22.0,11.0,69.375,30.0,1.75,24,24,24
20250511,동작구,2025051020,21.0,11.0,72.29166666666667,20.0,1.9916666666666665,24,24,24
20250511,마포구,2025051020,21.0,11.0,71.04166666666667,20.0,1.866666666666667,24,24,24
20250511,서대문구,2025051020,21.0,11.0,71.04166666666667,20.0,1.866666666666667,24,24,24
20250511,서초구,2025051020,22.0,11.0,71.04166666666667,30.0,1.8708333333333331,24,24,24
20250511,성동구,2025051020,22.0,11.0,69.79166666666667,30.0,1.8291666666666664,24,24,24
20250511,성북구,2025051020,20.0,8.0,71.04166666666667,20.0,1.7416666666666665,24,24,24
20250511,송파구,2025051020,22.0,12.0,70.20833333333333,30.0,1.8333333333333333,24,24,24
20250511,양천구,2025051020,21.0,11.0,72.08333333333333,20.0,1.9916666666666665,24,24,24
20250511,영등포구,2025051020,21.0,11.0,70.83333333333333,20.0,1.9541666666666664,24,24,24
20250511,용산구,2025051020,21.0,11.0,71.25,20.0,1.9,24,24,24
20250511,은평구,2025051020,22.0,10.0,72.91666666666667,20.0,1.8333333333333333,24,24,24
20250511,종로구,2025051020,21.0,11.0,71.04166666666667,20.0,1.820833333333333,24,24,24
20250511,중구,2025051020,21.0,11.0,71.04166666666667,20.0,1.820833333333333,24,24,24
20250511,중랑구,2025051020,22.0,11.0,69.79166666666667,30.0,1.6833333333333331,24,24,24
20250512,강남구,2025051120,25.0,11.0,58.125,0.0,2.0,24,24,24
20250512,강동구,2025051120,25.0,10.0,56.666666666666664,0.0,1.9291666666666665,24,24,24
20250512,강북구,2025051120,23.0,8.0,56.875,0.0,2.0083333333333333,24,24,24
20250512,강서구,2025051120,24.0,10.0,62.5,0.0,2.3291666666666666,24,24,24
20250512,관악구,2025051120,24.0,11.0,60.416666666666664,0.0,2.091666666666667,24,24,24
20250512,광진구,2025051120,25.0,11.0,55.416666666666664,0.0,1.9708333333333332,24,24,24
20250512,구로구,2025051120,24.0,11.0,60.208333333333336,0.0,2.1625,24,24,24
20250512,금천구,2025051120,24.0,10.0,61.666666666666664,0.0,2.095833333333333,24,24,24
20250512,노원구,2025051120,25.0,9.0,57.916666666666664,0.0,1.9791666666666667,24,24,24
20250512,도봉구,2025051120,25.0,9.0,57.916666666666664,0.0,1.9791666666666667,24,24,24
20250512,동대문구,2025051120,25.0,11.0,56.041666666666664,0.0,1.9833333333333336,24,24,24
20250512,동작구,2025051120,24.0,11.0,60.416666666666664,0.0,2.091666666666667,24,24,24
20250512,마포구,2025051120,24.0,11.0,58.125,0.0,2.079166666666667,24,24,24
20250512,서대문구,2025051120,24.0,11.0,58.125,0.0,2.079166666666667,24,24,24
20250512,서초구,2025051120,25.0,11.0,58.125,0.0,2.0,24,24,24
20250512,성동구,2025051120,26.0,11.0,55.208333333333336,0.0,2.0083333333333333,24,24,24
20250512,성북구,2025051120,23.0,8.0,56.875,0.0,2.0083333333333333,24,24,24
20250512,송파구,2025051120,25.0,11.0,56.666666666666664,0.0,1.9750000000000003,24,24,24
20250512,양천구,2025051120,24.0,11.0,59.583333333333336,0.0,2.1708333333333334,24,24,24
20250512,영등포구,2025051120,24.0,11.0,58.333333333333336,0.0,2.079166666666667,24,24,24
20250512,용산구,2025051120,25.0,11.0,57.916666666666664,0.0,2.0416666666666665,24,24,24
20250512,은평구,2025051120,25.0,10.0,59.375,0.0,2.095833333333333,24,24,24
20250512,종로구,2025051120,25.0,11.0,56.666666666666664,0.0,2.029166666666667,24,24,24
20250512,중구,2025051120,25.0,11.0,56.666666666666664,0.0,2.029166666666667,24,24,24
20250512,중랑구,2025051120,25.0,10.0,54.791666666666664,0.0,1.9583333333333333,24,24,24
20250513,강남구,2025051220,26.0,15.0,55.416666666666664,30.0,2.3958333333333335,24,24,24
20250513,강동구,2025051220,26.0,14.0,54.375,30.0,2.3874999999999997,24,24,24
20250513,강북구,2025051220,23.0,12.0,56.666666666666664,30.0,2.4,24,24,24
20250513,강서구,2025051220,24.0,13.0,61.875,30.0,2.8375,24,24,24
20250513,관악구,2025051220,25.0,14.0,57.291666666666664,30.0,2.545833333333333,24,24,24
20250513,광진구,2025051220,26.0,15.0,53.75,30.0,2.4000000000000004,24,24,24
20250513,구로구,2025051220,25.0,14.0,56.875,30.0,2.6291666666666664,24,24,24
20250513,금천구,2025051220,24.0,14.0,59.166666666666664,30.0,2.529166666666667,24,24,24
20250513,노원구,2025051220,25.0,13.0,57.5,30.0,2.4166666666666665,24,24,24
20250513,도봉구,2025051220,25.0,13.0,57.5,30.0,2.4166666666666665,24,24,24
20250513,동대문구,2025051220,26.0,15.0,54.791666666666664,30.0,2.4,24,24,24
20250513,동작구,2025051220,25.0,14.0,57.291666666666664,30.0,2.545833333333333,24,24,24
20250513,마포구,2025051220,25.0,14.0,56.25,30.0,2.5125,24,24,24
20250513,서대문구,2025051220,25.0,14.0,56.25,30.0,2.5125,24,24,24
20250513,서초구,2025051220,26.0,15.0,55.416666666666664,30.0,2.3958333333333335,24,24,24
20250513,성동구,2025051220,26.0,15.0,53.958333333333336,30.0,2.4000000000000004,24,24,24
20250513,성북구,2025051220,23.0,12.0,56.666666666666664,30.0,2.4,24,24,24
20250513,송파구,2025051220,26.0,15.0,53.958333333333336,30.0,2.4000000000000004,24,24,24
20250513,양천구,2025051220,25.0,14.0,57.5,30.0,2.6333333333333333,24,24,24
20250513,영등포구,2025051220,25.0,14.0,56.666666666666664,30.0,2.5416666666666665,24,24,24
20250513,용산구,2025051220,25.0,14.0,55.416666666666664,30.0,2.433333333333333,24,24,24
20250513,은평구,2025051220,25.0,14.0,58.333333333333336,30.0,2.5208333333333335,24,24,24
20250513,종로구,2025051220,25.0,15.0,57.291666666666664,30.0,2.420833333333333,24,24,24
20250513,중구,2025051220,25.0,15.0,57.291666666666664,30.0,2.420833333333333,24,24,24
20250513,중랑구,2025051220,26.0,14.0,54.583333333333336,30.0,2.391666666666667,24,24,24
20250514,강남구,2025051320,27.0,15.0,52.916666666666664,20.0,2.3249999999999997,24,24,24
20250514,강동구,2025051320,27.0,14.0,52.291666666666664,20.0,2.2791666666666663,24,24,24
20250514,강북구,2025051320,24.0,12.0,53.541666666666664,20.0,2.3916666666666666,24,24,24
20250514,강서구,2025051320,25.0,13.0,58.958333333333336,20.0,2.829166666666667,24,24,24
20250514,관악구,2025051320,26.0,14.0,54.791666666666664,20.0,2.4875000000000003,24,24,24
20250514,광진구,2025051320,27.0,15.0,51.25,20.0,2.2958333333333334,24,24,24
20250514,구로구,2025051320,25.0,14.0,53.125,20.0,2.625,24,24,24
20250514,금천구,2025051320,26.0,13.0,57.083333333333336,20.0,2.4916666666666667,24,24,24
20250514,노원구,2025051320,26.0,13.0,55.208333333333336,20.0,2.341666666666667,24,24,24
20250514,도봉구,2025051320,26.0,13.0,55.208333333333336,20.0,2.341666666666667,24,24,24
20250514,동대문구,2025051320,27.0,15.0,52.083333333333336,20.0,2.341666666666667,24,24,24
20250514,동작구,2025051320,26.0,14.0,54.791666666666664,20.0,2.4875000000000003,24,24,24
20250514,마포구,2025051320,26.0,14.0,54.166666666666664,20.0,2.5,24,24,24
20250514,서대문구,2025051320,26.0,14.0,54.166666666666664,20.0,2.5,24,24,24
20250514,서초구,2025051320,27.0,15.0,52.916666666666664,20.0,2.3249999999999997,24,24,24
20250514,성동구,2025051320,28.0,15.0,51.875,20.0,2.3333333333333335,24,24,24
20250514,성북구,2025051320,24.0,12.0,53.541666666666664,20.0,2.3916666666666666,24,24,24
20250514,송파구,2025051320,27.0,15.0,51.666666666666664,20.0,2.2958333333333334,24,24,24
20250514,양천구,2025051320,25.0,14.0,54.791666666666664,20.0,2.6125000000000003,24,24,24
20250514,영등포구,2025051320,26.0,14.0,54.166666666666664,20.0,2.495833333333333,24,24,24
20250514,용산구,2025051320,26.0,15.0,53.333333333333336,20.0,2.3833333333333333,24,24,24
20250514,은평구,2025051320,26.0,14.0,55.208333333333336,20.0,2.5125,24,24,24
20250514,종로구,2025051320,26.0,15.0,54.791666666666664,20.0,2.370833333333333,24,24,24
20250514,중구,2025051320,26.0,15.0,54.791666666666664,20.0,2.370833333333333,24,24,24
20250514,중랑구,2025051320,27.0,14.0,51.666666666666664,20.0,2.3,24,24,24
20250515,강남구,2025051420,21.0,17.0,83.75,92.0,2.1708333333333334,24,24,24
20250515,강동구,2025051420,20.0,17.0,82.5,86.0,1.9375,24,24,24
20250515,강북구,2025051420,17.0,14.0,85.83333333333333,72.0,2.0541666666666667,24,24,24
20250515,강서구,2025051420,18.0,16.0,86.875,77.0,2.2583333333333333,24,24,24
20250515,관악구,2025051420,19.0,17.0,85.625,87.0,2.1416666666666666,24,24,24
20250515,광진구,2025051420,20.0,17.0,82.08333333333333,88.0,1.9958333333333331,24,24,24
20250515,구로구,2025051420,18.0,18.0,83.125,82.0,2.154166666666667,24,24,24
20250515,금천구,2025051420,19.0,17.0,87.5,87.0,2.25,24,24,24
20250515,노원구,2025051420,19.0,16.0,86.66666666666667,74.0,2.1750000000000003,24,24,24
20250515,도봉구,2025051420,19.0,16.0,86.66666666666667,74.0,2.1750000000000003,24,24,24
20250515,동대문구,2025051420,20.0,17.0,83.33333333333333,78.0,1.9833333333333332,24,24,24
20250515,동작구,2025051420,19.0,17.0,85.625,87.0,2.1416666666666666,24,24,24
20250515,마포구,2025051420,19.0,17.0,85.625,70.0,2.058333333333333,24,24,24
20250515,서대문구,2025051420,19.0,17.0,85.625,70.0,2.058333333333333,24,24,24
20250515,서초구,2025051420,21.0,17.0,83.75,92.0,2.1708333333333334,24,24,24
20250515,성동구,2025051420,21.0,16.0,82.70833333333333,86.0,2.025,24,24,24
20250515,성북구,2025051420,17.0,14.0,85.83333333333333,72.0,2.0541666666666667,24,24,24
20250515,송파구,2025051420,21.0,17.0,82.70833333333333,92.0,2.1666666666666665,24,24,24
20250515,양천구,2025051420,18.0,17.0,84.58333333333333,76.0,2.1,24,24,24
20250515,영등포구,2025051420,19.0,17.0,84.16666666666667,79.0,2.0541666666666667,24,24,24
20250515,용산구,2025051420,19.0,17.0,83.75,84.0,2.0541666666666667,24,24,24
20250515,은평구,2025051420,19.0,16.0,87.08333333333333,73.0,2.1166666666666667,24,24,24
20250515,종로구,2025051420,19.0,16.0,85.41666666666667,75.0,2.0208333333333335,24,24,24
20250515,중구,2025051420,19.0,16.0,85.41666666666667,75.0,2.0208333333333335,24,24,24
20250515,중랑구,2025051420,20.0,17.0,82.91666666666667,81.0,1.9458333333333335,24,24,24
20250516,강남구,2025051520,22.0,18.0,85.625,60.0,1.175,24,24,24
20250516,강동구,2025051520,23.0,18.0,85.625,60.0,1.2041666666666666,24,24,24
20250516,강북구,2025051520,19.0,15.0,86.875,60.0,1.275,24,24,24
20250516,강서구,2025051520,22.0,17.0,88.125,60.0,1.425,24,24,24
20250516,관악구,2025051520,22.0,18.0,85.625,60.0,1.225,24,24,24
20250516,광진구,2025051520,22.0,18.0,83.33333333333333,60.0,1.1833333333333331,24,24,24
20250516,구로구,2025051520,22.0,18.0,82.70833333333333,60.0,1.25,24,24,24
20250516,금천구,2025051520,22.0,18.0,87.70833333333333,60.0,1.2083333333333333,24,24,24
20250516,노원구,2025051520,22.0,17.0,87.91666666666667,60.0,1.4208333333333334,24,24,24
20250516,도봉구,2025051520,22.0,17.0,87.91666666666667,60.0,1.4208333333333334,24,24,24
20250516,동대문구,2025051520,22.0,18.0,85.41666666666667,60.0,1.2041666666666666,24,24,24
20250516,동작구,2025051520,22.0,18.0,85.625,60.0,1.225,24,24,24
20250516,마포구,2025051520,22.0,18.0,85.41666666666667,60.0,1.275,24,24,24
20250516,서대문구,2025051520,22.0,18.0,85.41666666666667,60.0,1.275,24,24,24
20250516,서초구,2025051520,22.0,18.0,85.625,60.0,1.175,24,24,24
20250516,성동구,2025051520,24.0,18.0,85.0,60.0,1.1666666666666667,24,24,24
20250516,성북구,2025051520,19.0,15.0,86.875,60.0,1.275,24,24,24
20250516,송파구,2025051520,23.0,19.0,84.375,60.0,1.1916666666666669,24,24,24
20250516,양천구,2025051520,22.0,18.0,84.79166666666667,60.0,1.2666666666666666,24,24,24
20250516,영등포구,2025051520,22.0,18.0,84.79166666666667,60.0,1.1958333333333333,24,24,24
20250516,용산구,2025051520,22.0,18.0,84.79166666666667,60.0,1.1625,24,24,24
20250516,은평구,2025051520,22.0,17.0,87.08333333333333,60.0,1.3166666666666669,24,24,24
20250516,종로구,2025051520,22.0,17.0,87.08333333333333,60.0,1.2125,24,24,24
20250516,중구,2025051520,22.0,17.0,87.08333333333333,60.0,1.2125,24,24,24
20250516,중랑구,2025051520,22.0,18.0,85.0,60.0,1.1958333333333333,24,24,24
20250517,강남구,2025051620,26.0,16.0,75.0,60.0,2.8624999999999994,24,24,24
20250517,강동구,2025051620,26.0,16.0,74.375,60.0,2.804166666666667,24,24,24
20250517,강북구,2025051620,23.0,14.0,78.54166666666667,60.0,2.845833333333333,24,24,24
20250517,강서구,2025051620,25.0,16.0,80.625,60.0,3.0708333333333333,24,24,24
20250517,관악구,2025051620,25.0,16.0,77.08333333333333,60.0,2.8625000000000003,24,24,24
20250517,광진구,2025051620,25.0,16.0,74.375,60.0,2.7624999999999997,24,24,24
20250517,구로구,2025051620,25.0,16.0,75.0,60.0,2.891666666666667,24,24,24
20250517,금천구,2025051620,25.0,15.0,78.54166666666667,30.0,2.8833333333333333,24,24,24
20250517,노원구,2025051620,25.0,15.0,79.16666666666667,60.0,2.908333333333333,24,24,24
20250517,도봉구,2025051620,25.0,15.0,79.16666666666667,60.0,2.908333333333333,24,24,24
20250517,동대문구,2025051620,26.0,16.0,75.20833333333333,60.0,2.829166666666667,24,24,24
20250517,동작구,2025051620,25.0,16.0,77.08333333333333,60.0,2.8625000000000003,24,24,24
20250517,마포구,2025051620,25.0,16.0,77.70833333333333,60.0,2.8791666666666664,24,24,24
20250517,서대문구,2025051620,25.0,16.0,77.70833333333333,60.0,2.8791666666666664,24,24,24
20250517,서초구,2025051620,26.0,16.0,75.0,60.0,2.8624999999999994,24,24,24
20250517,성동구,2025051620,25.0,17.0,73.95833333333333,60.0,2.7833333333333337,24,24,24
20250517,성북구,2025051620,23.0,14.0,78.54166666666667,60.0,2.845833333333333,24,24,24
20250517,송파구,2025051620,26.0,17.0,73.95833333333333,60.0,2.875,24,24,24
20250517,양천구,2025051620,24.0,16.0,78.125,60.0,2.904166666666667,24,24,24
20250517,영등포구,2025051620,25.0,16.0,76.875,60.0,2.8624999999999994,24,24,24
20250517,용산구,2025051620,25.0,16.0,76.25,60.0,2.8166666666666664,24,24,24
20250517,은평구,2025051620,25.0,16.0,79.58333333333333,60.0,2.920833333333333,24,24,24
20250517,종로구,2025051620,25.0,16.0,78.33333333333333,60.0,2.8333333333333335,24,24,24
20250517,중구,2025051620,25.0,16.0,78.33333333333333,60.0,2.8333333333333335,24,24,24
20250517,중랑구,2025051620,26.0,16.0,75.0,60.0,2.8125,24,24,24
20250518,강남구,2025051720,21.0,10.0,57.708333333333336,20.0,2.954166666666667,24,24,24
20250518,강동구,2025051720,21.0,11.0,59.166666666666664,20.0,2.829166666666667,24,24,24
20250518,강북구,2025051720,19.0,7.0,60.0,20.0,2.866666666666667,24,24,24
20250518,강서구,2025051720,21.0,10.0,62.916666666666664,0.0,3.316666666666667,24,24,24
20250518,관악구,2025051720,21.0,10.0,59.583333333333336,0.0,3.0416666666666665,24,24,24
20250518,광진구,2025051720,21.0,11.0,58.541666666666664,20.0,2.8375,24,24,24
20250518,구로구,2025051720,20.0,10.0,58.333333333333336,0.0,3.170833333333333,24,24,24
20250518,금천구,2025051720,20.0,10.0,60.0,0.0,3.1374999999999997,24,24,24
20250518,노원구,2025051720,21.0,9.0,60.208333333333336,20.0,2.8208333333333333,24,24,24
20250518,도봉구,2025051720,21.0,9.0,60.208333333333336,20.0,2.8208333333333333,24,24,24
20250518,동대문구,2025051720,21.0,10.0,57.916666666666664,20.0,2.8375,24,24,24
20250518,동작구,2025051720,21.0,10.0,59.583333333333336,0.0,3.0416666666666665,24,24,24
20250518,마포구,2025051720,21.0,10.0,60.0,0.0,2.904166666666667,24,24,24
20250518,서대문구,2025051720,21.0,10.0,60.0,0.0,2.904166666666667,24,24,24
20250518,서초구,2025051720,21.0,10.0,57.708333333333336,20.0,2.954166666666667,24,24,24
20250518,성동구,2025051720,21.0,12.0,57.916666666666664,20.0,2.8874999999999997,24,24,24
20250518,성북구,2025051720,19.0,7.0,60.0,20.0,2.866666666666667,24,24,24
20250518,송파구,2025051720,21.0,11.0,56.25,20.0,2.8958333333333335,24,24,24
20250518,양천구,2025051720,20.0,10.0,60.833333333333336,0.0,3.0958333333333337,24,24,24
20250518,영등포구,2025051720,21.0,10.0,60.625,0.0,2.945833333333333,24,24,24
20250518,용산구,2025051720,21.0,10.0,60.0,0.0,2.8874999999999997,24,24,24
20250518,은평구,2025051720,21.0,10.0,60.833333333333336,0.0,2.9250000000000003,24,24,24
20250518,종로구,2025051720,20.0,10.0,59.791666666666664,0.0,2.8708333333333336,24,24,24
20250518,중구,2025051720,20.0,10.0,59.791666666666664,0.0,2.8708333333333336,24,24,24
20250518,중랑구,2025051720,21.0,10.0,57.708333333333336,20.0,2.8375,24,24,24
20250519,강남구,2025051820,22.0,11.0,69.79166666666667,60.0,4.208333333333333,24,24,24
20250519,강동구,2025051820,22.0,11.0,69.79166666666667,60.0,3.891666666666667,24,24,24
20250519,강북구,2025051820,18.0,8.0,70.625,60.0,3.8333333333333335,24,24,24
20250519,강서구,2025051820,20.0,10.0,74.79166666666667,60.0,4.879166666666666,24,24,24
20250519,관악구,2025051820,21.0,11.0,71.25,60.0,4.395833333333333,24,24,24
20250519,광진구,2025051820,21.0,11.0,68.95833333333333,60.0,3.9125,24,24,24
20250519,구로구,2025051820,21.0,10.0,69.375,60.0,4.683333333333334,24,24,24
20250519,금천구,2025051820,21.0,10.0,73.125,60.0,4.620833333333334,24,24,24
20250519,노원구,2025051820,21.0,10.0,71.25,60.0,3.733333333333333,24,24,24
20250519,도봉구,2025051820,21.0,10.0,71.25,60.0,3.733333333333333,24,24,24
20250519,동대문구,2025051820,21.0,11.0,69.375,60.0,3.8041666666666663,24,24,24
20250519,동작구,2025051820,21.0,11.0,71.25,60.0,4.395833333333333,24,24,24
20250519,마포구,2025051820,21.0,11.0,72.08333333333333,60.0,4.029166666666667,24,24,24
20250519,서대문구,2025051820,21.0,11.0,72.08333333333333,60.0,4.029166666666667,24,24,24
20250519,서초구,2025051820,22.0,11.0,69.79166666666667,60.0,4.208333333333333,24,24,24
20250519,성동구,2025051820,22.0,12.0,68.95833333333333,60.0,3.9583333333333335,24,24,24
20250519,성북구,2025051820,18.0,8.0,70.625,60.0,3.8333333333333335,24,24,24
20250519,송파구,2025051820,22.0,12.0,68.95833333333333,60.0,4.125,24,24,24
20250519,양천구,2025051820,20.0,10.0,72.08333333333333,60.0,4.491666666666667,24,24,24
20250519,영등포구,2025051820,21.0,11.0,71.45833333333333,60.0,4.1375,24,24,24
20250519,용산구,2025051820,21.0,11.0,71.04166666666667,60.0,4.020833333333333,24,24,24
20250519,은평구,2025051820,21.0,11.0,72.91666666666667,60.0,4.0,24,24,24
20250519,종로구,2025051820,21.0,12.0,72.29166666666667,60.0,3.9083333333333328,24,24,24
20250519,중구,2025051820,21.0,12.0,72.29166666666667,60.0,3.9083333333333328,24,24,24
20250519,중랑구,2025051820,21.0,11.0,68.95833333333333,60.0,3.775,24,24,24
20250520,강남구,2025051920,28.0,17.0,79.79166666666667,60.0,3.4916666666666667,24,24,24
20250520,강동구,2025051920,28.0,17.0,80.20833333333333,60.0,3.079166666666667,24,24,24
20250520,강북구,2025051920,24.0,14.0,83.33333333333333,60.0,3.295833333333333,24,24,24
20250520,강서구,2025051920,25.0,16.0,86.25,60.0,3.758333333333334,24,24,24
20250520,관악구,2025051920,27.0,17.0,81.45833333333333,60.0,3.6041666666666665,24,24,24
20250520,광진구,2025051920,27.0,17.0,79.16666666666667,60.0,3.1791666666666667,24,24,24
20250520,구로구,2025051920,26.0,17.0,80.625,60.0,3.7125,24,24,24
20250520,금천구,2025051920,26.0,17.0,82.70833333333333,60.0,3.766666666666667,24,24,24
20250520,노원구,2025051920,26.0,16.0,84.16666666666667,60.0,3.2791666666666663,24,24,24
20250520,도봉구,2025051920,26.0,16.0,84.16666666666667,60.0,3.2791666666666663,24,24,24
20250520,동대문구,2025051920,27.0,17.0,80.625,60.0,3.233333333333333,24,24,24
20250520,동작구,2025051920,27.0,17.0,81.45833333333333,60.0,3.6041666666666665,24,24,24
20250520,마포구,2025051920,26.0,16.0,82.70833333333333,60.0,3.4125,24,24,24
20250520,서대문구,2025051920,26.0,16.0,82.70833333333333,60.0,3.4125,24,24,24
20250520,서초구,2025051920,28.0,17.0,79.79166666666667,60.0,3.4916666666666667,24,24,24
20250520,성동구,2025051920,29.0,18.0,78.125,60.0,3.279166666666667,24,24,24
20250520,성북구,2025051920,24.0,14.0,83.33333333333333,60.0,3.295833333333333,24,24,24
20250520,송파구,2025051920,28.0,18.0,78.75,60.0,3.4500000000000006,24,24,24
20250520,양천구,2025051920,25.0,16.0,82.70833333333333,60.0,3.5958333333333337,24,24,24
20250520,영등포구,2025051920,26.0,17.0,81.875,60.0,3.454166666666667,24,24,24
20250520,용산구,2025051920,27.0,17.0,81.25,60.0,3.3625000000000003,24,24,24
20250520,은평구,2025051920,26.0,16.0,84.58333333333333,60.0,3.4083333333333337,24,24,24
20250520,종로구,2025051920,26.0,16.0,82.91666666666667,60.0,3.3166666666666664,24,24,24
20250520,중구,2025051920,26.0,16.0,82.91666666666667,60.0,3.3166666666666664,24,24,24
20250520,중랑구,2025051920,27.0,17.0,79.58333333333333,60.0,3.1458333333333335,24,24,24
20250521,강남구,2025052020,27.0,22.0,87.29166666666667,60.0,1.4791666666666667,24,24,24
20250521,강동구,2025052020,27.0,22.0,87.29166666666667,60.0,1.3791666666666669,24,24,24
20250521,강북구,2025052020,24.0,19.0,90.20833333333331,60.0,1.5208333333333333,24,24,24
20250521,강서구,2025052020,25.0,21.0,91.66666666666669,60.0,1.8541666666666667,24,24,24
20250521,관악구,2025052020,26.0,22.0,88.33333333333333,60.0,1.6041666666666667,24,24,24
20250521,광진구,2025052020,27.0,22.0,86.25,60.0,1.4375,24,24,24
20250521,구로구,2025052020,26.0,22.0,87.08333333333333,60.0,1.7083333333333333,24,24,24
20250521,금천구,2025052020,25.0,21.0,90.41666666666669,60.0,1.6208333333333331,24,24,24
20250521,노원구,2025052020,26.0,21.0,91.45833333333331,60.0,1.5083333333333335,24,24,24
20250521,도봉구,2025052020,26.0,21.0,91.45833333333331,60.0,1.5083333333333335,24,24,24
20250521,동대문구,2025052020,26.0,22.0,88.54166666666667,60.0,1.4541666666666666,24,24,24
20250521,동작구,2025052020,26.0,22.0,88.33333333333333,60.0,1.6041666666666667,24,24,24
20250521,마포구,2025052020,25.0,21.0,89.16666666666667,60.0,1.625,24,24,24
20250521,서대문구,2025052020,25.0,21.0,89.16666666666667,60.0,1.625,24,24,24
20250521,서초구,2025052020,27.0,22.0,87.29166666666667,60.0,1.4791666666666667,24,24,24
20250521,성동구,2025052020,28.0,21.0,86.25,60.0,1.4624999999999997,24,24,24
20250521,성북구,2025052020,24.0,19.0,90.20833333333331,60.0,1.5208333333333333,24,24,24
20250521,송파구,2025052020,27.0,22.0,86.66666666666667,60.0,1.45,24,24,24
20250521,양천구,2025052020,25.0,21.0,88.54166666666667,60.0,1.7208333333333332,24,24,24
20250521,영등포구,2025052020,26.0,21.0,88.54166666666667,60.0,1.6083333333333332,24,24,24
20250521,용산구,2025052020,26.0,22.0,88.33333333333333,60.0,1.5041666666666669,24,24,24
20250521,은평구,2025052020,26.0,21.0,91.45833333333331,60.0,1.65,24,24,24
20250521,종로구,2025052020,27.0,21.0,90.0,60.0,1.5125,24,24,24
20250521,중구,2025052020,27.0,21.0,90.0,60.0,1.5125,24,24,24
20250521,중랑구,2025052020,27.0,22.0,87.70833333333333,60.0,1.4166666666666667,24,24,24
20250522,강남구,2025052120,27.0,20.0,69.79166666666667,60.0,3.141666666666667,24,24,24
20250522,강동구,2025052120,27.0,19.0,69.79166666666667,60.0,3.033333333333333,24,24,24
20250522,강북구,2025052120,25.0,17.0,69.16666666666667,60.0,3.2125,24,24,24
20250522,강서구,2025052120,27.0,18.0,71.66666666666667,60.0,3.345833333333333,24,24,24
20250522,관악구,2025052120,27.0,20.0,70.20833333333333,60.0,3.220833333333333,24,24,24
20250522,광진구,2025052120,27.0,20.0,68.75,60.0,3.029166666666667,24,24,24
20250522,구로구,2025052120,28.0,20.0,67.91666666666667,60.0,3.2541666666666664,24,24,24
20250522,금천구,2025052120,26.0,19.0,72.70833333333333,60.0,3.304166666666667,24,24,24
20250522,노원구,2025052120,27.0,18.0,68.54166666666667,60.0,3.2125,24,24,24
20250522,도봉구,2025052120,27.0,18.0,68.54166666666667,60.0,3.2125,24,24,24
20250522,동대문구,2025052120,27.0,20.0,67.91666666666667,60.0,3.141666666666667,24,24,24
20250522,동작구,2025052120,27.0,20.0,70.20833333333333,60.0,3.220833333333333,24,24,24
20250522,마포구,2025052120,27.0,19.0,68.75,60.0,3.1875,24,24,24
20250522,서대문구,2025052120,27.0,19.0,68.75,60.0,3.1875,24,24,24
20250522,서초구,2025052120,27.0,20.0,69.79166666666667,60.0,3.141666666666667,24,24,24
20250522,성동구,2025052120,27.0,20.0,69.375,60.0,3.0666666666666664,24,24,24
20250522,성북구,2025052120,25.0,17.0,69.16666666666667,60.0,3.2125,24,24,24
20250522,송파구,2025052120,27.0,20.0,69.58333333333333,60.0,3.1,24,24,24
20250522,양천구,2025052120,27.0,19.0,69.375,60.0,3.195833333333333,24,24,24
20250522,영등포구,2025052120,27.0,19.0,69.375,60.0,3.1624999999999996,24,24,24
20250522,용산구,2025052120,27.0,20.0,69.79166666666667,60.0,3.133333333333333,24,24,24
20250522,은평구,2025052120,27.0,18.0,70.20833333333333,60.0,3.241666666666667,24,24,24
20250522,종로구,2025052120,27.0,20.0,70.41666666666667,60.0,3.1916666666666664,24,24,24
20250522,중구,2025052120,27.0,20.0,70.41666666666667,60.0,3.1916666666666664,24,24,24
20250522,중랑구,2025052120,27.0,20.0,67.70833333333333,60.0,3.0708333333333333,24,24,24
20250523,강남구,2025052220,23.0,17.0,55.416666666666664,30.0,1.570833333333333,24,24,24
20250523,강동구,2025052220,23.0,17.0,57.083333333333336,30.0,1.5416666666666667,24,24,24
20250523,강북구,2025052220,20.0,14.0,56.458333333333336,30.0,1.7083333333333333,24,24,24
20250523,강서구,2025052220,23.0,16.0,60.833333333333336,30.0,1.7875000000000003,24,24,24
20250523,관악구,2025052220,23.0,17.0,56.25,30.0,1.6458333333333333,24,24,24
20250523,광진구,2025052220,23.0,17.0,56.25,30.0,1.5166666666666666,24,24,24
20250523,구로구,2025052220,23.0,17.0,56.041666666666664,30.0,1.6958333333333335,24,24,24
20250523,금천구,2025052220,22.0,16.0,57.291666666666664,30.0,1.6791666666666665,24,24,24
20250523,노원구,2025052220,22.0,16.0,57.916666666666664,30.0,1.7333333333333332,24,24,24
20250523,도봉구,2025052220,22.0,16.0,57.916666666666664,30.0,1.7333333333333332,24,24,24
20250523,동대문구,2025052220,23.0,17.0,55.416666666666664,30.0,1.6416666666666668,24,24,24
20250523,동작구,2025052220,23.0,17.0,56.25,30.0,1.6458333333333333,24,24,24
20250523,마포구,2025052220,22.0,17.0,56.666666666666664,30.0,1.7000000000000002,24,24,24
20250523,서대문구,2025052220,22.0,17.0,56.666666666666664,30.0,1.7000000000000002,24,24,24
20250523,서초구,2025052220,23.0,17.0,55.416666666666664,30.0,1.570833333333333,24,24,24
20250523,성동구,2025052220,24.0,18.0,55.208333333333336,30.0,1.5541666666666665,24,24,24
20250523,성북구,2025052220,20.0,14.0,56.458333333333336,30.0,1.7083333333333333,24,24,24
20250523,송파구,2025052220,23.0,17.0,55.208333333333336,30.0,1.5458333333333334,24,24,24
20250523,양천구,2025052220,22.0,17.0,58.125,30.0,1.6666666666666667,24,24,24
20250523,영등포구,2025052220,23.0,17.0,57.291666666666664,30.0,1.6375,24,24,24
20250523,용산구,2025052220,23.0,17.0,57.083333333333336,30.0,1.5916666666666668,24,24,24
20250523,은평구,2025052220,23.0,16.0,58.541666666666664,30.0,1.7583333333333335,24,24,24
20250523,종로구,2025052220,23.0,17.0,57.291666666666664,30.0,1.675,24,24,24
20250523,중구,2025052220,23.0,17.0,57.291666666666664,30.0,1.675,24,24,24
20250523,중랑구,2025052220,23.0,17.0,55.416666666666664,30.0,1.625,24,24,24
20250524,강남구,2025052320,22.0,14.0,56.666666666666664,60.0,1.9833333333333336,24,24,24
20250524,강동구,2025052320,21.0,14.0,57.916666666666664,60.0,1.925,24,24,24
20250524,강북구,2025052320,20.0,11.0,59.166666666666664,60.0,1.8916666666666668,24,24,24
20250524,강서구,2025052320,23.0,14.0,61.666666666666664,60.0,1.8541666666666667,24,24,24
20250524,관악구,2025052320,23.0,14.0,58.333333333333336,60.0,1.9166666666666667,24,24,24
20250524,광진구,2025052320,22.0,14.0,57.5,60.0,1.9458333333333335,24,24,24
20250524,구로구,2025052320,23.0,14.0,57.916666666666664,60.0,1.8416666666666668,24,24,24
20250524,금천구,2025052320,22.0,14.0,58.958333333333336,60.0,1.9208333333333336,24,24,24
20250524,노원구,2025052320,22.0,13.0,60.833333333333336,60.0,1.95,24,24,24
20250524,도봉구,2025052320,22.0,13.0,60.833333333333336,60.0,1.95,24,24,24
20250524,동대문구,2025052320,22.0,14.0,57.5,60.0,1.95,24,24,24
20250524,동작구,2025052320,23.0,14.0,58.333333333333336,60.0,1.9166666666666667,24,24,24
20250524,마포구,2025052320,22.0,14.0,59.166666666666664,60.0,1.866666666666667,24,24,24
20250524,서대문구,2025052320,22.0,14.0,59.166666666666664,60.0,1.866666666666667,24,24,24
20250524,서초구,2025052320,22.0,14.0,56.666666666666664,60.0,1.9833333333333336,24,24,24
20250524,성동구,2025052320,22.0,14.0,54.791666666666664,60.0,1.9291666666666665,24,24,24
20250524,성북구,2025052320,20.0,11.0,59.166666666666664,60.0,1.8916666666666668,24,24,24
20250524,송파구,2025052320,22.0,15.0,55.416666666666664,60.0,1.9875,24,24,24
20250524,양천구,2025052320,22.0,14.0,59.375,60.0,1.8291666666666668,24,24,24
20250524,영등포구,2025052320,22.0,14.0,59.166666666666664,60.0,1.8791666666666664,24,24,24
20250524,용산구,2025052320,22.0,14.0,58.541666666666664,60.0,1.925,24,24,24
20250524,은평구,2025052320,22.0,13.0,60.416666666666664,60.0,1.8583333333333332,24,24,24
20250524,종로구,2025052320,21.0,13.0,58.958333333333336,60.0,1.9291666666666665,24,24,24
20250524,중구,2025052320,21.0,13.0,58.958333333333336,60.0,1.9291666666666665,24,24,24
20250524,중랑구,2025052320,22.0,14.0,56.666666666666664,60.0,1.9708333333333332,24,24,24
20250525,강남구,2025052420,24.0,12.0,63.125,0.0,2.275,24,24,24
20250525,강동구,2025052420,24.0,11.0,62.083333333333336,0.0,2.2375000000000003,24,24,24
20250525,강북구,2025052420,21.0,9.0,64.16666666666667,0.0,2.2416666666666667,24,24,24
20250525,강서구,2025052420,23.0,11.0,70.625,0.0,2.2666666666666666,24,24,24
20250525,관악구,2025052420,23.0,11.0,64.79166666666667,0.0,2.2458333333333336,24,24,24
20250525,광진구,2025052420,23.0,12.0,61.666666666666664,0.0,2.2083333333333335,24,24,24
20250525,구로구,2025052420,22.0,11.0,64.79166666666667,0.0,2.2583333333333333,24,24,24
20250525,금천구,2025052420,22.0,11.0,67.08333333333333,0.0,2.316666666666667,24,24,24
20250525,노원구,2025052420,24.0,10.0,63.541666666666664,0.0,2.279166666666667,24,24,24
20250525,도봉구,2025052420,24.0,10.0,63.541666666666664,0.0,2.279166666666667,24,24,24
20250525,동대문구,2025052420,24.0,11.0,61.25,0.0,2.233333333333333,24,24,24
20250525,동작구,2025052420,23.0,11.0,64.79166666666667,0.0,2.2458333333333336,24,24,24
20250525,마포구,2025052420,23.0,11.0,65.625,0.0,2.233333333333333,24,24,24
20250525,서대문구,2025052420,23.0,11.0,65.625,0.0,2.233333333333333,24,24,24
20250525,서초구,2025052420,24.0,12.0,63.125,0.0,2.275,24,24,24
20250525,성동구,2025052420,24.0,12.0,60.208333333333336,0.0,2.191666666666667,24,24,24
20250525,성북구,2025052420,21.0,9.0,64.16666666666667,0.0,2.2416666666666667,24,24,24
20250525,송파구,2025052420,24.0,12.0,60.416666666666664,0.0,2.2875,24,24,24
20250525,양천구,2025052420,22.0,11.0,67.5,0.0,2.191666666666667,24,24,24
20250525,영등포구,2025052420,23.0,12.0,66.45833333333333,0.0,2.2,24,24,24
20250525,용산구,2025052420,23.0,12.0,64.58333333333333,0.0,2.1999999999999997,24,24,24
20250525,은평구,2025052420,24.0,11.0,66.875,0.0,2.2208333333333337,24,24,24
20250525,종로구,2025052420,23.0,12.0,65.20833333333333,0.0,2.2041666666666666,24,24,24
20250525,중구,2025052420,23.0,12.0,65.20833333333333,0.0,2.2041666666666666,24,24,24
20250525,중랑구,2025052420,24.0,11.0,60.416666666666664,0.0,2.2375000000000003,24,24,24
20250526,강남구,2025052520,27.0,12.0,60.833333333333336,0.0,1.5,24,24,24
20250526,강동구,2025052520,26.0,12.0,61.041666666666664,0.0,1.3708333333333331,24,24,24
20250526,강북구,2025052520,24.0,10.0,61.666666666666664,0.0,1.5583333333333331,24,24,24
20250526,강서구,2025052520,26.0,12.0,66.25,0.0,1.7541666666666664,24,24,24
20250526,관악구,2025052520,26.0,12.0,61.875,0.0,1.6000000000000003,24,24,24
20250526,광진구,2025052520,26.0,13.0,59.791666666666664,0.0,1.3833333333333335,24,24,24
20250526,구로구,2025052520,26.0,12.0,61.458333333333336,0.0,1.6500000000000004,24,24,24
20250526,금천구,2025052520,26.0,11.0,63.75,0.0,1.675,24,24,24
20250526,노원구,2025052520,26.0,11.0,61.875,0.0,1.5166666666666666,24,24,24
20250526,도봉구,2025052520,26.0,11.0,61.875,0.0,1.5166666666666666,24,24,24
20250526,동대문구,2025052520,26.0,12.0,59.375,0.0,1.4958333333333331,24,24,24
20250526,동작구,2025052520,26.0,12.0,61.875,0.0,1.6000000000000003,24,24,24
20250526,마포구,2025052520,26.0,12.0,62.291666666666664,0.0,1.5875,24,24,24
20250526,서대문구,2025052520,26.0,12.0,62.291666666666664,0.0,1.5875,24,24,24
20250526,서초구,2025052520,27.0,12.0,60.833333333333336,0.0,1.5,24,24,24
20250526,성동구,2025052520,27.0,12.0,58.958333333333336,0.0,1.4375,24,24,24
20250526,성북구,2025052520,24.0,10.0,61.666666666666664,0.0,1.5583333333333331,24,24,24
20250526,송파구,2025052520,27.0,13.0,59.791666666666664,0.0,1.4708333333333332,24,24,24
20250526,양천구,2025052520,25.0,12.0,63.75,0.0,1.6166666666666665,24,24,24
20250526,영등포구,2025052520,26.0,12.0,63.125,0.0,1.5583333333333331,24,24,24
20250526,용산구,2025052520,26.0,12.0,62.083333333333336,0.0,1.4791666666666667,24,24,24
20250526,은평구,2025052520,26.0,12.0,62.916666666666664,0.0,1.6416666666666668,24,24,24
20250526,종로구,2025052520,26.0,13.0,62.083333333333336,0.0,1.5416666666666667,24,24,24
20250526,중구,2025052520,26.0,13.0,62.083333333333336,0.0,1.5416666666666667,24,24,24
20250526,중랑구,2025052520,26.0,12.0,59.166666666666664,0.0,1.4666666666666668,24,24,24
20250527,강남구,2025052620,28.0,14.0,62.083333333333336,30.0,1.5416666666666667,24,24,24
20250527,강동구,2025052620,27.0,14.0,62.5,30.0,1.5333333333333334,24,24,24
20250527,강북구,2025052620,25.0,11.0,63.541666666666664,30.0,1.6125,24,24,24
20250527,강서구,2025052620,26.0,13.0,68.33333333333333,20.0,1.6958333333333335,24,24,24
20250527,관악구,2025052620,27.0,14.0,64.375,30.0,1.6000000000000003,24,24,24
20250527,광진구,2025052620,27.0,14.0,61.666666666666664,30.0,1.5208333333333333,24,24,24
20250527,구로구,2025052620,26.0,14.0,63.958333333333336,20.0,1.6416666666666668,24,24,24
20250527,금천구,2025052620,27.0,13.0,65.625,20.0,1.629166666666667,24,24,24
20250527,노원구,2025052620,27.0,13.0,64.16666666666667,30.0,1.5958333333333332,24,24,24
20250527,도봉구,2025052620,27.0,13.0,64.16666666666667,30.0,1.5958333333333332,24,24,24
20250527,동대문구,2025052620,27.0,14.0,61.041666666666664,30.0,1.5625,24,24,24
20250527,동작구,2025052620,27.0,14.0,64.375,30.0,1.6000000000000003,24,24,24
20250527,마포구,2025052620,27.0,14.0,63.75,30.0,1.6125,24,24,24
20250527,서대문구,2025052620,27.0,14.0,63.75,30.0,1.6125,24,24,24
20250527,서초구,2025052620,28.0,14.0,62.083333333333336,30.0,1.5416666666666667,24,24,24
20250527,성동구,2025052620,28.0,14.0,61.25,30.0,1.525,24,24,24
20250527,성북구,2025052620,25.0,11.0,63.541666666666664,30.0,1.6125,24,24,24
20250527,송파구,2025052620,28.0,15.0,60.833333333333336,30.0,1.55,24,24,24
20250527,양천구,2025052620,26.0,13.0,65.625,20.0,1.6124999999999998,24,24,24
20250527,영등포구,2025052620,27.0,14.0,63.75,30.0,1.5958333333333332,24,24,24
20250527,용산구,2025052620,27.0,14.0,63.333333333333336,30.0,1.5583333333333336,24,24,24
20250527,은평구,2025052620,27.0,13.0,65.41666666666667,30.0,1.6583333333333332,24,24,24
20250527,종로구,2025052620,26.0,15.0,63.958333333333336,30.0,1.5708333333333335,24,24,24
20250527,중구,2025052620,26.0,15.0,63.958333333333336,30.0,1.5708333333333335,24,24,24
20250527,중랑구,2025052620,27.0,14.0,60.833333333333336,30.0,1.5375,24,24,24
20250528,강남구,2025052720,27.0,15.0,63.125,60.0,1.6000000000000003,24,24,24
20250528,강동구,2025052720,27.0,15.0,65.20833333333333,60.0,1.6,24,24,24
20250528,강북구,2025052720,24.0,12.0,65.625,60.0,1.7208333333333332,24,24,24
20250528,강서구,2025052720,26.0,14.0,70.20833333333333,60.0,1.6625000000000003,24,24,24
20250528,관악구,2025052720,26.0,14.0,65.0,60.0,1.6125,24,24,24
20250528,광진구,2025052720,26.0,15.0,63.125,60.0,1.5708333333333335,24,24,24
20250528,구로구,2025052720,26.0,14.0,65.20833333333333,60.0,1.5916666666666668,24,24,24
20250528,금천구,2025052720,26.0,14.0,67.08333333333333,60.0,1.6499999999999997,24,24,24
20250528,노원구,2025052720,26.0,14.0,66.875,60.0,1.7791666666666668,24,24,24
20250528,도봉구,2025052720,26.0,14.0,66.875,60.0,1.7791666666666668,24,24,24
20250528,동대문구,2025052720,27.0,15.0,62.916666666666664,60.0,1.6291666666666664,24,24,24
20250528,동작구,2025052720,26.0,14.0,65.0,60.0,1.6125,24,24,24
20250528,마포구,2025052720,26.0,15.0,65.20833333333333,60.0,1.6458333333333333,24,24,24
20250528,서대문구,2025052720,26.0,15.0,65.20833333333333,60.0,1.6458333333333333,24,24,24
20250528,서초구,2025052720,27.0,15.0,63.125,60.0,1.6000000000000003,24,24,24
20250528,성동구,2025052720,27.0,16.0,62.083333333333336,60.0,1.5583333333333331,24,24,24
20250528,성북구,2025052720,24.0,12.0,65.625,60.0,1.7208333333333332,24,24,24
20250528,송파구,2025052720,27.0,15.0,62.083333333333336,60.0,1.6375,24,24,24
20250528,양천구,2025052720,25.0,14.0,66.25,60.0,1.5791666666666666,24,24,24
20250528,영등포구,2025052720,26.0,15.0,65.20833333333333,60.0,1.6083333333333334,24,24,24
20250528,용산구,2025052720,26.0,15.0,64.58333333333333,60.0,1.5750000000000002,24,24,24
20250528,은평구,2025052720,26.0,14.0,68.125,60.0,1.7250000000000003,24,24,24
20250528,종로구,2025052720,26.0,16.0,65.20833333333333,60.0,1.6375,24,24,24
20250528,중구,2025052720,26.0,16.0,65.20833333333333,60.0,1.6375,24,24,24
20250528,중랑구,2025052720,27.0,15.0,62.916666666666664,60.0,1.6166666666666665,24,24,24
20250529,강남구,2025052820,27.0,15.0,63.75,0.0,1.7333333333333334,24,24,24
20250529,강동구,2025052820,27.0,15.0,66.66666666666667,20.0,1.6791666666666665,24,24,24
20250529,강북구,2025052820,24.0,13.0,65.41666666666667,0.0,1.7833333333333332,24,24,24
20250529,강서구,2025052820,27.0,14.0,67.08333333333333,0.0,1.8416666666666668,24,24,24
20250529,관악구,2025052820,27.0,15.0,63.333333333333336,0.0,1.7250000000000003,24,24,24
20250529,광진구,2025052820,27.0,16.0,64.58333333333333,0.0,1.6916666666666669,24,24,24
20250529,구로구,2025052820,27.0,15.0,60.833333333333336,0.0,1.7625,24,24,24
20250529,금천구,2025052820,27.0,14.0,65.41666666666667,0.0,1.7625,24,24,24
20250529,노원구,2025052820,26.0,14.0,68.75,0.0,1.8041666666666665,24,24,24
20250529,도봉구,2025052820,26.0,14.0,68.75,0.0,1.8041666666666665,24,24,24
20250529,동대문구,2025052820,27.0,16.0,63.541666666666664,0.0,1.7291666666666667,24,24,24
20250529,동작구,2025052820,27.0,15.0,63.333333333333336,0.0,1.7250000000000003,24,24,24
20250529,마포구,2025052820,27.0,15.0,63.958333333333336,0.0,1.7541666666666664,24,24,24
20250529,서대문구,2025052820,27.0,15.0,63.958333333333336,0.0,1.7541666666666664,24,24,24
20250529,서초구,2025052820,27.0,15.0,63.75,0.0,1.7333333333333334,24,24,24
20250529,성동구,2025052820,27.0,16.0,62.916666666666664,0.0,1.6708333333333334,24,24,24
20250529,성북구,2025052820,24.0,13.0,65.41666666666667,0.0,1.7833333333333332,24,24,24
20250529,송파구,2025052820,27.0,16.0,63.333333333333336,0.0,1.8,24,24,24
20250529,양천구,2025052820,26.0,15.0,64.16666666666667,0.0,1.7375,24,24,24
20250529,영등포구,2025052820,27.0,16.0,63.958333333333336,0.0,1.7,24,24,24
20250529,용산구,2025052820,27.0,15.0,63.75,0.0,1.6708333333333334,24,24,24
20250529,은평구,2025052820,27.0,14.0,67.08333333333333,0.0,1.8374999999999997,24,24,24
20250529,종로구,2025052820,26.0,16.0,64.375,0.0,1.7333333333333334,24,24,24
20250529,중구,2025052820,26.0,16.0,64.375,0.0,1.7333333333333334,24,24,24
20250529,중랑구,2025052820,27.0,15.0,64.375,0.0,1.7166666666666668,24,24,24
20250530,강남구,2025052920,28.0,15.0,50.208333333333336,0.0,2.725,24,24,24
20250530,강동구,2025052920,28.0,15.0,53.333333333333336,0.0,2.720833333333333,24,24,24
20250530,강북구,2025052920,26.0,13.0,49.583333333333336,0.0,2.7083333333333335,24,24,24
20250530,강서구,2025052920,28.0,15.0,54.166666666666664,0.0,2.5083333333333333,24,24,24
20250530,관악구,2025052920,28.0,15.0,50.416666666666664,0.0,2.6374999999999997,24,24,24
20250530,광진구,2025052920,28.0,15.0,50.416666666666664,0.0,2.7291666666666665,24,24,24
20250530,구로구,2025052920,28.0,16.0,48.75,0.0,2.5791666666666666,24,24,24
20250530,금천구,2025052920,28.0,15.0,53.333333333333336,0.0,2.704166666666667,24,24,24
20250530,노원구,2025052920,28.0,14.0,52.708333333333336,0.0,2.7791666666666663,24,24,24
20250530,도봉구,2025052920,28.0,14.0,52.708333333333336,0.0,2.7791666666666663,24,24,24
20250530,동대문구,2025052920,28.0,15.0,48.958333333333336,0.0,2.775,24,24,24
20250530,동작구,2025052920,28.0,15.0,50.416666666666664,0.0,2.6374999999999997,24,24,24
20250530,마포구,2025052920,28.0,15.0,50.625,0.0,2.608333333333333,24,24,24
20250530,서대문구,2025052920,28.0,15.0,50.625,0.0,2.608333333333333,24,24,24
20250530,서초구,2025052920,28.0,15.0,50.208333333333336,0.0,2.725,24,24,24
20250530,성동구,2025052920,28.0,16.0,50.625,0.0,2.6833333333333336,24,24,24
20250530,성북구,2025052920,26.0,13.0,49.583333333333336,0.0,2.7083333333333335,24,24,24
20250530,송파구,2025052920,29.0,16.0,50.208333333333336,0.0,2.766666666666667,24,24,24
20250530,양천구,2025052920,28.0,15.0,50.625,0.0,2.5208333333333335,24,24,24
20250530,영등포구,2025052920,28.0,15.0,50.625,0.0,2.5749999999999997,24,24,24
20250530,용산구,2025052920,28.0,15.0,49.791666666666664,0.0,2.654166666666667,24,24,24
20250530,은평구,2025052920,28.0,14.0,51.875,0.0,2.6374999999999997,24,24,24
20250530,종로구,2025052920,29.0,16.0,51.041666666666664,0.0,2.7000000000000006,24,24,24
20250530,중구,2025052920,29.0,16.0,51.041666666666664,0.0,2.7000000000000006,24,24,24
20250530,중랑구,2025052920,28.0,15.0,49.375,0.0,2.8083333333333336,24,24,24
20250531,강남구,2025053020,29.0,15.0,52.5,0.0,1.375,24,24,24
20250531,강동구,2025053020,29.0,14.0,52.708333333333336,20.0,1.2375,24,24,24
20250531,강북구,2025053020,26.0,12.0,50.833333333333336,0.0,1.3208333333333333,24,24,24
20250531,강서구,2025053020,28.0,14.0,58.333333333333336,0.0,1.5166666666666666,24,24,24
20250531,관악구,2025053020,29.0,14.0,53.958333333333336,0.0,1.425,24,24,24
20250531,광진구,2025053020,29.0,14.0,50.625,0.0,1.2916666666666667,24,24,24
20250531,구로구,2025053020,28.0,14.0,54.583333333333336,0.0,1.4916666666666665,24,24,24
20250531,금천구,2025053020,28.0,14.0,57.083333333333336,0.0,1.5041666666666664,24,24,24
20250531,노원구,2025053020,29.0,13.0,49.791666666666664,0.0,1.3208333333333333,24,24,24
20250531,도봉구,2025053020,29.0,13.0,49.791666666666664,0.0,1.3208333333333333,24,24,24
20250531,동대문구,2025053020,29.0,14.0,48.541666666666664,0.0,1.2875,24,24,24
20250531,동작구,2025053020,29.0,14.0,53.958333333333336,0.0,1.425,24,24,24
20250531,마포구,2025053020,28.0,15.0,52.916666666666664,0.0,1.3833333333333335,24,24,24
20250531,서대문구,2025053020,28.0,15.0,52.916666666666664,0.0,1.3833333333333335,24,24,24
20250531,서초구,2025053020,29.0,15.0,52.5,0.0,1.375,24,24,24
20250531,성동구,2025053020,29.0,15.0,50.416666666666664,0.0,1.3166666666666669,24,24,24
20250531,성북구,2025053020,26.0,12.0,50.833333333333336,0.0,1.3208333333333333,24,24,24
20250531,송파구,2025053020,29.0,15.0,51.25,0.0,1.3958333333333333,24,24,24
20250531,양천구,2025053020,28.0,14.0,55.833333333333336,0.0,1.4291666666666665,24,24,24
20250531,영등포구,2025053020,28.0,15.0,55.0,0.0,1.375,24,24,24
20250531,용산구,2025053020,29.0,14.0,53.125,0.0,1.3333333333333333,24,24,24
20250531,은평구,2025053020,29.0,14.0,54.166666666666664,0.0,1.3875,24,24,24
20250531,종로구,2025053020,29.0,16.0,50.833333333333336,0.0,1.3083333333333331,24,24,24
20250531,중구,2025053020,29.0,16.0,50.833333333333336,0.0,1.3083333333333331,24,24,24
20250531,중랑구,2025053020,29.0,14.0,48.333333333333336,0.0,1.2708333333333333,24,24,24
20250601,강남구,2025053120,30.0,16.0,60.0,20.0,1.65,24,24,24
20250601,강동구,2025053120,30.0,16.0,61.041666666666664,20.0,1.5125,24,24,24
20250601,강북구,2025053120,27.0,13.0,61.041666666666664,20.0,1.6,24,24,24
20250601,강서구,2025053120,28.0,15.0,67.29166666666667,20.0,1.6291666666666664,24,24,24
20250601,관악구,2025053120,29.0,16.0,61.875,20.0,1.6833333333333336,24,24,24
20250601,광진구,2025053120,29.0,16.0,59.791666666666664,20.0,1.5625,24,24,24
20250601,구로구,2025053120,28.0,16.0,62.291666666666664,20.0,1.6458333333333333,24,24,24
20250601,금천구,2025053120,28.0,15.0,64.79166666666667,20.0,1.7291666666666667,24,24,24
20250601,노원구,2025053120,29.0,15.0,62.5,20.0,1.5791666666666668,24,24,24
20250601,도봉구,2025053120,29.0,15.0,62.5,20.0,1.5791666666666668,24,24,24
20250601,동대문구,2025053120,30.0,16.0,59.583333333333336,20.0,1.5833333333333333,24,24,24
20250601,동작구,2025053120,29.0,16.0,61.875,20.0,1.6833333333333336,24,24,24
20250601,마포구,2025053120,29.0,16.0,62.083333333333336,20.0,1.6125,24,24,24
20250601,서대문구,2025053120,29.0,16.0,62.083333333333336,20.0,1.6125,24,24,24
20250601,서초구,2025053120,30.0,16.0,60.0,20.0,1.65,24,24,24
20250601,성동구,2025053120,30.0,17.0,58.958333333333336,20.0,1.6041666666666667,24,24,24
20250601,성북구,2025053120,27.0,13.0,61.041666666666664,20.0,1.6,24,24,24
20250601,송파구,2025053120,30.0,16.0,58.958333333333336,20.0,1.6541666666666668,24,24,24
20250601,양천구,2025053120,28.0,15.0,63.958333333333336,20.0,1.6083333333333332,24,24,24
20250601,영등포구,2025053120,28.0,16.0,62.916666666666664,20.0,1.6083333333333334,24,24,24
20250601,용산구,2025053120,29.0,16.0,61.875,20.0,1.6,24,24,24
20250601,은평구,2025053120,29.0,15.0,63.541666666666664,20.0,1.6041666666666667,24,24,24
20250601,종로구,2025053120,29.0,17.0,61.458333333333336,20.0,1.5916666666666668,24,24,24
20250601,중구,2025053120,29.0,17.0,61.458333333333336,20.0,1.5916666666666668,24,24,24
20250601,중랑구,2025053120,30.0,16.0,58.333333333333336,20.0,1.5416666666666667,24,24,24
20250602,강남구,2025060120,25.0,17.0,65.41666666666667,30.0,1.2916666666666667,24,24,24
20250602,강동구,2025060120,25.0,17.0,67.08333333333333,30.0,1.2916666666666667,24,24,24
20250602,강북구,2025060120,23.0,15.0,66.25,30.0,1.3208333333333333,24,24,24
20250602,강서구,2025060120,24.0,16.0,71.875,30.0,1.3583333333333334,24,24,24
20250602,관악구,2025060120,24.0,17.0,66.66666666666667,30.0,1.3,24,24,24
20250602,광진구,2025060120,25.0,18.0,64.79166666666667,30.0,1.3,24,24,24
20250602,구로구,2025060120,24.0,17.0,66.66666666666667,30.0,1.2958333333333332,24,24,24
20250602,금천구,2025060120,24.0,17.0,69.79166666666667,30.0,1.3,24,24,24
20250602,노원구,2025060120,25.0,17.0,67.5,30.0,1.3083333333333331,24,24,24
20250602,도봉구,2025060120,25.0,17.0,67.5,30.0,1.3083333333333331,24,24,24
20250602,동대문구,2025060120,25.0,18.0,63.541666666666664,30.0,1.2958333333333334,24,24,24
20250602,동작구,2025060120,24.0,17.0,66.66666666666667,30.0,1.3,24,24,24
20250602,마포구,2025060120,24.0,17.0,66.66666666666667,30.0,1.325,24,24,24
20250602,서대문구,2025060120,24.0,17.0,66.66666666666667,30.0,1.325,24,24,24
20250602,서초구,2025060120,25.0,17.0,65.41666666666667,30.0,1.2916666666666667,24,24,24
20250602,성동구,2025060120,26.0,18.0,64.16666666666667,30.0,1.2833333333333332,24,24,24
20250602,성북구,2025060120,23.0,15.0,66.25,30.0,1.3208333333333333,24,24,24
20250602,송파구,2025060120,25.0,18.0,64.375,30.0,1.3208333333333333,24,24,24
20250602,양천구,2025060120,24.0,17.0,68.33333333333333,30.0,1.3166666666666669,24,24,24
20250602,영등포구,2025060120,24.0,17.0,66.66666666666667,30.0,1.3166666666666669,24,24,24
20250602,용산구,2025060120,24.0,17.0,65.83333333333333,30.0,1.3166666666666669,24,24,24
20250602,은평구,2025060120,25.0,17.0,69.375,30.0,1.3333333333333333,24,24,24
20250602,종로구,2025060120,25.0,18.0,66.25,30.0,1.3125,24,24,24
20250602,중구,2025060120,25.0,18.0,66.25,30.0,1.3125,24,24,24
20250602,중랑구,2025060120,25.0,17.0,63.333333333333336,30.0,1.2625,24,24,24
20250603,강남구,2025060220,25.0,17.0,65.41666666666667,30.0,2.4875000000000003,24,24,24
20250603,강동구,2025060220,25.0,17.0,66.66666666666667,30.0,2.504166666666667,24,24,24
20250603,강북구,2025060220,22.0,14.0,65.83333333333333,30.0,2.4625,24,24,24
20250603,강서구,2025060220,24.0,16.0,70.83333333333333,30.0,2.7541666666666664,24,24,24
20250603,관악구,2025060220,24.0,17.0,66.45833333333333,30.0,2.5500000000000003,24,24,24
20250603,광진구,2025060220,24.0,17.0,65.625,30.0,2.4499999999999997,24,24,24
20250603,구로구,2025060220,24.0,17.0,65.0,30.0,2.6125000000000003,24,24,24
20250603,금천구,2025060220,24.0,16.0,68.95833333333333,30.0,2.5583333333333336,24,24,24
20250603,노원구,2025060220,25.0,16.0,67.5,30.0,2.4625,24,24,24
20250603,도봉구,2025060220,25.0,16.0,67.5,30.0,2.4625,24,24,24
20250603,동대문구,2025060220,25.0,17.0,65.0,30.0,2.408333333333333,24,24,24
20250603,동작구,2025060220,24.0,17.0,66.45833333333333,30.0,2.5500000000000003,24,24,24
20250603,마포구,2025060220,24.0,17.0,66.875,30.0,2.5416666666666665,24,24,24
20250603,서대문구,2025060220,24.0,17.0,66.875,30.0,2.5416666666666665,24,24,24
20250603,서초구,2025060220,25.0,17.0,65.41666666666667,30.0,2.4875000000000003,24,24,24
20250603,성동구,2025060220,25.0,17.0,65.83333333333333,30.0,2.4375,24,24,24
20250603,성북구,2025060220,22.0,14.0,65.83333333333333,30.0,2.4625,24,24,24
20250603,송파구,2025060220,25.0,17.0,64.79166666666667,30.0,2.5291666666666663,24,24,24
20250603,양천구,2025060220,24.0,17.0,68.125,30.0,2.6208333333333336,24,24,24
20250603,영등포구,2025060220,24.0,17.0,67.08333333333333,30.0,2.5375,24,24,24
20250603,용산구,2025060220,24.0,17.0,66.875,30.0,2.4499999999999997,24,24,24
20250603,은평구,2025060220,25.0,16.0,67.29166666666667,30.0,2.5708333333333333,24,24,24
20250603,종로구,2025060220,25.0,17.0,68.125,30.0,2.4291666666666667,24,24,24
20250603,중구,2025060220,25.0,17.0,68.125,30.0,2.4291666666666667,24,24,24
20250603,중랑구,2025060220,25.0,17.0,64.58333333333333,30.0,2.4250000000000003,24,24,24
20250604,강남구,2025060320,25.0,15.0,57.916666666666664,20.0,4.833333333333333,24,24,24
20250604,강동구,2025060320,24.0,15.0,58.125,20.0,4.433333333333334,24,24,24
20250604,강북구,2025060320,22.0,13.0,59.166666666666664,20.0,4.316666666666667,24,24,24
20250604,강서구,2025060320,24.0,15.0,63.333333333333336,0.0,5.325,24,24,24
20250604,관악구,2025060320,24.0,15.0,59.791666666666664,0.0,4.979166666666667,24,24,24
20250604,광진구,2025060320,24.0,16.0,58.125,20.0,4.470833333333334,24,24,24
20250604,구로구,2025060320,24.0,16.0,57.083333333333336,0.0,5.2250000000000005,24,24,24
20250604,금천구,2025060320,24.0,15.0,60.625,20.0,5.229166666666667,24,24,24
20250604,노원구,2025060320,24.0,14.0,58.75,20.0,4.054166666666666,24,24,24
20250604,도봉구,2025060320,24.0,14.0,58.75,20.0,4.054166666666666,24,24,24
20250604,동대문구,2025060320,24.0,16.0,56.25,20.0,4.329166666666667,24,24,24
20250604,동작구,2025060320,24.0,15.0,59.791666666666664,0.0,4.979166666666667,24,24,24
20250604,마포구,2025060320,24.0,15.0,59.375,0.0,4.533333333333333,24,24,24
20250604,서대문구,2025060320,24.0,15.0,59.375,0.0,4.533333333333333,24,24,24
20250604,서초구,2025060320,25.0,15.0,57.916666666666664,20.0,4.833333333333333,24,24,24
20250604,성동구,2025060320,25.0,16.0,57.083333333333336,20.0,4.5125,24,24,24
20250604,성북구,2025060320,22.0,13.0,59.166666666666664,20.0,4.316666666666667,24,24,24
20250604,송파구,2025060320,25.0,16.0,56.458333333333336,20.0,4.75,24,24,24
20250604,양천구,2025060320,23.0,15.0,60.625,0.0,5.041666666666667,24,24,24
20250604,영등포구,2025060320,24.0,16.0,60.416666666666664,0.0,4.670833333333333,24,24,24
20250604,용산구,2025060320,24.0,15.0,59.583333333333336,0.0,4.5875,24,24,24
20250604,은평구,2025060320,24.0,15.0,60.833333333333336,20.0,4.441666666666666,24,24,24
20250604,종로구,2025060320,24.0,16.0,59.583333333333336,0.0,4.416666666666667,24,24,24
20250604,중구,2025060320,24.0,16.0,59.583333333333336,0.0,4.416666666666667,24,24,24
20250604,중랑구,2025060320,24.0,15.0,56.458333333333336,20.0,4.3,24,24,24
20250605,강남구,2025060420,28.0,15.0,53.75,0.0,2.533333333333333,24,24,24
20250605,강동구,2025060420,28.0,14.0,56.041666666666664,0.0,2.2624999999999997,24,24,24
20250605,강북구,2025060420,25.0,12.0,55.0,0.0,2.379166666666667,24,24,24
20250605,강서구,2025060420,27.0,14.0,59.791666666666664,0.0,2.8000000000000003,24,24,24
20250605,관악구,2025060420,27.0,15.0,55.416666666666664,0.0,2.6250000000000004,24,24,24
20250605,광진구,2025060420,28.0,15.0,53.75,0.0,2.3041666666666667,24,24,24
20250605,구로구,2025060420,27.0,16.0,53.541666666666664,0.0,2.7458333333333336,24,24,24
20250605,금천구,2025060420,27.0,14.0,57.291666666666664,0.0,2.733333333333333,24,24,24
20250605,노원구,2025060420,28.0,14.0,56.041666666666664,0.0,2.3208333333333333,24,24,24
20250605,도봉구,2025060420,28.0,14.0,56.041666666666664,0.0,2.3208333333333333,24,24,24
20250605,동대문구,2025060420,28.0,15.0,53.541666666666664,0.0,2.3375,24,24,24
20250605,동작구,2025060420,27.0,15.0,55.416666666666664,0.0,2.6250000000000004,24,24,24
20250605,마포구,2025060420,27.0,15.0,55.833333333333336,0.0,2.4291666666666667,24,24,24
20250605,서대문구,2025060420,27.0,15.0,55.833333333333336,0.0,2.4291666666666667,24,24,24
20250605,서초구,2025060420,28.0,15.0,53.75,0.0,2.533333333333333,24,24,24
20250605,성동구,2025060420,28.0,15.0,53.125,0.0,2.375,24,24,24
20250605,성북구,2025060420,25.0,12.0,55.0,0.0,2.379166666666667,24,24,24
20250605,송파구,2025060420,28.0,15.0,52.708333333333336,0.0,2.4625,24,24,24
20250605,양천구,2025060420,27.0,15.0,56.666666666666664,0.0,2.629166666666667,24,24,24
20250605,영등포구,2025060420,27.0,15.0,55.416666666666664,0.0,2.4791666666666665,24,24,24
20250605,용산구,2025060420,27.0,15.0,55.0,0.0,2.404166666666667,24,24,24
20250605,은평구,2025060420,27.0,14.0,57.5,0.0,2.4333333333333336,24,24,24
20250605,종로구,2025060420,27.0,15.0,55.833333333333336,0.0,2.379166666666667,24,24,24
20250605,중구,2025060420,27.0,15.0,55.833333333333336,0.0,2.379166666666667,24,24,24
20250605,중랑구,2025060420,28.0,15.0,52.708333333333336,0.0,2.2875,24,24,24
20250606,강남구,2025060520,29.0,18.0,49.166666666666664,20.0,2.7541666666666664,24,24,24
20250606,강동구,2025060520,29.0,17.0,51.458333333333336,20.0,2.4499999999999997,24,24,24
20250606,강북구,2025060520,26.0,15.0,52.5,20.0,2.775,24,24,24
20250606,강서구,2025060520,27.0,17.0,57.083333333333336,20.0,3.1458333333333335,24,24,24
20250606,관악구,2025060520,28.0,18.0,50.416666666666664,20.0,2.8333333333333335,24,24,24
20250606,광진구,2025060520,28.0,17.0,49.375,20.0,2.5,24,24,24
20250606,구로구,2025060520,28.0,18.0,49.375,20.0,2.9333333333333336,24,24,24
20250606,금천구,2025060520,28.0,17.0,52.291666666666664,20.0,3.0416666666666665,24,24,24
20250606,노원구,2025060520,29.0,17.0,53.75,20.0,2.9458333333333333,24,24,24
20250606,도봉구,2025060520,29.0,17.0,53.75,20.0,2.9458333333333333,24,24,24
20250606,동대문구,2025060520,29.0,18.0,49.375,20.0,2.658333333333333,24,24,24
20250606,동작구,2025060520,28.0,18.0,50.416666666666664,20.0,2.8333333333333335,24,24,24
20250606,마포구,2025060520,28.0,17.0,53.541666666666664,20.0,2.75,24,24,24
20250606,서대문구,2025060520,28.0,17.0,53.541666666666664,20.0,2.75,24,24,24
20250606,서초구,2025060520,29.0,18.0,49.166666666666664,20.0,2.7541666666666664,24,24,24
20250606,성동구,2025060520,29.0,17.0,48.333333333333336,20.0,2.5208333333333335,24,24,24
20250606,성북구,2025060520,26.0,15.0,52.5,20.0,2.775,24,24,24
20250606,송파구,2025060520,29.0,18.0,47.5,20.0,2.7291666666666665,24,24,24
20250606,양천구,2025060520,27.0,17.0,54.166666666666664,20.0,2.779166666666667,24,24,24
20250606,영등포구,2025060520,28.0,17.0,52.708333333333336,20.0,2.6374999999999997,24,24,24
20250606,용산구,2025060520,28.0,17.0,51.666666666666664,20.0,2.5541666666666667,24,24,24
20250606,은평구,2025060520,28.0,17.0,55.833333333333336,20.0,2.9,24,24,24
20250606,종로구,2025060520,28.0,18.0,53.125,20.0,2.6666666666666665,24,24,24
20250606,중구,2025060520,28.0,18.0,53.125,20.0,2.6666666666666665,24,24,24
20250606,중랑구,2025060520,29.0,17.0,50.0,20.0,2.6374999999999997,24,24,24
20250607,강남구,2025060620,29.0,18.0,60.625,30.0,2.358333333333333,24,24,24
20250607,강동구,2025060620,29.0,18.0,61.041666666666664,30.0,2.158333333333333,24,24,24
20250607,강북구,2025060620,25.0,15.0,64.375,30.0,2.2875,24,24,24
20250607,강서구,2025060620,27.0,17.0,69.79166666666667,30.0,2.4625,24,24,24
20250607,관악구,2025060620,28.0,18.0,63.333333333333336,30.0,2.4,24,24,24
20250607,광진구,2025060620,28.0,18.0,60.416666666666664,30.0,2.1958333333333333,24,24,24
20250607,구로구,2025060620,28.0,18.0,63.333333333333336,30.0,2.4333333333333336,24,24,24
20250607,금천구,2025060620,28.0,17.0,64.58333333333333,30.0,2.525,24,24,24
20250607,노원구,2025060620,28.0,17.0,65.20833333333333,30.0,2.3625,24,24,24
20250607,도봉구,2025060620,28.0,17.0,65.20833333333333,30.0,2.3625,24,24,24
20250607,동대문구,2025060620,28.0,18.0,60.833333333333336,30.0,2.2458333333333336,24,24,24
20250607,동작구,2025060620,28.0,18.0,63.333333333333336,30.0,2.4,24,24,24
20250607,마포구,2025060620,27.0,18.0,65.41666666666667,30.0,2.266666666666667,24,24,24
20250607,서대문구,2025060620,27.0,18.0,65.41666666666667,30.0,2.266666666666667,24,24,24
20250607,서초구,2025060620,29.0,18.0,60.625,30.0,2.358333333333333,24,24,24
20250607,성동구,2025060620,29.0,19.0,57.708333333333336,30.0,2.2125,24,24,24
20250607,성북구,2025060620,25.0,15.0,64.375,30.0,2.2875,24,24,24
20250607,송파구,2025060620,29.0,18.0,58.541666666666664,30.0,2.3375,24,24,24
20250607,양천구,2025060620,27.0,18.0,66.04166666666667,30.0,2.3041666666666667,24,24,24
20250607,영등포구,2025060620,27.0,18.0,65.0,30.0,2.2624999999999997,24,24,24
20250607,용산구,2025060620,28.0,18.0,63.125,30.0,2.2416666666666667,24,24,24
20250607,은평구,2025060620,27.0,17.0,67.91666666666667,30.0,2.308333333333333,24,24,24
20250607,종로구,2025060620,29.0,19.0,63.541666666666664,30.0,2.2625,24,24,24
20250607,중구,2025060620,29.0,19.0,63.541666666666664,30.0,2.2625,24,24,24
20250607,중랑구,2025060620,28.0,18.0,60.208333333333336,30.0,2.25,24,24,24
20250608,강남구,2025060720,29.0,20.0,75.20833333333333,30.0,1.6416666666666666,24,24,24
20250608,강동구,2025060720,29.0,20.0,76.45833333333333,30.0,1.5791666666666666,24,24,24
20250608,강북구,2025060720,26.0,17.0,76.66666666666667,30.0,1.816666666666667,24,24,24
20250608,강서구,2025060720,28.0,19.0,80.41666666666667,30.0,1.9291666666666665,24,24,24
20250608,관악구,2025060720,29.0,20.0,76.875,30.0,1.725,24,24,24
20250608,광진구,2025060720,29.0,20.0,74.16666666666667,30.0,1.6208333333333336,24,24,24
20250608,구로구,2025060720,29.0,20.0,75.83333333333333,30.0,1.7541666666666664,24,24,24
20250608,금천구,2025060720,28.0,19.0,79.79166666666667,30.0,1.6791666666666665,24,24,24
20250608,노원구,2025060720,29.0,19.0,76.45833333333333,30.0,1.8416666666666668,24,24,24
20250608,도봉구,2025060720,29.0,19.0,76.45833333333333,30.0,1.8416666666666668,24,24,24
20250608,동대문구,2025060720,29.0,20.0,74.16666666666667,30.0,1.7541666666666664,24,24,24
20250608,동작구,2025060720,29.0,20.0,76.875,30.0,1.725,24,24,24
20250608,마포구,2025060720,29.0,19.0,76.66666666666667,30.0,1.8041666666666665,24,24,24
20250608,서대문구,2025060720,29.0,19.0,76.66666666666667,30.0,1.8041666666666665,24,24,24
20250608,서초구,2025060720,29.0,20.0,75.20833333333333,30.0,1.6416666666666666,24,24,24
20250608,성동구,2025060720,30.0,19.0,74.375,30.0,1.6541666666666668,24,24,24
20250608,성북구,2025060720,26.0,17.0,76.66666666666667,30.0,1.816666666666667,24,24,24
20250608,송파구,2025060720,29.0,20.0,73.95833333333333,30.0,1.6166666666666665,24,24,24
20250608,양천구,2025060720,28.0,20.0,77.29166666666667,30.0,1.7916666666666667,24,24,24
20250608,영등포구,2025060720,29.0,20.0,76.45833333333333,30.0,1.7458333333333336,24,24,24
20250608,용산구,2025060720,29.0,20.0,76.04166666666667,30.0,1.7166666666666668,24,24,24
20250608,은평구,2025060720,29.0,19.0,78.95833333333333,30.0,1.8416666666666668,24,24,24
20250608,종로구,2025060720,30.0,19.0,76.875,30.0,1.7625,24,24,24
20250608,중구,2025060720,30.0,19.0,76.875,30.0,1.7625,24,24,24
20250608,중랑구,2025060720,29.0,20.0,74.58333333333333,30.0,1.6958333333333335,24,24,24
20250609,강남구,2025060820,31.0,21.0,68.125,30.0,1.8166666666666664,24,24,24
20250609,강동구,2025060820,31.0,21.0,67.70833333333333,30.0,1.7749999999999997,24,24,24
20250609,강북구,2025060820,28.0,18.0,70.20833333333333,30.0,1.8541666666666667,24,24,24
20250609,강서구,2025060820,29.0,20.0,75.83333333333333,30.0,1.8916666666666664,24,24,24
20250609,관악구,2025060820,30.0,21.0,70.0,30.0,1.825,24,24,24
20250609,광진구,2025060820,31.0,21.0,66.45833333333333,30.0,1.7708333333333333,24,24,24
20250609,구로구,2025060820,30.0,21.0,71.04166666666667,30.0,1.820833333333333,24,24,24
20250609,금천구,2025060820,30.0,20.0,73.75,30.0,1.8333333333333333,24,24,24
20250609,노원구,2025060820,31.0,20.0,70.0,30.0,1.8583333333333332,24,24,24
20250609,도봉구,2025060820,31.0,20.0,70.0,30.0,1.8583333333333332,24,24,24
20250609,동대문구,2025060820,31.0,21.0,66.875,30.0,1.808333333333333,24,24,24
20250609,동작구,2025060820,30.0,21.0,70.0,30.0,1.825,24,24,24
20250609,마포구,2025060820,30.0,20.0,70.0,30.0,1.8583333333333336,24,24,24
20250609,서대문구,2025060820,30.0,20.0,70.0,30.0,1.8583333333333336,24,24,24
20250609,서초구,2025060820,31.0,21.0,68.125,30.0,1.8166666666666664,24,24,24
20250609,성동구,2025060820,31.0,20.0,66.04166666666667,30.0,1.7875,24,24,24
20250609,성북구,2025060820,28.0,18.0,70.20833333333333,30.0,1.8541666666666667,24,24,24
20250609,송파구,2025060820,31.0,21.0,66.04166666666667,30.0,1.8208333333333335,24,24,24
20250609,양천구,2025060820,29.0,21.0,71.04166666666667,30.0,1.825,24,24,24
20250609,영등포구,2025060820,30.0,21.0,70.0,30.0,1.8166666666666669,24,24,24
20250609,용산구,2025060820,30.0,21.0,68.95833333333333,30.0,1.8083333333333331,24,24,24
20250609,은평구,2025060820,30.0,20.0,71.875,30.0,1.8583333333333336,24,24,24
20250609,종로구,2025060820,30.0,20.0,69.58333333333333,30.0,1.8500000000000003,24,24,24
20250609,중구,2025060820,30.0,20.0,69.58333333333333,30.0,1.8500000000000003,24,24,24
20250609,중랑구,2025060820,31.0,21.0,65.83333333333333,30.0,1.7958333333333334,24,24,24
20250610,강남구,2025060920,27.0,20.0,72.91666666666667,30.0,2.5541666666666667,24,24,24
20250610,강동구,2025060920,27.0,20.0,72.91666666666667,30.0,2.5625,24,24,24
20250610,강북구,2025060920,25.0,17.0,74.375,30.0,2.525,24,24,24
20250610,강서구,2025060920,26.0,19.0,77.5,30.0,2.5124999999999997,24,24,24
20250610,관악구,2025060920,26.0,20.0,73.33333333333333,30.0,2.4458333333333333,24,24,24
20250610,광진구,2025060920,27.0,20.0,71.875,30.0,2.5333333333333337,24,24,24
20250610,구로구,2025060920,26.0,20.0,72.70833333333333,30.0,2.4291666666666667,24,24,24
20250610,금천구,2025060920,26.0,19.0,76.66666666666667,30.0,2.4833333333333334,24,24,24
20250610,노원구,2025060920,27.0,19.0,74.79166666666667,30.0,2.6083333333333334,24,24,24
20250610,도봉구,2025060920,27.0,19.0,74.79166666666667,30.0,2.6083333333333334,24,24,24
20250610,동대문구,2025060920,27.0,20.0,71.66666666666667,30.0,2.5291666666666663,24,24,24
20250610,동작구,2025060920,26.0,20.0,73.33333333333333,30.0,2.4458333333333333,24,24,24
20250610,마포구,2025060920,26.0,20.0,73.95833333333333,30.0,2.466666666666667,24,24,24
20250610,서대문구,2025060920,26.0,20.0,73.95833333333333,30.0,2.466666666666667,24,24,24
20250610,서초구,2025060920,27.0,20.0,72.91666666666667,30.0,2.5541666666666667,24,24,24
20250610,성동구,2025060920,27.0,20.0,72.29166666666667,30.0,2.475,24,24,24
20250610,성북구,2025060920,25.0,17.0,74.375,30.0,2.525,24,24,24
20250610,송파구,2025060920,27.0,20.0,71.45833333333333,30.0,2.6,24,24,24
20250610,양천구,2025060920,26.0,20.0,74.16666666666667,30.0,2.3958333333333335,24,24,24
20250610,영등포구,2025060920,26.0,20.0,73.95833333333333,30.0,2.420833333333333,24,24,24
20250610,용산구,2025060920,26.0,20.0,73.54166666666667,30.0,2.4499999999999997,24,24,24
20250610,은평구,2025060920,26.0,19.0,75.41666666666667,30.0,2.5208333333333335,24,24,24
20250610,종로구,2025060920,27.0,20.0,74.58333333333333,30.0,2.470833333333333,24,24,24
20250610,중구,2025060920,27.0,20.0,74.58333333333333,30.0,2.470833333333333,24,24,24
20250610,중랑구,2025060920,27.0,20.0,71.25,30.0,2.558333333333333,24,24,24
20250611,강남구,2025061020,29.0,15.0,53.75,0.0,2.225,24,24,24
20250611,강동구,2025061020,29.0,15.0,54.791666666666664,0.0,2.220833333333333,24,24,24
20250611,강북구,2025061020,27.0,13.0,55.833333333333336,0.0,2.1999999999999997,24,24,24
20250611,강서구,2025061020,28.0,15.0,61.458333333333336,0.0,2.1374999999999997,24,24,24
20250611,관악구,2025061020,28.0,16.0,55.625,0.0,2.1666666666666665,24,24,24
20250611,광진구,2025061020,29.0,16.0,54.375,0.0,2.1875,24,24,24
20250611,구로구,2025061020,28.0,16.0,55.416666666666664,0.0,2.120833333333333,24,24,24
20250611,금천구,2025061020,28.0,15.0,58.333333333333336,0.0,2.1875,24,24,24
20250611,노원구,2025061020,30.0,14.0,56.458333333333336,0.0,2.25,24,24,24
20250611,도봉구,2025061020,30.0,14.0,56.458333333333336,0.0,2.25,24,24,24
20250611,동대문구,2025061020,29.0,16.0,53.125,0.0,2.1999999999999997,24,24,24
20250611,동작구,2025061020,28.0,16.0,55.625,0.0,2.1666666666666665,24,24,24
20250611,마포구,2025061020,29.0,16.0,56.041666666666664,0.0,2.1458333333333335,24,24,24
20250611,서대문구,2025061020,29.0,16.0,56.041666666666664,0.0,2.1458333333333335,24,24,24
20250611,서초구,2025061020,29.0,15.0,53.75,0.0,2.225,24,24,24
20250611,성동구,2025061020,29.0,15.0,53.541666666666664,0.0,2.154166666666667,24,24,24
20250611,성북구,2025061020,27.0,13.0,55.833333333333336,0.0,2.1999999999999997,24,24,24
20250611,송파구,2025061020,30.0,16.0,53.541666666666664,0.0,2.2458333333333336,24,24,24
20250611,양천구,2025061020,28.0,16.0,57.291666666666664,0.0,2.091666666666667,24,24,24
20250611,영등포구,2025061020,28.0,16.0,56.25,0.0,2.120833333333333,24,24,24
20250611,용산구,2025061020,29.0,16.0,55.625,0.0,2.1458333333333335,24,24,24
20250611,은평구,2025061020,29.0,15.0,58.75,0.0,2.1625,24,24,24
20250611,종로구,2025061020,29.0,16.0,56.458333333333336,0.0,2.1791666666666667,24,24,24
20250611,중구,2025061020,29.0,16.0,56.458333333333336,0.0,2.1791666666666667,24,24,24
20250611,중랑구,2025061020,29.0,16.0,52.916666666666664,0.0,2.204166666666667,24,24,24
20250612,강남구,2025061120,31.0,16.0,56.25,0.0,0.9375,24,24,24
20250612,강동구,2025061120,30.0,16.0,58.125,0.0,0.8541666666666666,24,24,24
20250612,강북구,2025061120,29.0,14.0,56.666666666666664,0.0,0.9916666666666668,24,24,24
20250612,강서구,2025061120,30.0,16.0,62.708333333333336,0.0,1.1625,24,24,24
20250612,관악구,2025061120,30.0,16.0,58.125,0.0,1.0625,24,24,24
20250612,광진구,2025061120,31.0,17.0,56.041666666666664,0.0,0.8666666666666667,24,24,24
20250612,구로구,2025061120,30.0,17.0,59.166666666666664,0.0,1.125,24,24,24
20250612,금천구,2025061120,30.0,16.0,61.666666666666664,0.0,1.116666666666667,24,24,24
20250612,노원구,2025061120,31.0,16.0,57.708333333333336,0.0,0.9,24,24,24
20250612,도봉구,2025061120,31.0,16.0,57.708333333333336,0.0,0.9,24,24,24
20250612,동대문구,2025061120,31.0,17.0,54.166666666666664,0.0,0.9291666666666666,24,24,24
20250612,동작구,2025061120,30.0,16.0,58.125,0.0,1.0625,24,24,24
20250612,마포구,2025061120,30.0,17.0,57.708333333333336,0.0,1.0291666666666666,24,24,24
20250612,서대문구,2025061120,30.0,17.0,57.708333333333336,0.0,1.0291666666666666,24,24,24
20250612,서초구,2025061120,31.0,16.0,56.25,0.0,0.9375,24,24,24
20250612,성동구,2025061120,31.0,16.0,55.416666666666664,0.0,0.9083333333333332,24,24,24
20250612,성북구,2025061120,29.0,14.0,56.666666666666664,0.0,0.9916666666666668,24,24,24
20250612,송파구,2025061120,31.0,17.0,56.041666666666664,0.0,0.9,24,24,24
20250612,양천구,2025061120,30.0,17.0,60.0,0.0,1.0958333333333334,24,24,24
20250612,영등포구,2025061120,30.0,17.0,57.916666666666664,0.0,1.0125000000000002,24,24,24
20250612,용산구,2025061120,30.0,17.0,57.291666666666664,0.0,0.9833333333333332,24,24,24
20250612,은평구,2025061120,31.0,16.0,59.583333333333336,0.0,1.0541666666666667,24,24,24
20250612,종로구,2025061120,31.0,17.0,57.5,0.0,0.9791666666666666,24,24,24
20250612,중구,2025061120,31.0,17.0,57.5,0.0,0.9791666666666666,24,24,24
20250612,중랑구,2025061120,31.0,17.0,54.583333333333336,0.0,0.8833333333333333,24,24,24
20250613,강남구,2025061220,30.0,19.0,68.75,30.0,1.55,24,24,24
20250613,강동구,2025061220,29.0,19.0,72.5,30.0,1.5374999999999996,24,24,24
20250613,강북구,2025061220,28.0,17.0,70.20833333333333,30.0,1.6125,24,24,24
20250613,강서구,2025061220,29.0,18.0,72.5,30.0,1.679166666666667,24,24,24
20250613,관악구,2025061220,29.0,19.0,68.54166666666667,30.0,1.55,24,24,24
20250613,광진구,2025061220,30.0,19.0,69.16666666666667,30.0,1.5041666666666669,24,24,24
20250613,구로구,2025061220,29.0,19.0,66.25,30.0,1.5708333333333335,24,24,24
20250613,금천구,2025061220,28.0,18.0,72.29166666666667,30.0,1.6000000000000003,24,24,24
20250613,노원구,2025061220,30.0,18.0,71.66666666666667,30.0,1.6416666666666668,24,24,24
20250613,도봉구,2025061220,30.0,18.0,71.66666666666667,30.0,1.6416666666666668,24,24,24
20250613,동대문구,2025061220,30.0,20.0,69.16666666666667,30.0,1.5416666666666667,24,24,24
20250613,동작구,2025061220,29.0,19.0,68.54166666666667,30.0,1.55,24,24,24
20250613,마포구,2025061220,29.0,19.0,68.125,30.0,1.5791666666666666,24,24,24
20250613,서대문구,2025061220,29.0,19.0,68.125,30.0,1.5791666666666666,24,24,24
20250613,서초구,2025061220,30.0,19.0,68.75,30.0,1.55,24,24,24
20250613,성동구,2025061220,30.0,19.0,70.41666666666667,30.0,1.4833333333333334,24,24,24
20250613,성북구,2025061220,28.0,17.0,70.20833333333333,30.0,1.6125,24,24,24
20250613,송파구,2025061220,30.0,19.0,68.95833333333333,30.0,1.5875,24,24,24
20250613,양천구,2025061220,29.0,19.0,67.70833333333333,30.0,1.5416666666666667,24,24,24
20250613,영등포구,2025061220,29.0,19.0,67.5,30.0,1.5041666666666669,24,24,24
20250613,용산구,2025061220,29.0,19.0,68.125,30.0,1.4666666666666666,24,24,24
20250613,은평구,2025061220,30.0,18.0,71.66666666666667,30.0,1.6375,24,24,24
20250613,종로구,2025061220,30.0,20.0,72.08333333333333,30.0,1.5416666666666667,24,24,24
20250613,중구,2025061220,30.0,20.0,72.08333333333333,30.0,1.5416666666666667,24,24,24
20250613,중랑구,2025061220,30.0,19.0,70.20833333333333,30.0,1.5666666666666664,24,24,24
20250614,강남구,2025061320,30.0,22.0,67.29166666666667,66.0,2.0083333333333333,24,24,24
20250614,강동구,2025061320,30.0,21.0,70.41666666666667,68.0,1.9208333333333336,24,24,24
20250614,강북구,2025061320,28.0,19.0,69.79166666666667,67.0,1.95,24,24,24
20250614,강서구,2025061320,30.0,22.0,71.875,68.0,2.0375,24,24,24
20250614,관악구,2025061320,30.0,22.0,67.70833333333333,66.0,1.9666666666666668,24,24,24
20250614,광진구,2025061320,30.0,22.0,68.125,66.0,1.9333333333333336,24,24,24
20250614,구로구,2025061320,30.0,23.0,65.0,66.0,1.9750000000000003,24,24,24
20250614,금천구,2025061320,30.0,21.0,72.08333333333333,65.0,1.9958333333333331,24,24,24
20250614,노원구,2025061320,30.0,21.0,72.08333333333333,66.0,1.9791666666666667,24,24,24
20250614,도봉구,2025061320,30.0,21.0,72.08333333333333,66.0,1.9791666666666667,24,24,24
20250614,동대문구,2025061320,30.0,22.0,68.33333333333333,67.0,1.9333333333333331,24,24,24
20250614,동작구,2025061320,30.0,22.0,67.70833333333333,66.0,1.9666666666666668,24,24,24
20250614,마포구,2025061320,30.0,22.0,67.70833333333333,67.0,1.9416666666666669,24,24,24
20250614,서대문구,2025061320,30.0,22.0,67.70833333333333,67.0,1.9416666666666669,24,24,24
20250614,서초구,2025061320,30.0,22.0,67.29166666666667,66.0,2.0083333333333333,24,24,24
20250614,성동구,2025061320,30.0,21.0,68.95833333333333,67.0,1.945833333333333,24,24,24
20250614,성북구,2025061320,28.0,19.0,69.79166666666667,67.0,1.95,24,24,24
20250614,송파구,2025061320,30.0,22.0,68.125,66.0,2.0208333333333335,24,24,24
20250614,양천구,2025061320,30.0,22.0,67.91666666666667,67.0,1.9708333333333337,24,24,24
20250614,영등포구,2025061320,30.0,22.0,66.66666666666667,66.0,1.9458333333333335,24,24,24
20250614,용산구,2025061320,30.0,22.0,67.08333333333333,67.0,1.95,24,24,24
20250614,은평구,2025061320,30.0,21.0,70.625,67.0,1.9708333333333332,24,24,24
20250614,종로구,2025061320,30.0,21.0,71.25,67.0,1.9458333333333335,24,24,24
20250614,중구,2025061320,30.0,21.0,71.25,67.0,1.9458333333333335,24,24,24
20250614,중랑구,2025061320,30.0,22.0,68.54166666666667,67.0,1.9291666666666665,24,24,24
20250615,강남구,2025061420,31.0,19.0,69.58333333333333,100.0,2.1125000000000003,24,24,24
20250615,강동구,2025061420,31.0,19.0,71.04166666666667,95.0,2.2125,24,24,24
20250615,강북구,2025061420,28.0,17.0,69.79166666666667,100.0,2.283333333333333,24,24,24
20250615,강서구,2025061420,31.0,19.0,73.54166666666667,100.0,2.3125,24,24,24
20250615,관악구,2025061420,30.0,19.0,69.375,100.0,2.091666666666667,24,24,24
20250615,광진구,2025061420,31.0,20.0,68.125,100.0,2.141666666666667,24,24,24
20250615,구로구,2025061420,30.0,20.0,68.125,100.0,2.125,24,24,24
20250615,금천구,2025061420,30.0,18.0,73.125,100.0,2.1,24,24,24
20250615,노원구,2025061420,31.0,19.0,71.45833333333333,100.0,2.3874999999999997,24,24,24
20250615,도봉구,2025061420,31.0,19.0,71.45833333333333,100.0,2.3874999999999997,24,24,24
20250615,동대문구,2025061420,31.0,20.0,68.75,100.0,2.216666666666667,24,24,24
20250615,동작구,2025061420,30.0,19.0,69.375,100.0,2.091666666666667,24,24,24
20250615,마포구,2025061420,30.0,19.0,70.20833333333333,100.0,2.2125,24,24,24
20250615,서대문구,2025061420,30.0,19.0,70.20833333333333,100.0,2.2125,24,24,24
20250615,서초구,2025061420,31.0,19.0,69.58333333333333,100.0,2.1125000000000003,24,24,24
20250615,성동구,2025061420,31.0,20.0,69.375,100.0,2.1208333333333336,24,24,24
20250615,성북구,2025061420,28.0,17.0,69.79166666666667,100.0,2.283333333333333,24,24,24
20250615,송파구,2025061420,31.0,20.0,68.75,100.0,2.175,24,24,24
20250615,양천구,2025061420,30.0,19.0,70.41666666666667,100.0,2.1458333333333335,24,24,24
20250615,영등포구,2025061420,30.0,20.0,69.375,100.0,2.1,24,24,24
20250615,용산구,2025061420,30.0,19.0,68.95833333333333,100.0,2.095833333333333,24,24,24
20250615,은평구,2025061420,30.0,19.0,72.08333333333333,100.0,2.3249999999999997,24,24,24
20250615,종로구,2025061420,30.0,21.0,70.0,100.0,2.1958333333333333,24,24,24
20250615,중구,2025061420,30.0,21.0,70.0,100.0,2.1958333333333333,24,24,24
20250615,중랑구,2025061420,31.0,20.0,68.54166666666667,100.0,2.2416666666666667,24,24,24
20250616,강남구,2025061520,27.0,22.0,82.70833333333333,60.0,2.7541666666666664,24,24,24
20250616,강동구,2025061520,28.0,22.0,82.91666666666667,60.0,2.5375,24,24,24
20250616,강북구,2025061520,24.0,19.0,85.83333333333333,60.0,2.6166666666666667,24,24,24
20250616,강서구,2025061520,27.0,21.0,87.08333333333333,60.0,2.829166666666667,24,24,24
20250616,관악구,2025061520,27.0,22.0,83.33333333333333,60.0,2.7791666666666663,24,24,24
20250616,광진구,2025061520,27.0,22.0,81.04166666666667,60.0,2.625,24,24,24
20250616,구로구,2025061520,27.0,22.0,79.79166666666667,60.0,2.8416666666666663,24,24,24
20250616,금천구,2025061520,26.0,21.0,86.66666666666667,60.0,2.858333333333333,24,24,24
20250616,노원구,2025061520,27.0,21.0,87.91666666666667,60.0,2.7291666666666665,24,24,24
20250616,도봉구,2025061520,27.0,21.0,87.91666666666667,60.0,2.7291666666666665,24,24,24
20250616,동대문구,2025061520,27.0,22.0,82.70833333333333,60.0,2.625,24,24,24
20250616,동작구,2025061520,27.0,22.0,83.33333333333333,60.0,2.7791666666666663,24,24,24
20250616,마포구,2025061520,26.0,21.0,83.54166666666667,60.0,2.6875,24,24,24
20250616,서대문구,2025061520,26.0,21.0,83.54166666666667,60.0,2.6875,24,24,24
20250616,서초구,2025061520,27.0,22.0,82.70833333333333,60.0,2.7541666666666664,24,24,24
20250616,성동구,2025061520,28.0,21.0,82.5,60.0,2.658333333333333,24,24,24
20250616,성북구,2025061520,24.0,19.0,85.83333333333333,60.0,2.6166666666666667,24,24,24
20250616,송파구,2025061520,28.0,22.0,82.5,60.0,2.758333333333333,24,24,24
20250616,양천구,2025061520,26.0,22.0,82.5,60.0,2.7625000000000006,24,24,24
20250616,영등포구,2025061520,27.0,22.0,81.66666666666667,60.0,2.733333333333333,24,24,24
20250616,용산구,2025061520,27.0,22.0,81.875,60.0,2.7083333333333335,24,24,24
20250616,은평구,2025061520,27.0,21.0,86.45833333333333,60.0,2.6833333333333336,24,24,24
20250616,종로구,2025061520,27.0,21.0,84.79166666666667,60.0,2.65,24,24,24
20250616,중구,2025061520,27.0,21.0,84.79166666666667,60.0,2.65,24,24,24
20250616,중랑구,2025061520,27.0,22.0,83.33333333333333,60.0,2.629166666666667,24,24,24
20250617,강남구,2025061620,30.0,22.0,68.125,30.0,3.491666666666667,24,24,24
20250617,강동구,2025061620,30.0,21.0,67.5,30.0,3.2458333333333336,24,24,24
20250617,강북구,2025061620,27.0,18.0,71.45833333333333,30.0,3.408333333333333,24,24,24
20250617,강서구,2025061620,29.0,20.0,76.25,30.0,3.7708333333333335,24,24,24
20250617,관악구,2025061620,29.0,21.0,70.0,30.0,3.570833333333333,24,24,24
20250617,광진구,2025061620,30.0,22.0,67.08333333333333,30.0,3.2791666666666663,24,24,24
20250617,구로구,2025061620,29.0,22.0,67.70833333333333,30.0,3.6749999999999994,24,24,24
20250617,금천구,2025061620,29.0,21.0,73.54166666666667,30.0,3.6749999999999994,24,24,24
20250617,노원구,2025061620,30.0,20.0,73.33333333333333,30.0,3.475,24,24,24
20250617,도봉구,2025061620,30.0,20.0,73.33333333333333,30.0,3.475,24,24,24
20250617,동대문구,2025061620,30.0,21.0,68.33333333333333,30.0,3.35,24,24,24
20250617,동작구,2025061620,29.0,21.0,70.0,30.0,3.570833333333333,24,24,24
20250617,마포구,2025061620,29.0,21.0,70.83333333333333,30.0,3.4625,24,24,24
20250617,서대문구,2025061620,29.0,21.0,70.83333333333333,30.0,3.4625,24,24,24
20250617,서초구,2025061620,30.0,22.0,68.125,30.0,3.491666666666667,24,24,24
20250617,성동구,2025061620,30.0,21.0,68.33333333333333,30.0,3.3333333333333335,24,24,24
20250617,성북구,2025061620,27.0,18.0,71.45833333333333,30.0,3.408333333333333,24,24,24
20250617,송파구,2025061620,30.0,22.0,66.875,30.0,3.4791666666666665,24,24,24
20250617,양천구,2025061620,29.0,21.0,71.45833333333333,30.0,3.5875,24,24,24
20250617,영등포구,2025061620,29.0,21.0,69.375,30.0,3.4708333333333328,24,24,24
20250617,용산구,2025061620,29.0,21.0,69.16666666666667,30.0,3.404166666666667,24,24,24
20250617,은평구,2025061620,29.0,20.0,72.91666666666667,30.0,3.5083333333333333,24,24,24
20250617,종로구,2025061620,29.0,21.0,70.83333333333333,30.0,3.391666666666667,24,24,24
20250617,중구,2025061620,29.0,21.0,70.83333333333333,30.0,3.391666666666667,24,24,24
20250617,중랑구,2025061620,30.0,21.0,67.08333333333333,30.0,3.3000000000000007,24,24,24
20250618,강남구,2025061720,32.0,20.0,62.708333333333336,0.0,2.125,24,24,24
20250618,강동구,2025061720,32.0,19.0,63.125,0.0,2.0,24,24,24
20250618,강북구,2025061720,29.0,17.0,63.125,20.0,2.1791666666666667,24,24,24
20250618,강서구,2025061720,31.0,19.0,69.16666666666667,0.0,2.1333333333333333,24,24,24
20250618,관악구,2025061720,31.0,20.0,64.16666666666667,0.0,2.1291666666666664,24,24,24
20250618,광진구,2025061720,32.0,20.0,61.458333333333336,0.0,2.045833333333333,24,24,24
20250618,구로구,2025061720,31.0,20.0,64.58333333333333,0.0,2.1166666666666667,24,24,24
20250618,금천구,2025061720,31.0,19.0,67.91666666666667,0.0,2.183333333333333,24,24,24
20250618,노원구,2025061720,32.0,18.0,63.958333333333336,20.0,2.2458333333333336,24,24,24
20250618,도봉구,2025061720,32.0,18.0,63.958333333333336,20.0,2.2458333333333336,24,24,24
20250618,동대문구,2025061720,32.0,20.0,61.041666666666664,0.0,2.125,24,24,24
20250618,동작구,2025061720,31.0,20.0,64.16666666666667,0.0,2.1291666666666664,24,24,24
20250618,마포구,2025061720,31.0,19.0,64.16666666666667,0.0,2.0875,24,24,24
20250618,서대문구,2025061720,31.0,19.0,64.16666666666667,0.0,2.0875,24,24,24
20250618,서초구,2025061720,32.0,20.0,62.708333333333336,0.0,2.125,24,24,24
20250618,성동구,2025061720,32.0,20.0,61.25,0.0,2.0708333333333333,24,24,24
20250618,성북구,2025061720,29.0,17.0,63.125,20.0,2.1791666666666667,24,24,24
20250618,송파구,2025061720,32.0,20.0,61.458333333333336,0.0,2.1125,24,24,24
20250618,양천구,2025061720,31.0,20.0,65.20833333333333,0.0,2.0625,24,24,24
20250618,영등포구,2025061720,31.0,20.0,64.58333333333333,0.0,2.066666666666667,24,24,24
20250618,용산구,2025061720,31.0,20.0,62.916666666666664,0.0,2.0749999999999997,24,24,24
20250618,은평구,2025061720,31.0,18.0,66.25,0.0,2.125,24,24,24
20250618,종로구,2025061720,31.0,20.0,62.5,0.0,2.1291666666666664,24,24,24
20250618,중구,2025061720,31.0,20.0,62.5,0.0,2.1291666666666664,24,24,24
20250618,중랑구,2025061720,32.0,20.0,60.0,0.0,2.125,24,24,24
20250619,강남구,2025061820,33.0,21.0,65.41666666666667,30.0,2.25,24,24,24
20250619,강동구,2025061820,33.0,21.0,66.45833333333333,30.0,2.025,24,24,24
20250619,강북구,2025061820,30.0,18.0,67.70833333333333,30.0,2.283333333333333,24,24,24
20250619,강서구,2025061820,31.0,20.0,73.33333333333333,60.0,2.4875000000000003,24,24,24
20250619,관악구,2025061820,32.0,21.0,67.91666666666667,60.0,2.3041666666666667,24,24,24
20250619,광진구,2025061820,33.0,21.0,64.58333333333333,30.0,2.1,24,24,24
20250619,구로구,2025061820,31.0,21.0,67.08333333333333,60.0,2.3583333333333334,24,24,24
20250619,금천구,2025061820,31.0,20.0,71.66666666666667,60.0,2.4041666666666663,24,24,24
20250619,노원구,2025061820,32.0,20.0,68.75,30.0,2.3791666666666664,24,24,24
20250619,도봉구,2025061820,32.0,20.0,68.75,30.0,2.3791666666666664,24,24,24
20250619,동대문구,2025061820,33.0,22.0,65.0,30.0,2.1958333333333333,24,24,24
20250619,동작구,2025061820,32.0,21.0,67.91666666666667,60.0,2.3041666666666667,24,24,24
20250619,마포구,2025061820,32.0,21.0,67.5,30.0,2.2708333333333335,24,24,24
20250619,서대문구,2025061820,32.0,21.0,67.5,30.0,2.2708333333333335,24,24,24
20250619,서초구,2025061820,33.0,21.0,65.41666666666667,30.0,2.25,24,24,24
20250619,성동구,2025061820,33.0,21.0,65.20833333333333,30.0,2.1458333333333335,24,24,24
20250619,성북구,2025061820,30.0,18.0,67.70833333333333,30.0,2.283333333333333,24,24,24
20250619,송파구,2025061820,34.0,22.0,64.375,30.0,2.220833333333333,24,24,24
20250619,양천구,2025061820,31.0,21.0,68.125,60.0,2.3166666666666664,24,24,24
20250619,영등포구,2025061820,31.0,22.0,66.45833333333333,60.0,2.233333333333334,24,24,24
20250619,용산구,2025061820,32.0,21.0,65.83333333333333,30.0,2.1833333333333336,24,24,24
20250619,은평구,2025061820,32.0,20.0,70.41666666666667,30.0,2.329166666666667,24,24,24
20250619,종로구,2025061820,32.0,21.0,68.95833333333333,30.0,2.233333333333333,24,24,24
20250619,중구,2025061820,32.0,21.0,68.95833333333333,30.0,2.233333333333333,24,24,24
20250619,중랑구,2025061820,33.0,21.0,64.79166666666667,30.0,2.1625,24,24,24
20250620,강남구,2025061920,25.0,24.0,82.70833333333333,80.0,5.341666666666666,24,24,24
20250620,강동구,2025061920,25.0,24.0,82.5,76.0,5.079166666666667,24,24,24
20250620,강북구,2025061920,23.0,21.0,85.41666666666667,88.0,5.008333333333334,24,24,24
20250620,강서구,2025061920,26.0,24.0,87.29166666666667,84.0,6.2,24,24,24
20250620,관악구,2025061920,25.0,24.0,84.16666666666667,82.0,5.425,24,24,24
20250620,광진구,2025061920,25.0,24.0,80.83333333333333,79.0,5.104166666666667,24,24,24
20250620,구로구,2025061920,26.0,25.0,82.5,84.0,5.783333333333334,24,24,24
20250620,금천구,2025061920,25.0,24.0,87.91666666666667,81.0,5.629166666666667,24,24,24
20250620,노원구,2025061920,25.0,23.0,87.70833333333333,90.0,4.995833333333334,24,24,24
20250620,도봉구,2025061920,25.0,23.0,87.70833333333333,90.0,4.995833333333334,24,24,24
20250620,동대문구,2025061920,25.0,24.0,82.91666666666667,84.0,4.9750000000000005,24,24,24
20250620,동작구,2025061920,25.0,24.0,84.16666666666667,82.0,5.425,24,24,24
20250620,마포구,2025061920,25.0,24.0,84.16666666666667,85.0,5.145833333333333,24,24,24
20250620,서대문구,2025061920,25.0,24.0,84.16666666666667,85.0,5.145833333333333,24,24,24
20250620,서초구,2025061920,25.0,24.0,82.70833333333333,80.0,5.341666666666666,24,24,24
20250620,성동구,2025061920,25.0,23.0,81.875,82.0,5.120833333333333,24,24,24
20250620,성북구,2025061920,23.0,21.0,85.41666666666667,88.0,5.008333333333334,24,24,24
20250620,송파구,2025061920,25.0,24.0,82.5,78.0,5.291666666666667,24,24,24
20250620,양천구,2025061920,25.0,24.0,83.54166666666667,83.0,5.620833333333333,24,24,24
20250620,영등포구,2025061920,25.0,24.0,83.125,83.0,5.229166666666666,24,24,24
20250620,용산구,2025061920,25.0,24.0,82.91666666666667,83.0,5.175,24,24,24
20250620,은평구,2025061920,25.0,23.0,86.45833333333333,87.0,5.129166666666667,24,24,24
20250620,종로구,2025061920,25.0,23.0,84.375,86.0,5.070833333333333,24,24,24
20250620,중구,2025061920,25.0,23.0,84.375,86.0,5.070833333333333,24,24,24
20250620,중랑구,2025061920,25.0,24.0,82.70833333333333,82.0,4.979166666666667,24,24,24
20250621,강남구,2025062020,26.0,21.0,78.95833333333333,70.0,2.2458333333333336,24,24,24
20250621,강동구,2025062020,26.0,21.0,80.0,76.0,2.0833333333333335,24,24,24
20250621,강북구,2025062020,24.0,18.0,78.33333333333333,67.0,2.033333333333333,24,24,24
20250621,강서구,2025062020,27.0,20.0,80.41666666666667,68.0,2.5208333333333335,24,24,24
20250621,관악구,2025062020,26.0,21.0,78.54166666666667,65.0,2.308333333333333,24,24,24
20250621,광진구,2025062020,26.0,21.0,77.70833333333333,72.0,2.1458333333333335,24,24,24
20250621,구로구,2025062020,27.0,21.0,75.41666666666667,65.0,2.4291666666666667,24,24,24
20250621,금천구,2025062020,25.0,20.0,82.5,65.0,2.379166666666667,24,24,24
20250621,노원구,2025062020,26.0,20.0,79.58333333333333,70.0,1.9708333333333332,24,24,24
20250621,도봉구,2025062020,26.0,20.0,79.58333333333333,70.0,1.9708333333333332,24,24,24
20250621,동대문구,2025062020,26.0,21.0,76.875,69.0,2.1041666666666665,24,24,24
20250621,동작구,2025062020,26.0,21.0,78.54166666666667,65.0,2.308333333333333,24,24,24
20250621,마포구,2025062020,27.0,20.0,77.91666666666667,65.0,2.158333333333333,24,24,24
20250621,서대문구,2025062020,27.0,20.0,77.91666666666667,65.0,2.158333333333333,24,24,24
20250621,서초구,2025062020,26.0,21.0,78.95833333333333,70.0,2.2458333333333336,24,24,24
20250621,성동구,2025062020,27.0,21.0,79.16666666666667,69.0,2.1750000000000003,24,24,24
20250621,성북구,2025062020,24.0,18.0,78.33333333333333,67.0,2.033333333333333,24,24,24
20250621,송파구,2025062020,27.0,21.0,79.16666666666667,73.0,2.1750000000000003,24,24,24
20250621,양천구,2025062020,26.0,21.0,78.125,65.0,2.3874999999999997,24,24,24
20250621,영등포구,2025062020,26.0,21.0,77.70833333333333,65.0,2.2291666666666665,24,24,24
20250621,용산구,2025062020,26.0,21.0,77.5,67.0,2.1999999999999997,24,24,24
20250621,은평구,2025062020,27.0,20.0,79.79166666666667,66.0,2.079166666666667,24,24,24
20250621,종로구,2025062020,27.0,20.0,77.91666666666667,67.0,2.1208333333333336,24,24,24
20250621,중구,2025062020,27.0,20.0,77.91666666666667,67.0,2.1208333333333336,24,24,24
20250621,중랑구,2025062020,26.0,21.0,77.5,73.0,2.0958333333333337,24,24,24
20250622,강남구,2025062120,30.0,19.0,66.66666666666667,20.0,2.308333333333333,24,24,24
20250622,강동구,2025062120,30.0,18.0,67.70833333333333,20.0,2.2416666666666667,24,24,24
20250622,강북구,2025062120,27.0,16.0,69.58333333333333,0.0,2.1875,24,24,24
20250622,강서구,2025062120,29.0,18.0,73.33333333333333,0.0,2.2375000000000003,24,24,24
20250622,관악구,2025062120,29.0,18.0,69.375,0.0,2.2875,24,24,24
20250622,광진구,2025062120,30.0,19.0,66.875,20.0,2.225,24,24,24
20250622,구로구,2025062120,28.0,19.0,68.33333333333333,0.0,2.2875,24,24,24
20250622,금천구,2025062120,28.0,18.0,72.29166666666667,0.0,2.3625000000000003,24,24,24
20250622,노원구,2025062120,30.0,17.0,70.625,0.0,2.2125,24,24,24
20250622,도봉구,2025062120,30.0,17.0,70.625,0.0,2.2125,24,24,24
20250622,동대문구,2025062120,30.0,19.0,66.04166666666667,20.0,2.2083333333333335,24,24,24
20250622,동작구,2025062120,29.0,18.0,69.375,0.0,2.2875,24,24,24
20250622,마포구,2025062120,29.0,18.0,69.79166666666667,0.0,2.191666666666667,24,24,24
20250622,서대문구,2025062120,29.0,18.0,69.79166666666667,0.0,2.191666666666667,24,24,24
20250622,서초구,2025062120,30.0,19.0,66.66666666666667,20.0,2.308333333333333,24,24,24
20250622,성동구,2025062120,30.0,19.0,66.04166666666667,20.0,2.220833333333333,24,24,24
20250622,성북구,2025062120,27.0,16.0,69.58333333333333,0.0,2.1875,24,24,24
20250622,송파구,2025062120,30.0,19.0,65.41666666666667,20.0,2.3041666666666667,24,24,24
20250622,양천구,2025062120,28.0,18.0,70.83333333333333,0.0,2.225,24,24,24
20250622,영등포구,2025062120,29.0,19.0,69.375,0.0,2.2375000000000003,24,24,24
20250622,용산구,2025062120,29.0,19.0,68.75,0.0,2.2333333333333334,24,24,24
20250622,은평구,2025062120,29.0,17.0,71.66666666666667,0.0,2.1666666666666665,24,24,24
20250622,종로구,2025062120,29.0,19.0,68.95833333333333,0.0,2.1958333333333333,24,24,24
20250622,중구,2025062120,29.0,19.0,68.95833333333333,0.0,2.1958333333333333,24,24,24
20250622,중랑구,2025062120,30.0,18.0,66.25,20.0,2.1958333333333333,24,24,24
20250623,강남구,2025062220,32.0,19.0,66.45833333333333,0.0,1.1916666666666669,24,24,24
20250623,강동구,2025062220,32.0,19.0,68.125,0.0,0.8583333333333334,24,24,24
20250623,강북구,2025062220,29.0,16.0,67.5,0.0,1.15,24,24,24
20250623,강서구,2025062220,31.0,18.0,72.5,0.0,1.3791666666666669,24,24,24
20250623,관악구,2025062220,31.0,19.0,68.75,0.0,1.3541666666666667,24,24,24
20250623,광진구,2025062220,32.0,19.0,65.625,0.0,0.9916666666666668,24,24,24
20250623,구로구,2025062220,31.0,19.0,69.16666666666667,0.0,1.3916666666666666,24,24,24
20250623,금천구,2025062220,31.0,18.0,72.29166666666667,0.0,1.4208333333333332,24,24,24
20250623,노원구,2025062220,32.0,18.0,68.75,0.0,1.0541666666666665,24,24,24
20250623,도봉구,2025062220,32.0,18.0,68.75,0.0,1.0541666666666665,24,24,24
20250623,동대문구,2025062220,32.0,19.0,65.20833333333333,0.0,1.0375,24,24,24
20250623,동작구,2025062220,31.0,19.0,68.75,0.0,1.3541666666666667,24,24,24
20250623,마포구,2025062220,31.0,19.0,69.16666666666667,0.0,1.2416666666666665,24,24,24
20250623,서대문구,2025062220,31.0,19.0,69.16666666666667,0.0,1.2416666666666665,24,24,24
20250623,서초구,2025062220,32.0,19.0,66.45833333333333,0.0,1.1916666666666669,24,24,24
20250623,성동구,2025062220,32.0,20.0,65.20833333333333,0.0,1.1,24,24,24
20250623,성북구,2025062220,29.0,16.0,67.5,0.0,1.15,24,24,24
20250623,송파구,2025062220,32.0,20.0,65.41666666666667,0.0,1.1333333333333333,24,24,24
20250623,양천구,2025062220,31.0,19.0,70.0,0.0,1.3333333333333333,24,24,24
20250623,영등포구,2025062220,31.0,19.0,69.16666666666667,0.0,1.2666666666666666,24,24,24
20250623,용산구,2025062220,32.0,19.0,68.125,0.0,1.2291666666666667,24,24,24
20250623,은평구,2025062220,32.0,18.0,71.66666666666667,0.0,1.2083333333333333,24,24,24
20250623,종로구,2025062220,32.0,20.0,66.66666666666667,0.0,1.1708333333333334,24,24,24
20250623,중구,2025062220,32.0,20.0,66.66666666666667,0.0,1.1708333333333334,24,24,24
20250623,중랑구,2025062220,32.0,19.0,65.20833333333333,0.0,0.9166666666666666,24,24,24
20250624,강남구,2025062320,30.0,22.0,58.958333333333336,60.0,1.8125,24,24,24
20250624,강동구,2025062320,30.0,22.0,61.25,60.0,1.8458333333333332,24,24,24
20250624,강북구,2025062320,28.0,20.0,59.375,60.0,1.825,24,24,24
20250624,강서구,2025062320,31.0,21.0,61.875,60.0,1.5666666666666669,24,24,24
20250624,관악구,2025062320,30.0,22.0,59.583333333333336,60.0,1.6416666666666666,24,24,24
20250624,광진구,2025062320,29.0,22.0,60.0,60.0,1.8125,24,24,24
20250624,구로구,2025062320,30.0,22.0,59.583333333333336,60.0,1.5291666666666668,24,24,24
20250624,금천구,2025062320,30.0,21.0,61.25,60.0,1.6583333333333332,24,24,24
20250624,노원구,2025062320,30.0,21.0,60.416666666666664,60.0,1.8041666666666665,24,24,24
20250624,도봉구,2025062320,30.0,21.0,60.416666666666664,60.0,1.8041666666666665,24,24,24
20250624,동대문구,2025062320,30.0,23.0,57.708333333333336,60.0,1.8375,24,24,24
20250624,동작구,2025062320,30.0,22.0,59.583333333333336,60.0,1.6416666666666666,24,24,24
20250624,마포구,2025062320,30.0,22.0,59.583333333333336,60.0,1.7375,24,24,24
20250624,서대문구,2025062320,30.0,22.0,59.583333333333336,60.0,1.7375,24,24,24
20250624,서초구,2025062320,30.0,22.0,58.958333333333336,60.0,1.8125,24,24,24
20250624,성동구,2025062320,30.0,23.0,57.916666666666664,60.0,1.7916666666666667,24,24,24
20250624,성북구,2025062320,28.0,20.0,59.375,60.0,1.825,24,24,24
20250624,송파구,2025062320,30.0,23.0,59.375,60.0,1.8583333333333332,24,24,24
20250624,양천구,2025062320,30.0,22.0,60.416666666666664,60.0,1.5708333333333335,24,24,24
20250624,영등포구,2025062320,30.0,22.0,60.208333333333336,60.0,1.6583333333333334,24,24,24
20250624,용산구,2025062320,30.0,22.0,60.416666666666664,60.0,1.75,24,24,24
20250624,은평구,2025062320,30.0,21.0,61.25,60.0,1.7541666666666669,24,24,24
20250624,종로구,2025062320,30.0,23.0,58.541666666666664,60.0,1.8,24,24,24
20250624,중구,2025062320,30.0,23.0,58.541666666666664,60.0,1.8,24,24,24
20250624,중랑구,2025062320,30.0,22.0,58.75,60.0,1.8458333333333332,24,24,24
20250625,강남구,2025062420,25.0,21.0,82.29166666666667,60.0,1.4583333333333333,24,24,24
20250625,강동구,2025062420,24.0,21.0,82.70833333333333,60.0,1.4416666666666664,24,24,24
20250625,강북구,2025062420,22.0,18.0,84.16666666666667,60.0,1.5291666666666668,24,24,24
20250625,강서구,2025062420,25.0,21.0,84.79166666666667,60.0,1.6208333333333331,24,24,24
20250625,관악구,2025062420,25.0,21.0,82.08333333333333,60.0,1.5208333333333333,24,24,24
20250625,광진구,2025062420,24.0,21.0,80.625,60.0,1.4708333333333334,24,24,24
20250625,구로구,2025062420,25.0,22.0,79.79166666666667,60.0,1.5375,24,24,24
20250625,금천구,2025062420,25.0,20.0,86.45833333333333,60.0,1.5166666666666668,24,24,24
20250625,노원구,2025062420,25.0,20.0,85.41666666666667,60.0,1.5166666666666666,24,24,24
20250625,도봉구,2025062420,25.0,20.0,85.41666666666667,60.0,1.5166666666666666,24,24,24
20250625,동대문구,2025062420,24.0,21.0,81.45833333333333,60.0,1.5208333333333333,24,24,24
20250625,동작구,2025062420,25.0,21.0,82.08333333333333,60.0,1.5208333333333333,24,24,24
20250625,마포구,2025062420,24.0,21.0,82.29166666666667,60.0,1.5416666666666667,24,24,24
20250625,서대문구,2025062420,24.0,21.0,82.29166666666667,60.0,1.5416666666666667,24,24,24
20250625,서초구,2025062420,25.0,21.0,82.29166666666667,60.0,1.4583333333333333,24,24,24
20250625,성동구,2025062420,26.0,21.0,81.25,60.0,1.475,24,24,24
20250625,성북구,2025062420,22.0,18.0,84.16666666666667,60.0,1.5291666666666668,24,24,24
20250625,송파구,2025062420,25.0,21.0,81.875,60.0,1.45,24,24,24
20250625,양천구,2025062420,25.0,22.0,81.04166666666667,60.0,1.5625,24,24,24
20250625,영등포구,2025062420,25.0,21.0,80.83333333333333,60.0,1.5208333333333333,24,24,24
20250625,용산구,2025062420,24.0,21.0,81.04166666666667,60.0,1.4833333333333334,24,24,24
20250625,은평구,2025062420,25.0,20.0,85.625,60.0,1.5666666666666669,24,24,24
20250625,종로구,2025062420,25.0,21.0,83.33333333333333,60.0,1.5125000000000002,24,24,24
20250625,중구,2025062420,25.0,21.0,83.33333333333333,60.0,1.5125000000000002,24,24,24
20250625,중랑구,2025062420,24.0,21.0,81.45833333333333,60.0,1.525,24,24,24
20250626,강남구,2025062520,29.0,21.0,76.04166666666667,30.0,1.3541666666666667,24,24,24
20250626,강동구,2025062520,28.0,21.0,77.08333333333333,30.0,1.2125,24,24,24
20250626,강북구,2025062520,26.0,18.0,78.33333333333333,30.0,1.4291666666666665,24,24,24
20250626,강서구,2025062520,28.0,20.0,79.16666666666667,30.0,1.4833333333333334,24,24,24
20250626,관악구,2025062520,28.0,21.0,76.04166666666667,30.0,1.433333333333333,24,24,24
20250626,광진구,2025062520,28.0,21.0,75.20833333333333,30.0,1.2833333333333334,24,24,24
20250626,구로구,2025062520,27.0,21.0,74.16666666666667,30.0,1.4541666666666666,24,24,24
20250626,금천구,2025062520,27.0,20.0,79.79166666666667,30.0,1.4541666666666666,24,24,24
20250626,노원구,2025062520,29.0,20.0,79.375,30.0,1.3916666666666668,24,24,24
20250626,도봉구,2025062520,29.0,20.0,79.375,30.0,1.3916666666666668,24,24,24
20250626,동대문구,2025062520,29.0,21.0,75.20833333333333,30.0,1.3583333333333334,24,24,24
20250626,동작구,2025062520,28.0,21.0,76.04166666666667,30.0,1.433333333333333,24,24,24
20250626,마포구,2025062520,28.0,21.0,77.08333333333333,30.0,1.4458333333333335,24,24,24
20250626,서대문구,2025062520,28.0,21.0,77.08333333333333,30.0,1.4458333333333335,24,24,24
20250626,서초구,2025062520,29.0,21.0,76.04166666666667,30.0,1.3541666666666667,24,24,24
20250626,성동구,2025062520,28.0,21.0,75.41666666666667,30.0,1.325,24,24,24
20250626,성북구,2025062520,26.0,18.0,78.33333333333333,30.0,1.4291666666666665,24,24,24
20250626,송파구,2025062520,29.0,21.0,75.625,30.0,1.3208333333333333,24,24,24
20250626,양천구,2025062520,27.0,21.0,76.66666666666667,30.0,1.4458333333333335,24,24,24
20250626,영등포구,2025062520,27.0,21.0,76.04166666666667,30.0,1.4333333333333331,24,24,24
20250626,용산구,2025062520,28.0,21.0,76.45833333333333,30.0,1.3999999999999997,24,24,24
20250626,은평구,2025062520,28.0,20.0,78.75,30.0,1.4416666666666669,24,24,24
20250626,종로구,2025062520,28.0,21.0,78.125,30.0,1.4208333333333332,24,24,24
20250626,중구,2025062520,28.0,21.0,78.125,30.0,1.4208333333333332,24,24,24
20250626,중랑구,2025062520,29.0,21.0,75.20833333333333,30.0,1.3166666666666669,24,24,24
20250627,강남구,2025062620,27.0,20.0,78.75,30.0,1.5208333333333333,24,24,24
20250627,강동구,2025062620,27.0,20.0,80.41666666666667,30.0,1.5875,24,24,24
20250627,강북구,2025062620,24.0,18.0,80.20833333333333,30.0,1.5458333333333334,24,24,24
20250627,강서구,2025062620,27.0,20.0,82.08333333333333,30.0,1.7833333333333332,24,24,24
20250627,관악구,2025062620,27.0,20.0,78.95833333333333,30.0,1.5541666666666665,24,24,24
20250627,광진구,2025062620,27.0,21.0,77.70833333333333,30.0,1.5708333333333335,24,24,24
20250627,구로구,2025062620,27.0,21.0,77.29166666666667,30.0,1.6208333333333331,24,24,24
20250627,금천구,2025062620,27.0,20.0,82.29166666666667,30.0,1.5333333333333332,24,24,24
20250627,노원구,2025062620,26.0,20.0,82.5,30.0,1.6041666666666667,24,24,24
20250627,도봉구,2025062620,26.0,20.0,82.5,30.0,1.6041666666666667,24,24,24
20250627,동대문구,2025062620,27.0,21.0,78.125,30.0,1.5291666666666668,24,24,24
20250627,동작구,2025062620,27.0,20.0,78.95833333333333,30.0,1.5541666666666665,24,24,24
20250627,마포구,2025062620,27.0,20.0,79.375,30.0,1.6083333333333332,24,24,24
20250627,서대문구,2025062620,27.0,20.0,79.375,30.0,1.6083333333333332,24,24,24
20250627,서초구,2025062620,27.0,20.0,78.75,30.0,1.5208333333333333,24,24,24
20250627,성동구,2025062620,28.0,21.0,77.91666666666667,30.0,1.5458333333333332,24,24,24
20250627,성북구,2025062620,24.0,18.0,80.20833333333333,30.0,1.5458333333333334,24,24,24
20250627,송파구,2025062620,28.0,21.0,78.33333333333333,30.0,1.5499999999999998,24,24,24
20250627,양천구,2025062620,27.0,20.0,78.75,30.0,1.6666666666666667,24,24,24
20250627,영등포구,2025062620,27.0,21.0,78.33333333333333,30.0,1.5833333333333333,24,24,24
20250627,용산구,2025062620,27.0,20.0,78.33333333333333,30.0,1.5375,24,24,24
20250627,은평구,2025062620,27.0,20.0,81.25,30.0,1.6458333333333333,24,24,24
20250627,종로구,2025062620,27.0,21.0,78.95833333333333,30.0,1.5375000000000003,24,24,24
20250627,중구,2025062620,27.0,21.0,78.95833333333333,30.0,1.5375000000000003,24,24,24
20250627,중랑구,2025062620,27.0,21.0,78.33333333333333,30.0,1.5541666666666665,24,24,24
20250628,강남구,2025062720,29.0,23.0,82.5,60.0,1.7458333333333331,24,24,24
20250628,강동구,2025062720,29.0,23.0,82.70833333333333,60.0,1.5875,24,24,24
20250628,강북구,2025062720,26.0,20.0,83.75,60.0,1.6916666666666664,24,24,24
20250628,강서구,2025062720,29.0,23.0,85.625,60.0,1.8333333333333333,24,24,24
20250628,관악구,2025062720,29.0,23.0,82.5,60.0,1.7458333333333336,24,24,24
20250628,광진구,2025062720,29.0,23.0,81.04166666666667,60.0,1.6499999999999997,24,24,24
20250628,구로구,2025062720,29.0,24.0,79.79166666666667,60.0,1.7583333333333335,24,24,24
20250628,금천구,2025062720,28.0,23.0,86.25,60.0,1.8083333333333336,24,24,24
20250628,노원구,2025062720,29.0,23.0,85.625,60.0,1.775,24,24,24
20250628,도봉구,2025062720,29.0,23.0,85.625,60.0,1.775,24,24,24
20250628,동대문구,2025062720,29.0,23.0,81.875,60.0,1.675,24,24,24
20250628,동작구,2025062720,29.0,23.0,82.5,60.0,1.7458333333333336,24,24,24
20250628,마포구,2025062720,29.0,23.0,82.5,60.0,1.7041666666666666,24,24,24
20250628,서대문구,2025062720,29.0,23.0,82.5,60.0,1.7041666666666666,24,24,24
20250628,서초구,2025062720,29.0,23.0,82.5,60.0,1.7458333333333331,24,24,24
20250628,성동구,2025062720,29.0,22.0,82.08333333333333,60.0,1.6625000000000003,24,24,24
20250628,성북구,2025062720,26.0,20.0,83.75,60.0,1.6916666666666664,24,24,24
20250628,송파구,2025062720,29.0,23.0,81.875,60.0,1.725,24,24,24
20250628,양천구,2025062720,29.0,23.0,81.04166666666667,60.0,1.7166666666666668,24,24,24
20250628,영등포구,2025062720,29.0,23.0,80.41666666666667,60.0,1.7041666666666668,24,24,24
20250628,용산구,2025062720,29.0,23.0,80.41666666666667,60.0,1.6791666666666665,24,24,24
20250628,은평구,2025062720,29.0,22.0,84.58333333333333,60.0,1.7416666666666665,24,24,24
20250628,종로구,2025062720,28.0,23.0,82.70833333333333,60.0,1.675,24,24,24
20250628,중구,2025062720,28.0,23.0,82.70833333333333,60.0,1.675,24,24,24
20250628,중랑구,2025062720,29.0,23.0,81.875,60.0,1.6708333333333334,24,24,24
20250629,강남구,2025062820,31.0,24.0,78.95833333333333,60.0,2.0291666666666663,24,24,24
20250629,강동구,2025062820,31.0,24.0,78.75,60.0,1.7458333333333331,24,24,24
20250629,강북구,2025062820,28.0,21.0,82.70833333333333,60.0,1.875,24,24,24
20250629,강서구,2025062820,29.0,23.0,86.25,60.0,2.2375000000000003,24,24,24
20250629,관악구,2025062820,30.0,24.0,81.45833333333333,60.0,2.1333333333333333,24,24,24
20250629,광진구,2025062820,31.0,24.0,78.33333333333333,60.0,1.8666666666666665,24,24,24
20250629,구로구,2025062820,30.0,24.0,80.625,60.0,2.225,24,24,24
20250629,금천구,2025062820,30.0,23.0,84.375,60.0,2.2083333333333335,24,24,24
20250629,노원구,2025062820,31.0,23.0,84.58333333333333,60.0,1.9333333333333331,24,24,24
20250629,도봉구,2025062820,31.0,23.0,84.58333333333333,60.0,1.9333333333333331,24,24,24
20250629,동대문구,2025062820,31.0,24.0,80.20833333333333,60.0,1.8708333333333331,24,24,24
20250629,동작구,2025062820,30.0,24.0,81.45833333333333,60.0,2.1333333333333333,24,24,24
20250629,마포구,2025062820,30.0,24.0,82.70833333333333,60.0,1.9666666666666668,24,24,24
20250629,서대문구,2025062820,30.0,24.0,82.70833333333333,60.0,1.9666666666666668,24,24,24
20250629,서초구,2025062820,31.0,24.0,78.95833333333333,60.0,2.0291666666666663,24,24,24
20250629,성동구,2025062820,32.0,24.0,78.33333333333333,60.0,1.9125,24,24,24
20250629,성북구,2025062820,28.0,21.0,82.70833333333333,60.0,1.875,24,24,24
20250629,송파구,2025062820,32.0,25.0,77.91666666666667,60.0,1.9708333333333337,24,24,24
20250629,양천구,2025062820,29.0,24.0,82.70833333333333,60.0,2.1333333333333333,24,24,24
20250629,영등포구,2025062820,30.0,24.0,81.66666666666667,60.0,2.0375,24,24,24
20250629,용산구,2025062820,30.0,24.0,80.625,60.0,1.9708333333333332,24,24,24
20250629,은평구,2025062820,30.0,23.0,85.83333333333333,60.0,1.9208333333333336,24,24,24
20250629,종로구,2025062820,30.0,23.0,82.29166666666667,60.0,1.9,24,24,24
20250629,중구,2025062820,30.0,23.0,82.29166666666667,60.0,1.9,24,24,24
20250629,중랑구,2025062820,31.0,24.0,78.75,60.0,1.8333333333333333,24,24,24
20250630,강남구,2025062920,30.0,25.0,80.83333333333333,60.0,1.9791666666666667,24,24,24
20250630,강동구,2025062920,30.0,24.0,81.25,60.0,1.75,24,24,24
20250630,강북구,2025062920,27.0,22.0,85.41666666666667,60.0,1.9583333333333333,24,24,24
20250630,강서구,2025062920,30.0,24.0,88.33333333333333,60.0,2.225,24,24,24
20250630,관악구,2025062920,29.0,25.0,83.125,60.0,2.0625,24,24,24
20250630,광진구,2025062920,30.0,25.0,78.95833333333333,60.0,1.8208333333333335,24,24,24
20250630,구로구,2025062920,29.0,25.0,80.625,60.0,2.120833333333333,24,24,24
20250630,금천구,2025062920,29.0,24.0,85.41666666666667,60.0,2.1083333333333334,24,24,24
20250630,노원구,2025062920,29.0,24.0,87.08333333333333,60.0,2.0416666666666665,24,24,24
20250630,도봉구,2025062920,29.0,24.0,87.08333333333333,60.0,2.0416666666666665,24,24,24
20250630,동대문구,2025062920,29.0,25.0,81.66666666666667,60.0,1.9083333333333332,24,24,24
20250630,동작구,2025062920,29.0,25.0,83.125,60.0,2.0625,24,24,24
20250630,마포구,2025062920,29.0,24.0,85.0,60.0,1.9958333333333331,24,24,24
20250630,서대문구,2025062920,29.0,24.0,85.0,60.0,1.9958333333333331,24,24,24
20250630,서초구,2025062920,30.0,25.0,80.83333333333333,60.0,1.9791666666666667,24,24,24
20250630,성동구,2025062920,31.0,25.0,79.16666666666667,60.0,1.8791666666666669,24,24,24
20250630,성북구,2025062920,27.0,22.0,85.41666666666667,60.0,1.9583333333333333,24,24,24
20250630,송파구,2025062920,30.0,25.0,79.79166666666667,60.0,1.9375,24,24,24
20250630,양천구,2025062920,29.0,25.0,84.16666666666667,60.0,2.0749999999999997,24,24,24
20250630,영등포구,2025062920,29.0,25.0,82.5,60.0,1.9875,24,24,24
20250630,용산구,2025062920,29.0,24.0,81.45833333333333,60.0,1.9166666666666667,24,24,24
20250630,은평구,2025062920,29.0,24.0,86.875,60.0,2.033333333333333,24,24,24
20250630,종로구,2025062920,30.0,24.0,83.75,60.0,1.9375,24,24,24
20250630,중구,2025062920,30.0,24.0,83.75,60.0,1.9375,24,24,24
20250630,중랑구,2025062920,30.0,25.0,80.0,60.0,1.8708333333333331,24,24,24
20250701,강남구,2025063020,30.0,25.0,84.375,78.0,2.1666666666666665,24,24,24
20250701,강동구,2025063020,32.0,25.0,84.16666666666667,96.0,1.9958333333333336,24,24,24
20250701,강북구,2025063020,27.0,22.0,88.95833333333333,69.0,2.025,24,24,24
20250701,강서구,2025063020,29.0,25.0,91.875,95.0,2.2375000000000003,24,24,24
20250701,관악구,2025063020,30.0,25.0,85.625,67.0,2.2083333333333335,24,24,24
20250701,광진구,2025063020,30.0,25.0,82.29166666666667,87.0,2.0375,24,24,24
20250701,구로구,2025063020,30.0,25.0,84.16666666666667,60.0,2.2416666666666667,24,24,24
20250701,금천구,2025063020,28.0,24.0,88.54166666666667,60.0,2.245833333333333,24,24,24
20250701,노원구,2025063020,30.0,24.0,90.20833333333331,71.0,2.0416666666666665,24,24,24
20250701,도봉구,2025063020,30.0,24.0,90.20833333333331,71.0,2.0416666666666665,24,24,24
20250701,동대문구,2025063020,30.0,25.0,85.20833333333333,71.0,2.033333333333333,24,24,24
20250701,동작구,2025063020,30.0,25.0,85.625,67.0,2.2083333333333335,24,24,24
20250701,마포구,2025063020,29.0,25.0,88.54166666666667,73.0,2.0875,24,24,24
20250701,서대문구,2025063020,29.0,25.0,88.54166666666667,73.0,2.0875,24,24,24
20250701,서초구,2025063020,30.0,25.0,84.375,78.0,2.1666666666666665,24,24,24
20250701,성동구,2025063020,32.0,25.0,82.5,77.0,2.066666666666667,24,24,24
20250701,성북구,2025063020,27.0,22.0,88.95833333333333,69.0,2.025,24,24,24
20250701,송파구,2025063020,31.0,25.0,83.125,82.0,2.1333333333333333,24,24,24
20250701,양천구,2025063020,29.0,25.0,86.66666666666667,76.0,2.1833333333333336,24,24,24
20250701,영등포구,2025063020,30.0,25.0,85.41666666666667,69.0,2.1333333333333333,24,24,24
20250701,용산구,2025063020,30.0,25.0,85.41666666666667,77.0,2.095833333333333,24,24,24
20250701,은평구,2025063020,29.0,24.0,90.41666666666669,76.0,2.058333333333333,24,24,24
20250701,종로구,2025063020,30.0,25.0,86.875,71.0,2.0541666666666667,24,24,24
20250701,중구,2025063020,30.0,25.0,86.875,71.0,2.0541666666666667,24,24,24
20250701,중랑구,2025063020,29.0,25.0,83.54166666666667,88.0,2.0208333333333335,24,24,24
20250702,강남구,2025070120,33.0,26.0,77.08333333333333,30.0,1.75,24,24,24
20250702,강동구,2025070120,32.0,26.0,77.70833333333333,30.0,1.6583333333333334,24,24,24
20250702,강북구,2025070120,29.0,23.0,81.66666666666667,30.0,1.6708333333333334,24,24,24
20250702,강서구,2025070120,31.0,25.0,85.20833333333333,30.0,1.8,24,24,24
20250702,관악구,2025070120,32.0,26.0,78.54166666666667,30.0,1.7875,24,24,24
20250702,광진구,2025070120,32.0,26.0,76.45833333333333,30.0,1.6583333333333332,24,24,24
20250702,구로구,2025070120,32.0,26.0,77.70833333333333,30.0,1.8541666666666667,24,24,24
20250702,금천구,2025070120,31.0,25.0,81.25,30.0,1.8374999999999997,24,24,24
20250702,노원구,2025070120,31.0,25.0,82.70833333333333,30.0,1.6666666666666667,24,24,24
20250702,도봉구,2025070120,31.0,25.0,82.70833333333333,30.0,1.6666666666666667,24,24,24
20250702,동대문구,2025070120,32.0,26.0,77.70833333333333,30.0,1.6541666666666668,24,24,24
20250702,동작구,2025070120,32.0,26.0,78.54166666666667,30.0,1.7875,24,24,24
20250702,마포구,2025070120,31.0,26.0,81.25,30.0,1.7083333333333333,24,24,24
20250702,서대문구,2025070120,31.0,26.0,81.25,30.0,1.7083333333333333,24,24,24
20250702,서초구,2025070120,33.0,26.0,77.08333333333333,30.0,1.75,24,24,24
20250702,성동구,2025070120,33.0,26.0,76.25,30.0,1.6958333333333335,24,24,24
20250702,성북구,2025070120,29.0,23.0,81.66666666666667,30.0,1.6708333333333334,24,24,24
20250702,송파구,2025070120,33.0,26.0,76.04166666666667,30.0,1.7250000000000003,24,24,24
20250702,양천구,2025070120,31.0,26.0,80.0,30.0,1.7833333333333332,24,24,24
20250702,영등포구,2025070120,31.0,26.0,78.33333333333333,30.0,1.741666666666667,24,24,24
20250702,용산구,2025070120,31.0,26.0,78.33333333333333,30.0,1.7083333333333333,24,24,24
20250702,은평구,2025070120,31.0,25.0,83.54166666666667,30.0,1.6875000000000002,24,24,24
20250702,종로구,2025070120,32.0,26.0,79.58333333333333,30.0,1.6833333333333331,24,24,24
20250702,중구,2025070120,32.0,26.0,79.58333333333333,30.0,1.6833333333333331,24,24,24
20250702,중랑구,2025070120,32.0,26.0,77.5,30.0,1.6458333333333333,24,24,24
20250703,강남구,2025070220,33.0,25.0,78.54166666666667,30.0,2.1125000000000003,24,24,24
20250703,강동구,2025070220,31.0,25.0,79.375,30.0,1.95,24,24,24
20250703,강북구,2025070220,29.0,22.0,83.125,30.0,2.0416666666666665,24,24,24
20250703,강서구,2025070220,32.0,24.0,85.83333333333333,30.0,2.3541666666666665,24,24,24
20250703,관악구,2025070220,32.0,25.0,81.25,30.0,2.225,24,24,24
20250703,광진구,2025070220,32.0,25.0,78.33333333333333,30.0,1.9958333333333331,24,24,24
20250703,구로구,2025070220,33.0,25.0,78.54166666666667,30.0,2.316666666666667,24,24,24
20250703,금천구,2025070220,31.0,24.0,82.5,30.0,2.283333333333333,24,24,24
20250703,노원구,2025070220,32.0,24.0,83.75,30.0,2.016666666666667,24,24,24
20250703,도봉구,2025070220,32.0,24.0,83.75,30.0,2.016666666666667,24,24,24
20250703,동대문구,2025070220,32.0,25.0,79.58333333333333,30.0,2.025,24,24,24
20250703,동작구,2025070220,32.0,25.0,81.25,30.0,2.225,24,24,24
20250703,마포구,2025070220,32.0,25.0,82.70833333333333,30.0,2.129166666666667,24,24,24
20250703,서대문구,2025070220,32.0,25.0,82.70833333333333,30.0,2.129166666666667,24,24,24
20250703,서초구,2025070220,33.0,25.0,78.54166666666667,30.0,2.1125000000000003,24,24,24
20250703,성동구,2025070220,33.0,25.0,78.54166666666667,30.0,2.0375,24,24,24
20250703,성북구,2025070220,29.0,22.0,83.125,30.0,2.0416666666666665,24,24,24
20250703,송파구,2025070220,33.0,25.0,78.33333333333333,30.0,2.0749999999999997,24,24,24
20250703,양천구,2025070220,32.0,25.0,81.875,30.0,2.254166666666667,24,24,24
20250703,영등포구,2025070220,32.0,25.0,80.41666666666667,30.0,2.154166666666667,24,24,24
20250703,용산구,2025070220,32.0,25.0,80.0,30.0,2.091666666666667,24,24,24
20250703,은평구,2025070220,32.0,24.0,83.75,30.0,2.1333333333333333,24,24,24
20250703,종로구,2025070220,32.0,25.0,81.04166666666667,30.0,2.058333333333333,24,24,24
20250703,중구,2025070220,32.0,25.0,81.04166666666667,30.0,2.058333333333333,24,24,24
20250703,중랑구,2025070220,31.0,25.0,78.95833333333333,30.0,1.975,24,24,24
20250704,강남구,2025070320,30.0,25.0,78.54166666666667,60.0,2.766666666666667,24,24,24
20250704,강동구,2025070320,33.0,25.0,78.95833333333333,60.0,2.5208333333333335,24,24,24
20250704,강북구,2025070320,27.0,22.0,82.08333333333333,60.0,2.658333333333333,24,24,24
20250704,강서구,2025070320,29.0,25.0,85.20833333333333,60.0,3.0041666666666664,24,24,24
20250704,관악구,2025070320,29.0,25.0,80.0,60.0,2.8333333333333335,24,24,24
20250704,광진구,2025070320,30.0,25.0,78.125,60.0,2.5875,24,24,24
20250704,구로구,2025070320,29.0,26.0,78.33333333333333,60.0,2.9166666666666665,24,24,24
20250704,금천구,2025070320,32.0,25.0,82.29166666666667,60.0,2.9125,24,24,24
20250704,노원구,2025070320,29.0,24.0,84.16666666666667,60.0,2.6666666666666665,24,24,24
20250704,도봉구,2025070320,29.0,24.0,84.16666666666667,60.0,2.6666666666666665,24,24,24
20250704,동대문구,2025070320,29.0,25.0,79.58333333333333,60.0,2.620833333333333,24,24,24
20250704,동작구,2025070320,29.0,25.0,80.0,60.0,2.8333333333333335,24,24,24
20250704,마포구,2025070320,29.0,25.0,82.08333333333333,60.0,2.7375000000000003,24,24,24
20250704,서대문구,2025070320,29.0,25.0,82.08333333333333,60.0,2.7375000000000003,24,24,24
20250704,서초구,2025070320,30.0,25.0,78.54166666666667,60.0,2.766666666666667,24,24,24
20250704,성동구,2025070320,32.0,25.0,77.70833333333333,60.0,2.625,24,24,24
20250704,성북구,2025070320,27.0,22.0,82.08333333333333,60.0,2.658333333333333,24,24,24
20250704,송파구,2025070320,31.0,26.0,77.91666666666667,60.0,2.720833333333333,24,24,24
20250704,양천구,2025070320,29.0,25.0,81.45833333333333,60.0,2.858333333333333,24,24,24
20250704,영등포구,2025070320,29.0,25.0,81.04166666666667,60.0,2.7375000000000003,24,24,24
20250704,용산구,2025070320,29.0,25.0,79.79166666666667,60.0,2.6875,24,24,24
20250704,은평구,2025070320,29.0,24.0,84.16666666666667,60.0,2.7416666666666667,24,24,24
20250704,종로구,2025070320,31.0,25.0,81.25,60.0,2.670833333333333,24,24,24
20250704,중구,2025070320,31.0,25.0,81.25,60.0,2.670833333333333,24,24,24
20250704,중랑구,2025070320,30.0,25.0,78.95833333333333,60.0,2.566666666666667,24,24,24
20250705,강남구,2025070420,32.0,25.0,82.08333333333333,30.0,2.6333333333333333,24,24,24
20250705,강동구,2025070420,33.0,25.0,82.70833333333333,30.0,2.4583333333333335,24,24,24
20250705,강북구,2025070420,29.0,22.0,86.45833333333333,30.0,2.7375000000000003,24,24,24
20250705,강서구,2025070420,30.0,25.0,87.29166666666667,30.0,3.025,24,24,24
20250705,관악구,2025070420,31.0,25.0,83.125,30.0,2.7375000000000003,24,24,24
20250705,광진구,2025070420,32.0,25.0,80.41666666666667,30.0,2.558333333333333,24,24,24
20250705,구로구,2025070420,31.0,25.0,81.25,30.0,2.8166666666666664,24,24,24
20250705,금천구,2025070420,32.0,24.0,85.625,30.0,2.741666666666667,24,24,24
20250705,노원구,2025070420,31.0,24.0,87.29166666666667,30.0,2.758333333333333,24,24,24
20250705,도봉구,2025070420,31.0,24.0,87.29166666666667,30.0,2.758333333333333,24,24,24
20250705,동대문구,2025070420,32.0,25.0,82.08333333333333,30.0,2.620833333333333,24,24,24
20250705,동작구,2025070420,31.0,25.0,83.125,30.0,2.7375000000000003,24,24,24
20250705,마포구,2025070420,31.0,25.0,85.20833333333333,30.0,2.766666666666667,24,24,24
20250705,서대문구,2025070420,31.0,25.0,85.20833333333333,30.0,2.766666666666667,24,24,24
20250705,서초구,2025070420,32.0,25.0,82.08333333333333,30.0,2.6333333333333333,24,24,24
20250705,성동구,2025070420,32.0,25.0,81.04166666666667,30.0,2.6125000000000003,24,24,24
20250705,성북구,2025070420,29.0,22.0,86.45833333333333,30.0,2.7375000000000003,24,24,24
20250705,송파구,2025070420,33.0,25.0,80.41666666666667,30.0,2.6041666666666665,24,24,24
20250705,양천구,2025070420,30.0,25.0,83.125,30.0,2.8333333333333335,24,24,24
20250705,영등포구,2025070420,31.0,25.0,82.70833333333333,30.0,2.7416666666666667,24,24,24
20250705,용산구,2025070420,31.0,25.0,82.29166666666667,30.0,2.6625,24,24,24
20250705,은평구,2025070420,31.0,24.0,86.875,30.0,2.804166666666667,24,24,24
20250705,종로구,2025070420,31.0,25.0,83.75,30.0,2.6875,24,24,24
20250705,중구,2025070420,31.0,25.0,83.75,30.0,2.6875,24,24,24
20250705,중랑구,2025070420,33.0,25.0,81.45833333333333,30.0,2.5749999999999997,24,24,24
20250706,강남구,2025070520,34.0,26.0,76.66666666666667,30.0,2.2458333333333336,24,24,24
20250706,강동구,2025070520,34.0,26.0,77.08333333333333,30.0,1.95,24,24,24
20250706,강북구,2025070520,30.0,23.0,80.83333333333333,30.0,2.125,24,24,24
20250706,강서구,2025070520,32.0,26.0,84.79166666666667,30.0,2.4208333333333334,24,24,24
20250706,관악구,2025070520,33.0,26.0,78.75,30.0,2.3583333333333334,24,24,24
20250706,광진구,2025070520,34.0,26.0,76.25,30.0,2.0875,24,24,24
20250706,구로구,2025070520,33.0,26.0,76.66666666666667,30.0,2.4250000000000003,24,24,24
20250706,금천구,2025070520,33.0,25.0,81.25,30.0,2.4250000000000003,24,24,24
20250706,노원구,2025070520,33.0,25.0,82.08333333333333,30.0,2.0375,24,24,24
20250706,도봉구,2025070520,33.0,25.0,82.08333333333333,30.0,2.0375,24,24,24
20250706,동대문구,2025070520,33.0,26.0,77.70833333333333,30.0,2.1041666666666665,24,24,24
20250706,동작구,2025070520,33.0,26.0,78.75,30.0,2.3583333333333334,24,24,24
20250706,마포구,2025070520,33.0,26.0,81.66666666666667,30.0,2.2416666666666667,24,24,24
20250706,서대문구,2025070520,33.0,26.0,81.66666666666667,30.0,2.2416666666666667,24,24,24
20250706,서초구,2025070520,34.0,26.0,76.66666666666667,30.0,2.2458333333333336,24,24,24
20250706,성동구,2025070520,35.0,26.0,75.83333333333333,30.0,2.15,24,24,24
20250706,성북구,2025070520,30.0,23.0,80.83333333333333,30.0,2.125,24,24,24
20250706,송파구,2025070520,34.0,27.0,75.625,30.0,2.1958333333333333,24,24,24
20250706,양천구,2025070520,32.0,26.0,81.04166666666667,30.0,2.3583333333333334,24,24,24
20250706,영등포구,2025070520,32.0,26.0,79.58333333333333,30.0,2.275,24,24,24
20250706,용산구,2025070520,33.0,26.0,78.75,30.0,2.225,24,24,24
20250706,은평구,2025070520,32.0,25.0,83.33333333333333,30.0,2.1999999999999997,24,24,24
20250706,종로구,2025070520,33.0,26.0,79.58333333333333,30.0,2.1708333333333334,24,24,24
20250706,중구,2025070520,33.0,26.0,79.58333333333333,30.0,2.1708333333333334,24,24,24
20250706,중랑구,2025070520,34.0,26.0,76.45833333333333,30.0,2.0208333333333335,24,24,24
20250707,강남구,2025070620,33.0,26.0,79.375,30.0,2.1958333333333333,24,24,24
20250707,강동구,2025070620,33.0,26.0,79.58333333333333,30.0,1.9458333333333335,24,24,24
20250707,강북구,2025070620,30.0,24.0,83.75,30.0,2.1458333333333335,24,24,24
20250707,강서구,2025070620,32.0,26.0,87.5,30.0,2.2708333333333335,24,24,24
20250707,관악구,2025070620,33.0,26.0,82.08333333333333,30.0,2.2416666666666667,24,24,24
20250707,광진구,2025070620,33.0,26.0,77.91666666666667,30.0,2.045833333333334,24,24,24
20250707,구로구,2025070620,33.0,26.0,80.41666666666667,30.0,2.254166666666667,24,24,24
20250707,금천구,2025070620,32.0,26.0,84.16666666666667,30.0,2.3083333333333336,24,24,24
20250707,노원구,2025070620,32.0,26.0,84.16666666666667,30.0,2.083333333333333,24,24,24
20250707,도봉구,2025070620,32.0,26.0,84.16666666666667,30.0,2.083333333333333,24,24,24
20250707,동대문구,2025070620,33.0,26.0,79.375,30.0,2.0833333333333335,24,24,24
20250707,동작구,2025070620,33.0,26.0,82.08333333333333,30.0,2.2416666666666667,24,24,24
20250707,마포구,2025070620,32.0,26.0,84.375,30.0,2.1666666666666665,24,24,24
20250707,서대문구,2025070620,32.0,26.0,84.375,30.0,2.1666666666666665,24,24,24
20250707,서초구,2025070620,33.0,26.0,79.375,30.0,2.1958333333333333,24,24,24
20250707,성동구,2025070620,34.0,27.0,77.70833333333333,30.0,2.1,24,24,24
20250707,성북구,2025070620,30.0,24.0,83.75,30.0,2.1458333333333335,24,24,24
20250707,송파구,2025070620,33.0,27.0,77.5,30.0,2.141666666666667,24,24,24
20250707,양천구,2025070620,32.0,26.0,83.33333333333333,30.0,2.216666666666667,24,24,24
20250707,영등포구,2025070620,32.0,26.0,81.875,30.0,2.1625,24,24,24
20250707,용산구,2025070620,32.0,26.0,80.625,30.0,2.15,24,24,24
20250707,은평구,2025070620,32.0,26.0,85.41666666666667,30.0,2.1750000000000003,24,24,24
20250707,종로구,2025070620,32.0,26.0,81.66666666666667,30.0,2.1458333333333335,24,24,24
20250707,중구,2025070620,32.0,26.0,81.66666666666667,30.0,2.1458333333333335,24,24,24
20250707,중랑구,2025070620,33.0,26.0,78.125,30.0,2.0083333333333333,24,24,24
20250708,강남구,2025070720,37.0,27.0,63.75,60.0,1.4291666666666665,24,24,24
20250708,강동구,2025070720,35.0,27.0,68.75,60.0,1.7541666666666669,24,24,24
20250708,강북구,2025070720,33.0,24.0,64.375,60.0,1.5291666666666668,24,24,24
20250708,강서구,2025070720,36.0,26.0,68.75,60.0,1.1416666666666666,24,24,24
20250708,관악구,2025070720,37.0,27.0,64.375,60.0,1.2458333333333331,24,24,24
20250708,광진구,2025070720,36.0,27.0,63.958333333333336,60.0,1.6666666666666667,24,24,24
20250708,구로구,2025070720,37.0,27.0,63.541666666666664,60.0,1.1749999999999998,24,24,24
20250708,금천구,2025070720,36.0,26.0,68.125,60.0,1.2416666666666667,24,24,24
20250708,노원구,2025070720,35.0,26.0,65.625,60.0,1.6791666666666665,24,24,24
20250708,도봉구,2025070720,35.0,26.0,65.625,60.0,1.6791666666666665,24,24,24
20250708,동대문구,2025070720,36.0,27.0,63.125,60.0,1.6125,24,24,24
20250708,동작구,2025070720,37.0,27.0,64.375,60.0,1.2458333333333331,24,24,24
20250708,마포구,2025070720,36.0,27.0,63.75,60.0,1.3208333333333333,24,24,24
20250708,서대문구,2025070720,36.0,27.0,63.75,60.0,1.3208333333333333,24,24,24
20250708,서초구,2025070720,37.0,27.0,63.75,60.0,1.4291666666666665,24,24,24
20250708,성동구,2025070720,35.0,27.0,63.333333333333336,60.0,1.5166666666666668,24,24,24
20250708,성북구,2025070720,33.0,24.0,64.375,60.0,1.5291666666666668,24,24,24
20250708,송파구,2025070720,36.0,27.0,63.75,60.0,1.5833333333333333,24,24,24
20250708,양천구,2025070720,36.0,27.0,65.20833333333333,60.0,1.2,24,24,24
20250708,영등포구,2025070720,36.0,27.0,64.16666666666667,60.0,1.2833333333333334,24,24,24
20250708,용산구,2025070720,36.0,27.0,64.79166666666667,60.0,1.3875000000000002,24,24,24
20250708,은평구,2025070720,36.0,26.0,65.83333333333333,60.0,1.3666666666666665,24,24,24
20250708,종로구,2025070720,36.0,27.0,63.958333333333336,60.0,1.4958333333333336,24,24,24
20250708,중구,2025070720,36.0,27.0,63.958333333333336,60.0,1.4958333333333336,24,24,24
20250708,중랑구,2025070720,36.0,27.0,63.125,60.0,1.7416666666666665,24,24,24
20250709,강남구,2025070820,36.0,27.0,59.791666666666664,30.0,2.3958333333333335,24,24,24
20250709,강동구,2025070820,35.0,26.0,62.916666666666664,30.0,2.3666666666666667,24,24,24
20250709,강북구,2025070820,33.0,24.0,59.375,30.0,2.525,24,24,24
20250709,강서구,2025070820,36.0,27.0,63.75,30.0,2.2583333333333333,24,24,24
20250709,관악구,2025070820,36.0,27.0,60.0,30.0,2.2624999999999997,24,24,24
20250709,광진구,2025070820,35.0,27.0,59.583333333333336,30.0,2.4,24,24,24
20250709,구로구,2025070820,37.0,27.0,57.708333333333336,30.0,2.1041666666666665,24,24,24
20250709,금천구,2025070820,36.0,26.0,63.958333333333336,30.0,2.1875,24,24,24
20250709,노원구,2025070820,35.0,26.0,60.0,30.0,2.591666666666667,24,24,24
20250709,도봉구,2025070820,35.0,26.0,60.0,30.0,2.591666666666667,24,24,24
20250709,동대문구,2025070820,36.0,27.0,57.708333333333336,30.0,2.5124999999999997,24,24,24
20250709,동작구,2025070820,36.0,27.0,60.0,30.0,2.2624999999999997,24,24,24
20250709,마포구,2025070820,35.0,27.0,59.791666666666664,30.0,2.4166666666666665,24,24,24
20250709,서대문구,2025070820,35.0,27.0,59.791666666666664,30.0,2.4166666666666665,24,24,24
20250709,서초구,2025070820,36.0,27.0,59.791666666666664,30.0,2.3958333333333335,24,24,24
20250709,성동구,2025070820,35.0,27.0,59.166666666666664,30.0,2.4125,24,24,24
20250709,성북구,2025070820,33.0,24.0,59.375,30.0,2.525,24,24,24
20250709,송파구,2025070820,36.0,27.0,59.583333333333336,30.0,2.3833333333333333,24,24,24
20250709,양천구,2025070820,36.0,27.0,60.208333333333336,30.0,2.216666666666667,24,24,24
20250709,영등포구,2025070820,36.0,27.0,59.791666666666664,30.0,2.3249999999999997,24,24,24
20250709,용산구,2025070820,35.0,27.0,59.166666666666664,30.0,2.4,24,24,24
20250709,은평구,2025070820,35.0,27.0,62.5,30.0,2.4791666666666665,24,24,24
20250709,종로구,2025070820,36.0,27.0,60.208333333333336,30.0,2.466666666666667,24,24,24
20250709,중구,2025070820,36.0,27.0,60.208333333333336,30.0,2.466666666666667,24,24,24
20250709,중랑구,2025070820,35.0,27.0,57.708333333333336,30.0,2.5124999999999997,24,24,24
20250710,강남구,2025070920,35.0,24.0,48.333333333333336,0.0,3.35,24,24,24
20250710,강동구,2025070920,34.0,23.0,50.833333333333336,0.0,3.391666666666666,24,24,24
20250710,강북구,2025070920,32.0,22.0,48.125,20.0,3.5583333333333336,24,24,24
20250710,강서구,2025070920,35.0,24.0,52.5,20.0,3.4375,24,24,24
20250710,관악구,2025070920,35.0,24.0,48.958333333333336,20.0,3.341666666666667,24,24,24
20250710,광진구,2025070920,34.0,24.0,48.333333333333336,0.0,3.3874999999999997,24,24,24
20250710,구로구,2025070920,35.0,24.0,46.875,20.0,3.341666666666667,24,24,24
20250710,금천구,2025070920,35.0,23.0,51.875,20.0,3.3375,24,24,24
20250710,노원구,2025070920,34.0,23.0,48.125,20.0,3.720833333333333,24,24,24
20250710,도봉구,2025070920,34.0,23.0,48.125,20.0,3.720833333333333,24,24,24
20250710,동대문구,2025070920,34.0,24.0,45.833333333333336,20.0,3.5124999999999997,24,24,24
20250710,동작구,2025070920,35.0,24.0,48.958333333333336,20.0,3.341666666666667,24,24,24
20250710,마포구,2025070920,34.0,24.0,48.75,20.0,3.4499999999999997,24,24,24
20250710,서대문구,2025070920,34.0,24.0,48.75,20.0,3.4499999999999997,24,24,24
20250710,서초구,2025070920,35.0,24.0,48.333333333333336,0.0,3.35,24,24,24
20250710,성동구,2025070920,34.0,24.0,47.708333333333336,0.0,3.3791666666666664,24,24,24
20250710,성북구,2025070920,32.0,22.0,48.125,20.0,3.5583333333333336,24,24,24
20250710,송파구,2025070920,35.0,24.0,48.541666666666664,0.0,3.345833333333333,24,24,24
20250710,양천구,2025070920,34.0,24.0,49.791666666666664,20.0,3.3624999999999994,24,24,24
20250710,영등포구,2025070920,34.0,24.0,48.958333333333336,20.0,3.3666666666666667,24,24,24
20250710,용산구,2025070920,34.0,24.0,48.541666666666664,20.0,3.375,24,24,24
20250710,은평구,2025070920,34.0,23.0,50.0,20.0,3.5291666666666663,24,24,24
20250710,종로구,2025070920,35.0,25.0,48.958333333333336,20.0,3.4708333333333337,24,24,24
20250710,중구,2025070920,35.0,25.0,48.958333333333336,20.0,3.4708333333333337,24,24,24
20250710,중랑구,2025070920,34.0,24.0,46.25,0.0,3.5625,24,24,24
20250711,강남구,2025071020,35.0,25.0,49.791666666666664,0.0,2.225,24,24,24
20250711,강동구,2025071020,34.0,23.0,53.125,0.0,2.3291666666666666,24,24,24
20250711,강북구,2025071020,33.0,21.0,50.416666666666664,0.0,2.283333333333333,24,24,24
20250711,강서구,2025071020,36.0,24.0,54.583333333333336,0.0,1.9666666666666668,24,24,24
20250711,관악구,2025071020,35.0,23.0,49.791666666666664,0.0,2.0749999999999997,24,24,24
20250711,광진구,2025071020,34.0,25.0,50.625,0.0,2.3000000000000003,24,24,24
20250711,구로구,2025071020,36.0,23.0,46.25,0.0,2.0041666666666664,24,24,24
20250711,금천구,2025071020,34.0,22.0,50.625,0.0,2.0500000000000003,24,24,24
20250711,노원구,2025071020,34.0,24.0,50.833333333333336,0.0,2.3666666666666667,24,24,24
20250711,도봉구,2025071020,34.0,24.0,50.833333333333336,0.0,2.3666666666666667,24,24,24
20250711,동대문구,2025071020,35.0,24.0,49.583333333333336,0.0,2.3208333333333333,24,24,24
20250711,동작구,2025071020,35.0,23.0,49.791666666666664,0.0,2.0749999999999997,24,24,24
20250711,마포구,2025071020,35.0,23.0,52.083333333333336,0.0,2.141666666666667,24,24,24
20250711,서대문구,2025071020,35.0,23.0,52.083333333333336,0.0,2.141666666666667,24,24,24
20250711,서초구,2025071020,35.0,25.0,49.791666666666664,0.0,2.225,24,24,24
20250711,성동구,2025071020,35.0,25.0,49.166666666666664,0.0,2.2416666666666667,24,24,24
20250711,성북구,2025071020,33.0,21.0,50.416666666666664,0.0,2.283333333333333,24,24,24
20250711,송파구,2025071020,35.0,25.0,49.791666666666664,0.0,2.3041666666666667,24,24,24
20250711,양천구,2025071020,35.0,24.0,51.666666666666664,0.0,2.0166666666666666,24,24,24
20250711,영등포구,2025071020,35.0,23.0,51.875,0.0,2.1,24,24,24
20250711,용산구,2025071020,35.0,24.0,51.875,0.0,2.1958333333333333,24,24,24
20250711,은평구,2025071020,35.0,23.0,52.5,0.0,2.191666666666667,24,24,24
20250711,종로구,2025071020,36.0,25.0,50.833333333333336,0.0,2.233333333333333,24,24,24
20250711,중구,2025071020,36.0,25.0,50.833333333333336,0.0,2.233333333333333,24,24,24
20250711,중랑구,2025071020,34.0,23.0,48.958333333333336,0.0,2.3791666666666664,24,24,24
20250712,강남구,2025071120,36.0,23.0,50.416666666666664,0.0,1.7166666666666668,24,24,24
20250712,강동구,2025071120,35.0,22.0,53.958333333333336,0.0,1.7875,24,24,24
20250712,강북구,2025071120,33.0,20.0,52.291666666666664,0.0,1.6958333333333335,24,24,24
20250712,강서구,2025071120,36.0,22.0,57.083333333333336,0.0,1.6041666666666667,24,24,24
20250712,관악구,2025071120,36.0,23.0,50.416666666666664,0.0,1.6458333333333333,24,24,24
20250712,광진구,2025071120,35.0,23.0,50.625,0.0,1.7416666666666665,24,24,24
20250712,구로구,2025071120,37.0,23.0,47.5,0.0,1.6083333333333334,24,24,24
20250712,금천구,2025071120,36.0,22.0,52.708333333333336,0.0,1.6541666666666668,24,24,24
20250712,노원구,2025071120,35.0,22.0,53.75,0.0,1.7124999999999997,24,24,24
20250712,도봉구,2025071120,35.0,22.0,53.75,0.0,1.7124999999999997,24,24,24
20250712,동대문구,2025071120,36.0,23.0,49.375,0.0,1.7583333333333335,24,24,24
20250712,동작구,2025071120,36.0,23.0,50.416666666666664,0.0,1.6458333333333333,24,24,24
20250712,마포구,2025071120,36.0,23.0,53.541666666666664,0.0,1.6416666666666668,24,24,24
20250712,서대문구,2025071120,36.0,23.0,53.541666666666664,0.0,1.6416666666666668,24,24,24
20250712,서초구,2025071120,36.0,23.0,50.416666666666664,0.0,1.7166666666666668,24,24,24
20250712,성동구,2025071120,36.0,23.0,48.958333333333336,0.0,1.7,24,24,24
20250712,성북구,2025071120,33.0,20.0,52.291666666666664,0.0,1.6958333333333335,24,24,24
20250712,송파구,2025071120,36.0,23.0,50.0,0.0,1.7791666666666668,24,24,24
20250712,양천구,2025071120,36.0,22.0,52.916666666666664,0.0,1.6000000000000003,24,24,24
20250712,영등포구,2025071120,36.0,23.0,52.083333333333336,0.0,1.6208333333333331,24,24,24
20250712,용산구,2025071120,35.0,23.0,51.458333333333336,0.0,1.675,24,24,24
20250712,은평구,2025071120,36.0,22.0,54.791666666666664,0.0,1.6208333333333336,24,24,24
20250712,종로구,2025071120,36.0,24.0,51.041666666666664,0.0,1.7083333333333333,24,24,24
20250712,중구,2025071120,36.0,24.0,51.041666666666664,0.0,1.7083333333333333,24,24,24
20250712,중랑구,2025071120,35.0,23.0,48.958333333333336,0.0,1.816666666666667,24,24,24
20250713,강남구,2025071220,36.0,24.0,57.083333333333336,30.0,1.445833333333333,24,24,24
20250713,강동구,2025071220,34.0,24.0,59.375,30.0,1.5666666666666669,24,24,24
20250713,강북구,2025071220,33.0,22.0,59.791666666666664,30.0,1.225,24,24,24
20250713,강서구,2025071220,35.0,24.0,64.79166666666667,30.0,1.2166666666666666,24,24,24
20250713,관악구,2025071220,36.0,25.0,58.541666666666664,30.0,1.320833333333333,24,24,24
20250713,광진구,2025071220,36.0,24.0,56.875,30.0,1.4624999999999997,24,24,24
20250713,구로구,2025071220,36.0,25.0,57.083333333333336,30.0,1.2625,24,24,24
20250713,금천구,2025071220,34.0,24.0,60.833333333333336,30.0,1.4041666666666668,24,24,24
20250713,노원구,2025071220,35.0,24.0,60.833333333333336,30.0,1.25,24,24,24
20250713,도봉구,2025071220,35.0,24.0,60.833333333333336,30.0,1.25,24,24,24
20250713,동대문구,2025071220,36.0,25.0,57.083333333333336,30.0,1.3375,24,24,24
20250713,동작구,2025071220,36.0,25.0,58.541666666666664,30.0,1.320833333333333,24,24,24
20250713,마포구,2025071220,35.0,25.0,60.208333333333336,30.0,1.1958333333333333,24,24,24
20250713,서대문구,2025071220,35.0,25.0,60.208333333333336,30.0,1.1958333333333333,24,24,24
20250713,서초구,2025071220,36.0,24.0,57.083333333333336,30.0,1.445833333333333,24,24,24
20250713,성동구,2025071220,36.0,25.0,56.25,30.0,1.3708333333333336,24,24,24
20250713,성북구,2025071220,33.0,22.0,59.791666666666664,30.0,1.225,24,24,24
20250713,송파구,2025071220,36.0,25.0,56.458333333333336,30.0,1.5291666666666668,24,24,24
20250713,양천구,2025071220,35.0,24.0,60.208333333333336,30.0,1.1958333333333335,24,24,24
20250713,영등포구,2025071220,35.0,25.0,59.791666666666664,30.0,1.2375,24,24,24
20250713,용산구,2025071220,35.0,24.0,58.958333333333336,30.0,1.3,24,24,24
20250713,은평구,2025071220,35.0,24.0,61.666666666666664,30.0,1.1958333333333333,24,24,24
20250713,종로구,2025071220,35.0,25.0,58.958333333333336,30.0,1.25,24,24,24
20250713,중구,2025071220,35.0,25.0,58.958333333333336,30.0,1.25,24,24,24
20250713,중랑구,2025071220,35.0,24.0,55.833333333333336,30.0,1.4583333333333333,24,24,24
20250714,강남구,2025071320,30.0,23.0,69.375,60.0,3.304166666666667,24,24,24
20250714,강동구,2025071320,29.0,23.0,70.20833333333333,60.0,3.079166666666666,24,24,24
20250714,강북구,2025071320,27.0,20.0,72.91666666666667,60.0,3.3416666666666672,24,24,24
20250714,강서구,2025071320,30.0,23.0,76.04166666666667,60.0,4.070833333333334,24,24,24
20250714,관악구,2025071320,30.0,23.0,70.41666666666667,60.0,3.5583333333333336,24,24,24
20250714,광진구,2025071320,29.0,23.0,68.125,60.0,3.1124999999999994,24,24,24
20250714,구로구,2025071320,31.0,23.0,66.875,60.0,3.841666666666667,24,24,24
20250714,금천구,2025071320,30.0,22.0,72.5,60.0,3.6958333333333337,24,24,24
20250714,노원구,2025071320,29.0,22.0,73.95833333333333,60.0,3.3458333333333337,24,24,24
20250714,도봉구,2025071320,29.0,22.0,73.95833333333333,60.0,3.3458333333333337,24,24,24
20250714,동대문구,2025071320,29.0,23.0,68.75,60.0,3.1875,24,24,24
20250714,동작구,2025071320,30.0,23.0,70.41666666666667,60.0,3.5583333333333336,24,24,24
20250714,마포구,2025071320,29.0,23.0,72.08333333333333,60.0,3.4166666666666665,24,24,24
20250714,서대문구,2025071320,29.0,23.0,72.08333333333333,60.0,3.4166666666666665,24,24,24
20250714,서초구,2025071320,30.0,23.0,69.375,60.0,3.304166666666667,24,24,24
20250714,성동구,2025071320,30.0,23.0,67.70833333333333,60.0,3.1791666666666667,24,24,24
20250714,성북구,2025071320,27.0,20.0,72.91666666666667,60.0,3.3416666666666672,24,24,24
20250714,송파구,2025071320,30.0,23.0,68.75,60.0,3.2208333333333337,24,24,24
20250714,양천구,2025071320,30.0,23.0,71.45833333333333,60.0,3.7291666666666665,24,24,24
20250714,영등포구,2025071320,29.0,23.0,70.20833333333333,60.0,3.429166666666667,24,24,24
20250714,용산구,2025071320,29.0,23.0,70.0,60.0,3.3083333333333336,24,24,24
20250714,은평구,2025071320,29.0,22.0,74.58333333333333,60.0,3.4500000000000006,24,24,24
20250714,종로구,2025071320,29.0,23.0,72.5,60.0,3.295833333333334,24,24,24
20250714,중구,2025071320,29.0,23.0,72.5,60.0,3.295833333333334,24,24,24
20250714,중랑구,2025071320,29.0,23.0,68.33333333333333,60.0,3.1166666666666667,24,24,24
20250715,강남구,2025071420,29.0,22.0,80.0,60.0,3.720833333333333,24,24,24
20250715,강동구,2025071420,28.0,22.0,80.20833333333333,60.0,3.8958333333333335,24,24,24
20250715,강북구,2025071420,26.0,19.0,81.45833333333333,60.0,3.85,24,24,24
20250715,강서구,2025071420,29.0,22.0,83.54166666666667,60.0,4.112500000000001,24,24,24
20250715,관악구,2025071420,28.0,22.0,80.20833333333333,60.0,3.5999999999999996,24,24,24
20250715,광진구,2025071420,28.0,22.0,76.66666666666667,60.0,3.7875,24,24,24
20250715,구로구,2025071420,29.0,23.0,77.29166666666667,60.0,3.7458333333333336,24,24,24
20250715,금천구,2025071420,28.0,22.0,84.79166666666667,60.0,3.6958333333333337,24,24,24
20250715,노원구,2025071420,28.0,21.0,81.66666666666667,60.0,4.0375,24,24,24
20250715,도봉구,2025071420,28.0,21.0,81.66666666666667,60.0,4.0375,24,24,24
20250715,동대문구,2025071420,28.0,22.0,77.91666666666667,60.0,3.7833333333333337,24,24,24
20250715,동작구,2025071420,28.0,22.0,80.20833333333333,60.0,3.5999999999999996,24,24,24
20250715,마포구,2025071420,28.0,22.0,81.66666666666667,60.0,3.5833333333333335,24,24,24
20250715,서대문구,2025071420,28.0,22.0,81.66666666666667,60.0,3.5833333333333335,24,24,24
20250715,서초구,2025071420,29.0,22.0,80.0,60.0,3.720833333333333,24,24,24
20250715,성동구,2025071420,29.0,21.0,77.91666666666667,60.0,3.7,24,24,24
20250715,성북구,2025071420,26.0,19.0,81.45833333333333,60.0,3.85,24,24,24
20250715,송파구,2025071420,29.0,22.0,79.375,60.0,3.6833333333333336,24,24,24
20250715,양천구,2025071420,28.0,22.0,79.79166666666667,60.0,3.691666666666667,24,24,24
20250715,영등포구,2025071420,29.0,22.0,78.95833333333333,60.0,3.4875000000000007,24,24,24
20250715,용산구,2025071420,28.0,22.0,78.75,60.0,3.5666666666666664,24,24,24
20250715,은평구,2025071420,28.0,21.0,82.70833333333333,60.0,3.758333333333333,24,24,24
20250715,종로구,2025071420,28.0,21.0,81.04166666666667,60.0,3.658333333333333,24,24,24
20250715,중구,2025071420,28.0,21.0,81.04166666666667,60.0,3.658333333333333,24,24,24
20250715,중랑구,2025071420,28.0,22.0,76.875,60.0,3.975,24,24,24
20250716,강남구,2025071520,27.0,23.0,82.91666666666667,60.0,1.6666666666666667,24,24,24
20250716,강동구,2025071520,27.0,23.0,83.33333333333333,60.0,1.525,24,24,24
20250716,강북구,2025071520,25.0,20.0,85.0,60.0,1.8166666666666664,24,24,24
20250716,강서구,2025071520,27.0,23.0,86.875,60.0,1.9208333333333336,24,24,24
20250716,관악구,2025071520,27.0,23.0,83.125,60.0,1.7666666666666666,24,24,24
20250716,광진구,2025071520,27.0,23.0,81.04166666666667,60.0,1.5958333333333332,24,24,24
20250716,구로구,2025071520,27.0,23.0,79.16666666666667,60.0,1.8333333333333333,24,24,24
20250716,금천구,2025071520,26.0,22.0,86.66666666666667,60.0,1.7791666666666668,24,24,24
20250716,노원구,2025071520,27.0,22.0,86.25,60.0,1.7666666666666666,24,24,24
20250716,도봉구,2025071520,27.0,22.0,86.25,60.0,1.7666666666666666,24,24,24
20250716,동대문구,2025071520,27.0,23.0,82.91666666666667,60.0,1.75,24,24,24
20250716,동작구,2025071520,27.0,23.0,83.125,60.0,1.7666666666666666,24,24,24
20250716,마포구,2025071520,27.0,23.0,83.95833333333333,60.0,1.8208333333333335,24,24,24
20250716,서대문구,2025071520,27.0,23.0,83.95833333333333,60.0,1.8208333333333335,24,24,24
20250716,서초구,2025071520,27.0,23.0,82.91666666666667,60.0,1.6666666666666667,24,24,24
20250716,성동구,2025071520,28.0,23.0,81.45833333333333,60.0,1.6583333333333332,24,24,24
20250716,성북구,2025071520,25.0,20.0,85.0,60.0,1.8166666666666664,24,24,24
20250716,송파구,2025071520,27.0,23.0,82.91666666666667,60.0,1.5791666666666666,24,24,24
20250716,양천구,2025071520,26.0,23.0,82.29166666666667,60.0,1.8291666666666668,24,24,24
20250716,영등포구,2025071520,27.0,23.0,82.29166666666667,60.0,1.775,24,24,24
20250716,용산구,2025071520,27.0,23.0,82.70833333333333,60.0,1.7333333333333334,24,24,24
20250716,은평구,2025071520,27.0,22.0,86.875,60.0,1.8666666666666665,24,24,24
20250716,종로구,2025071520,28.0,23.0,84.79166666666667,60.0,1.7916666666666667,24,24,24
20250716,중구,2025071520,28.0,23.0,84.79166666666667,60.0,1.7916666666666667,24,24,24
20250716,중랑구,2025071520,27.0,23.0,82.08333333333333,60.0,1.695833333333333,24,24,24
20250717,강남구,2025071620,28.0,24.0,81.875,100.0,2.375,24,24,24
20250717,강동구,2025071620,28.0,24.0,82.70833333333333,100.0,2.3333333333333335,24,24,24
20250717,강북구,2025071620,25.0,21.0,85.0,100.0,2.520833333333333,24,24,24
20250717,강서구,2025071620,28.0,24.0,87.5,60.0,2.775,24,24,24
20250717,관악구,2025071620,28.0,24.0,83.75,60.0,2.4625,24,24,24
20250717,광진구,2025071620,28.0,24.0,79.79166666666667,100.0,2.2875,24,24,24
20250717,구로구,2025071620,28.0,24.0,81.875,60.0,2.5416666666666665,24,24,24
20250717,금천구,2025071620,27.0,24.0,86.875,60.0,2.4916666666666667,24,24,24
20250717,노원구,2025071620,28.0,23.0,85.0,100.0,2.6750000000000003,24,24,24
20250717,도봉구,2025071620,28.0,23.0,85.0,100.0,2.6750000000000003,24,24,24
20250717,동대문구,2025071620,28.0,24.0,81.25,100.0,2.3625000000000003,24,24,24
20250717,동작구,2025071620,28.0,24.0,83.75,60.0,2.4625,24,24,24
20250717,마포구,2025071620,28.0,24.0,84.58333333333333,79.0,2.5208333333333335,24,24,24
20250717,서대문구,2025071620,28.0,24.0,84.58333333333333,79.0,2.5208333333333335,24,24,24
20250717,서초구,2025071620,28.0,24.0,81.875,100.0,2.375,24,24,24
20250717,성동구,2025071620,30.0,25.0,80.0,100.0,2.3125,24,24,24
20250717,성북구,2025071620,25.0,21.0,85.0,100.0,2.520833333333333,24,24,24
20250717,송파구,2025071620,29.0,24.0,80.83333333333333,100.0,2.408333333333333,24,24,24
20250717,양천구,2025071620,27.0,24.0,83.54166666666667,60.0,2.5791666666666666,24,24,24
20250717,영등포구,2025071620,28.0,24.0,82.70833333333333,67.0,2.441666666666667,24,24,24
20250717,용산구,2025071620,28.0,24.0,82.29166666666667,100.0,2.3291666666666666,24,24,24
20250717,은평구,2025071620,28.0,23.0,86.875,92.0,2.6374999999999997,24,24,24
20250717,종로구,2025071620,28.0,24.0,82.5,100.0,2.4125,24,24,24
20250717,중구,2025071620,28.0,24.0,82.5,100.0,2.4125,24,24,24
20250717,중랑구,2025071620,28.0,24.0,80.83333333333333,100.0,2.35,24,24,24
20250718,강남구,2025071720,30.0,25.0,80.625,97.0,2.5999999999999996,24,24,24
20250718,강동구,2025071720,29.0,24.0,80.625,91.0,2.4208333333333334,24,24,24
20250718,강북구,2025071720,27.0,22.0,81.66666666666667,60.0,2.4208333333333334,24,24,24
20250718,강서구,2025071720,30.0,25.0,83.125,60.0,2.495833333333333,24,24,24
20250718,관악구,2025071720,29.0,25.0,81.25,60.0,2.5708333333333333,24,24,24
20250718,광진구,2025071720,29.0,25.0,78.75,94.0,2.433333333333333,24,24,24
20250718,구로구,2025071720,29.0,25.0,78.33333333333333,60.0,2.575,24,24,24
20250718,금천구,2025071720,28.0,24.0,85.41666666666667,60.0,2.7374999999999994,24,24,24
20250718,노원구,2025071720,30.0,24.0,83.54166666666667,60.0,2.4916666666666667,24,24,24
20250718,도봉구,2025071720,30.0,24.0,83.54166666666667,60.0,2.4916666666666667,24,24,24
20250718,동대문구,2025071720,30.0,25.0,80.20833333333333,79.0,2.4166666666666665,24,24,24
20250718,동작구,2025071720,29.0,25.0,81.25,60.0,2.5708333333333333,24,24,24
20250718,마포구,2025071720,29.0,24.0,82.5,60.0,2.408333333333333,24,24,24
20250718,서대문구,2025071720,29.0,24.0,82.5,60.0,2.408333333333333,24,24,24
20250718,서초구,2025071720,30.0,25.0,80.625,97.0,2.5999999999999996,24,24,24
20250718,성동구,2025071720,30.0,24.0,77.70833333333333,93.0,2.4166666666666665,24,24,24
20250718,성북구,2025071720,27.0,22.0,81.66666666666667,60.0,2.4208333333333334,24,24,24
20250718,송파구,2025071720,30.0,25.0,80.0,97.0,2.620833333333333,24,24,24
20250718,양천구,2025071720,29.0,24.0,81.04166666666667,60.0,2.4375,24,24,24
20250718,영등포구,2025071720,29.0,24.0,81.04166666666667,60.0,2.420833333333333,24,24,24
20250718,용산구,2025071720,29.0,24.0,81.25,60.0,2.433333333333333,24,24,24
20250718,은평구,2025071720,29.0,24.0,84.58333333333333,60.0,2.420833333333333,24,24,24
20250718,종로구,2025071720,29.0,24.0,81.04166666666667,60.0,2.4166666666666665,24,24,24
20250718,중구,2025071720,29.0,24.0,81.04166666666667,60.0,2.4166666666666665,24,24,24
20250718,중랑구,2025071720,30.0,24.0,78.54166666666667,80.0,2.4416666666666664,24,24,24
20250719,강남구,2025071820,28.0,25.0,83.33333333333333,60.0,2.5041666666666664,24,24,24
20250719,강동구,2025071820,29.0,25.0,85.41666666666667,60.0,2.3750000000000004,24,24,24
20250719,강북구,2025071820,26.0,22.0,85.83333333333333,60.0,2.525,24,24,24
20250719,강서구,2025071820,29.0,25.0,88.95833333333333,60.0,2.695833333333333,24,24,24
20250719,관악구,2025071820,28.0,25.0,84.16666666666667,60.0,2.5333333333333337,24,24,24
20250719,광진구,2025071820,29.0,25.0,82.08333333333333,60.0,2.375,24,24,24
20250719,구로구,2025071820,28.0,26.0,81.875,60.0,2.5875000000000004,24,24,24
20250719,금천구,2025071820,27.0,25.0,88.125,60.0,2.6125,24,24,24
20250719,노원구,2025071820,28.0,24.0,86.45833333333333,60.0,2.6,24,24,24
20250719,도봉구,2025071820,28.0,24.0,86.45833333333333,60.0,2.6,24,24,24
20250719,동대문구,2025071820,28.0,25.0,83.54166666666667,60.0,2.4625,24,24,24
20250719,동작구,2025071820,28.0,25.0,84.16666666666667,60.0,2.5333333333333337,24,24,24
20250719,마포구,2025071820,28.0,24.0,86.04166666666667,60.0,2.4916666666666667,24,24,24
20250719,서대문구,2025071820,28.0,24.0,86.04166666666667,60.0,2.4916666666666667,24,24,24
20250719,서초구,2025071820,28.0,25.0,83.33333333333333,60.0,2.5041666666666664,24,24,24
20250719,성동구,2025071820,30.0,25.0,81.66666666666667,60.0,2.3916666666666666,24,24,24
20250719,성북구,2025071820,26.0,22.0,85.83333333333333,60.0,2.525,24,24,24
20250719,송파구,2025071820,29.0,26.0,83.125,60.0,2.5124999999999997,24,24,24
20250719,양천구,2025071820,28.0,25.0,84.16666666666667,60.0,2.5291666666666663,24,24,24
20250719,영등포구,2025071820,28.0,25.0,84.16666666666667,60.0,2.454166666666666,24,24,24
20250719,용산구,2025071820,28.0,25.0,84.16666666666667,60.0,2.4291666666666667,24,24,24
20250719,은평구,2025071820,29.0,24.0,87.5,60.0,2.558333333333333,24,24,24
20250719,종로구,2025071820,29.0,25.0,85.41666666666667,60.0,2.466666666666667,24,24,24
20250719,중구,2025071820,29.0,25.0,85.41666666666667,60.0,2.466666666666667,24,24,24
20250719,중랑구,2025071820,28.0,25.0,82.5,60.0,2.454166666666667,24,24,24
20250720,강남구,2025071920,32.0,25.0,81.25,90.0,1.8708333333333331,24,24,24
20250720,강동구,2025071920,32.0,25.0,82.5,80.0,1.6583333333333332,24,24,24
20250720,강북구,2025071920,28.0,23.0,84.16666666666667,70.0,1.820833333333333,24,24,24
20250720,강서구,2025071920,31.0,25.0,83.95833333333333,80.0,2.0833333333333335,24,24,24
20250720,관악구,2025071920,31.0,25.0,81.25,90.0,1.9166666666666667,24,24,24
20250720,광진구,2025071920,31.0,25.0,79.79166666666667,80.0,1.7000000000000002,24,24,24
20250720,구로구,2025071920,32.0,26.0,78.125,80.0,1.9750000000000003,24,24,24
20250720,금천구,2025071920,31.0,25.0,84.375,90.0,2.0166666666666666,24,24,24
20250720,노원구,2025071920,31.0,24.0,85.20833333333333,70.0,1.8666666666666665,24,24,24
20250720,도봉구,2025071920,31.0,24.0,85.20833333333333,70.0,1.8666666666666665,24,24,24
20250720,동대문구,2025071920,31.0,25.0,80.625,80.0,1.7333333333333334,24,24,24
20250720,동작구,2025071920,31.0,25.0,81.25,90.0,1.9166666666666667,24,24,24
20250720,마포구,2025071920,31.0,24.0,83.54166666666667,70.0,1.8458333333333332,24,24,24
20250720,서대문구,2025071920,31.0,24.0,83.54166666666667,70.0,1.8458333333333332,24,24,24
20250720,서초구,2025071920,32.0,25.0,81.25,90.0,1.8708333333333331,24,24,24
20250720,성동구,2025071920,32.0,26.0,80.625,90.0,1.7375,24,24,24
20250720,성북구,2025071920,28.0,23.0,84.16666666666667,70.0,1.820833333333333,24,24,24
20250720,송파구,2025071920,32.0,26.0,80.625,90.0,1.8375,24,24,24
20250720,양천구,2025071920,31.0,25.0,80.41666666666667,70.0,1.9125000000000003,24,24,24
20250720,영등포구,2025071920,31.0,24.0,79.79166666666667,80.0,1.8125,24,24,24
20250720,용산구,2025071920,31.0,24.0,79.79166666666667,80.0,1.7708333333333333,24,24,24
20250720,은평구,2025071920,31.0,24.0,85.20833333333333,70.0,1.8875,24,24,24
20250720,종로구,2025071920,31.0,24.0,82.91666666666667,70.0,1.7875000000000003,24,24,24
20250720,중구,2025071920,31.0,24.0,82.91666666666667,70.0,1.7875000000000003,24,24,24
20250720,중랑구,2025071920,31.0,25.0,79.79166666666667,80.0,1.6958333333333335,24,24,24
20250721,강남구,2025072020,31.0,25.0,80.83333333333333,60.0,1.5083333333333335,24,24,24
20250721,강동구,2025072020,32.0,25.0,81.25,60.0,1.3708333333333336,24,24,24
20250721,강북구,2025072020,28.0,23.0,83.75,60.0,1.5541666666666665,24,24,24
20250721,강서구,2025072020,30.0,25.0,86.04166666666667,30.0,1.8416666666666666,24,24,24
20250721,관악구,2025072020,30.0,25.0,81.25,60.0,1.5916666666666666,24,24,24
20250721,광진구,2025072020,31.0,26.0,78.95833333333333,60.0,1.4208333333333332,24,24,24
20250721,구로구,2025072020,31.0,26.0,77.91666666666667,60.0,1.6791666666666665,24,24,24
20250721,금천구,2025072020,31.0,25.0,85.0,60.0,1.5666666666666664,24,24,24
20250721,노원구,2025072020,30.0,24.0,84.79166666666667,60.0,1.5416666666666667,24,24,24
20250721,도봉구,2025072020,30.0,24.0,84.79166666666667,60.0,1.5416666666666667,24,24,24
20250721,동대문구,2025072020,31.0,26.0,80.83333333333333,60.0,1.4833333333333334,24,24,24
20250721,동작구,2025072020,30.0,25.0,81.25,60.0,1.5916666666666666,24,24,24
20250721,마포구,2025072020,30.0,25.0,83.75,60.0,1.6333333333333335,24,24,24
20250721,서대문구,2025072020,30.0,25.0,83.75,60.0,1.6333333333333335,24,24,24
20250721,서초구,2025072020,31.0,25.0,80.83333333333333,60.0,1.5083333333333335,24,24,24
20250721,성동구,2025072020,32.0,26.0,79.58333333333333,60.0,1.4958333333333336,24,24,24
20250721,성북구,2025072020,28.0,23.0,83.75,60.0,1.5541666666666665,24,24,24
20250721,송파구,2025072020,31.0,26.0,79.79166666666667,60.0,1.4666666666666668,24,24,24
20250721,양천구,2025072020,30.0,25.0,81.66666666666667,60.0,1.7041666666666666,24,24,24
20250721,영등포구,2025072020,30.0,25.0,81.04166666666667,60.0,1.6000000000000003,24,24,24
20250721,용산구,2025072020,30.0,25.0,81.04166666666667,60.0,1.5374999999999999,24,24,24
20250721,은평구,2025072020,30.0,25.0,85.41666666666667,60.0,1.6541666666666668,24,24,24
20250721,종로구,2025072020,31.0,26.0,83.125,60.0,1.5458333333333334,24,24,24
20250721,중구,2025072020,31.0,26.0,83.125,60.0,1.5458333333333334,24,24,24
20250721,중랑구,2025072020,32.0,25.0,79.79166666666667,60.0,1.4166666666666667,24,24,24
20250722,강남구,2025072120,32.0,26.0,78.125,60.0,1.4125,24,24,24
20250722,강동구,2025072120,32.0,25.0,78.95833333333333,60.0,1.2208333333333332,24,24,24
20250722,강북구,2025072120,29.0,23.0,81.25,60.0,1.5166666666666666,24,24,24
20250722,강서구,2025072120,31.0,25.0,85.625,30.0,1.6291666666666669,24,24,24
20250722,관악구,2025072120,31.0,26.0,79.79166666666667,60.0,1.5333333333333332,24,24,24
20250722,광진구,2025072120,31.0,26.0,76.25,60.0,1.3166666666666669,24,24,24
20250722,구로구,2025072120,31.0,26.0,76.04166666666667,30.0,1.5916666666666668,24,24,24
20250722,금천구,2025072120,32.0,25.0,82.70833333333333,30.0,1.5874999999999997,24,24,24
20250722,노원구,2025072120,31.0,25.0,81.45833333333333,60.0,1.4375,24,24,24
20250722,도봉구,2025072120,31.0,25.0,81.45833333333333,60.0,1.4375,24,24,24
20250722,동대문구,2025072120,32.0,26.0,77.70833333333333,60.0,1.4416666666666669,24,24,24
20250722,동작구,2025072120,31.0,26.0,79.79166666666667,60.0,1.5333333333333332,24,24,24
20250722,마포구,2025072120,31.0,25.0,81.45833333333333,60.0,1.55,24,24,24
20250722,서대문구,2025072120,31.0,25.0,81.45833333333333,60.0,1.55,24,24,24
20250722,서초구,2025072120,32.0,26.0,78.125,60.0,1.4125,24,24,24
20250722,성동구,2025072120,32.0,26.0,77.08333333333333,60.0,1.3875000000000002,24,24,24
20250722,성북구,2025072120,29.0,23.0,81.25,60.0,1.5166666666666666,24,24,24
20250722,송파구,2025072120,32.0,26.0,77.08333333333333,60.0,1.3333333333333333,24,24,24
20250722,양천구,2025072120,31.0,26.0,80.625,30.0,1.5666666666666669,24,24,24
20250722,영등포구,2025072120,31.0,26.0,80.0,60.0,1.5125,24,24,24
20250722,용산구,2025072120,31.0,26.0,79.16666666666667,60.0,1.4583333333333333,24,24,24
20250722,은평구,2025072120,31.0,25.0,82.70833333333333,30.0,1.5708333333333335,24,24,24
20250722,종로구,2025072120,31.0,26.0,81.875,60.0,1.5041666666666669,24,24,24
20250722,중구,2025072120,31.0,26.0,81.875,60.0,1.5041666666666669,24,24,24
20250722,중랑구,2025072120,32.0,25.0,76.875,60.0,1.3708333333333331,24,24,24
20250723,강남구,2025072220,34.0,25.0,70.41666666666667,30.0,1.0041666666666669,24,24,24
20250723,강동구,2025072220,34.0,25.0,71.04166666666667,30.0,0.9250000000000002,24,24,24
20250723,강북구,2025072220,31.0,22.0,72.70833333333333,30.0,1.0583333333333331,24,24,24
20250723,강서구,2025072220,33.0,25.0,77.29166666666667,30.0,1.2375,24,24,24
20250723,관악구,2025072220,33.0,25.0,71.875,30.0,1.1,24,24,24
20250723,광진구,2025072220,33.0,25.0,68.54166666666667,30.0,0.9375,24,24,24
20250723,구로구,2025072220,33.0,25.0,70.625,30.0,1.1625,24,24,24
20250723,금천구,2025072220,33.0,24.0,75.0,30.0,1.1333333333333333,24,24,24
20250723,노원구,2025072220,33.0,24.0,74.375,30.0,1.0166666666666666,24,24,24
20250723,도봉구,2025072220,33.0,24.0,74.375,30.0,1.0166666666666666,24,24,24
20250723,동대문구,2025072220,34.0,25.0,69.58333333333333,30.0,1.0125,24,24,24
20250723,동작구,2025072220,33.0,25.0,71.875,30.0,1.1,24,24,24
20250723,마포구,2025072220,33.0,25.0,73.95833333333333,30.0,1.1125,24,24,24
20250723,서대문구,2025072220,33.0,25.0,73.95833333333333,30.0,1.1125,24,24,24
20250723,서초구,2025072220,34.0,25.0,70.41666666666667,30.0,1.0041666666666669,24,24,24
20250723,성동구,2025072220,34.0,25.0,68.75,30.0,0.9916666666666668,24,24,24
20250723,성북구,2025072220,31.0,22.0,72.70833333333333,30.0,1.0583333333333331,24,24,24
20250723,송파구,2025072220,34.0,25.0,69.16666666666667,30.0,0.9916666666666668,24,24,24
20250723,양천구,2025072220,33.0,25.0,73.95833333333333,30.0,1.1416666666666666,24,24,24
20250723,영등포구,2025072220,33.0,25.0,73.125,30.0,1.0833333333333333,24,24,24
20250723,용산구,2025072220,33.0,25.0,71.66666666666667,30.0,1.0333333333333334,24,24,24
20250723,은평구,2025072220,33.0,24.0,75.41666666666667,30.0,1.1375,24,24,24
20250723,종로구,2025072220,33.0,25.0,72.08333333333333,30.0,1.0458333333333334,24,24,24
20250723,중구,2025072220,33.0,25.0,72.08333333333333,30.0,1.0458333333333334,24,24,24
20250723,중랑구,2025072220,34.0,25.0,68.75,30.0,0.9583333333333334,24,24,24
20250724,강남구,2025072320,35.0,26.0,66.875,20.0,1.2791666666666666,24,24,24
20250724,강동구,2025072320,35.0,25.0,68.125,20.0,1.0375,24,24,24
20250724,강북구,2025072320,32.0,23.0,68.54166666666667,20.0,1.4791666666666667,24,24,24
20250724,강서구,2025072320,35.0,25.0,73.75,20.0,1.6041666666666667,24,24,24
20250724,관악구,2025072320,35.0,25.0,67.91666666666667,20.0,1.4708333333333332,24,24,24
20250724,광진구,2025072320,35.0,26.0,65.20833333333333,20.0,1.1625,24,24,24
20250724,구로구,2025072320,35.0,26.0,65.83333333333333,20.0,1.5416666666666667,24,24,24
20250724,금천구,2025072320,34.0,25.0,71.04166666666667,20.0,1.5041666666666669,24,24,24
20250724,노원구,2025072320,34.0,25.0,70.625,20.0,1.4624999999999997,24,24,24
20250724,도봉구,2025072320,34.0,25.0,70.625,20.0,1.4624999999999997,24,24,24
20250724,동대문구,2025072320,35.0,26.0,65.0,20.0,1.3333333333333333,24,24,24
20250724,동작구,2025072320,35.0,25.0,67.91666666666667,20.0,1.4708333333333332,24,24,24
20250724,마포구,2025072320,34.0,25.0,70.0,20.0,1.5083333333333335,24,24,24
20250724,서대문구,2025072320,34.0,25.0,70.0,20.0,1.5083333333333335,24,24,24
20250724,서초구,2025072320,35.0,26.0,66.875,20.0,1.2791666666666666,24,24,24
20250724,성동구,2025072320,35.0,26.0,65.0,20.0,1.2875,24,24,24
20250724,성북구,2025072320,32.0,23.0,68.54166666666667,20.0,1.4791666666666667,24,24,24
20250724,송파구,2025072320,35.0,26.0,65.41666666666667,20.0,1.1625,24,24,24
20250724,양천구,2025072320,34.0,25.0,70.0,20.0,1.5083333333333335,24,24,24
20250724,영등포구,2025072320,35.0,26.0,68.33333333333333,20.0,1.4333333333333336,24,24,24
20250724,용산구,2025072320,35.0,26.0,67.91666666666667,20.0,1.3791666666666664,24,24,24
20250724,은평구,2025072320,35.0,25.0,71.04166666666667,20.0,1.5416666666666667,24,24,24
20250724,종로구,2025072320,36.0,26.0,68.95833333333333,20.0,1.4375,24,24,24
20250724,중구,2025072320,36.0,26.0,68.95833333333333,20.0,1.4375,24,24,24
20250724,중랑구,2025072320,35.0,26.0,65.20833333333333,20.0,1.2375,24,24,24
20250725,강남구,2025072420,37.0,27.0,62.5,0.0,1.6625000000000003,24,24,24
20250725,강동구,2025072420,35.0,26.0,65.0,0.0,1.8791666666666664,24,24,24
20250725,강북구,2025072420,34.0,24.0,63.333333333333336,0.0,1.6291666666666669,24,24,24
20250725,강서구,2025072420,37.0,26.0,66.45833333333333,0.0,1.0791666666666666,24,24,24
20250725,관악구,2025072420,37.0,27.0,62.916666666666664,0.0,1.3041666666666667,24,24,24
20250725,광진구,2025072420,36.0,27.0,62.5,0.0,1.7916666666666667,24,24,24
20250725,구로구,2025072420,37.0,27.0,62.083333333333336,0.0,1.1625,24,24,24
20250725,금천구,2025072420,36.0,25.0,64.375,0.0,1.3333333333333333,24,24,24
20250725,노원구,2025072420,36.0,26.0,65.83333333333333,0.0,1.741666666666667,24,24,24
20250725,도봉구,2025072420,36.0,26.0,65.83333333333333,0.0,1.741666666666667,24,24,24
20250725,동대문구,2025072420,36.0,27.0,61.666666666666664,0.0,1.7125,24,24,24
20250725,동작구,2025072420,37.0,27.0,62.916666666666664,0.0,1.3041666666666667,24,24,24
20250725,마포구,2025072420,36.0,27.0,64.16666666666667,0.0,1.3958333333333333,24,24,24
20250725,서대문구,2025072420,36.0,27.0,64.16666666666667,0.0,1.3958333333333333,24,24,24
20250725,서초구,2025072420,37.0,27.0,62.5,0.0,1.6625000000000003,24,24,24
20250725,성동구,2025072420,37.0,27.0,62.083333333333336,0.0,1.6541666666666668,24,24,24
20250725,성북구,2025072420,34.0,24.0,63.333333333333336,0.0,1.6291666666666669,24,24,24
20250725,송파구,2025072420,37.0,27.0,61.875,0.0,1.7999999999999998,24,24,24
20250725,양천구,2025072420,36.0,27.0,64.375,0.0,1.15,24,24,24
20250725,영등포구,2025072420,36.0,27.0,63.75,0.0,1.3083333333333331,24,24,24
20250725,용산구,2025072420,36.0,27.0,63.958333333333336,0.0,1.4958333333333331,24,24,24
20250725,은평구,2025072420,36.0,26.0,65.83333333333333,0.0,1.4625,24,24,24
20250725,종로구,2025072420,37.0,27.0,62.916666666666664,0.0,1.5833333333333333,24,24,24
20250725,중구,2025072420,37.0,27.0,62.916666666666664,0.0,1.5833333333333333,24,24,24
20250725,중랑구,2025072420,36.0,26.0,61.458333333333336,0.0,1.85,24,24,24
20250726,강남구,2025072520,37.0,28.0,60.625,0.0,2.3666666666666667,24,24,24
20250726,강동구,2025072520,35.0,26.0,64.375,0.0,2.2708333333333335,24,24,24
20250726,강북구,2025072520,35.0,25.0,61.458333333333336,0.0,2.375,24,24,24
20250726,강서구,2025072520,38.0,27.0,63.958333333333336,0.0,2.154166666666667,24,24,24
20250726,관악구,2025072520,38.0,28.0,59.791666666666664,0.0,2.329166666666667,24,24,24
20250726,광진구,2025072520,37.0,27.0,60.625,0.0,2.2875,24,24,24
20250726,구로구,2025072520,38.0,28.0,57.083333333333336,0.0,2.275,24,24,24
20250726,금천구,2025072520,37.0,26.0,61.458333333333336,0.0,2.4,24,24,24
20250726,노원구,2025072520,37.0,27.0,64.375,0.0,2.3291666666666666,24,24,24
20250726,도봉구,2025072520,37.0,27.0,64.375,0.0,2.3291666666666666,24,24,24
20250726,동대문구,2025072520,37.0,28.0,60.208333333333336,0.0,2.3249999999999997,24,24,24
20250726,동작구,2025072520,38.0,28.0,59.791666666666664,0.0,2.329166666666667,24,24,24
20250726,마포구,2025072520,37.0,28.0,61.875,0.0,2.3125,24,24,24
20250726,서대문구,2025072520,37.0,28.0,61.875,0.0,2.3125,24,24,24
20250726,서초구,2025072520,37.0,28.0,60.625,0.0,2.3666666666666667,24,24,24
20250726,성동구,2025072520,37.0,28.0,59.583333333333336,0.0,2.3000000000000003,24,24,24
20250726,성북구,2025072520,35.0,25.0,61.458333333333336,0.0,2.375,24,24,24
20250726,송파구,2025072520,37.0,28.0,60.416666666666664,0.0,2.3583333333333334,24,24,24
20250726,양천구,2025072520,37.0,28.0,61.458333333333336,0.0,2.1875,24,24,24
20250726,영등포구,2025072520,37.0,28.0,61.458333333333336,0.0,2.2583333333333333,24,24,24
20250726,용산구,2025072520,37.0,28.0,61.666666666666664,0.0,2.3041666666666667,24,24,24
20250726,은평구,2025072520,37.0,27.0,63.125,0.0,2.341666666666667,24,24,24
20250726,종로구,2025072520,38.0,28.0,61.25,0.0,2.345833333333333,24,24,24
20250726,중구,2025072520,38.0,28.0,61.25,0.0,2.345833333333333,24,24,24
20250726,중랑구,2025072520,37.0,26.0,60.625,0.0,2.3041666666666667,24,24,24
20250727,강남구,2025072620,37.0,27.0,63.958333333333336,0.0,1.8541666666666667,24,24,24
20250727,강동구,2025072620,35.0,26.0,66.25,0.0,1.8791666666666664,24,24,24
20250727,강북구,2025072620,34.0,25.0,66.25,0.0,1.725,24,24,24
20250727,강서구,2025072620,37.0,27.0,67.91666666666667,0.0,1.7208333333333332,24,24,24
20250727,관악구,2025072620,37.0,27.0,63.75,0.0,1.7458333333333336,24,24,24
20250727,광진구,2025072620,37.0,27.0,63.958333333333336,0.0,1.8541666666666667,24,24,24
20250727,구로구,2025072620,37.0,27.0,62.916666666666664,0.0,1.7041666666666666,24,24,24
20250727,금천구,2025072620,37.0,26.0,64.79166666666667,0.0,1.7916666666666667,24,24,24
20250727,노원구,2025072620,36.0,26.0,68.33333333333333,0.0,1.7208333333333332,24,24,24
20250727,도봉구,2025072620,36.0,26.0,68.33333333333333,0.0,1.7208333333333332,24,24,24
20250727,동대문구,2025072620,37.0,27.0,63.75,0.0,1.7875,24,24,24
20250727,동작구,2025072620,37.0,27.0,63.75,0.0,1.7458333333333336,24,24,24
20250727,마포구,2025072620,36.0,27.0,65.20833333333333,0.0,1.7041666666666668,24,24,24
20250727,서대문구,2025072620,36.0,27.0,65.20833333333333,0.0,1.7041666666666668,24,24,24
20250727,서초구,2025072620,37.0,27.0,63.958333333333336,0.0,1.8541666666666667,24,24,24
20250727,성동구,2025072620,36.0,27.0,62.291666666666664,0.0,1.7958333333333334,24,24,24
20250727,성북구,2025072620,34.0,25.0,66.25,0.0,1.725,24,24,24
20250727,송파구,2025072620,37.0,27.0,63.333333333333336,0.0,1.9458333333333335,24,24,24
20250727,양천구,2025072620,36.0,27.0,64.79166666666667,0.0,1.6916666666666669,24,24,24
20250727,영등포구,2025072620,37.0,27.0,63.958333333333336,0.0,1.7,24,24,24
20250727,용산구,2025072620,37.0,27.0,63.75,0.0,1.7625,24,24,24
20250727,은평구,2025072620,36.0,27.0,66.875,0.0,1.6791666666666665,24,24,24
20250727,종로구,2025072620,37.0,28.0,63.958333333333336,0.0,1.7625,24,24,24
20250727,중구,2025072620,37.0,28.0,63.958333333333336,0.0,1.7625,24,24,24
20250727,중랑구,2025072620,37.0,27.0,63.75,0.0,1.8625,24,24,24
20250728,강남구,2025072720,37.0,28.0,61.875,20.0,1.9291666666666665,24,24,24
20250728,강동구,2025072720,37.0,27.0,64.375,20.0,1.9458333333333335,24,24,24
20250728,강북구,2025072720,35.0,25.0,62.916666666666664,20.0,1.8916666666666664,24,24,24
20250728,강서구,2025072720,37.0,27.0,65.0,20.0,1.8541666666666667,24,24,24
20250728,관악구,2025072720,37.0,27.0,60.625,20.0,1.8125,24,24,24
20250728,광진구,2025072720,37.0,27.0,62.708333333333336,20.0,1.9416666666666669,24,24,24
20250728,구로구,2025072720,37.0,27.0,62.083333333333336,20.0,1.8041666666666665,24,24,24
20250728,금천구,2025072720,37.0,26.0,61.666666666666664,20.0,1.9041666666666668,24,24,24
20250728,노원구,2025072720,37.0,27.0,66.25,20.0,1.929166666666667,24,24,24
20250728,도봉구,2025072720,37.0,27.0,66.25,20.0,1.929166666666667,24,24,24
20250728,동대문구,2025072720,37.0,27.0,61.041666666666664,20.0,1.925,24,24,24
20250728,동작구,2025072720,37.0,27.0,60.625,20.0,1.8125,24,24,24
20250728,마포구,2025072720,37.0,27.0,61.25,20.0,1.8333333333333333,24,24,24
20250728,서대문구,2025072720,37.0,27.0,61.25,20.0,1.8333333333333333,24,24,24
20250728,서초구,2025072720,37.0,28.0,61.875,20.0,1.9291666666666665,24,24,24
20250728,성동구,2025072720,37.0,28.0,59.583333333333336,20.0,1.8875,24,24,24
20250728,성북구,2025072720,35.0,25.0,62.916666666666664,20.0,1.8916666666666664,24,24,24
20250728,송파구,2025072720,37.0,27.0,61.875,20.0,1.9916666666666665,24,24,24
20250728,양천구,2025072720,37.0,27.0,62.291666666666664,20.0,1.7583333333333335,24,24,24
20250728,영등포구,2025072720,37.0,27.0,62.083333333333336,20.0,1.7791666666666668,24,24,24
20250728,용산구,2025072720,37.0,27.0,61.25,20.0,1.8333333333333333,24,24,24
20250728,은평구,2025072720,37.0,26.0,64.16666666666667,20.0,1.8458333333333332,24,24,24
20250728,종로구,2025072720,37.0,28.0,60.208333333333336,20.0,1.8833333333333335,24,24,24
20250728,중구,2025072720,37.0,28.0,60.208333333333336,20.0,1.8833333333333335,24,24,24
20250728,중랑구,2025072720,37.0,27.0,61.458333333333336,20.0,1.9791666666666667,24,24,24
20250729,강남구,2025072820,37.0,26.0,65.0,0.0,1.3583333333333334,24,24,24
20250729,강동구,2025072820,37.0,25.0,66.875,0.0,1.1041666666666667,24,24,24
20250729,강북구,2025072820,34.0,23.0,67.5,0.0,1.5708333333333335,24,24,24
20250729,강서구,2025072820,36.0,25.0,71.875,0.0,1.6833333333333336,24,24,24
20250729,관악구,2025072820,37.0,25.0,66.66666666666667,0.0,1.5541666666666665,24,24,24
20250729,광진구,2025072820,37.0,26.0,63.75,0.0,1.2208333333333332,24,24,24
20250729,구로구,2025072820,36.0,25.0,64.375,0.0,1.5958333333333332,24,24,24
20250729,금천구,2025072820,35.0,25.0,68.95833333333333,0.0,1.5625,24,24,24
20250729,노원구,2025072820,37.0,26.0,68.54166666666667,0.0,1.5125,24,24,24
20250729,도봉구,2025072820,37.0,26.0,68.54166666666667,0.0,1.5125,24,24,24
20250729,동대문구,2025072820,37.0,26.0,63.541666666666664,0.0,1.429166666666667,24,24,24
20250729,동작구,2025072820,37.0,25.0,66.66666666666667,0.0,1.5541666666666665,24,24,24
20250729,마포구,2025072820,36.0,25.0,68.125,0.0,1.5875,24,24,24
20250729,서대문구,2025072820,36.0,25.0,68.125,0.0,1.5875,24,24,24
20250729,서초구,2025072820,37.0,26.0,65.0,0.0,1.3583333333333334,24,24,24
20250729,성동구,2025072820,37.0,26.0,64.16666666666667,0.0,1.35,24,24,24
20250729,성북구,2025072820,34.0,23.0,67.5,0.0,1.5708333333333335,24,24,24
20250729,송파구,2025072820,38.0,26.0,63.75,0.0,1.2208333333333332,24,24,24
20250729,양천구,2025072820,36.0,25.0,68.125,0.0,1.5875,24,24,24
20250729,영등포구,2025072820,36.0,26.0,66.66666666666667,0.0,1.5458333333333334,24,24,24
20250729,용산구,2025072820,37.0,26.0,66.25,0.0,1.4916666666666665,24,24,24
20250729,은평구,2025072820,36.0,25.0,69.16666666666667,0.0,1.625,24,24,24
20250729,종로구,2025072820,37.0,27.0,66.66666666666667,0.0,1.5416666666666667,24,24,24
20250729,중구,2025072820,37.0,27.0,66.66666666666667,0.0,1.5416666666666667,24,24,24
20250729,중랑구,2025072820,36.0,25.0,62.916666666666664,0.0,1.2958333333333334,24,24,24
20250730,강남구,2025072920,37.0,27.0,61.666666666666664,30.0,1.1583333333333332,24,24,24
20250730,강동구,2025072920,35.0,27.0,63.75,30.0,1.1833333333333331,24,24,24
20250730,강북구,2025072920,33.0,24.0,63.75,30.0,1.3291666666666668,24,24,24
20250730,강서구,2025072920,34.0,26.0,68.33333333333333,30.0,1.4625,24,24,24
20250730,관악구,2025072920,36.0,27.0,62.5,30.0,1.1958333333333333,24,24,24
20250730,광진구,2025072920,36.0,27.0,60.208333333333336,30.0,1.2,24,24,24
20250730,구로구,2025072920,35.0,27.0,59.791666666666664,30.0,1.2583333333333335,24,24,24
20250730,금천구,2025072920,35.0,26.0,64.58333333333333,30.0,1.1458333333333333,24,24,24
20250730,노원구,2025072920,35.0,26.0,65.41666666666667,30.0,1.4041666666666668,24,24,24
20250730,도봉구,2025072920,35.0,26.0,65.41666666666667,30.0,1.4041666666666668,24,24,24
20250730,동대문구,2025072920,36.0,27.0,59.791666666666664,30.0,1.2625,24,24,24
20250730,동작구,2025072920,36.0,27.0,62.5,30.0,1.1958333333333333,24,24,24
20250730,마포구,2025072920,36.0,27.0,64.375,30.0,1.3166666666666669,24,24,24
20250730,서대문구,2025072920,36.0,27.0,64.375,30.0,1.3166666666666669,24,24,24
20250730,서초구,2025072920,37.0,27.0,61.666666666666664,30.0,1.1583333333333332,24,24,24
20250730,성동구,2025072920,37.0,27.0,60.0,30.0,1.1958333333333333,24,24,24
20250730,성북구,2025072920,33.0,24.0,63.75,30.0,1.3291666666666668,24,24,24
20250730,송파구,2025072920,37.0,27.0,60.833333333333336,30.0,1.1708333333333332,24,24,24
20250730,양천구,2025072920,36.0,27.0,63.75,30.0,1.3208333333333333,24,24,24
20250730,영등포구,2025072920,37.0,28.0,63.125,30.0,1.2458333333333331,24,24,24
20250730,용산구,2025072920,36.0,28.0,63.125,30.0,1.225,24,24,24
20250730,은평구,2025072920,36.0,26.0,66.66666666666667,30.0,1.4083333333333332,24,24,24
20250730,종로구,2025072920,36.0,28.0,62.291666666666664,30.0,1.2708333333333333,24,24,24
20250730,중구,2025072920,36.0,28.0,62.291666666666664,30.0,1.2708333333333333,24,24,24
20250730,중랑구,2025072920,36.0,27.0,59.375,30.0,1.2583333333333335,24,24,24
20250731,강남구,2025073020,36.0,27.0,60.0,30.0,1.3625,24,24,24
20250731,강동구,2025073020,35.0,27.0,64.58333333333333,30.0,1.7249999999999996,24,24,24
20250731,강북구,2025073020,33.0,24.0,62.708333333333336,30.0,1.3166666666666669,24,24,24
20250731,강서구,2025073020,34.0,26.0,65.625,30.0,1.4125000000000003,24,24,24
20250731,관악구,2025073020,36.0,27.0,60.0,30.0,1.2708333333333333,24,24,24
20250731,광진구,2025073020,36.0,27.0,61.25,30.0,1.5791666666666668,24,24,24
20250731,구로구,2025073020,35.0,27.0,55.0,30.0,1.3541666666666667,24,24,24
20250731,금천구,2025073020,35.0,26.0,60.0,30.0,1.3625,24,24,24
20250731,노원구,2025073020,35.0,26.0,64.375,30.0,1.4416666666666669,24,24,24
20250731,도봉구,2025073020,35.0,26.0,64.375,30.0,1.4416666666666669,24,24,24
20250731,동대문구,2025073020,36.0,27.0,60.416666666666664,30.0,1.4041666666666668,24,24,24
20250731,동작구,2025073020,36.0,27.0,60.0,30.0,1.2708333333333333,24,24,24
20250731,마포구,2025073020,35.0,27.0,63.75,30.0,1.258333333333333,24,24,24
20250731,서대문구,2025073020,35.0,27.0,63.75,30.0,1.258333333333333,24,24,24
20250731,서초구,2025073020,36.0,27.0,60.0,30.0,1.3625,24,24,24
20250731,성동구,2025073020,36.0,27.0,59.166666666666664,30.0,1.3416666666666666,24,24,24
20250731,성북구,2025073020,33.0,24.0,62.708333333333336,30.0,1.3166666666666669,24,24,24
20250731,송파구,2025073020,37.0,27.0,58.958333333333336,30.0,1.5916666666666668,24,24,24
20250731,양천구,2025073020,35.0,27.0,62.916666666666664,30.0,1.2958333333333334,24,24,24
20250731,영등포구,2025073020,36.0,28.0,62.708333333333336,30.0,1.2125,24,24,24
20250731,용산구,2025073020,35.0,28.0,62.708333333333336,30.0,1.2125,24,24,24
20250731,은평구,2025073020,36.0,26.0,65.625,30.0,1.3166666666666669,24,24,24
20250731,종로구,2025073020,36.0,28.0,62.291666666666664,30.0,1.2541666666666669,24,24,24
20250731,중구,2025073020,36.0,28.0,62.291666666666664,30.0,1.2541666666666669,24,24,24
20250731,중랑구,2025073020,35.0,27.0,60.416666666666664,30.0,1.6458333333333333,24,24,24
20250801,강남구,2025073120,36.0,26.0,62.5,30.0,2.358333333333333,24,24,24
20250801,강동구,2025073120,35.0,25.0,63.75,30.0,2.345833333333333,24,24,24
20250801,강북구,2025073120,34.0,24.0,65.20833333333333,30.0,2.4250000000000003,24,24,24
20250801,강서구,2025073120,36.0,25.0,70.0,30.0,1.9958333333333331,24,24,24
20250801,관악구,2025073120,36.0,25.0,62.5,30.0,2.1875,24,24,24
20250801,광진구,2025073120,36.0,26.0,60.0,30.0,2.345833333333333,24,24,24
20250801,구로구,2025073120,36.0,25.0,60.0,30.0,2.05,24,24,24
20250801,금천구,2025073120,35.0,25.0,65.0,30.0,2.3125,24,24,24
20250801,노원구,2025073120,36.0,26.0,66.66666666666667,30.0,2.5124999999999997,24,24,24
20250801,도봉구,2025073120,36.0,26.0,66.66666666666667,30.0,2.5124999999999997,24,24,24
20250801,동대문구,2025073120,36.0,26.0,60.416666666666664,30.0,2.3958333333333335,24,24,24
20250801,동작구,2025073120,36.0,25.0,62.5,30.0,2.1875,24,24,24
20250801,마포구,2025073120,36.0,26.0,66.45833333333333,30.0,2.1916666666666664,24,24,24
20250801,서대문구,2025073120,36.0,26.0,66.45833333333333,30.0,2.1916666666666664,24,24,24
20250801,서초구,2025073120,36.0,26.0,62.5,30.0,2.358333333333333,24,24,24
20250801,성동구,2025073120,36.0,26.0,59.375,30.0,2.279166666666667,24,24,24
20250801,성북구,2025073120,34.0,24.0,65.20833333333333,30.0,2.4250000000000003,24,24,24
20250801,송파구,2025073120,37.0,26.0,60.0,30.0,2.3833333333333333,24,24,24
20250801,양천구,2025073120,36.0,26.0,65.625,30.0,1.9583333333333333,24,24,24
20250801,영등포구,2025073120,36.0,26.0,64.58333333333333,30.0,2.0875,24,24,24
20250801,용산구,2025073120,36.0,26.0,64.58333333333333,30.0,2.245833333333333,24,24,24
20250801,은평구,2025073120,36.0,25.0,67.91666666666667,30.0,2.279166666666667,24,24,24
20250801,종로구,2025073120,36.0,27.0,63.125,30.0,2.345833333333333,24,24,24
20250801,중구,2025073120,36.0,27.0,63.125,30.0,2.345833333333333,24,24,24
20250801,중랑구,2025073120,35.0,26.0,59.166666666666664,30.0,2.4291666666666667,24,24,24
20250802,강남구,2025080120,36.0,28.0,64.16666666666667,30.0,3.0041666666666664,24,24,24
20250802,강동구,2025080120,36.0,27.0,65.625,30.0,3.1208333333333336,24,24,24
20250802,강북구,2025080120,33.0,25.0,68.75,30.0,3.1291666666666664,24,24,24
20250802,강서구,2025080120,35.0,27.0,73.54166666666667,30.0,3.1374999999999997,24,24,24
20250802,관악구,2025080120,36.0,27.0,66.04166666666667,30.0,2.9791666666666665,24,24,24
20250802,광진구,2025080120,36.0,28.0,62.708333333333336,30.0,3.1,24,24,24
20250802,구로구,2025080120,36.0,28.0,63.541666666666664,30.0,3.029166666666667,24,24,24
20250802,금천구,2025080120,36.0,27.0,67.70833333333333,30.0,2.9291666666666667,24,24,24
20250802,노원구,2025080120,35.0,27.0,69.58333333333333,30.0,3.233333333333333,24,24,24
20250802,도봉구,2025080120,35.0,27.0,69.58333333333333,30.0,3.233333333333333,24,24,24
20250802,동대문구,2025080120,36.0,28.0,64.375,30.0,3.125,24,24,24
20250802,동작구,2025080120,36.0,27.0,66.04166666666667,30.0,2.9791666666666665,24,24,24
20250802,마포구,2025080120,35.0,27.0,68.95833333333333,30.0,3.1166666666666667,24,24,24
20250802,서대문구,2025080120,35.0,27.0,68.95833333333333,30.0,3.1166666666666667,24,24,24
20250802,서초구,2025080120,36.0,28.0,64.16666666666667,30.0,3.0041666666666664,24,24,24
20250802,성동구,2025080120,36.0,28.0,62.291666666666664,30.0,3.0583333333333336,24,24,24
20250802,성북구,2025080120,33.0,25.0,68.75,30.0,3.1291666666666664,24,24,24
20250802,송파구,2025080120,37.0,28.0,62.708333333333336,30.0,3.0666666666666664,24,24,24
20250802,양천구,2025080120,35.0,27.0,68.75,30.0,3.066666666666667,24,24,24
20250802,영등포구,2025080120,35.0,28.0,68.125,30.0,3.0666666666666664,24,24,24
20250802,용산구,2025080120,36.0,27.0,67.08333333333333,30.0,3.025,24,24,24
20250802,은평구,2025080120,35.0,26.0,72.08333333333333,30.0,3.1583333333333337,24,24,24
20250802,종로구,2025080120,35.0,27.0,66.25,30.0,3.095833333333333,24,24,24
20250802,중구,2025080120,35.0,27.0,66.25,30.0,3.095833333333333,24,24,24
20250802,중랑구,2025080120,36.0,27.0,63.125,30.0,3.1749999999999994,24,24,24
20250803,강남구,2025080220,36.0,27.0,67.08333333333333,72.0,2.6875,24,24,24
20250803,강동구,2025080220,35.0,27.0,69.58333333333333,61.0,2.7083333333333335,24,24,24
20250803,강북구,2025080220,33.0,25.0,68.54166666666667,60.0,2.891666666666667,24,24,24
20250803,강서구,2025080220,35.0,27.0,72.5,68.0,2.9958333333333336,24,24,24
20250803,관악구,2025080220,36.0,27.0,67.29166666666667,72.0,2.775,24,24,24
20250803,광진구,2025080220,35.0,27.0,65.83333333333333,64.0,2.716666666666667,24,24,24
20250803,구로구,2025080220,36.0,28.0,65.83333333333333,73.0,2.8208333333333333,24,24,24
20250803,금천구,2025080220,35.0,27.0,71.45833333333333,80.0,2.7416666666666667,24,24,24
20250803,노원구,2025080220,34.0,26.0,70.625,60.0,2.9041666666666663,24,24,24
20250803,도봉구,2025080220,34.0,26.0,70.625,60.0,2.9041666666666663,24,24,24
20250803,동대문구,2025080220,36.0,28.0,65.625,60.0,2.8083333333333336,24,24,24
20250803,동작구,2025080220,36.0,27.0,67.29166666666667,72.0,2.775,24,24,24
20250803,마포구,2025080220,35.0,27.0,69.375,60.0,2.8958333333333335,24,24,24
20250803,서대문구,2025080220,35.0,27.0,69.375,60.0,2.8958333333333335,24,24,24
20250803,서초구,2025080220,36.0,27.0,67.08333333333333,72.0,2.6875,24,24,24
20250803,성동구,2025080220,35.0,28.0,65.0,65.0,2.7125,24,24,24
20250803,성북구,2025080220,33.0,25.0,68.54166666666667,60.0,2.891666666666667,24,24,24
20250803,송파구,2025080220,36.0,28.0,66.04166666666667,71.0,2.683333333333333,24,24,24
20250803,양천구,2025080220,35.0,27.0,68.75,68.0,2.8625000000000003,24,24,24
20250803,영등포구,2025080220,36.0,28.0,68.33333333333333,66.0,2.8083333333333336,24,24,24
20250803,용산구,2025080220,36.0,27.0,68.125,65.0,2.75,24,24,24
20250803,은평구,2025080220,35.0,26.0,71.66666666666667,60.0,2.954166666666666,24,24,24
20250803,종로구,2025080220,34.0,27.0,66.66666666666667,60.0,2.8249999999999997,24,24,24
20250803,중구,2025080220,34.0,27.0,66.66666666666667,60.0,2.8249999999999997,24,24,24
20250803,중랑구,2025080220,36.0,27.0,65.41666666666667,60.0,2.7916666666666665,24,24,24
20250804,강남구,2025080320,33.0,26.0,83.33333333333333,87.0,3.5749999999999997,24,24,24
20250804,강동구,2025080320,32.0,25.0,86.04166666666667,85.0,3.4625000000000004,24,24,24
20250804,강북구,2025080320,30.0,23.0,86.45833333333333,81.0,3.716666666666667,24,24,24
20250804,강서구,2025080320,33.0,26.0,88.54166666666667,84.0,4.008333333333334,24,24,24
20250804,관악구,2025080320,32.0,26.0,84.16666666666667,85.0,3.6749999999999994,24,24,24
20250804,광진구,2025080320,32.0,26.0,81.66666666666667,89.0,3.5124999999999993,24,24,24
20250804,구로구,2025080320,31.0,27.0,80.41666666666667,84.0,3.775,24,24,24
20250804,금천구,2025080320,31.0,25.0,88.33333333333333,81.0,3.6958333333333337,24,24,24
20250804,노원구,2025080320,32.0,25.0,87.5,84.0,3.8041666666666663,24,24,24
20250804,도봉구,2025080320,32.0,25.0,87.5,84.0,3.8041666666666663,24,24,24
20250804,동대문구,2025080320,33.0,26.0,83.125,88.0,3.616666666666667,24,24,24
20250804,동작구,2025080320,32.0,26.0,84.16666666666667,85.0,3.6749999999999994,24,24,24
20250804,마포구,2025080320,32.0,26.0,85.625,83.0,3.7458333333333336,24,24,24
20250804,서대문구,2025080320,32.0,26.0,85.625,83.0,3.7458333333333336,24,24,24
20250804,서초구,2025080320,33.0,26.0,83.33333333333333,87.0,3.5749999999999997,24,24,24
20250804,성동구,2025080320,31.0,26.0,82.70833333333333,88.0,3.558333333333333,24,24,24
20250804,성북구,2025080320,30.0,23.0,86.45833333333333,81.0,3.716666666666667,24,24,24
20250804,송파구,2025080320,33.0,26.0,82.91666666666667,86.0,3.5333333333333328,24,24,24
20250804,양천구,2025080320,32.0,26.0,84.58333333333333,84.0,3.7875,24,24,24
20250804,영등포구,2025080320,32.0,26.0,83.33333333333333,85.0,3.6875,24,24,24
20250804,용산구,2025080320,32.0,26.0,83.33333333333333,86.0,3.625,24,24,24
20250804,은평구,2025080320,33.0,25.0,87.5,80.0,3.8166666666666664,24,24,24
20250804,종로구,2025080320,30.0,26.0,84.79166666666667,84.0,3.654166666666667,24,24,24
20250804,중구,2025080320,30.0,26.0,84.79166666666667,84.0,3.654166666666667,24,24,24
20250804,중랑구,2025080320,33.0,26.0,83.33333333333333,92.0,3.5541666666666667,24,24,24
20250805,강남구,2025080420,33.0,26.0,69.58333333333333,30.0,1.8458333333333332,24,24,24
20250805,강동구,2025080420,33.0,25.0,71.45833333333333,30.0,1.6583333333333332,24,24,24
20250805,강북구,2025080420,31.0,23.0,73.33333333333333,30.0,1.7875,24,24,24
20250805,강서구,2025080420,32.0,25.0,78.54166666666667,30.0,1.8625,24,24,24
20250805,관악구,2025080420,33.0,26.0,71.45833333333333,30.0,1.8583333333333332,24,24,24
20250805,광진구,2025080420,33.0,26.0,68.125,30.0,1.7291666666666667,24,24,24
20250805,구로구,2025080420,33.0,26.0,68.54166666666667,30.0,1.8875,24,24,24
20250805,금천구,2025080420,32.0,25.0,73.33333333333333,30.0,1.9333333333333331,24,24,24
20250805,노원구,2025080420,33.0,25.0,73.95833333333333,30.0,1.7458333333333331,24,24,24
20250805,도봉구,2025080420,33.0,25.0,73.95833333333333,30.0,1.7458333333333331,24,24,24
20250805,동대문구,2025080420,33.0,26.0,69.16666666666667,30.0,1.7541666666666664,24,24,24
20250805,동작구,2025080420,33.0,26.0,71.45833333333333,30.0,1.8583333333333332,24,24,24
20250805,마포구,2025080420,32.0,26.0,74.79166666666667,30.0,1.7999999999999998,24,24,24
20250805,서대문구,2025080420,32.0,26.0,74.79166666666667,30.0,1.7999999999999998,24,24,24
20250805,서초구,2025080420,33.0,26.0,69.58333333333333,30.0,1.8458333333333332,24,24,24
20250805,성동구,2025080420,34.0,26.0,67.29166666666667,30.0,1.7791666666666668,24,24,24
20250805,성북구,2025080420,31.0,23.0,73.33333333333333,30.0,1.7875,24,24,24
20250805,송파구,2025080420,34.0,26.0,67.08333333333333,30.0,1.8208333333333335,24,24,24
20250805,양천구,2025080420,32.0,26.0,73.75,30.0,1.8333333333333333,24,24,24
20250805,영등포구,2025080420,32.0,26.0,72.91666666666667,30.0,1.8166666666666669,24,24,24
20250805,용산구,2025080420,32.0,26.0,71.45833333333333,30.0,1.8125,24,24,24
20250805,은평구,2025080420,33.0,25.0,76.25,30.0,1.7916666666666667,24,24,24
20250805,종로구,2025080420,33.0,27.0,72.08333333333333,30.0,1.7958333333333334,24,24,24
20250805,중구,2025080420,33.0,27.0,72.08333333333333,30.0,1.7958333333333334,24,24,24
20250805,중랑구,2025080420,34.0,26.0,67.70833333333333,30.0,1.7208333333333332,24,24,24
20250806,강남구,2025080520,28.0,26.0,85.41666666666667,87.0,1.4458333333333335,24,24,24
20250806,강동구,2025080520,28.0,26.0,87.08333333333333,97.0,1.4083333333333332,24,24,24
20250806,강북구,2025080520,26.0,24.0,87.08333333333333,100.0,1.3458333333333332,24,24,24
20250806,강서구,2025080520,29.0,26.0,89.375,96.0,1.4375,24,24,24
20250806,관악구,2025080520,28.0,27.0,85.625,85.0,1.4333333333333331,24,24,24
20250806,광진구,2025080520,28.0,27.0,82.91666666666667,96.0,1.4375,24,24,24
20250806,구로구,2025080520,29.0,27.0,82.08333333333333,84.0,1.425,24,24,24
20250806,금천구,2025080520,28.0,26.0,90.20833333333331,82.0,1.4625,24,24,24
20250806,노원구,2025080520,28.0,25.0,87.91666666666667,100.0,1.3333333333333333,24,24,24
20250806,도봉구,2025080520,28.0,25.0,87.91666666666667,100.0,1.3333333333333333,24,24,24
20250806,동대문구,2025080520,28.0,27.0,83.75,100.0,1.3666666666666665,24,24,24
20250806,동작구,2025080520,28.0,27.0,85.625,85.0,1.4333333333333331,24,24,24
20250806,마포구,2025080520,28.0,26.0,87.29166666666667,100.0,1.3958333333333333,24,24,24
20250806,서대문구,2025080520,28.0,26.0,87.29166666666667,100.0,1.3958333333333333,24,24,24
20250806,서초구,2025080520,28.0,26.0,85.41666666666667,87.0,1.4458333333333335,24,24,24
20250806,성동구,2025080520,29.0,26.0,84.16666666666667,95.0,1.45,24,24,24
20250806,성북구,2025080520,26.0,24.0,87.08333333333333,100.0,1.3458333333333332,24,24,24
20250806,송파구,2025080520,28.0,27.0,84.375,88.0,1.4541666666666666,24,24,24
20250806,양천구,2025080520,28.0,27.0,85.41666666666667,91.0,1.4625,24,24,24
20250806,영등포구,2025080520,28.0,27.0,85.41666666666667,92.0,1.475,24,24,24
20250806,용산구,2025080520,28.0,26.0,85.20833333333333,94.0,1.4708333333333332,24,24,24
20250806,은평구,2025080520,28.0,25.0,89.16666666666667,100.0,1.366666666666667,24,24,24
20250806,종로구,2025080520,29.0,27.0,85.625,100.0,1.3833333333333335,24,24,24
20250806,중구,2025080520,29.0,27.0,85.625,100.0,1.3833333333333335,24,24,24
20250806,중랑구,2025080520,28.0,26.0,83.54166666666667,100.0,1.3666666666666665,24,24,24
20250807,강남구,2025080620,32.0,25.0,70.41666666666667,30.0,2.3666666666666667,24,24,24
20250807,강동구,2025080620,32.0,25.0,72.29166666666667,30.0,2.3375,24,24,24
20250807,강북구,2025080620,30.0,22.0,71.45833333333333,30.0,2.2875,24,24,24
20250807,강서구,2025080620,32.0,25.0,75.83333333333333,30.0,2.370833333333333,24,24,24
20250807,관악구,2025080620,31.0,25.0,72.08333333333333,30.0,2.345833333333333,24,24,24
20250807,광진구,2025080620,32.0,25.0,69.375,30.0,2.3083333333333336,24,24,24
20250807,구로구,2025080620,31.0,26.0,68.75,30.0,2.3625,24,24,24
20250807,금천구,2025080620,31.0,24.0,75.20833333333333,30.0,2.3791666666666664,24,24,24
20250807,노원구,2025080620,32.0,24.0,73.125,30.0,2.1999999999999997,24,24,24
20250807,도봉구,2025080620,32.0,24.0,73.125,30.0,2.1999999999999997,24,24,24
20250807,동대문구,2025080620,32.0,25.0,68.95833333333333,30.0,2.2875,24,24,24
20250807,동작구,2025080620,31.0,25.0,72.08333333333333,30.0,2.345833333333333,24,24,24
20250807,마포구,2025080620,32.0,24.0,73.125,30.0,2.308333333333333,24,24,24
20250807,서대문구,2025080620,32.0,24.0,73.125,30.0,2.308333333333333,24,24,24
20250807,서초구,2025080620,32.0,25.0,70.41666666666667,30.0,2.3666666666666667,24,24,24
20250807,성동구,2025080620,33.0,25.0,69.16666666666667,30.0,2.3041666666666667,24,24,24
20250807,성북구,2025080620,30.0,22.0,71.45833333333333,30.0,2.2875,24,24,24
20250807,송파구,2025080620,33.0,25.0,69.16666666666667,30.0,2.4,24,24,24
20250807,양천구,2025080620,31.0,25.0,72.29166666666667,30.0,2.3291666666666666,24,24,24
20250807,영등포구,2025080620,31.0,25.0,71.875,30.0,2.3125,24,24,24
20250807,용산구,2025080620,31.0,25.0,72.29166666666667,30.0,2.3125,24,24,24
20250807,은평구,2025080620,32.0,24.0,74.58333333333333,30.0,2.3249999999999997,24,24,24
20250807,종로구,2025080620,32.0,25.0,71.45833333333333,30.0,2.3083333333333336,24,24,24
20250807,중구,2025080620,32.0,25.0,71.45833333333333,30.0,2.3083333333333336,24,24,24
20250807,중랑구,2025080620,32.0,25.0,69.16666666666667,30.0,2.2666666666666666,24,24,24
20250808,강남구,2025080720,32.0,23.0,66.04166666666667,30.0,1.7916666666666667,24,24,24
20250808,강동구,2025080720,32.0,22.0,68.125,30.0,1.6708333333333334,24,24,24
20250808,강북구,2025080720,30.0,20.0,67.91666666666667,30.0,1.75,24,24,24
20250808,강서구,2025080720,32.0,22.0,72.5,30.0,1.7583333333333335,24,24,24
20250808,관악구,2025080720,32.0,22.0,67.5,30.0,1.7791666666666668,24,24,24
20250808,광진구,2025080720,32.0,23.0,63.958333333333336,30.0,1.7083333333333333,24,24,24
20250808,구로구,2025080720,32.0,23.0,64.79166666666667,30.0,1.7874999999999996,24,24,24
20250808,금천구,2025080720,31.0,22.0,70.41666666666667,30.0,1.825,24,24,24
20250808,노원구,2025080720,32.0,22.0,69.79166666666667,30.0,1.6708333333333334,24,24,24
20250808,도봉구,2025080720,32.0,22.0,69.79166666666667,30.0,1.6708333333333334,24,24,24
20250808,동대문구,2025080720,33.0,23.0,63.958333333333336,30.0,1.7083333333333333,24,24,24
20250808,동작구,2025080720,32.0,22.0,67.5,30.0,1.7791666666666668,24,24,24
20250808,마포구,2025080720,31.0,22.0,69.16666666666667,30.0,1.7458333333333336,24,24,24
20250808,서대문구,2025080720,31.0,22.0,69.16666666666667,30.0,1.7458333333333336,24,24,24
20250808,서초구,2025080720,32.0,23.0,66.04166666666667,30.0,1.7916666666666667,24,24,24
20250808,성동구,2025080720,32.0,23.0,62.916666666666664,30.0,1.725,24,24,24
20250808,성북구,2025080720,30.0,20.0,67.91666666666667,30.0,1.75,24,24,24
20250808,송파구,2025080720,33.0,23.0,63.333333333333336,30.0,1.7916666666666667,24,24,24
20250808,양천구,2025080720,31.0,22.0,68.95833333333333,30.0,1.7333333333333334,24,24,24
20250808,영등포구,2025080720,32.0,23.0,68.125,30.0,1.7333333333333334,24,24,24
20250808,용산구,2025080720,32.0,23.0,67.29166666666667,30.0,1.7333333333333334,24,24,24
20250808,은평구,2025080720,32.0,22.0,71.875,30.0,1.7458333333333331,24,24,24
20250808,종로구,2025080720,32.0,23.0,65.625,30.0,1.75,24,24,24
20250808,중구,2025080720,32.0,23.0,65.625,30.0,1.75,24,24,24
20250808,중랑구,2025080720,32.0,23.0,63.541666666666664,30.0,1.7,24,24,24
20250809,강남구,2025080820,29.0,24.0,74.375,60.0,1.1583333333333334,24,24,24
20250809,강동구,2025080820,29.0,24.0,76.25,60.0,1.0958333333333332,24,24,24
20250809,강북구,2025080820,27.0,21.0,75.625,60.0,1.2041666666666666,24,24,24
20250809,강서구,2025080820,29.0,24.0,78.54166666666667,60.0,1.325,24,24,24
20250809,관악구,2025080820,29.0,24.0,76.45833333333333,60.0,1.2083333333333333,24,24,24
20250809,광진구,2025080820,29.0,24.0,72.08333333333333,60.0,1.1166666666666665,24,24,24
20250809,구로구,2025080820,29.0,24.0,73.75,60.0,1.2666666666666666,24,24,24
20250809,금천구,2025080820,28.0,23.0,78.33333333333333,60.0,1.2625,24,24,24
20250809,노원구,2025080820,29.0,23.0,75.83333333333333,60.0,1.2,24,24,24
20250809,도봉구,2025080820,29.0,23.0,75.83333333333333,60.0,1.2,24,24,24
20250809,동대문구,2025080820,29.0,24.0,72.08333333333333,60.0,1.175,24,24,24
20250809,동작구,2025080820,29.0,24.0,76.45833333333333,60.0,1.2083333333333333,24,24,24
20250809,마포구,2025080820,29.0,24.0,77.29166666666667,60.0,1.1916666666666669,24,24,24
20250809,서대문구,2025080820,29.0,24.0,77.29166666666667,60.0,1.1916666666666669,24,24,24
20250809,서초구,2025080820,29.0,24.0,74.375,60.0,1.1583333333333334,24,24,24
20250809,성동구,2025080820,29.0,24.0,70.20833333333333,60.0,1.1416666666666666,24,24,24
20250809,성북구,2025080820,27.0,21.0,75.625,60.0,1.2041666666666666,24,24,24
20250809,송파구,2025080820,29.0,24.0,71.66666666666667,60.0,1.1416666666666666,24,24,24
20250809,양천구,2025080820,29.0,24.0,76.04166666666667,60.0,1.2166666666666668,24,24,24
20250809,영등포구,2025080820,29.0,24.0,76.66666666666667,60.0,1.1791666666666667,24,24,24
20250809,용산구,2025080820,29.0,24.0,75.625,60.0,1.1541666666666668,24,24,24
20250809,은평구,2025080820,29.0,23.0,79.375,60.0,1.225,24,24,24
20250809,종로구,2025080820,29.0,25.0,71.25,60.0,1.1708333333333334,24,24,24
20250809,중구,2025080820,29.0,25.0,71.25,60.0,1.1708333333333334,24,24,24
20250809,중랑구,2025080820,29.0,24.0,71.66666666666667,60.0,1.1833333333333331,24,24,24
20250810,강남구,2025080920,33.0,22.0,70.0,30.0,1.4958333333333331,24,24,24
20250810,강동구,2025080920,33.0,22.0,71.875,20.0,1.3541666666666667,24,24,24
20250810,강북구,2025080920,30.0,19.0,72.08333333333333,30.0,1.6375,24,24,24
20250810,강서구,2025080920,32.0,22.0,76.25,20.0,1.8208333333333335,24,24,24
20250810,관악구,2025080920,32.0,22.0,72.5,20.0,1.6208333333333331,24,24,24
20250810,광진구,2025080920,33.0,22.0,68.75,20.0,1.4083333333333334,24,24,24
20250810,구로구,2025080920,32.0,22.0,69.375,20.0,1.6916666666666664,24,24,24
20250810,금천구,2025080920,32.0,21.0,74.58333333333333,20.0,1.675,24,24,24
20250810,노원구,2025080920,33.0,21.0,72.5,20.0,1.6625,24,24,24
20250810,도봉구,2025080920,33.0,21.0,72.5,20.0,1.6625,24,24,24
20250810,동대문구,2025080920,33.0,22.0,68.95833333333333,20.0,1.5166666666666668,24,24,24
20250810,동작구,2025080920,32.0,22.0,72.5,20.0,1.6208333333333331,24,24,24
20250810,마포구,2025080920,32.0,22.0,73.33333333333333,20.0,1.65,24,24,24
20250810,서대문구,2025080920,32.0,22.0,73.33333333333333,20.0,1.65,24,24,24
20250810,서초구,2025080920,33.0,22.0,70.0,30.0,1.4958333333333331,24,24,24
20250810,성동구,2025080920,33.0,22.0,68.125,20.0,1.4583333333333333,24,24,24
20250810,성북구,2025080920,30.0,19.0,72.08333333333333,30.0,1.6375,24,24,24
20250810,송파구,2025080920,33.0,22.0,68.54166666666667,20.0,1.4416666666666669,24,24,24
20250810,양천구,2025080920,32.0,22.0,73.125,20.0,1.6833333333333336,24,24,24
20250810,영등포구,2025080920,32.0,22.0,72.70833333333333,20.0,1.5958333333333332,24,24,24
20250810,용산구,2025080920,32.0,22.0,72.08333333333333,30.0,1.5291666666666668,24,24,24
20250810,은평구,2025080920,32.0,21.0,74.79166666666667,20.0,1.6958333333333335,24,24,24
20250810,종로구,2025080920,32.0,22.0,70.83333333333333,30.0,1.570833333333333,24,24,24
20250810,중구,2025080920,32.0,22.0,70.83333333333333,30.0,1.570833333333333,24,24,24
20250810,중랑구,2025080920,33.0,22.0,67.5,20.0,1.4916666666666665,24,24,24
20250811,강남구,2025081020,31.0,24.0,70.41666666666667,30.0,1.429166666666667,24,24,24
20250811,강동구,2025081020,30.0,23.0,73.75,30.0,1.4708333333333332,24,24,24
20250811,강북구,2025081020,28.0,21.0,71.25,30.0,1.4708333333333332,24,24,24
20250811,강서구,2025081020,32.0,23.0,73.75,30.0,1.6291666666666664,24,24,24
20250811,관악구,2025081020,31.0,24.0,70.20833333333333,30.0,1.4708333333333332,24,24,24
20250811,광진구,2025081020,31.0,24.0,69.79166666666667,30.0,1.4583333333333333,24,24,24
20250811,구로구,2025081020,31.0,24.0,68.33333333333333,30.0,1.525,24,24,24
20250811,금천구,2025081020,30.0,23.0,74.16666666666667,30.0,1.4875,24,24,24
20250811,노원구,2025081020,31.0,23.0,73.33333333333333,30.0,1.5541666666666665,24,24,24
20250811,도봉구,2025081020,31.0,23.0,73.33333333333333,30.0,1.5541666666666665,24,24,24
20250811,동대문구,2025081020,31.0,24.0,68.95833333333333,30.0,1.4666666666666668,24,24,24
20250811,동작구,2025081020,31.0,24.0,70.20833333333333,30.0,1.4708333333333332,24,24,24
20250811,마포구,2025081020,31.0,24.0,72.08333333333333,30.0,1.4625,24,24,24
20250811,서대문구,2025081020,31.0,24.0,72.08333333333333,30.0,1.4625,24,24,24
20250811,서초구,2025081020,31.0,24.0,70.41666666666667,30.0,1.429166666666667,24,24,24
20250811,성동구,2025081020,31.0,24.0,69.375,30.0,1.4208333333333332,24,24,24
20250811,성북구,2025081020,28.0,21.0,71.25,30.0,1.4708333333333332,24,24,24
20250811,송파구,2025081020,31.0,24.0,70.0,30.0,1.4416666666666669,24,24,24
20250811,양천구,2025081020,31.0,24.0,70.625,30.0,1.5,24,24,24
20250811,영등포구,2025081020,31.0,24.0,70.41666666666667,30.0,1.4208333333333336,24,24,24
20250811,용산구,2025081020,31.0,24.0,71.45833333333333,30.0,1.4291666666666665,24,24,24
20250811,은평구,2025081020,31.0,23.0,73.75,30.0,1.4875,24,24,24
20250811,종로구,2025081020,31.0,24.0,70.41666666666667,30.0,1.4583333333333333,24,24,24
20250811,중구,2025081020,31.0,24.0,70.41666666666667,30.0,1.4583333333333333,24,24,24
20250811,중랑구,2025081020,31.0,24.0,69.375,30.0,1.5125,24,24,24
20250812,강남구,2025081120,33.0,23.0,65.41666666666667,30.0,1.7458333333333336,24,24,24
20250812,강동구,2025081120,33.0,22.0,69.58333333333333,30.0,1.7958333333333334,24,24,24
20250812,강북구,2025081120,31.0,20.0,68.125,30.0,1.6124999999999998,24,24,24
20250812,강서구,2025081120,34.0,23.0,70.83333333333333,30.0,1.5208333333333333,24,24,24
20250812,관악구,2025081120,33.0,23.0,66.25,30.0,1.7208333333333332,24,24,24
20250812,광진구,2025081120,33.0,23.0,65.20833333333333,30.0,1.7708333333333333,24,24,24
20250812,구로구,2025081120,33.0,23.0,62.916666666666664,30.0,1.6791666666666665,24,24,24
20250812,금천구,2025081120,32.0,22.0,68.95833333333333,30.0,1.7541666666666669,24,24,24
20250812,노원구,2025081120,33.0,22.0,69.16666666666667,30.0,1.6458333333333333,24,24,24
20250812,도봉구,2025081120,33.0,22.0,69.16666666666667,30.0,1.6458333333333333,24,24,24
20250812,동대문구,2025081120,33.0,23.0,65.20833333333333,30.0,1.6875,24,24,24
20250812,동작구,2025081120,33.0,23.0,66.25,30.0,1.7208333333333332,24,24,24
20250812,마포구,2025081120,33.0,23.0,68.33333333333333,30.0,1.5999999999999996,24,24,24
20250812,서대문구,2025081120,33.0,23.0,68.33333333333333,30.0,1.5999999999999996,24,24,24
20250812,서초구,2025081120,33.0,23.0,65.41666666666667,30.0,1.7458333333333336,24,24,24
20250812,성동구,2025081120,33.0,23.0,64.79166666666667,30.0,1.7124999999999997,24,24,24
20250812,성북구,2025081120,31.0,20.0,68.125,30.0,1.6124999999999998,24,24,24
20250812,송파구,2025081120,33.0,23.0,65.0,30.0,1.7791666666666666,24,24,24
20250812,양천구,2025081120,33.0,23.0,67.08333333333333,30.0,1.6208333333333336,24,24,24
20250812,영등포구,2025081120,33.0,23.0,67.5,30.0,1.6791666666666665,24,24,24
20250812,용산구,2025081120,33.0,23.0,67.08333333333333,30.0,1.7125,24,24,24
20250812,은평구,2025081120,33.0,22.0,70.41666666666667,30.0,1.5625,24,24,24
20250812,종로구,2025081120,33.0,23.0,68.125,30.0,1.6458333333333333,24,24,24
20250812,중구,2025081120,33.0,23.0,68.125,30.0,1.6458333333333333,24,24,24
20250812,중랑구,2025081120,33.0,23.0,65.20833333333333,30.0,1.75,24,24,24
20250813,강남구,2025081220,28.0,25.0,84.79166666666667,88.0,1.5041666666666664,24,24,24
20250813,강동구,2025081220,28.0,24.0,86.66666666666667,78.0,1.4625,24,24,24
20250813,강북구,2025081220,25.0,22.0,86.875,89.0,1.6541666666666668,24,24,24
20250813,강서구,2025081220,28.0,25.0,90.20833333333331,61.0,1.6958333333333335,24,24,24
20250813,관악구,2025081220,28.0,25.0,85.41666666666667,60.0,1.5083333333333335,24,24,24
20250813,광진구,2025081220,28.0,25.0,83.125,85.0,1.5291666666666666,24,24,24
20250813,구로구,2025081220,29.0,25.0,81.66666666666667,60.0,1.5208333333333333,24,24,24
20250813,금천구,2025081220,28.0,24.0,88.95833333333333,61.0,1.4708333333333332,24,24,24
20250813,노원구,2025081220,27.0,24.0,88.33333333333333,85.0,1.7708333333333333,24,24,24
20250813,도봉구,2025081220,27.0,24.0,88.33333333333333,85.0,1.7708333333333333,24,24,24
20250813,동대문구,2025081220,28.0,25.0,84.16666666666667,90.0,1.6166666666666665,24,24,24
20250813,동작구,2025081220,28.0,25.0,85.41666666666667,60.0,1.5083333333333335,24,24,24
20250813,마포구,2025081220,27.0,24.0,86.66666666666667,63.0,1.616666666666667,24,24,24
20250813,서대문구,2025081220,27.0,24.0,86.66666666666667,63.0,1.616666666666667,24,24,24
20250813,서초구,2025081220,28.0,25.0,84.79166666666667,88.0,1.5041666666666664,24,24,24
20250813,성동구,2025081220,29.0,24.0,82.91666666666667,90.0,1.55,24,24,24
20250813,성북구,2025081220,25.0,22.0,86.875,89.0,1.6541666666666668,24,24,24
20250813,송파구,2025081220,28.0,25.0,83.75,82.0,1.4791666666666667,24,24,24
20250813,양천구,2025081220,28.0,25.0,85.41666666666667,64.0,1.5791666666666666,24,24,24
20250813,영등포구,2025081220,28.0,25.0,84.79166666666667,64.0,1.5625,24,24,24
20250813,용산구,2025081220,28.0,25.0,85.0,93.0,1.5541666666666665,24,24,24
20250813,은평구,2025081220,27.0,24.0,89.58333333333333,64.0,1.6791666666666665,24,24,24
20250813,종로구,2025081220,28.0,25.0,86.875,92.0,1.6125,24,24,24
20250813,중구,2025081220,28.0,25.0,86.875,92.0,1.6125,24,24,24
20250813,중랑구,2025081220,28.0,25.0,83.95833333333333,86.0,1.6124999999999998,24,24,24
20250814,강남구,2025081320,28.0,26.0,88.33333333333333,60.0,2.783333333333333,24,24,24
20250814,강동구,2025081320,28.0,25.0,90.41666666666669,60.0,2.6583333333333337,24,24,24
20250814,강북구,2025081320,25.0,23.0,90.41666666666669,60.0,2.6625,24,24,24
20250814,강서구,2025081320,28.0,25.0,92.70833333333331,60.0,2.8249999999999997,24,24,24
20250814,관악구,2025081320,28.0,26.0,87.91666666666667,60.0,2.8083333333333336,24,24,24
20250814,광진구,2025081320,28.0,26.0,86.45833333333333,60.0,2.670833333333333,24,24,24
20250814,구로구,2025081320,28.0,26.0,84.375,60.0,2.8708333333333336,24,24,24
20250814,금천구,2025081320,27.0,25.0,91.66666666666669,60.0,2.875,24,24,24
20250814,노원구,2025081320,28.0,25.0,91.25,60.0,2.629166666666667,24,24,24
20250814,도봉구,2025081320,28.0,25.0,91.25,60.0,2.629166666666667,24,24,24
20250814,동대문구,2025081320,28.0,26.0,87.29166666666667,60.0,2.6916666666666664,24,24,24
20250814,동작구,2025081320,28.0,26.0,87.91666666666667,60.0,2.8083333333333336,24,24,24
20250814,마포구,2025081320,27.0,25.0,91.25,60.0,2.7291666666666665,24,24,24
20250814,서대문구,2025081320,27.0,25.0,91.25,60.0,2.7291666666666665,24,24,24
20250814,서초구,2025081320,28.0,26.0,88.33333333333333,60.0,2.783333333333333,24,24,24
20250814,성동구,2025081320,29.0,25.0,86.66666666666667,60.0,2.6916666666666664,24,24,24
20250814,성북구,2025081320,25.0,23.0,90.41666666666669,60.0,2.6625,24,24,24
20250814,송파구,2025081320,28.0,26.0,87.08333333333333,60.0,2.775,24,24,24
20250814,양천구,2025081320,28.0,26.0,87.29166666666667,60.0,2.8125,24,24,24
20250814,영등포구,2025081320,28.0,26.0,87.5,60.0,2.7624999999999997,24,24,24
20250814,용산구,2025081320,27.0,26.0,87.70833333333333,60.0,2.741666666666667,24,24,24
20250814,은평구,2025081320,28.0,24.0,92.29166666666669,60.0,2.720833333333333,24,24,24
20250814,종로구,2025081320,28.0,26.0,89.58333333333333,60.0,2.7083333333333335,24,24,24
20250814,중구,2025081320,28.0,26.0,89.58333333333333,60.0,2.7083333333333335,24,24,24
20250814,중랑구,2025081320,28.0,25.0,87.91666666666667,60.0,2.6749999999999994,24,24,24
20250815,강남구,2025081420,31.0,25.0,83.54166666666667,60.0,1.6,24,24,24
20250815,강동구,2025081420,32.0,25.0,85.20833333333333,60.0,1.4958333333333331,24,24,24
20250815,강북구,2025081420,29.0,22.0,83.75,60.0,1.55,24,24,24
20250815,강서구,2025081420,31.0,25.0,86.875,60.0,1.6958333333333335,24,24,24
20250815,관악구,2025081420,31.0,25.0,83.75,60.0,1.65,24,24,24
20250815,광진구,2025081420,31.0,25.0,80.83333333333333,60.0,1.5166666666666666,24,24,24
20250815,구로구,2025081420,31.0,26.0,80.41666666666667,60.0,1.7041666666666666,24,24,24
20250815,금천구,2025081420,31.0,25.0,87.29166666666667,60.0,1.6875,24,24,24
20250815,노원구,2025081420,32.0,24.0,83.75,60.0,1.5,24,24,24
20250815,도봉구,2025081420,32.0,24.0,83.75,60.0,1.5,24,24,24
20250815,동대문구,2025081420,32.0,25.0,80.83333333333333,60.0,1.55,24,24,24
20250815,동작구,2025081420,31.0,25.0,83.75,60.0,1.65,24,24,24
20250815,마포구,2025081420,31.0,25.0,84.79166666666667,60.0,1.5833333333333333,24,24,24
20250815,서대문구,2025081420,31.0,25.0,84.79166666666667,60.0,1.5833333333333333,24,24,24
20250815,서초구,2025081420,31.0,25.0,83.54166666666667,60.0,1.6,24,24,24
20250815,성동구,2025081420,33.0,26.0,82.29166666666667,60.0,1.5541666666666665,24,24,24
20250815,성북구,2025081420,29.0,22.0,83.75,60.0,1.55,24,24,24
20250815,송파구,2025081420,32.0,26.0,82.70833333333333,60.0,1.5625,24,24,24
20250815,양천구,2025081420,31.0,26.0,83.33333333333333,60.0,1.6416666666666666,24,24,24
20250815,영등포구,2025081420,31.0,26.0,83.125,60.0,1.6041666666666667,24,24,24
20250815,용산구,2025081420,31.0,25.0,83.125,60.0,1.575,24,24,24
20250815,은평구,2025081420,32.0,24.0,85.41666666666667,60.0,1.575,24,24,24
20250815,종로구,2025081420,32.0,25.0,83.33333333333333,60.0,1.5541666666666665,24,24,24
20250815,중구,2025081420,32.0,25.0,83.33333333333333,60.0,1.5541666666666665,24,24,24
20250815,중랑구,2025081420,32.0,25.0,80.625,60.0,1.5333333333333332,24,24,24
20250816,강남구,2025081520,31.0,25.0,81.04166666666667,30.0,1.5416666666666667,24,24,24
20250816,강동구,2025081520,31.0,25.0,83.33333333333333,30.0,1.4041666666666668,24,24,24
20250816,강북구,2025081520,28.0,23.0,83.33333333333333,30.0,1.5416666666666667,24,24,24
20250816,강서구,2025081520,31.0,25.0,85.625,30.0,1.6499999999999997,24,24,24
20250816,관악구,2025081520,31.0,25.0,81.04166666666667,30.0,1.6000000000000003,24,24,24
20250816,광진구,2025081520,31.0,26.0,79.79166666666667,30.0,1.4416666666666664,24,24,24
20250816,구로구,2025081520,31.0,26.0,78.54166666666667,30.0,1.6333333333333335,24,24,24
20250816,금천구,2025081520,30.0,25.0,85.0,30.0,1.6416666666666668,24,24,24
20250816,노원구,2025081520,31.0,25.0,83.95833333333333,30.0,1.525,24,24,24
20250816,도봉구,2025081520,31.0,25.0,83.95833333333333,30.0,1.525,24,24,24
20250816,동대문구,2025081520,31.0,26.0,80.20833333333333,30.0,1.4833333333333334,24,24,24
20250816,동작구,2025081520,31.0,25.0,81.04166666666667,30.0,1.6000000000000003,24,24,24
20250816,마포구,2025081520,30.0,25.0,83.33333333333333,30.0,1.5291666666666668,24,24,24
20250816,서대문구,2025081520,30.0,25.0,83.33333333333333,30.0,1.5291666666666668,24,24,24
20250816,서초구,2025081520,31.0,25.0,81.04166666666667,30.0,1.5416666666666667,24,24,24
20250816,성동구,2025081520,32.0,26.0,80.0,30.0,1.4791666666666667,24,24,24
20250816,성북구,2025081520,28.0,23.0,83.33333333333333,30.0,1.5416666666666667,24,24,24
20250816,송파구,2025081520,31.0,26.0,80.20833333333333,30.0,1.5125000000000002,24,24,24
20250816,양천구,2025081520,30.0,25.0,81.45833333333333,30.0,1.5833333333333333,24,24,24
20250816,영등포구,2025081520,30.0,26.0,81.25,30.0,1.5541666666666665,24,24,24
20250816,용산구,2025081520,30.0,25.0,81.04166666666667,30.0,1.508333333333333,24,24,24
20250816,은평구,2025081520,30.0,25.0,85.83333333333333,30.0,1.5416666666666667,24,24,24
20250816,종로구,2025081520,31.0,26.0,83.125,30.0,1.525,24,24,24
20250816,중구,2025081520,31.0,26.0,83.125,30.0,1.525,24,24,24
20250816,중랑구,2025081520,31.0,25.0,80.20833333333333,30.0,1.4541666666666666,24,24,24
20250817,강남구,2025081620,31.0,26.0,80.41666666666667,30.0,1.95,24,24,24
20250817,강동구,2025081620,31.0,25.0,81.04166666666667,30.0,1.8916666666666664,24,24,24
20250817,강북구,2025081620,28.0,23.0,83.125,30.0,1.9583333333333333,24,24,24
20250817,강서구,2025081620,30.0,25.0,86.45833333333333,30.0,1.9208333333333336,24,24,24
20250817,관악구,2025081620,30.0,26.0,81.875,30.0,1.9375,24,24,24
20250817,광진구,2025081620,31.0,26.0,78.125,30.0,1.9,24,24,24
20250817,구로구,2025081620,31.0,26.0,78.54166666666667,30.0,1.9375,24,24,24
20250817,금천구,2025081620,30.0,25.0,83.75,30.0,1.9875,24,24,24
20250817,노원구,2025081620,30.0,25.0,83.75,30.0,2.0083333333333333,24,24,24
20250817,도봉구,2025081620,30.0,25.0,83.75,30.0,2.0083333333333333,24,24,24
20250817,동대문구,2025081620,31.0,26.0,79.79166666666667,30.0,1.925,24,24,24
20250817,동작구,2025081620,30.0,26.0,81.875,30.0,1.9375,24,24,24
20250817,마포구,2025081620,31.0,25.0,84.58333333333333,30.0,1.8958333333333333,24,24,24
20250817,서대문구,2025081620,31.0,25.0,84.58333333333333,30.0,1.8958333333333333,24,24,24
20250817,서초구,2025081620,31.0,26.0,80.41666666666667,30.0,1.95,24,24,24
20250817,성동구,2025081620,32.0,26.0,78.125,30.0,1.8875,24,24,24
20250817,성북구,2025081620,28.0,23.0,83.125,30.0,1.9583333333333333,24,24,24
20250817,송파구,2025081620,32.0,26.0,78.125,30.0,1.9583333333333333,24,24,24
20250817,양천구,2025081620,30.0,26.0,82.5,30.0,1.8833333333333335,24,24,24
20250817,영등포구,2025081620,30.0,26.0,82.70833333333333,30.0,1.8875,24,24,24
20250817,용산구,2025081620,30.0,25.0,82.08333333333333,30.0,1.8875,24,24,24
20250817,은평구,2025081620,30.0,25.0,85.625,30.0,1.9333333333333336,24,24,24
20250817,종로구,2025081620,31.0,26.0,81.875,30.0,1.9125,24,24,24
20250817,중구,2025081620,31.0,26.0,81.875,30.0,1.9125,24,24,24
20250817,중랑구,2025081620,31.0,25.0,78.54166666666667,30.0,1.9291666666666665,24,24,24
20250818,강남구,2025081720,31.0,26.0,78.54166666666667,60.0,2.4375,24,24,24
20250818,강동구,2025081720,31.0,25.0,80.0,60.0,2.2125,24,24,24
20250818,강북구,2025081720,28.0,23.0,83.125,60.0,2.25,24,24,24
20250818,강서구,2025081720,30.0,26.0,85.83333333333333,60.0,2.533333333333333,24,24,24
20250818,관악구,2025081720,30.0,26.0,81.04166666666667,60.0,2.483333333333333,24,24,24
20250818,광진구,2025081720,31.0,26.0,77.08333333333333,60.0,2.275,24,24,24
20250818,구로구,2025081720,30.0,27.0,77.29166666666667,60.0,2.5708333333333333,24,24,24
20250818,금천구,2025081720,30.0,26.0,82.5,60.0,2.5875,24,24,24
20250818,노원구,2025081720,30.0,25.0,84.375,60.0,2.2916666666666665,24,24,24
20250818,도봉구,2025081720,30.0,25.0,84.375,60.0,2.2916666666666665,24,24,24
20250818,동대문구,2025081720,31.0,26.0,78.95833333333333,60.0,2.2666666666666666,24,24,24
20250818,동작구,2025081720,30.0,26.0,81.04166666666667,60.0,2.483333333333333,24,24,24
20250818,마포구,2025081720,30.0,26.0,83.54166666666667,60.0,2.3083333333333336,24,24,24
20250818,서대문구,2025081720,30.0,26.0,83.54166666666667,60.0,2.3083333333333336,24,24,24
20250818,서초구,2025081720,31.0,26.0,78.54166666666667,60.0,2.4375,24,24,24
20250818,성동구,2025081720,32.0,25.0,77.29166666666667,60.0,2.2916666666666665,24,24,24
20250818,성북구,2025081720,28.0,23.0,83.125,60.0,2.25,24,24,24
20250818,송파구,2025081720,31.0,26.0,76.66666666666667,60.0,2.4375,24,24,24
20250818,양천구,2025081720,30.0,26.0,81.875,60.0,2.4583333333333335,24,24,24
20250818,영등포구,2025081720,30.0,26.0,81.25,60.0,2.3916666666666666,24,24,24
20250818,용산구,2025081720,30.0,26.0,80.83333333333333,60.0,2.3333333333333335,24,24,24
20250818,은평구,2025081720,30.0,25.0,85.41666666666667,60.0,2.316666666666667,24,24,24
20250818,종로구,2025081720,31.0,26.0,81.45833333333333,60.0,2.2708333333333335,24,24,24
20250818,중구,2025081720,31.0,26.0,81.45833333333333,60.0,2.2708333333333335,24,24,24
20250818,중랑구,2025081720,31.0,26.0,78.125,60.0,2.2499999999999996,24,24,24
20250819,강남구,2025081820,32.0,26.0,79.58333333333333,60.0,2.5666666666666664,24,24,24
20250819,강동구,2025081820,32.0,26.0,81.66666666666667,60.0,2.4625,24,24,24
20250819,강북구,2025081820,29.0,23.0,83.75,60.0,2.6958333333333333,24,24,24
20250819,강서구,2025081820,31.0,26.0,86.04166666666667,60.0,2.9166666666666665,24,24,24
20250819,관악구,2025081820,31.0,27.0,80.41666666666667,60.0,2.6833333333333336,24,24,24
20250819,광진구,2025081820,31.0,26.0,78.125,60.0,2.4875000000000003,24,24,24
20250819,구로구,2025081820,31.0,27.0,77.5,60.0,2.7833333333333337,24,24,24
20250819,금천구,2025081820,31.0,26.0,82.91666666666667,60.0,2.6583333333333337,24,24,24
20250819,노원구,2025081820,31.0,25.0,85.20833333333333,60.0,2.75,24,24,24
20250819,도봉구,2025081820,31.0,25.0,85.20833333333333,60.0,2.75,24,24,24
20250819,동대문구,2025081820,32.0,26.0,79.79166666666667,60.0,2.6166666666666667,24,24,24
20250819,동작구,2025081820,31.0,27.0,80.41666666666667,60.0,2.6833333333333336,24,24,24
20250819,마포구,2025081820,31.0,26.0,83.125,60.0,2.7291666666666665,24,24,24
20250819,서대문구,2025081820,31.0,26.0,83.125,60.0,2.7291666666666665,24,24,24
20250819,서초구,2025081820,32.0,26.0,79.58333333333333,60.0,2.5666666666666664,24,24,24
20250819,성동구,2025081820,32.0,26.0,77.91666666666667,60.0,2.5708333333333333,24,24,24
20250819,성북구,2025081820,29.0,23.0,83.75,60.0,2.6958333333333333,24,24,24
20250819,송파구,2025081820,32.0,26.0,78.33333333333333,60.0,2.525,24,24,24
20250819,양천구,2025081820,30.0,27.0,81.45833333333333,60.0,2.7916666666666665,24,24,24
20250819,영등포구,2025081820,31.0,27.0,81.04166666666667,60.0,2.6833333333333336,24,24,24
20250819,용산구,2025081820,31.0,26.0,80.83333333333333,60.0,2.591666666666667,24,24,24
20250819,은평구,2025081820,31.0,25.0,86.45833333333333,60.0,2.7583333333333333,24,24,24
20250819,종로구,2025081820,31.0,26.0,81.875,60.0,2.6583333333333337,24,24,24
20250819,중구,2025081820,31.0,26.0,81.875,60.0,2.6583333333333337,24,24,24
20250819,중랑구,2025081820,32.0,26.0,79.79166666666667,60.0,2.5999999999999996,24,24,24
20250820,강남구,2025081920,33.0,26.0,77.08333333333333,60.0,2.2875,24,24,24
20250820,강동구,2025081920,32.0,25.0,78.54166666666667,60.0,2.0833333333333335,24,24,24
20250820,강북구,2025081920,29.0,23.0,79.375,60.0,2.2083333333333335,24,24,24
20250820,강서구,2025081920,32.0,26.0,81.875,60.0,2.4958333333333336,24,24,24
20250820,관악구,2025081920,31.0,26.0,78.125,60.0,2.3625000000000003,24,24,24
20250820,광진구,2025081920,32.0,26.0,75.625,60.0,2.1625,24,24,24
20250820,구로구,2025081920,31.0,27.0,75.625,60.0,2.4625,24,24,24
20250820,금천구,2025081920,32.0,25.0,80.41666666666667,60.0,2.4,24,24,24
20250820,노원구,2025081920,31.0,25.0,80.625,60.0,2.154166666666667,24,24,24
20250820,도봉구,2025081920,31.0,25.0,80.625,60.0,2.154166666666667,24,24,24
20250820,동대문구,2025081920,32.0,26.0,76.66666666666667,60.0,2.2083333333333335,24,24,24
20250820,동작구,2025081920,31.0,26.0,78.125,60.0,2.3625000000000003,24,24,24
20250820,마포구,2025081920,31.0,26.0,80.0,60.0,2.3208333333333333,24,24,24
20250820,서대문구,2025081920,31.0,26.0,80.0,60.0,2.3208333333333333,24,24,24
20250820,서초구,2025081920,33.0,26.0,77.08333333333333,60.0,2.2875,24,24,24
20250820,성동구,2025081920,33.0,26.0,75.20833333333333,60.0,2.2083333333333335,24,24,24
20250820,성북구,2025081920,29.0,23.0,79.375,60.0,2.2083333333333335,24,24,24
20250820,송파구,2025081920,33.0,26.0,75.83333333333333,60.0,2.2624999999999997,24,24,24
20250820,양천구,2025081920,31.0,26.0,78.54166666666667,60.0,2.4,24,24,24
20250820,영등포구,2025081920,31.0,26.0,78.33333333333333,60.0,2.329166666666667,24,24,24
20250820,용산구,2025081920,31.0,26.0,78.125,60.0,2.2708333333333335,24,24,24
20250820,은평구,2025081920,32.0,25.0,81.875,60.0,2.2875,24,24,24
20250820,종로구,2025081920,31.0,26.0,78.33333333333333,60.0,2.2416666666666667,24,24,24
20250820,중구,2025081920,31.0,26.0,78.33333333333333,60.0,2.2416666666666667,24,24,24
20250820,중랑구,2025081920,32.0,26.0,75.83333333333333,60.0,2.1625,24,24,24
20250821,강남구,2025082020,33.0,25.0,78.95833333333333,60.0,1.3625,24,24,24
20250821,강동구,2025082020,33.0,25.0,81.45833333333333,30.0,1.2583333333333335,24,24,24
20250821,강북구,2025082020,29.0,23.0,82.08333333333333,60.0,1.5208333333333333,24,24,24
20250821,강서구,2025082020,32.0,25.0,84.375,60.0,1.6000000000000003,24,24,24
20250821,관악구,2025082020,32.0,26.0,79.79166666666667,60.0,1.4375,24,24,24
20250821,광진구,2025082020,33.0,25.0,77.29166666666667,30.0,1.3541666666666667,24,24,24
20250821,구로구,2025082020,32.0,26.0,77.29166666666667,60.0,1.4666666666666668,24,24,24
20250821,금천구,2025082020,31.0,25.0,82.91666666666667,20.0,1.4125000000000003,24,24,24
20250821,노원구,2025082020,31.0,25.0,83.95833333333333,60.0,1.5458333333333334,24,24,24
20250821,도봉구,2025082020,31.0,25.0,83.95833333333333,60.0,1.5458333333333334,24,24,24
20250821,동대문구,2025082020,32.0,26.0,78.75,60.0,1.45,24,24,24
20250821,동작구,2025082020,32.0,26.0,79.79166666666667,60.0,1.4375,24,24,24
20250821,마포구,2025082020,32.0,25.0,82.08333333333333,60.0,1.5083333333333335,24,24,24
20250821,서대문구,2025082020,32.0,25.0,82.08333333333333,60.0,1.5083333333333335,24,24,24
20250821,서초구,2025082020,33.0,25.0,78.95833333333333,60.0,1.3625,24,24,24
20250821,성동구,2025082020,33.0,26.0,77.70833333333333,60.0,1.3958333333333333,24,24,24
20250821,성북구,2025082020,29.0,23.0,82.08333333333333,60.0,1.5208333333333333,24,24,24
20250821,송파구,2025082020,33.0,26.0,77.70833333333333,30.0,1.3375,24,24,24
20250821,양천구,2025082020,32.0,26.0,79.375,60.0,1.4875,24,24,24
20250821,영등포구,2025082020,32.0,26.0,79.375,60.0,1.45,24,24,24
20250821,용산구,2025082020,32.0,25.0,78.75,60.0,1.4333333333333331,24,24,24
20250821,은평구,2025082020,32.0,25.0,84.375,60.0,1.5541666666666665,24,24,24
20250821,종로구,2025082020,32.0,25.0,82.08333333333333,60.0,1.4791666666666667,24,24,24
20250821,중구,2025082020,32.0,25.0,82.08333333333333,60.0,1.4791666666666667,24,24,24
20250821,중랑구,2025082020,33.0,25.0,78.54166666666667,30.0,1.4,24,24,24
20250822,강남구,2025082120,33.0,25.0,73.125,20.0,2.125,24,24,24
20250822,강동구,2025082120,32.0,25.0,73.54166666666667,20.0,2.0541666666666667,24,24,24
20250822,강북구,2025082120,30.0,23.0,75.83333333333333,20.0,2.1958333333333333,24,24,24
20250822,강서구,2025082120,33.0,25.0,80.83333333333333,0.0,2.2624999999999997,24,24,24
20250822,관악구,2025082120,33.0,26.0,75.83333333333333,0.0,2.183333333333333,24,24,24
20250822,광진구,2025082120,33.0,25.0,70.41666666666667,20.0,2.079166666666667,24,24,24
20250822,구로구,2025082120,33.0,26.0,75.0,0.0,2.220833333333333,24,24,24
20250822,금천구,2025082120,32.0,25.0,77.91666666666667,0.0,2.220833333333333,24,24,24
20250822,노원구,2025082120,33.0,25.0,76.875,20.0,2.220833333333333,24,24,24
20250822,도봉구,2025082120,33.0,25.0,76.875,20.0,2.220833333333333,24,24,24
20250822,동대문구,2025082120,33.0,25.0,71.66666666666667,20.0,2.1541666666666663,24,24,24
20250822,동작구,2025082120,33.0,26.0,75.83333333333333,0.0,2.183333333333333,24,24,24
20250822,마포구,2025082120,32.0,25.0,77.29166666666667,0.0,2.191666666666667,24,24,24
20250822,서대문구,2025082120,32.0,25.0,77.29166666666667,0.0,2.191666666666667,24,24,24
20250822,서초구,2025082120,33.0,25.0,73.125,20.0,2.125,24,24,24
20250822,성동구,2025082120,34.0,26.0,70.20833333333333,20.0,2.1083333333333334,24,24,24
20250822,성북구,2025082120,30.0,23.0,75.83333333333333,20.0,2.1958333333333333,24,24,24
20250822,송파구,2025082120,34.0,26.0,69.79166666666667,20.0,2.1166666666666667,24,24,24
20250822,양천구,2025082120,32.0,26.0,76.45833333333333,0.0,2.1875,24,24,24
20250822,영등포구,2025082120,32.0,26.0,76.04166666666667,0.0,2.158333333333333,24,24,24
20250822,용산구,2025082120,32.0,25.0,75.0,0.0,2.1208333333333336,24,24,24
20250822,은평구,2025082120,33.0,25.0,78.54166666666667,0.0,2.225,24,24,24
20250822,종로구,2025082120,33.0,25.0,74.375,0.0,2.1750000000000003,24,24,24
20250822,중구,2025082120,33.0,25.0,74.375,0.0,2.1750000000000003,24,24,24
20250822,중랑구,2025082120,32.0,25.0,70.41666666666667,20.0,2.1333333333333333,24,24,24
20250823,강남구,2025082220,35.0,26.0,76.45833333333333,60.0,1.925,24,24,24
20250823,강동구,2025082220,34.0,25.0,78.54166666666667,20.0,1.6666666666666667,24,24,24
20250823,강북구,2025082220,32.0,23.0,79.16666666666667,60.0,1.7916666666666667,24,24,24
20250823,강서구,2025082220,34.0,26.0,82.5,20.0,2.1958333333333333,24,24,24
20250823,관악구,2025082220,35.0,26.0,77.91666666666667,60.0,2.191666666666667,24,24,24
20250823,광진구,2025082220,34.0,26.0,75.20833333333333,60.0,1.7875,24,24,24
20250823,구로구,2025082220,34.0,26.0,75.0,20.0,2.279166666666667,24,24,24
20250823,금천구,2025082220,34.0,25.0,81.45833333333333,20.0,2.2291666666666665,24,24,24
20250823,노원구,2025082220,34.0,25.0,79.79166666666667,60.0,1.6583333333333334,24,24,24
20250823,도봉구,2025082220,34.0,25.0,79.79166666666667,60.0,1.6583333333333334,24,24,24
20250823,동대문구,2025082220,35.0,26.0,75.625,60.0,1.7958333333333334,24,24,24
20250823,동작구,2025082220,35.0,26.0,77.91666666666667,60.0,2.191666666666667,24,24,24
20250823,마포구,2025082220,34.0,27.0,79.375,60.0,2.029166666666667,24,24,24
20250823,서대문구,2025082220,34.0,27.0,79.375,60.0,2.029166666666667,24,24,24
20250823,서초구,2025082220,35.0,26.0,76.45833333333333,60.0,1.925,24,24,24
20250823,성동구,2025082220,35.0,26.0,75.0,60.0,1.9125,24,24,24
20250823,성북구,2025082220,32.0,23.0,79.16666666666667,60.0,1.7916666666666667,24,24,24
20250823,송파구,2025082220,35.0,26.0,75.41666666666667,60.0,1.7833333333333332,24,24,24
20250823,양천구,2025082220,34.0,26.0,78.125,20.0,2.233333333333334,24,24,24
20250823,영등포구,2025082220,34.0,26.0,78.54166666666667,60.0,2.1458333333333335,24,24,24
20250823,용산구,2025082220,34.0,26.0,78.33333333333333,60.0,2.029166666666667,24,24,24
20250823,은평구,2025082220,34.0,25.0,81.45833333333333,60.0,1.9125000000000003,24,24,24
20250823,종로구,2025082220,34.0,27.0,78.33333333333333,60.0,1.8833333333333335,24,24,24
20250823,중구,2025082220,34.0,27.0,78.33333333333333,60.0,1.8833333333333335,24,24,24
20250823,중랑구,2025082220,34.0,26.0,75.625,60.0,1.6875,24,24,24
20250824,강남구,2025082320,34.0,26.0,74.79166666666667,30.0,1.1333333333333333,24,24,24
20250824,강동구,2025082320,34.0,25.0,76.66666666666667,30.0,0.9625,24,24,24
20250824,강북구,2025082320,30.0,23.0,77.29166666666667,30.0,1.1333333333333335,24,24,24
20250824,강서구,2025082320,33.0,26.0,80.83333333333333,20.0,1.3208333333333333,24,24,24
20250824,관악구,2025082320,33.0,25.0,77.08333333333333,30.0,1.2666666666666668,24,24,24
20250824,광진구,2025082320,33.0,26.0,73.33333333333333,30.0,1.0583333333333331,24,24,24
20250824,구로구,2025082320,33.0,25.0,73.54166666666667,20.0,1.35,24,24,24
20250824,금천구,2025082320,33.0,24.0,79.58333333333333,20.0,1.3166666666666669,24,24,24
20250824,노원구,2025082320,32.0,26.0,78.125,30.0,1.0833333333333333,24,24,24
20250824,도봉구,2025082320,32.0,26.0,78.125,30.0,1.0833333333333333,24,24,24
20250824,동대문구,2025082320,33.0,26.0,73.95833333333333,30.0,1.0958333333333334,24,24,24
20250824,동작구,2025082320,33.0,25.0,77.08333333333333,30.0,1.2666666666666668,24,24,24
20250824,마포구,2025082320,33.0,25.0,78.125,30.0,1.1875,24,24,24
20250824,서대문구,2025082320,33.0,25.0,78.125,30.0,1.1875,24,24,24
20250824,서초구,2025082320,34.0,26.0,74.79166666666667,30.0,1.1333333333333333,24,24,24
20250824,성동구,2025082320,34.0,26.0,73.33333333333333,30.0,1.116666666666667,24,24,24
20250824,성북구,2025082320,30.0,23.0,77.29166666666667,30.0,1.1333333333333335,24,24,24
20250824,송파구,2025082320,34.0,26.0,73.33333333333333,30.0,1.0583333333333331,24,24,24
20250824,양천구,2025082320,33.0,26.0,76.875,20.0,1.2916666666666667,24,24,24
20250824,영등포구,2025082320,33.0,25.0,76.25,30.0,1.2125,24,24,24
20250824,용산구,2025082320,33.0,25.0,76.25,30.0,1.1833333333333331,24,24,24
20250824,은평구,2025082320,33.0,25.0,80.20833333333333,30.0,1.1583333333333332,24,24,24
20250824,종로구,2025082320,33.0,26.0,76.875,30.0,1.1541666666666666,24,24,24
20250824,중구,2025082320,33.0,26.0,76.875,30.0,1.1541666666666666,24,24,24
20250824,중랑구,2025082320,33.0,26.0,72.91666666666667,30.0,1.0291666666666666,24,24,24
20250825,강남구,2025082420,33.0,26.0,80.83333333333333,64.0,2.158333333333333,24,24,24
20250825,강동구,2025082420,32.0,26.0,82.5,75.0,1.9958333333333336,24,24,24
20250825,강북구,2025082420,30.0,24.0,83.54166666666667,64.0,2.1666666666666665,24,24,24
20250825,강서구,2025082420,32.0,26.0,85.625,65.0,2.35,24,24,24
20250825,관악구,2025082420,32.0,26.0,81.45833333333333,60.0,2.2125,24,24,24
20250825,광진구,2025082420,32.0,27.0,78.33333333333333,73.0,2.0625,24,24,24
20250825,구로구,2025082420,32.0,27.0,78.54166666666667,60.0,2.2708333333333335,24,24,24
20250825,금천구,2025082420,32.0,26.0,84.58333333333333,64.0,2.254166666666667,24,24,24
20250825,노원구,2025082420,32.0,26.0,84.58333333333333,70.0,2.1708333333333334,24,24,24
20250825,도봉구,2025082420,32.0,26.0,84.58333333333333,70.0,2.1708333333333334,24,24,24
20250825,동대문구,2025082420,33.0,27.0,79.79166666666667,74.0,2.1208333333333336,24,24,24
20250825,동작구,2025082420,32.0,26.0,81.45833333333333,60.0,2.2125,24,24,24
20250825,마포구,2025082420,32.0,26.0,83.75,62.0,2.2041666666666666,24,24,24
20250825,서대문구,2025082420,32.0,26.0,83.75,62.0,2.2041666666666666,24,24,24
20250825,서초구,2025082420,33.0,26.0,80.83333333333333,64.0,2.158333333333333,24,24,24
20250825,성동구,2025082420,33.0,27.0,78.75,73.0,2.0875,24,24,24
20250825,성북구,2025082420,30.0,24.0,83.54166666666667,64.0,2.1666666666666665,24,24,24
20250825,송파구,2025082420,33.0,27.0,79.58333333333333,63.0,2.1166666666666667,24,24,24
20250825,양천구,2025082420,32.0,26.0,81.04166666666667,60.0,2.2333333333333334,24,24,24
20250825,영등포구,2025082420,32.0,27.0,80.83333333333333,60.0,2.1750000000000003,24,24,24
20250825,용산구,2025082420,32.0,26.0,80.625,65.0,2.1416666666666666,24,24,24
20250825,은평구,2025082420,32.0,26.0,85.625,64.0,2.220833333333333,24,24,24
20250825,종로구,2025082420,32.0,27.0,81.25,65.0,2.158333333333333,24,24,24
20250825,중구,2025082420,32.0,27.0,81.25,65.0,2.158333333333333,24,24,24
20250825,중랑구,2025082420,33.0,26.0,79.375,75.0,2.1166666666666667,24,24,24
20250826,강남구,2025082520,31.0,26.0,76.5,80.0,2.658333333333333,24,24,24
20250826,강동구,2025082520,31.0,25.0,80.25,95.0,2.55,24,24,24
20250826,강북구,2025082520,28.0,23.0,78.04166666666667,93.0,2.4291666666666667,24,24,24
20250826,강서구,2025082520,31.0,26.0,80.04166666666667,100.0,2.6791666666666667,24,24,24
20250826,관악구,2025082520,31.0,26.0,78.66666666666667,75.0,2.6541666666666663,24,24,24
20250826,광진구,2025082520,31.0,26.0,75.95833333333333,83.0,2.5791666666666666,24,24,24
20250826,구로구,2025082520,31.0,27.0,75.125,79.0,2.6875,24,24,24
20250826,금천구,2025082520,30.0,25.0,82.625,76.0,2.6999999999999997,24,24,24
20250826,노원구,2025082520,31.0,25.0,78.83333333333333,100.0,2.35,24,24,24
20250826,도봉구,2025082520,31.0,25.0,78.83333333333333,100.0,2.35,24,24,24
20250826,동대문구,2025082520,31.0,26.0,75.58333333333333,86.0,2.4999999999999996,24,24,24
20250826,동작구,2025082520,31.0,26.0,78.66666666666667,75.0,2.6541666666666663,24,24,24
20250826,마포구,2025082520,31.0,26.0,78.41666666666667,86.0,2.5375,24,24,24
20250826,서대문구,2025082520,31.0,26.0,78.41666666666667,86.0,2.5375,24,24,24
20250826,서초구,2025082520,31.0,26.0,76.5,80.0,2.658333333333333,24,24,24
20250826,성동구,2025082520,32.0,25.0,74.125,79.0,2.5833333333333335,24,24,24
20250826,성북구,2025082520,28.0,23.0,78.04166666666667,93.0,2.4291666666666667,24,24,24
20250826,송파구,2025082520,32.0,26.0,75.625,81.0,2.6875,24,24,24
20250826,양천구,2025082520,30.0,26.0,78.41666666666667,86.0,2.633333333333333,24,24,24
20250826,영등포구,2025082520,31.0,26.0,78.16666666666667,79.0,2.595833333333333,24,24,24
20250826,용산구,2025082520,31.0,26.0,77.75,80.0,2.566666666666667,24,24,24
20250826,은평구,2025082520,31.0,25.0,80.41666666666667,97.0,2.470833333333333,24,24,24
20250826,종로구,2025082520,31.0,26.0,76.0,86.0,2.4958333333333336,24,24,24
20250826,중구,2025082520,31.0,26.0,76.0,86.0,2.4958333333333336,24,24,24
20250826,중랑구,2025082520,31.0,26.0,75.45833333333333,84.0,2.4958333333333336,24,24,24
20250827,강남구,2025082620,33.0,23.0,68.91666666666667,30.0,1.625,24,24,24
20250827,강동구,2025082620,33.0,23.0,72.66666666666667,30.0,1.7124999999999997,24,24,24
20250827,강북구,2025082620,30.0,20.0,69.95833333333333,30.0,1.8416666666666663,24,24,24
20250827,강서구,2025082620,32.0,22.0,72.25,30.0,1.5541666666666665,24,24,24
20250827,관악구,2025082620,32.0,22.0,69.54166666666667,30.0,1.5208333333333333,24,24,24
20250827,광진구,2025082620,33.0,23.0,68.5,30.0,1.6875,24,24,24
20250827,구로구,2025082620,32.0,23.0,66.625,30.0,1.4458333333333335,24,24,24
20250827,금천구,2025082620,32.0,22.0,72.66666666666667,30.0,1.5,24,24,24
20250827,노원구,2025082620,33.0,22.0,71.41666666666667,30.0,1.9833333333333336,24,24,24
20250827,도봉구,2025082620,33.0,22.0,71.41666666666667,30.0,1.9833333333333336,24,24,24
20250827,동대문구,2025082620,33.0,23.0,66.83333333333333,30.0,1.7958333333333334,24,24,24
20250827,동작구,2025082620,32.0,22.0,69.54166666666667,30.0,1.5208333333333333,24,24,24
20250827,마포구,2025082620,32.0,22.0,71.0,30.0,1.6583333333333332,24,24,24
20250827,서대문구,2025082620,32.0,22.0,71.0,30.0,1.6583333333333332,24,24,24
20250827,서초구,2025082620,33.0,23.0,68.91666666666667,30.0,1.625,24,24,24
20250827,성동구,2025082620,33.0,23.0,67.04166666666667,30.0,1.6708333333333332,24,24,24
20250827,성북구,2025082620,30.0,20.0,69.95833333333333,30.0,1.8416666666666663,24,24,24
20250827,송파구,2025082620,33.0,23.0,67.875,30.0,1.6666666666666667,24,24,24
20250827,양천구,2025082620,32.0,22.0,69.54166666666667,30.0,1.5,24,24,24
20250827,영등포구,2025082620,32.0,23.0,69.54166666666667,30.0,1.5583333333333331,24,24,24
20250827,용산구,2025082620,32.0,23.0,69.75,30.0,1.6291666666666669,24,24,24
20250827,은평구,2025082620,32.0,22.0,73.29166666666667,30.0,1.7458333333333336,24,24,24
20250827,종로구,2025082620,32.0,24.0,68.5,30.0,1.7458333333333331,24,24,24
20250827,중구,2025082620,32.0,24.0,68.5,30.0,1.7458333333333331,24,24,24
20250827,중랑구,2025082620,33.0,23.0,67.875,30.0,1.8166666666666664,24,24,24
20250828,강남구,2025082720,33.0,24.0,71.08333333333333,30.0,1.9125000000000003,24,24,24
20250828,강동구,2025082720,33.0,24.0,73.5,30.0,1.7541666666666664,24,24,24
20250828,강북구,2025082720,30.0,22.0,72.54166666666667,60.0,2.029166666666667,24,24,24
20250828,강서구,2025082720,33.0,24.0,77.75,60.0,2.3125,24,24,24
20250828,관악구,2025082720,32.0,24.0,73.375,60.0,2.0500000000000003,24,24,24
20250828,광진구,2025082720,33.0,24.0,69.41666666666667,30.0,1.7916666666666667,24,24,24
20250828,구로구,2025082720,32.0,24.0,71.70833333333333,60.0,2.141666666666667,24,24,24
20250828,금천구,2025082720,32.0,23.0,77.25,60.0,2.0875,24,24,24
20250828,노원구,2025082720,32.0,23.0,72.75,60.0,2.016666666666667,24,24,24
20250828,도봉구,2025082720,32.0,23.0,72.75,60.0,2.016666666666667,24,24,24
20250828,동대문구,2025082720,33.0,25.0,69.0,30.0,1.9125000000000003,24,24,24
20250828,동작구,2025082720,32.0,24.0,73.375,60.0,2.0500000000000003,24,24,24
20250828,마포구,2025082720,32.0,24.0,72.95833333333333,60.0,2.0708333333333333,24,24,24
20250828,서대문구,2025082720,32.0,24.0,72.95833333333333,60.0,2.0708333333333333,24,24,24
20250828,서초구,2025082720,33.0,24.0,71.08333333333333,30.0,1.9125000000000003,24,24,24
20250828,성동구,2025082720,33.0,25.0,69.41666666666667,30.0,1.875,24,24,24
20250828,성북구,2025082720,30.0,22.0,72.54166666666667,60.0,2.029166666666667,24,24,24
20250828,송파구,2025082720,33.0,25.0,70.45833333333333,30.0,1.875,24,24,24
20250828,양천구,2025082720,32.0,24.0,72.75,60.0,2.095833333333333,24,24,24
20250828,영등포구,2025082720,32.0,24.0,72.125,60.0,2.004166666666667,24,24,24
20250828,용산구,2025082720,32.0,24.0,72.125,30.0,1.9291666666666665,24,24,24
20250828,은평구,2025082720,32.0,23.0,75.45833333333333,60.0,2.120833333333333,24,24,24
20250828,종로구,2025082720,32.0,25.0,72.45833333333333,30.0,1.9875,24,24,24
20250828,중구,2025082720,32.0,25.0,72.45833333333333,30.0,1.9875,24,24,24
20250828,중랑구,2025082720,33.0,24.0,69.125,30.0,1.8666666666666665,24,24,24
20250829,강남구,2025082820,31.0,26.0,81.875,60.0,2.775,24,24,24
20250829,강동구,2025082820,31.0,26.0,83.33333333333333,60.0,2.6125000000000003,24,24,24
20250829,강북구,2025082820,28.0,24.0,85.20833333333333,60.0,2.6625,24,24,24
20250829,강서구,2025082820,31.0,27.0,87.08333333333333,60.0,2.9375,24,24,24
20250829,관악구,2025082820,31.0,26.0,83.75,60.0,2.841666666666667,24,24,24
20250829,광진구,2025082820,31.0,27.0,79.375,60.0,2.7208333333333328,24,24,24
20250829,구로구,2025082820,31.0,27.0,80.41666666666667,60.0,2.904166666666667,24,24,24
20250829,금천구,2025082820,30.0,26.0,86.25,60.0,2.8208333333333333,24,24,24
20250829,노원구,2025082820,31.0,26.0,86.45833333333333,60.0,2.6666666666666665,24,24,24
20250829,도봉구,2025082820,31.0,26.0,86.45833333333333,60.0,2.6666666666666665,24,24,24
20250829,동대문구,2025082820,31.0,27.0,81.45833333333333,60.0,2.7083333333333335,24,24,24
20250829,동작구,2025082820,31.0,26.0,83.75,60.0,2.841666666666667,24,24,24
20250829,마포구,2025082820,31.0,26.0,85.41666666666667,60.0,2.7708333333333335,24,24,24
20250829,서대문구,2025082820,31.0,26.0,85.41666666666667,60.0,2.7708333333333335,24,24,24
20250829,서초구,2025082820,31.0,26.0,81.875,60.0,2.775,24,24,24
20250829,성동구,2025082820,32.0,26.0,78.54166666666667,60.0,2.7875,24,24,24
20250829,성북구,2025082820,28.0,24.0,85.20833333333333,60.0,2.6625,24,24,24
20250829,송파구,2025082820,31.0,27.0,79.16666666666667,60.0,2.7541666666666664,24,24,24
20250829,양천구,2025082820,31.0,27.0,83.125,60.0,2.891666666666667,24,24,24
20250829,영등포구,2025082820,31.0,27.0,82.91666666666667,60.0,2.866666666666667,24,24,24
20250829,용산구,2025082820,31.0,26.0,82.70833333333333,60.0,2.820833333333333,24,24,24
20250829,은평구,2025082820,31.0,26.0,87.91666666666667,60.0,2.7083333333333335,24,24,24
20250829,종로구,2025082820,31.0,26.0,83.54166666666667,60.0,2.7249999999999996,24,24,24
20250829,중구,2025082820,31.0,26.0,83.54166666666667,60.0,2.7249999999999996,24,24,24
20250829,중랑구,2025082820,31.0,26.0,80.41666666666667,60.0,2.6833333333333336,24,24,24
20250830,강남구,2025082920,31.0,27.0,83.75,60.0,2.0791666666666666,24,24,24
20250830,강동구,2025082920,31.0,26.0,85.0,60.0,2.029166666666667,24,24,24
20250830,강북구,2025082920,28.0,23.0,85.625,60.0,1.9583333333333333,24,24,24
20250830,강서구,2025082920,31.0,26.0,86.875,60.0,2.0500000000000003,24,24,24
20250830,관악구,2025082920,31.0,27.0,84.375,60.0,2.0791666666666666,24,24,24
20250830,광진구,2025082920,31.0,27.0,80.83333333333333,60.0,2.004166666666667,24,24,24
20250830,구로구,2025082920,31.0,27.0,80.625,60.0,2.1333333333333333,24,24,24
20250830,금천구,2025082920,30.0,26.0,88.125,60.0,2.1958333333333333,24,24,24
20250830,노원구,2025082920,30.0,25.0,85.83333333333333,60.0,2.0166666666666666,24,24,24
20250830,도봉구,2025082920,30.0,25.0,85.83333333333333,60.0,2.0166666666666666,24,24,24
20250830,동대문구,2025082920,31.0,27.0,82.08333333333333,60.0,1.9833333333333332,24,24,24
20250830,동작구,2025082920,31.0,27.0,84.375,60.0,2.0791666666666666,24,24,24
20250830,마포구,2025082920,31.0,26.0,85.625,60.0,1.9333333333333331,24,24,24
20250830,서대문구,2025082920,31.0,26.0,85.625,60.0,1.9333333333333331,24,24,24
20250830,서초구,2025082920,31.0,27.0,83.75,60.0,2.0791666666666666,24,24,24
20250830,성동구,2025082920,32.0,27.0,81.66666666666667,60.0,1.9875,24,24,24
20250830,성북구,2025082920,28.0,23.0,85.625,60.0,1.9583333333333333,24,24,24
20250830,송파구,2025082920,32.0,27.0,82.5,60.0,2.1,24,24,24
20250830,양천구,2025082920,30.0,27.0,82.91666666666667,60.0,2.016666666666667,24,24,24
20250830,영등포구,2025082920,31.0,27.0,82.91666666666667,60.0,1.9875,24,24,24
20250830,용산구,2025082920,31.0,26.0,83.125,60.0,1.9791666666666667,24,24,24
20250830,은평구,2025082920,31.0,25.0,88.125,60.0,1.925,24,24,24
20250830,종로구,2025082920,31.0,26.0,83.95833333333333,60.0,1.95,24,24,24
20250830,중구,2025082920,31.0,26.0,83.95833333333333,60.0,1.95,24,24,24
20250830,중랑구,2025082920,31.0,26.0,82.08333333333333,60.0,2.016666666666667,24,24,24
20250831,강남구,2025083020,32.0,26.0,77.91666666666667,60.0,2.0375,24,24,24
20250831,강동구,2025083020,32.0,25.0,79.375,60.0,1.8583333333333332,24,24,24
20250831,강북구,2025083020,29.0,23.0,81.875,63.0,2.091666666666667,24,24,24
20250831,강서구,2025083020,32.0,25.0,82.91666666666667,60.0,2.204166666666667,24,24,24
20250831,관악구,2025083020,32.0,26.0,79.79166666666667,60.0,2.0916666666666663,24,24,24
20250831,광진구,2025083020,32.0,26.0,75.20833333333333,60.0,1.9666666666666668,24,24,24
20250831,구로구,2025083020,32.0,26.0,76.45833333333333,60.0,2.1416666666666666,24,24,24
20250831,금천구,2025083020,31.0,25.0,83.95833333333333,60.0,2.1166666666666667,24,24,24
20250831,노원구,2025083020,32.0,25.0,80.41666666666667,61.0,2.095833333333333,24,24,24
20250831,도봉구,2025083020,32.0,25.0,80.41666666666667,61.0,2.095833333333333,24,24,24
20250831,동대문구,2025083020,32.0,26.0,77.08333333333333,60.0,2.0541666666666667,24,24,24
20250831,동작구,2025083020,32.0,26.0,79.79166666666667,60.0,2.0916666666666663,24,24,24
20250831,마포구,2025083020,31.0,25.0,81.04166666666667,60.0,2.1166666666666667,24,24,24
20250831,서대문구,2025083020,31.0,25.0,81.04166666666667,60.0,2.1166666666666667,24,24,24
20250831,서초구,2025083020,32.0,26.0,77.91666666666667,60.0,2.0375,24,24,24
20250831,성동구,2025083020,33.0,26.0,75.625,60.0,2.0124999999999997,24,24,24
20250831,성북구,2025083020,29.0,23.0,81.875,63.0,2.091666666666667,24,24,24
20250831,송파구,2025083020,32.0,26.0,75.625,60.0,1.991666666666667,24,24,24
20250831,양천구,2025083020,31.0,26.0,79.375,60.0,2.120833333333333,24,24,24
20250831,영등포구,2025083020,31.0,26.0,79.16666666666667,60.0,2.095833333333333,24,24,24
20250831,용산구,2025083020,31.0,26.0,78.95833333333333,60.0,2.0625,24,24,24
20250831,은평구,2025083020,32.0,25.0,83.54166666666667,63.0,2.1333333333333333,24,24,24
20250831,종로구,2025083020,31.0,25.0,80.625,60.0,2.0749999999999997,24,24,24
20250831,중구,2025083020,31.0,25.0,80.625,60.0,2.0749999999999997,24,24,24
20250831,중랑구,2025083020,32.0,25.0,75.625,60.0,2.004166666666667,24,24,24
20250901,강남구,2025083120,28.0,26.0,85.0,60.0,2.3875,24,24,24
20250901,강동구,2025083120,28.0,25.0,86.25,60.0,2.120833333333333,24,24,24
20250901,강북구,2025083120,25.0,23.0,86.66666666666667,60.0,2.35,24,24,24
20250901,강서구,2025083120,28.0,26.0,88.54166666666667,60.0,2.6125000000000003,24,24,24
20250901,관악구,2025083120,28.0,26.0,85.625,60.0,2.516666666666666,24,24,24
20250901,광진구,2025083120,28.0,26.0,81.875,60.0,2.2333333333333334,24,24,24
20250901,구로구,2025083120,29.0,26.0,82.29166666666667,60.0,2.5875,24,24,24
20250901,금천구,2025083120,27.0,25.0,88.95833333333333,60.0,2.5708333333333333,24,24,24
20250901,노원구,2025083120,27.0,25.0,86.66666666666667,60.0,2.345833333333333,24,24,24
20250901,도봉구,2025083120,27.0,25.0,86.66666666666667,60.0,2.345833333333333,24,24,24
20250901,동대문구,2025083120,28.0,26.0,83.33333333333333,60.0,2.3000000000000003,24,24,24
20250901,동작구,2025083120,28.0,26.0,85.625,60.0,2.516666666666666,24,24,24
20250901,마포구,2025083120,27.0,25.0,86.875,60.0,2.4208333333333334,24,24,24
20250901,서대문구,2025083120,27.0,25.0,86.875,60.0,2.4208333333333334,24,24,24
20250901,서초구,2025083120,28.0,26.0,85.0,60.0,2.3875,24,24,24
20250901,성동구,2025083120,29.0,26.0,82.5,60.0,2.3125000000000004,24,24,24
20250901,성북구,2025083120,25.0,23.0,86.66666666666667,60.0,2.35,24,24,24
20250901,송파구,2025083120,29.0,26.0,82.91666666666667,60.0,2.3291666666666666,24,24,24
20250901,양천구,2025083120,28.0,26.0,84.16666666666667,60.0,2.533333333333333,24,24,24
20250901,영등포구,2025083120,28.0,26.0,85.0,60.0,2.4499999999999997,24,24,24
20250901,용산구,2025083120,28.0,26.0,85.0,60.0,2.3874999999999997,24,24,24
20250901,은평구,2025083120,27.0,25.0,89.16666666666667,60.0,2.4208333333333334,24,24,24
20250901,종로구,2025083120,28.0,26.0,85.41666666666667,60.0,2.3541666666666665,24,24,24
20250901,중구,2025083120,28.0,26.0,85.41666666666667,60.0,2.3541666666666665,24,24,24
20250901,중랑구,2025083120,28.0,26.0,82.91666666666667,60.0,2.225,24,24,24
20250902,강남구,2025090120,32.0,23.0,73.33333333333333,30.0,1.0541666666666667,24,24,24
20250902,강동구,2025090120,32.0,23.0,73.95833333333333,30.0,1.1875,24,24,24
20250902,강북구,2025090120,29.0,19.0,75.0,30.0,1.0458333333333334,24,24,24
20250902,강서구,2025090120,32.0,22.0,78.33333333333333,30.0,1.1458333333333333,24,24,24
20250902,관악구,2025090120,31.0,22.0,75.0,30.0,0.8875000000000001,24,24,24
20250902,광진구,2025090120,32.0,23.0,70.0,30.0,1.1458333333333333,24,24,24
20250902,구로구,2025090120,31.0,23.0,71.25,30.0,0.9375,24,24,24
20250902,금천구,2025090120,31.0,22.0,77.5,30.0,0.85,24,24,24
20250902,노원구,2025090120,32.0,21.0,75.0,30.0,1.1083333333333332,24,24,24
20250902,도봉구,2025090120,32.0,21.0,75.0,30.0,1.1083333333333332,24,24,24
20250902,동대문구,2025090120,32.0,23.0,71.66666666666667,30.0,1.0583333333333331,24,24,24
20250902,동작구,2025090120,31.0,22.0,75.0,30.0,0.8875000000000001,24,24,24
20250902,마포구,2025090120,31.0,22.0,76.25,30.0,1.0083333333333333,24,24,24
20250902,서대문구,2025090120,31.0,22.0,76.25,30.0,1.0083333333333333,24,24,24
20250902,서초구,2025090120,32.0,23.0,73.33333333333333,30.0,1.0541666666666667,24,24,24
20250902,성동구,2025090120,32.0,23.0,70.0,30.0,1.05,24,24,24
20250902,성북구,2025090120,29.0,19.0,75.0,30.0,1.0458333333333334,24,24,24
20250902,송파구,2025090120,32.0,23.0,70.625,30.0,1.1583333333333334,24,24,24
20250902,양천구,2025090120,31.0,22.0,74.58333333333333,30.0,0.9916666666666666,24,24,24
20250902,영등포구,2025090120,31.0,23.0,74.79166666666667,30.0,0.95,24,24,24
20250902,용산구,2025090120,31.0,23.0,74.375,30.0,0.9791666666666666,24,24,24
20250902,은평구,2025090120,32.0,21.0,78.33333333333333,30.0,1.0833333333333333,24,24,24
20250902,종로구,2025090120,32.0,23.0,74.16666666666667,30.0,1.0125,24,24,24
20250902,중구,2025090120,32.0,23.0,74.16666666666667,30.0,1.0125,24,24,24
20250902,중랑구,2025090120,32.0,23.0,70.41666666666667,30.0,1.15,24,24,24
20250903,강남구,2025090220,33.0,22.0,69.375,30.0,1.95,24,24,24
20250903,강동구,2025090220,33.0,22.0,71.66666666666667,30.0,2.0625,24,24,24
20250903,강북구,2025090220,31.0,20.0,68.95833333333333,30.0,1.9916666666666665,24,24,24
20250903,강서구,2025090220,34.0,22.0,72.91666666666667,30.0,1.575,24,24,24
20250903,관악구,2025090220,33.0,22.0,69.16666666666667,30.0,1.7541666666666664,24,24,24
20250903,광진구,2025090220,33.0,22.0,67.70833333333333,30.0,2.045833333333333,24,24,24
20250903,구로구,2025090220,34.0,22.0,66.25,30.0,1.6333333333333335,24,24,24
20250903,금천구,2025090220,33.0,22.0,72.29166666666667,30.0,1.7541666666666669,24,24,24
20250903,노원구,2025090220,33.0,21.0,69.79166666666667,30.0,2.0708333333333333,24,24,24
20250903,도봉구,2025090220,33.0,21.0,69.79166666666667,30.0,2.0708333333333333,24,24,24
20250903,동대문구,2025090220,33.0,22.0,66.04166666666667,30.0,2.029166666666667,24,24,24
20250903,동작구,2025090220,33.0,22.0,69.16666666666667,30.0,1.7541666666666664,24,24,24
20250903,마포구,2025090220,33.0,22.0,69.79166666666667,30.0,1.8166666666666664,24,24,24
20250903,서대문구,2025090220,33.0,22.0,69.79166666666667,30.0,1.8166666666666664,24,24,24
20250903,서초구,2025090220,33.0,22.0,69.375,30.0,1.95,24,24,24
20250903,성동구,2025090220,34.0,23.0,67.5,30.0,1.9750000000000003,24,24,24
20250903,성북구,2025090220,31.0,20.0,68.95833333333333,30.0,1.9916666666666665,24,24,24
20250903,송파구,2025090220,33.0,22.0,67.70833333333333,30.0,2.029166666666667,24,24,24
20250903,양천구,2025090220,33.0,22.0,69.375,30.0,1.6125,24,24,24
20250903,영등포구,2025090220,33.0,22.0,69.375,30.0,1.7583333333333335,24,24,24
20250903,용산구,2025090220,33.0,22.0,69.375,30.0,1.9041666666666668,24,24,24
20250903,은평구,2025090220,33.0,21.0,71.45833333333333,30.0,1.8583333333333332,24,24,24
20250903,종로구,2025090220,33.0,23.0,68.33333333333333,30.0,1.9416666666666669,24,24,24
20250903,중구,2025090220,33.0,23.0,68.33333333333333,30.0,1.9416666666666669,24,24,24
20250903,중랑구,2025090220,33.0,22.0,66.45833333333333,30.0,2.0875,24,24,24
20250904,강남구,2025090320,28.0,24.0,79.16666666666667,60.0,1.825,24,24,24
20250904,강동구,2025090320,27.0,23.0,81.45833333333333,60.0,1.8416666666666668,24,24,24
20250904,강북구,2025090320,25.0,21.0,79.16666666666667,60.0,1.7458333333333336,24,24,24
20250904,강서구,2025090320,28.0,23.0,81.04166666666667,60.0,1.75,24,24,24
20250904,관악구,2025090320,28.0,24.0,79.16666666666667,60.0,1.775,24,24,24
20250904,광진구,2025090320,28.0,24.0,77.70833333333333,60.0,1.8125,24,24,24
20250904,구로구,2025090320,29.0,24.0,75.83333333333333,60.0,1.7708333333333333,24,24,24
20250904,금천구,2025090320,28.0,23.0,83.125,60.0,1.8541666666666667,24,24,24
20250904,노원구,2025090320,27.0,23.0,79.375,60.0,1.8208333333333335,24,24,24
20250904,도봉구,2025090320,27.0,23.0,79.375,60.0,1.8208333333333335,24,24,24
20250904,동대문구,2025090320,28.0,24.0,77.29166666666667,60.0,1.8125,24,24,24
20250904,동작구,2025090320,28.0,24.0,79.16666666666667,60.0,1.775,24,24,24
20250904,마포구,2025090320,28.0,23.0,79.58333333333333,60.0,1.7375,24,24,24
20250904,서대문구,2025090320,28.0,23.0,79.58333333333333,60.0,1.7375,24,24,24
20250904,서초구,2025090320,28.0,24.0,79.16666666666667,60.0,1.825,24,24,24
20250904,성동구,2025090320,29.0,24.0,78.33333333333333,60.0,1.7791666666666668,24,24,24
20250904,성북구,2025090320,25.0,21.0,79.16666666666667,60.0,1.7458333333333336,24,24,24
20250904,송파구,2025090320,28.0,24.0,78.125,60.0,1.8791666666666669,24,24,24
20250904,양천구,2025090320,28.0,24.0,77.91666666666667,60.0,1.7333333333333332,24,24,24
20250904,영등포구,2025090320,28.0,24.0,77.91666666666667,60.0,1.7291666666666667,24,24,24
20250904,용산구,2025090320,28.0,23.0,78.75,60.0,1.7375,24,24,24
20250904,은평구,2025090320,28.0,23.0,81.66666666666667,60.0,1.7166666666666668,24,24,24
20250904,종로구,2025090320,28.0,23.0,80.20833333333333,60.0,1.7708333333333333,24,24,24
20250904,중구,2025090320,28.0,23.0,80.20833333333333,60.0,1.7708333333333333,24,24,24
20250904,중랑구,2025090320,28.0,24.0,77.91666666666667,60.0,1.8625,24,24,24
20250905,강남구,2025090420,33.0,24.0,67.5,20.0,1.3,24,24,24
20250905,강동구,2025090420,33.0,23.0,70.83333333333333,20.0,1.508333333333333,24,24,24
20250905,강북구,2025090420,30.0,20.0,68.33333333333333,20.0,1.3958333333333333,24,24,24
20250905,강서구,2025090420,33.0,23.0,72.08333333333333,20.0,1.4208333333333334,24,24,24
20250905,관악구,2025090420,33.0,24.0,68.54166666666667,20.0,1.4,24,24,24
20250905,광진구,2025090420,33.0,23.0,66.875,20.0,1.3916666666666668,24,24,24
20250905,구로구,2025090420,33.0,25.0,66.45833333333333,30.0,1.4458333333333335,24,24,24
20250905,금천구,2025090420,32.0,23.0,71.25,30.0,1.4375,24,24,24
20250905,노원구,2025090420,32.0,22.0,69.79166666666667,20.0,1.475,24,24,24
20250905,도봉구,2025090420,32.0,22.0,69.79166666666667,20.0,1.475,24,24,24
20250905,동대문구,2025090420,33.0,24.0,65.625,20.0,1.4,24,24,24
20250905,동작구,2025090420,33.0,24.0,68.54166666666667,20.0,1.4,24,24,24
20250905,마포구,2025090420,33.0,24.0,68.75,20.0,1.3708333333333331,24,24,24
20250905,서대문구,2025090420,33.0,24.0,68.75,20.0,1.3708333333333331,24,24,24
20250905,서초구,2025090420,33.0,24.0,67.5,20.0,1.3,24,24,24
20250905,성동구,2025090420,34.0,24.0,64.375,20.0,1.325,24,24,24
20250905,성북구,2025090420,30.0,20.0,68.33333333333333,20.0,1.3958333333333333,24,24,24
20250905,송파구,2025090420,33.0,24.0,66.04166666666667,20.0,1.3375,24,24,24
20250905,양천구,2025090420,32.0,24.0,68.54166666666667,20.0,1.425,24,24,24
20250905,영등포구,2025090420,32.0,24.0,68.33333333333333,20.0,1.3875,24,24,24
20250905,용산구,2025090420,32.0,24.0,68.75,20.0,1.3416666666666668,24,24,24
20250905,은평구,2025090420,33.0,22.0,71.04166666666667,20.0,1.3666666666666665,24,24,24
20250905,종로구,2025090420,33.0,24.0,67.08333333333333,20.0,1.3833333333333335,24,24,24
20250905,중구,2025090420,33.0,24.0,67.08333333333333,20.0,1.3833333333333335,24,24,24
20250905,중랑구,2025090420,33.0,23.0,66.04166666666667,20.0,1.5125000000000002,24,24,24
20250906,강남구,2025090520,31.0,25.0,80.41666666666667,60.0,2.6958333333333333,24,24,24
20250906,강동구,2025090520,31.0,24.0,81.04166666666667,60.0,2.5625,24,24,24
20250906,강북구,2025090520,28.0,22.0,83.33333333333333,60.0,2.545833333333333,24,24,24
20250906,강서구,2025090520,31.0,25.0,85.20833333333333,60.0,2.8541666666666665,24,24,24
20250906,관악구,2025090520,31.0,25.0,81.875,60.0,2.7083333333333335,24,24,24
20250906,광진구,2025090520,31.0,25.0,77.29166666666667,60.0,2.645833333333333,24,24,24
20250906,구로구,2025090520,31.0,26.0,78.54166666666667,60.0,2.766666666666667,24,24,24
20250906,금천구,2025090520,30.0,25.0,84.79166666666667,60.0,2.7249999999999996,24,24,24
20250906,노원구,2025090520,30.0,24.0,84.58333333333333,60.0,2.5375,24,24,24
20250906,도봉구,2025090520,30.0,24.0,84.58333333333333,60.0,2.5375,24,24,24
20250906,동대문구,2025090520,31.0,25.0,79.79166666666667,60.0,2.5708333333333333,24,24,24
20250906,동작구,2025090520,31.0,25.0,81.875,60.0,2.7083333333333335,24,24,24
20250906,마포구,2025090520,30.0,25.0,83.54166666666667,60.0,2.6333333333333333,24,24,24
20250906,서대문구,2025090520,30.0,25.0,83.54166666666667,60.0,2.6333333333333333,24,24,24
20250906,서초구,2025090520,31.0,25.0,80.41666666666667,60.0,2.6958333333333333,24,24,24
20250906,성동구,2025090520,31.0,24.0,77.29166666666667,60.0,2.6583333333333337,24,24,24
20250906,성북구,2025090520,28.0,22.0,83.33333333333333,60.0,2.545833333333333,24,24,24
20250906,송파구,2025090520,32.0,25.0,77.91666666666667,60.0,2.691666666666667,24,24,24
20250906,양천구,2025090520,30.0,25.0,82.29166666666667,60.0,2.733333333333333,24,24,24
20250906,영등포구,2025090520,30.0,25.0,81.66666666666667,60.0,2.6875,24,24,24
20250906,용산구,2025090520,31.0,25.0,81.45833333333333,60.0,2.6666666666666665,24,24,24
20250906,은평구,2025090520,30.0,24.0,86.25,60.0,2.595833333333333,24,24,24
20250906,종로구,2025090520,30.0,25.0,81.25,60.0,2.5791666666666666,24,24,24
20250906,중구,2025090520,30.0,25.0,81.25,60.0,2.5791666666666666,24,24,24
20250906,중랑구,2025090520,31.0,25.0,79.375,60.0,2.5875,24,24,24
20250907,강남구,2025090620,30.0,23.0,72.70833333333333,70.0,1.625,24,24,24
20250907,강동구,2025090620,30.0,23.0,73.95833333333333,70.0,1.5291666666666668,24,24,24
20250907,강북구,2025090620,27.0,20.0,74.16666666666667,60.0,1.7374999999999998,24,24,24
20250907,강서구,2025090620,30.0,23.0,77.70833333333333,70.0,1.7291666666666667,24,24,24
20250907,관악구,2025090620,30.0,24.0,73.54166666666667,60.0,1.6666666666666667,24,24,24
20250907,광진구,2025090620,30.0,24.0,71.25,70.0,1.575,24,24,24
20250907,구로구,2025090620,30.0,24.0,70.83333333333333,60.0,1.6833333333333331,24,24,24
20250907,금천구,2025090620,29.0,23.0,77.29166666666667,60.0,1.6875,24,24,24
20250907,노원구,2025090620,29.0,22.0,75.0,70.0,1.7625,24,24,24
20250907,도봉구,2025090620,29.0,22.0,75.0,70.0,1.7625,24,24,24
20250907,동대문구,2025090620,30.0,24.0,71.04166666666667,60.0,1.6583333333333332,24,24,24
20250907,동작구,2025090620,30.0,24.0,73.54166666666667,60.0,1.6666666666666667,24,24,24
20250907,마포구,2025090620,29.0,23.0,74.375,70.0,1.7083333333333333,24,24,24
20250907,서대문구,2025090620,29.0,23.0,74.375,70.0,1.7083333333333333,24,24,24
20250907,서초구,2025090620,30.0,23.0,72.70833333333333,70.0,1.625,24,24,24
20250907,성동구,2025090620,31.0,23.0,71.04166666666667,60.0,1.6083333333333332,24,24,24
20250907,성북구,2025090620,27.0,20.0,74.16666666666667,60.0,1.7374999999999998,24,24,24
20250907,송파구,2025090620,30.0,24.0,71.25,70.0,1.6000000000000003,24,24,24
20250907,양천구,2025090620,29.0,24.0,73.54166666666667,70.0,1.6875,24,24,24
20250907,영등포구,2025090620,29.0,24.0,73.54166666666667,70.0,1.6583333333333332,24,24,24
20250907,용산구,2025090620,29.0,24.0,73.54166666666667,60.0,1.6458333333333333,24,24,24
20250907,은평구,2025090620,29.0,22.0,77.08333333333333,60.0,1.75,24,24,24
20250907,종로구,2025090620,30.0,23.0,73.33333333333333,70.0,1.6916666666666669,24,24,24
20250907,중구,2025090620,30.0,23.0,73.33333333333333,70.0,1.6916666666666669,24,24,24
20250907,중랑구,2025090620,30.0,23.0,70.625,70.0,1.616666666666667,24,24,24
20250908,강남구,2025090720,31.0,21.0,63.958333333333336,20.0,1.3666666666666665,24,24,24
20250908,강동구,2025090720,31.0,20.0,66.66666666666667,30.0,1.3583333333333334,24,24,24
20250908,강북구,2025090720,28.0,17.0,64.79166666666667,30.0,1.6499999999999997,24,24,24
20250908,강서구,2025090720,31.0,20.0,67.08333333333333,20.0,1.6833333333333331,24,24,24
20250908,관악구,2025090720,31.0,20.0,64.79166666666667,30.0,1.4166666666666667,24,24,24
20250908,광진구,2025090720,31.0,21.0,62.083333333333336,30.0,1.3541666666666667,24,24,24
20250908,구로구,2025090720,31.0,21.0,62.708333333333336,30.0,1.4500000000000002,24,24,24
20250908,금천구,2025090720,30.0,20.0,67.29166666666667,20.0,1.425,24,24,24
20250908,노원구,2025090720,30.0,19.0,66.25,30.0,1.7291666666666667,24,24,24
20250908,도봉구,2025090720,30.0,19.0,66.25,30.0,1.7291666666666667,24,24,24
20250908,동대문구,2025090720,31.0,20.0,61.666666666666664,30.0,1.5208333333333333,24,24,24
20250908,동작구,2025090720,31.0,20.0,64.79166666666667,30.0,1.4166666666666667,24,24,24
20250908,마포구,2025090720,30.0,20.0,66.25,20.0,1.5666666666666669,24,24,24
20250908,서대문구,2025090720,30.0,20.0,66.25,20.0,1.5666666666666669,24,24,24
20250908,서초구,2025090720,31.0,21.0,63.958333333333336,20.0,1.3666666666666665,24,24,24
20250908,성동구,2025090720,31.0,21.0,60.0,30.0,1.3791666666666664,24,24,24
20250908,성북구,2025090720,28.0,17.0,64.79166666666667,30.0,1.6499999999999997,24,24,24
20250908,송파구,2025090720,32.0,21.0,61.875,20.0,1.35,24,24,24
20250908,양천구,2025090720,30.0,20.0,64.375,30.0,1.4833333333333334,24,24,24
20250908,영등포구,2025090720,30.0,21.0,64.79166666666667,30.0,1.425,24,24,24
20250908,용산구,2025090720,30.0,21.0,65.20833333333333,30.0,1.4083333333333334,24,24,24
20250908,은평구,2025090720,30.0,19.0,68.125,30.0,1.6625000000000003,24,24,24
20250908,종로구,2025090720,30.0,21.0,62.916666666666664,30.0,1.55,24,24,24
20250908,중구,2025090720,30.0,21.0,62.916666666666664,30.0,1.55,24,24,24
20250908,중랑구,2025090720,31.0,20.0,60.625,30.0,1.5083333333333335,24,24,24
20250909,강남구,2025090820,31.0,22.0,61.875,30.0,1.5458333333333334,24,24,24
20250909,강동구,2025090820,30.0,22.0,63.541666666666664,30.0,1.55,24,24,24
20250909,강북구,2025090820,28.0,19.0,61.875,30.0,1.575,24,24,24
20250909,강서구,2025090820,31.0,22.0,64.16666666666667,30.0,1.3291666666666666,24,24,24
20250909,관악구,2025090820,30.0,22.0,62.083333333333336,30.0,1.4666666666666668,24,24,24
20250909,광진구,2025090820,30.0,22.0,58.541666666666664,30.0,1.5291666666666666,24,24,24
20250909,구로구,2025090820,31.0,22.0,61.458333333333336,30.0,1.3875,24,24,24
20250909,금천구,2025090820,30.0,21.0,65.625,30.0,1.4916666666666665,24,24,24
20250909,노원구,2025090820,30.0,21.0,62.916666666666664,30.0,1.6375,24,24,24
20250909,도봉구,2025090820,30.0,21.0,62.916666666666664,30.0,1.6375,24,24,24
20250909,동대문구,2025090820,31.0,22.0,57.708333333333336,30.0,1.5833333333333333,24,24,24
20250909,동작구,2025090820,30.0,22.0,62.083333333333336,30.0,1.4666666666666668,24,24,24
20250909,마포구,2025090820,31.0,22.0,63.541666666666664,30.0,1.4624999999999997,24,24,24
20250909,서대문구,2025090820,31.0,22.0,63.541666666666664,30.0,1.4624999999999997,24,24,24
20250909,서초구,2025090820,31.0,22.0,61.875,30.0,1.5458333333333334,24,24,24
20250909,성동구,2025090820,31.0,22.0,57.291666666666664,30.0,1.5333333333333332,24,24,24
20250909,성북구,2025090820,28.0,19.0,61.875,30.0,1.575,24,24,24
20250909,송파구,2025090820,31.0,22.0,58.958333333333336,30.0,1.5583333333333331,24,24,24
20250909,양천구,2025090820,31.0,22.0,62.291666666666664,30.0,1.3791666666666669,24,24,24
20250909,영등포구,2025090820,30.0,22.0,62.916666666666664,30.0,1.4208333333333332,24,24,24
20250909,용산구,2025090820,30.0,22.0,62.916666666666664,30.0,1.4958333333333331,24,24,24
20250909,은평구,2025090820,31.0,21.0,66.25,30.0,1.4916666666666665,24,24,24
20250909,종로구,2025090820,31.0,22.0,57.916666666666664,30.0,1.5333333333333332,24,24,24
20250909,중구,2025090820,31.0,22.0,57.916666666666664,30.0,1.5333333333333332,24,24,24
20250909,중랑구,2025090820,30.0,22.0,57.5,30.0,1.6166666666666665,24,24,24
20250910,강남구,2025090920,32.0,20.0,64.16666666666667,0.0,1.5291666666666668,24,24,24
20250910,강동구,2025090920,32.0,19.0,67.70833333333333,0.0,1.4416666666666664,24,24,24
20250910,강북구,2025090920,30.0,17.0,63.958333333333336,0.0,1.6166666666666665,24,24,24
20250910,강서구,2025090920,32.0,19.0,66.45833333333333,0.0,1.6333333333333335,24,24,24
20250910,관악구,2025090920,32.0,20.0,63.541666666666664,0.0,1.5541666666666665,24,24,24
20250910,광진구,2025090920,32.0,20.0,62.5,0.0,1.4458333333333335,24,24,24
20250910,구로구,2025090920,32.0,20.0,60.625,0.0,1.6,24,24,24
20250910,금천구,2025090920,31.0,19.0,65.83333333333333,0.0,1.6416666666666668,24,24,24
20250910,노원구,2025090920,32.0,18.0,65.41666666666667,0.0,1.6708333333333332,24,24,24
20250910,도봉구,2025090920,32.0,18.0,65.41666666666667,0.0,1.6708333333333332,24,24,24
20250910,동대문구,2025090920,32.0,20.0,61.041666666666664,0.0,1.5375,24,24,24
20250910,동작구,2025090920,32.0,20.0,63.541666666666664,0.0,1.5541666666666665,24,24,24
20250910,마포구,2025090920,32.0,20.0,65.0,0.0,1.5541666666666665,24,24,24
20250910,서대문구,2025090920,32.0,20.0,65.0,0.0,1.5541666666666665,24,24,24
20250910,서초구,2025090920,32.0,20.0,64.16666666666667,0.0,1.5291666666666668,24,24,24
20250910,성동구,2025090920,33.0,20.0,61.041666666666664,0.0,1.4375,24,24,24
20250910,성북구,2025090920,30.0,17.0,63.958333333333336,0.0,1.6166666666666665,24,24,24
20250910,송파구,2025090920,32.0,20.0,62.291666666666664,0.0,1.5125,24,24,24
20250910,양천구,2025090920,31.0,20.0,63.333333333333336,0.0,1.5416666666666667,24,24,24
20250910,영등포구,2025090920,32.0,20.0,64.58333333333333,0.0,1.4791666666666667,24,24,24
20250910,용산구,2025090920,32.0,20.0,64.79166666666667,0.0,1.4541666666666666,24,24,24
20250910,은평구,2025090920,32.0,19.0,67.5,0.0,1.6,24,24,24
20250910,종로구,2025090920,32.0,20.0,62.083333333333336,0.0,1.5375,24,24,24
20250910,중구,2025090920,32.0,20.0,62.083333333333336,0.0,1.5375,24,24,24
20250910,중랑구,2025090920,32.0,19.0,61.25,0.0,1.525,24,24,24
20250911,강남구,2025091020,32.0,19.0,60.625,0.0,2.1791666666666667,24,24,24
20250911,강동구,2025091020,31.0,18.0,63.75,0.0,2.1458333333333335,24,24,24
20250911,강북구,2025091020,29.0,16.0,59.375,0.0,2.3291666666666666,24,24,24
20250911,강서구,2025091020,32.0,19.0,61.458333333333336,0.0,2.2958333333333334,24,24,24
20250911,관악구,2025091020,31.0,19.0,60.0,0.0,2.204166666666667,24,24,24
20250911,광진구,2025091020,31.0,19.0,60.625,0.0,2.1458333333333335,24,24,24
20250911,구로구,2025091020,32.0,19.0,56.666666666666664,0.0,2.191666666666667,24,24,24
20250911,금천구,2025091020,31.0,18.0,61.875,0.0,2.204166666666667,24,24,24
20250911,노원구,2025091020,31.0,18.0,60.0,0.0,2.4333333333333336,24,24,24
20250911,도봉구,2025091020,31.0,18.0,60.0,0.0,2.4333333333333336,24,24,24
20250911,동대문구,2025091020,31.0,19.0,57.5,0.0,2.2583333333333333,24,24,24
20250911,동작구,2025091020,31.0,19.0,60.0,0.0,2.204166666666667,24,24,24
20250911,마포구,2025091020,31.0,19.0,61.041666666666664,0.0,2.254166666666667,24,24,24
20250911,서대문구,2025091020,31.0,19.0,61.041666666666664,0.0,2.254166666666667,24,24,24
20250911,서초구,2025091020,32.0,19.0,60.625,0.0,2.1791666666666667,24,24,24
20250911,성동구,2025091020,32.0,19.0,59.166666666666664,0.0,2.1625,24,24,24
20250911,성북구,2025091020,29.0,16.0,59.375,0.0,2.3291666666666666,24,24,24
20250911,송파구,2025091020,32.0,19.0,59.583333333333336,0.0,2.191666666666667,24,24,24
20250911,양천구,2025091020,31.0,19.0,59.375,0.0,2.1875,24,24,24
20250911,영등포구,2025091020,31.0,19.0,60.833333333333336,0.0,2.1666666666666665,24,24,24
20250911,용산구,2025091020,31.0,19.0,61.458333333333336,0.0,2.141666666666667,24,24,24
20250911,은평구,2025091020,32.0,18.0,62.291666666666664,0.0,2.3375,24,24,24
20250911,종로구,2025091020,32.0,20.0,59.166666666666664,0.0,2.254166666666667,24,24,24
20250911,중구,2025091020,32.0,20.0,59.166666666666664,0.0,2.254166666666667,24,24,24
20250911,중랑구,2025091020,31.0,19.0,58.125,0.0,2.283333333333333,24,24,24
20250912,강남구,2025091120,28.0,21.0,67.08333333333333,60.0,3.033333333333333,24,24,24
20250912,강동구,2025091120,28.0,20.0,70.20833333333333,60.0,3.0208333333333335,24,24,24
20250912,강북구,2025091120,26.0,18.0,67.91666666666667,60.0,3.1375000000000006,24,24,24
20250912,강서구,2025091120,29.0,20.0,69.16666666666667,60.0,3.2708333333333335,24,24,24
20250912,관악구,2025091120,28.0,21.0,66.875,60.0,3.0875,24,24,24
20250912,광진구,2025091120,28.0,21.0,65.83333333333333,60.0,3.016666666666666,24,24,24
20250912,구로구,2025091120,29.0,22.0,63.541666666666664,60.0,3.1458333333333335,24,24,24
20250912,금천구,2025091120,28.0,20.0,68.95833333333333,60.0,3.1,24,24,24
20250912,노원구,2025091120,28.0,19.0,69.79166666666667,60.0,3.1333333333333333,24,24,24
20250912,도봉구,2025091120,28.0,19.0,69.79166666666667,60.0,3.1333333333333333,24,24,24
20250912,동대문구,2025091120,29.0,22.0,65.0,60.0,3.0875,24,24,24
20250912,동작구,2025091120,28.0,21.0,66.875,60.0,3.0875,24,24,24
20250912,마포구,2025091120,28.0,21.0,66.875,60.0,3.141666666666667,24,24,24
20250912,서대문구,2025091120,28.0,21.0,66.875,60.0,3.141666666666667,24,24,24
20250912,서초구,2025091120,28.0,21.0,67.08333333333333,60.0,3.033333333333333,24,24,24
20250912,성동구,2025091120,29.0,21.0,64.58333333333333,60.0,3.008333333333333,24,24,24
20250912,성북구,2025091120,26.0,18.0,67.91666666666667,60.0,3.1375000000000006,24,24,24
20250912,송파구,2025091120,28.0,21.0,65.625,60.0,3.0333333333333337,24,24,24
20250912,양천구,2025091120,28.0,22.0,65.83333333333333,60.0,3.15,24,24,24
20250912,영등포구,2025091120,28.0,22.0,66.66666666666667,60.0,3.095833333333333,24,24,24
20250912,용산구,2025091120,28.0,22.0,67.5,60.0,3.0208333333333335,24,24,24
20250912,은평구,2025091120,28.0,19.0,70.20833333333333,60.0,3.2166666666666663,24,24,24
20250912,종로구,2025091120,28.0,21.0,65.41666666666667,60.0,3.091666666666667,24,24,24
20250912,중구,2025091120,28.0,21.0,65.41666666666667,60.0,3.091666666666667,24,24,24
20250912,중랑구,2025091120,28.0,21.0,65.625,60.0,3.0750000000000006,24,24,24
20250913,강남구,2025091220,28.0,21.0,78.125,100.0,3.775,24,24,24
20250913,강동구,2025091220,27.0,21.0,79.79166666666667,100.0,3.579166666666666,24,24,24
20250913,강북구,2025091220,25.0,18.0,77.29166666666667,100.0,3.4083333333333337,24,24,24
20250913,강서구,2025091220,28.0,21.0,79.16666666666667,91.0,4.2250000000000005,24,24,24
20250913,관악구,2025091220,28.0,22.0,76.875,92.0,3.8666666666666663,24,24,24
20250913,광진구,2025091220,27.0,21.0,75.625,100.0,3.6833333333333336,24,24,24
20250913,구로구,2025091220,28.0,22.0,72.5,88.0,3.7916666666666665,24,24,24
20250913,금천구,2025091220,28.0,21.0,79.16666666666667,100.0,3.966666666666667,24,24,24
20250913,노원구,2025091220,27.0,21.0,79.79166666666667,100.0,3.095833333333333,24,24,24
20250913,도봉구,2025091220,27.0,21.0,79.79166666666667,100.0,3.095833333333333,24,24,24
20250913,동대문구,2025091220,28.0,21.0,75.20833333333333,100.0,3.491666666666667,24,24,24
20250913,동작구,2025091220,28.0,22.0,76.875,92.0,3.8666666666666663,24,24,24
20250913,마포구,2025091220,27.0,21.0,77.91666666666667,92.0,3.7375,24,24,24
20250913,서대문구,2025091220,27.0,21.0,77.91666666666667,92.0,3.7375,24,24,24
20250913,서초구,2025091220,28.0,21.0,78.125,100.0,3.775,24,24,24
20250913,성동구,2025091220,28.0,20.0,76.25,100.0,3.6833333333333336,24,24,24
20250913,성북구,2025091220,25.0,18.0,77.29166666666667,100.0,3.4083333333333337,24,24,24
20250913,송파구,2025091220,28.0,21.0,76.66666666666667,100.0,3.8083333333333336,24,24,24
20250913,양천구,2025091220,28.0,22.0,76.04166666666667,85.0,3.9708333333333337,24,24,24
20250913,영등포구,2025091220,28.0,21.0,77.08333333333333,90.0,3.8333333333333335,24,24,24
20250913,용산구,2025091220,27.0,21.0,77.70833333333333,100.0,3.741666666666667,24,24,24
20250913,은평구,2025091220,28.0,20.0,80.20833333333333,90.0,3.554166666666667,24,24,24
20250913,종로구,2025091220,27.0,21.0,77.08333333333333,100.0,3.5500000000000003,24,24,24
20250913,중구,2025091220,27.0,21.0,77.08333333333333,100.0,3.5500000000000003,24,24,24
20250913,중랑구,2025091220,27.0,21.0,75.41666666666667,100.0,3.475,24,24,24
20250914,강남구,2025091320,30.0,20.0,74.79166666666667,30.0,1.2916666666666667,24,24,24
20250914,강동구,2025091320,29.0,20.0,78.125,30.0,1.2,24,24,24
20250914,강북구,2025091320,27.0,17.0,75.41666666666667,30.0,1.3958333333333333,24,24,24
20250914,강서구,2025091320,30.0,20.0,77.29166666666667,30.0,1.5166666666666668,24,24,24
20250914,관악구,2025091320,30.0,20.0,73.75,30.0,1.3833333333333335,24,24,24
20250914,광진구,2025091320,29.0,21.0,73.33333333333333,30.0,1.2375,24,24,24
20250914,구로구,2025091320,30.0,21.0,70.83333333333333,30.0,1.4541666666666668,24,24,24
20250914,금천구,2025091320,29.0,20.0,77.29166666666667,30.0,1.4624999999999997,24,24,24
20250914,노원구,2025091320,29.0,19.0,77.91666666666667,30.0,1.4166666666666667,24,24,24
20250914,도봉구,2025091320,29.0,19.0,77.91666666666667,30.0,1.4166666666666667,24,24,24
20250914,동대문구,2025091320,30.0,21.0,72.5,30.0,1.325,24,24,24
20250914,동작구,2025091320,30.0,20.0,73.75,30.0,1.3833333333333335,24,24,24
20250914,마포구,2025091320,29.0,20.0,74.16666666666667,30.0,1.4,24,24,24
20250914,서대문구,2025091320,29.0,20.0,74.16666666666667,30.0,1.4,24,24,24
20250914,서초구,2025091320,30.0,20.0,74.79166666666667,30.0,1.2916666666666667,24,24,24
20250914,성동구,2025091320,30.0,21.0,73.95833333333333,30.0,1.2666666666666668,24,24,24
20250914,성북구,2025091320,27.0,17.0,75.41666666666667,30.0,1.3958333333333333,24,24,24
20250914,송파구,2025091320,30.0,21.0,73.75,30.0,1.2833333333333334,24,24,24
20250914,양천구,2025091320,29.0,20.0,73.33333333333333,30.0,1.425,24,24,24
20250914,영등포구,2025091320,29.0,21.0,73.75,30.0,1.3416666666666668,24,24,24
20250914,용산구,2025091320,29.0,20.0,73.95833333333333,30.0,1.2875,24,24,24
20250914,은평구,2025091320,30.0,19.0,76.875,30.0,1.4583333333333333,24,24,24
20250914,종로구,2025091320,29.0,21.0,74.79166666666667,30.0,1.3458333333333332,24,24,24
20250914,중구,2025091320,29.0,21.0,74.79166666666667,30.0,1.3458333333333332,24,24,24
20250914,중랑구,2025091320,29.0,20.0,73.33333333333333,30.0,1.3,24,24,24
20250915,강남구,2025091420,31.0,21.0,77.29166666666667,30.0,1.3833333333333335,24,24,24
20250915,강동구,2025091420,31.0,21.0,79.375,30.0,1.2,24,24,24
20250915,강북구,2025091420,28.0,18.0,80.0,30.0,1.3833333333333335,24,24,24
20250915,강서구,2025091420,31.0,21.0,82.5,30.0,1.4708333333333332,24,24,24
20250915,관악구,2025091420,31.0,21.0,77.91666666666667,30.0,1.4583333333333333,24,24,24
20250915,광진구,2025091420,31.0,21.0,75.83333333333333,30.0,1.2999999999999998,24,24,24
20250915,구로구,2025091420,31.0,22.0,75.83333333333333,20.0,1.5,24,24,24
20250915,금천구,2025091420,30.0,20.0,81.04166666666667,30.0,1.5,24,24,24
20250915,노원구,2025091420,30.0,20.0,81.66666666666667,30.0,1.325,24,24,24
20250915,도봉구,2025091420,30.0,20.0,81.66666666666667,30.0,1.325,24,24,24
20250915,동대문구,2025091420,31.0,21.0,75.83333333333333,30.0,1.325,24,24,24
20250915,동작구,2025091420,31.0,21.0,77.91666666666667,30.0,1.4583333333333333,24,24,24
20250915,마포구,2025091420,30.0,21.0,80.0,30.0,1.4333333333333331,24,24,24
20250915,서대문구,2025091420,30.0,21.0,80.0,30.0,1.4333333333333331,24,24,24
20250915,서초구,2025091420,31.0,21.0,77.29166666666667,30.0,1.3833333333333335,24,24,24
20250915,성동구,2025091420,31.0,22.0,75.83333333333333,30.0,1.3458333333333332,24,24,24
20250915,성북구,2025091420,28.0,18.0,80.0,30.0,1.3833333333333335,24,24,24
20250915,송파구,2025091420,31.0,21.0,75.20833333333333,30.0,1.325,24,24,24
20250915,양천구,2025091420,30.0,21.0,77.91666666666667,20.0,1.4708333333333332,24,24,24
20250915,영등포구,2025091420,30.0,22.0,78.75,30.0,1.4375,24,24,24
20250915,용산구,2025091420,30.0,21.0,78.125,30.0,1.3916666666666666,24,24,24
20250915,은평구,2025091420,30.0,20.0,81.66666666666667,30.0,1.4125000000000003,24,24,24
20250915,종로구,2025091420,30.0,22.0,78.75,30.0,1.3916666666666668,24,24,24
20250915,중구,2025091420,30.0,22.0,78.75,30.0,1.3916666666666668,24,24,24
20250915,중랑구,2025091420,31.0,21.0,75.0,30.0,1.2791666666666668,24,24,24
20250916,강남구,2025091520,28.0,23.0,85.83333333333333,60.0,2.3208333333333333,24,24,24
20250916,강동구,2025091520,28.0,22.0,87.29166666666667,60.0,2.254166666666667,24,24,24
20250916,강북구,2025091520,26.0,20.0,87.08333333333333,60.0,2.3208333333333333,24,24,24
20250916,강서구,2025091520,29.0,22.0,87.70833333333333,60.0,2.483333333333333,24,24,24
20250916,관악구,2025091520,28.0,23.0,85.41666666666667,60.0,2.3249999999999997,24,24,24
20250916,광진구,2025091520,28.0,22.0,82.5,60.0,2.3041666666666667,24,24,24
20250916,구로구,2025091520,28.0,23.0,80.41666666666667,60.0,2.3916666666666666,24,24,24
20250916,금천구,2025091520,28.0,22.0,88.54166666666667,60.0,2.3583333333333334,24,24,24
20250916,노원구,2025091520,28.0,21.0,88.54166666666667,60.0,2.3916666666666666,24,24,24
20250916,도봉구,2025091520,28.0,21.0,88.54166666666667,60.0,2.3916666666666666,24,24,24
20250916,동대문구,2025091520,28.0,23.0,83.33333333333333,60.0,2.3125,24,24,24
20250916,동작구,2025091520,28.0,23.0,85.41666666666667,60.0,2.3249999999999997,24,24,24
20250916,마포구,2025091520,28.0,23.0,86.66666666666667,60.0,2.341666666666667,24,24,24
20250916,서대문구,2025091520,28.0,23.0,86.66666666666667,60.0,2.341666666666667,24,24,24
20250916,서초구,2025091520,28.0,23.0,85.83333333333333,60.0,2.3208333333333333,24,24,24
20250916,성동구,2025091520,29.0,23.0,83.95833333333333,60.0,2.2833333333333337,24,24,24
20250916,성북구,2025091520,26.0,20.0,87.08333333333333,60.0,2.3208333333333333,24,24,24
20250916,송파구,2025091520,28.0,23.0,83.75,60.0,2.3541666666666665,24,24,24
20250916,양천구,2025091520,28.0,23.0,83.75,60.0,2.3666666666666667,24,24,24
20250916,영등포구,2025091520,28.0,23.0,84.375,60.0,2.316666666666667,24,24,24
20250916,용산구,2025091520,28.0,23.0,85.0,60.0,2.279166666666667,24,24,24
20250916,은평구,2025091520,28.0,22.0,88.33333333333333,60.0,2.3708333333333336,24,24,24
20250916,종로구,2025091520,28.0,23.0,85.625,60.0,2.2875,24,24,24
20250916,중구,2025091520,28.0,23.0,85.625,60.0,2.2875,24,24,24
20250916,중랑구,2025091520,28.0,22.0,83.33333333333333,60.0,2.345833333333333,24,24,24
20250917,강남구,2025091620,25.0,23.0,88.33333333333333,60.0,2.779166666666667,24,24,24
20250917,강동구,2025091620,25.0,22.0,89.79166666666667,60.0,2.7375000000000003,24,24,24
20250917,강북구,2025091620,22.0,20.0,89.16666666666667,60.0,2.758333333333333,24,24,24
20250917,강서구,2025091620,25.0,22.0,89.79166666666667,70.0,2.9625,24,24,24
20250917,관악구,2025091620,24.0,22.0,86.45833333333333,70.0,2.8458333333333337,24,24,24
20250917,광진구,2025091620,25.0,23.0,85.625,60.0,2.716666666666667,24,24,24
20250917,구로구,2025091620,25.0,23.0,83.33333333333333,80.0,2.9125,24,24,24
20250917,금천구,2025091620,24.0,22.0,90.41666666666669,70.0,2.9083333333333337,24,24,24
20250917,노원구,2025091620,24.0,22.0,89.375,60.0,2.779166666666667,24,24,24
20250917,도봉구,2025091620,24.0,22.0,89.375,60.0,2.779166666666667,24,24,24
20250917,동대문구,2025091620,25.0,23.0,86.25,60.0,2.733333333333333,24,24,24
20250917,동작구,2025091620,24.0,22.0,86.45833333333333,70.0,2.8458333333333337,24,24,24
20250917,마포구,2025091620,24.0,22.0,87.70833333333333,60.0,2.8000000000000003,24,24,24
20250917,서대문구,2025091620,24.0,22.0,87.70833333333333,60.0,2.8000000000000003,24,24,24
20250917,서초구,2025091620,25.0,23.0,88.33333333333333,60.0,2.779166666666667,24,24,24
20250917,성동구,2025091620,25.0,23.0,88.33333333333333,60.0,2.733333333333333,24,24,24
20250917,성북구,2025091620,22.0,20.0,89.16666666666667,60.0,2.758333333333333,24,24,24
20250917,송파구,2025091620,25.0,23.0,87.08333333333333,60.0,2.8125,24,24,24
20250917,양천구,2025091620,24.0,22.0,85.83333333333333,70.0,2.8541666666666665,24,24,24
20250917,영등포구,2025091620,24.0,22.0,86.25,60.0,2.7833333333333337,24,24,24
20250917,용산구,2025091620,24.0,22.0,86.875,60.0,2.733333333333333,24,24,24
20250917,은평구,2025091620,24.0,22.0,90.20833333333331,60.0,2.8249999999999997,24,24,24
20250917,종로구,2025091620,25.0,23.0,88.33333333333333,60.0,2.7375000000000003,24,24,24
20250917,중구,2025091620,25.0,23.0,88.33333333333333,60.0,2.7375000000000003,24,24,24
20250917,중랑구,2025091620,25.0,23.0,86.04166666666667,60.0,2.725,24,24,24
20250918,강남구,2025091720,27.0,19.0,72.70833333333333,30.0,2.2583333333333333,24,24,24
20250918,강동구,2025091720,26.0,19.0,75.41666666666667,30.0,2.3541666666666665,24,24,24
20250918,강북구,2025091720,24.0,16.0,72.5,30.0,2.5041666666666664,24,24,24
20250918,강서구,2025091720,27.0,18.0,73.33333333333333,30.0,2.1333333333333333,24,24,24
20250918,관악구,2025091720,27.0,19.0,71.45833333333333,30.0,2.0583333333333336,24,24,24
20250918,광진구,2025091720,27.0,19.0,72.5,30.0,2.3375,24,24,24
20250918,구로구,2025091720,27.0,19.0,67.70833333333333,30.0,1.95,24,24,24
20250918,금천구,2025091720,26.0,18.0,73.95833333333333,30.0,1.9875,24,24,24
20250918,노원구,2025091720,26.0,18.0,73.75,30.0,2.5875,24,24,24
20250918,도봉구,2025091720,26.0,18.0,73.75,30.0,2.5875,24,24,24
20250918,동대문구,2025091720,27.0,19.0,70.0,30.0,2.4250000000000003,24,24,24
20250918,동작구,2025091720,27.0,19.0,71.45833333333333,30.0,2.0583333333333336,24,24,24
20250918,마포구,2025091720,27.0,19.0,72.5,30.0,2.2916666666666665,24,24,24
20250918,서대문구,2025091720,27.0,19.0,72.5,30.0,2.2916666666666665,24,24,24
20250918,서초구,2025091720,27.0,19.0,72.70833333333333,30.0,2.2583333333333333,24,24,24
20250918,성동구,2025091720,27.0,20.0,72.29166666666667,30.0,2.3000000000000003,24,24,24
20250918,성북구,2025091720,24.0,16.0,72.5,30.0,2.5041666666666664,24,24,24
20250918,송파구,2025091720,27.0,19.0,72.29166666666667,30.0,2.3375,24,24,24
20250918,양천구,2025091720,27.0,19.0,70.41666666666667,30.0,2.0791666666666666,24,24,24
20250918,영등포구,2025091720,27.0,19.0,72.08333333333333,30.0,2.1791666666666667,24,24,24
20250918,용산구,2025091720,26.0,19.0,73.33333333333333,30.0,2.266666666666667,24,24,24
20250918,은평구,2025091720,27.0,18.0,73.75,30.0,2.404166666666667,24,24,24
20250918,종로구,2025091720,27.0,19.0,72.70833333333333,30.0,2.4,24,24,24
20250918,중구,2025091720,27.0,19.0,72.70833333333333,30.0,2.4,24,24,24
20250918,중랑구,2025091720,27.0,19.0,71.04166666666667,30.0,2.4583333333333335,24,24,24
20250919,강남구,2025091820,23.0,19.0,74.58333333333333,60.0,2.3000000000000003,24,24,24
20250919,강동구,2025091820,23.0,18.0,75.20833333333333,60.0,2.4458333333333333,24,24,24
20250919,강북구,2025091820,20.0,16.0,75.0,60.0,2.2708333333333335,24,24,24
20250919,강서구,2025091820,24.0,19.0,77.08333333333333,63.0,2.2791666666666663,24,24,24
20250919,관악구,2025091820,23.0,19.0,74.16666666666667,60.0,2.2208333333333337,24,24,24
20250919,광진구,2025091820,23.0,19.0,71.66666666666667,60.0,2.3666666666666667,24,24,24
20250919,구로구,2025091820,23.0,20.0,71.04166666666667,62.0,2.2083333333333335,24,24,24
20250919,금천구,2025091820,23.0,19.0,77.08333333333333,60.0,2.1958333333333333,24,24,24
20250919,노원구,2025091820,22.0,19.0,76.04166666666667,60.0,2.3125,24,24,24
20250919,도봉구,2025091820,22.0,19.0,76.04166666666667,60.0,2.3125,24,24,24
20250919,동대문구,2025091820,23.0,19.0,71.875,60.0,2.3083333333333336,24,24,24
20250919,동작구,2025091820,23.0,19.0,74.16666666666667,60.0,2.2208333333333337,24,24,24
20250919,마포구,2025091820,23.0,19.0,74.16666666666667,61.0,2.2666666666666666,24,24,24
20250919,서대문구,2025091820,23.0,19.0,74.16666666666667,61.0,2.2666666666666666,24,24,24
20250919,서초구,2025091820,23.0,19.0,74.58333333333333,60.0,2.3000000000000003,24,24,24
20250919,성동구,2025091820,23.0,19.0,72.70833333333333,60.0,2.3000000000000003,24,24,24
20250919,성북구,2025091820,20.0,16.0,75.0,60.0,2.2708333333333335,24,24,24
20250919,송파구,2025091820,23.0,19.0,72.08333333333333,60.0,2.3958333333333335,24,24,24
20250919,양천구,2025091820,23.0,19.0,73.54166666666667,62.0,2.245833333333333,24,24,24
20250919,영등포구,2025091820,23.0,19.0,74.16666666666667,61.0,2.2583333333333333,24,24,24
20250919,용산구,2025091820,23.0,19.0,74.16666666666667,60.0,2.25,24,24,24
20250919,은평구,2025091820,23.0,18.0,76.45833333333333,61.0,2.275,24,24,24
20250919,종로구,2025091820,23.0,18.0,73.75,60.0,2.245833333333333,24,24,24
20250919,중구,2025091820,23.0,18.0,73.75,60.0,2.245833333333333,24,24,24
20250919,중랑구,2025091820,23.0,19.0,71.66666666666667,60.0,2.370833333333333,24,24,24
20250920,강남구,2025091920,25.0,18.0,77.5,67.0,1.5083333333333335,24,24,24
20250920,강동구,2025091920,25.0,18.0,78.95833333333333,68.0,1.6833333333333336,24,24,24
20250920,강북구,2025091920,22.0,15.0,79.79166666666667,60.0,1.6208333333333336,24,24,24
20250920,강서구,2025091920,25.0,18.0,81.66666666666667,60.0,1.5,24,24,24
20250920,관악구,2025091920,25.0,18.0,77.70833333333333,62.0,1.4750000000000003,24,24,24
20250920,광진구,2025091920,24.0,18.0,75.83333333333333,66.0,1.6291666666666669,24,24,24
20250920,구로구,2025091920,25.0,19.0,72.91666666666667,60.0,1.491666666666667,24,24,24
20250920,금천구,2025091920,24.0,18.0,79.79166666666667,64.0,1.45,24,24,24
20250920,노원구,2025091920,24.0,17.0,82.08333333333333,60.0,1.6416666666666666,24,24,24
20250920,도봉구,2025091920,24.0,17.0,82.08333333333333,60.0,1.6416666666666666,24,24,24
20250920,동대문구,2025091920,25.0,18.0,76.25,61.0,1.6499999999999997,24,24,24
20250920,동작구,2025091920,25.0,18.0,77.70833333333333,62.0,1.4750000000000003,24,24,24
20250920,마포구,2025091920,24.0,18.0,79.16666666666667,60.0,1.5875,24,24,24
20250920,서대문구,2025091920,24.0,18.0,79.16666666666667,60.0,1.5875,24,24,24
20250920,서초구,2025091920,25.0,18.0,77.5,67.0,1.5083333333333335,24,24,24
20250920,성동구,2025091920,25.0,18.0,76.66666666666667,64.0,1.5833333333333333,24,24,24
20250920,성북구,2025091920,22.0,15.0,79.79166666666667,60.0,1.6208333333333336,24,24,24
20250920,송파구,2025091920,25.0,18.0,76.04166666666667,69.0,1.5708333333333335,24,24,24
20250920,양천구,2025091920,24.0,18.0,77.91666666666667,60.0,1.525,24,24,24
20250920,영등포구,2025091920,24.0,18.0,78.125,60.0,1.5458333333333334,24,24,24
20250920,용산구,2025091920,24.0,18.0,78.125,61.0,1.5791666666666668,24,24,24
20250920,은평구,2025091920,24.0,17.0,80.83333333333333,60.0,1.5625,24,24,24
20250920,종로구,2025091920,24.0,18.0,79.16666666666667,60.0,1.6083333333333332,24,24,24
20250920,중구,2025091920,24.0,18.0,79.16666666666667,60.0,1.6083333333333332,24,24,24
20250920,중랑구,2025091920,25.0,18.0,76.04166666666667,63.0,1.695833333333333,24,24,24
20250921,강남구,2025092020,26.0,17.0,67.91666666666667,20.0,2.341666666666667,24,24,24
20250921,강동구,2025092020,26.0,16.0,70.20833333333333,20.0,2.3333333333333335,24,24,24
20250921,강북구,2025092020,24.0,13.0,67.91666666666667,20.0,2.375,24,24,24
20250921,강서구,2025092020,27.0,16.0,69.375,20.0,2.2125,24,24,24
20250921,관악구,2025092020,26.0,17.0,67.08333333333333,20.0,2.3333333333333335,24,24,24
20250921,광진구,2025092020,26.0,17.0,67.29166666666667,20.0,2.3,24,24,24
20250921,구로구,2025092020,27.0,17.0,63.75,20.0,2.3291666666666666,24,24,24
20250921,금천구,2025092020,26.0,16.0,69.16666666666667,20.0,2.4291666666666667,24,24,24
20250921,노원구,2025092020,26.0,15.0,70.0,20.0,2.4791666666666665,24,24,24
20250921,도봉구,2025092020,26.0,15.0,70.0,20.0,2.4791666666666665,24,24,24
20250921,동대문구,2025092020,26.0,17.0,65.83333333333333,20.0,2.3666666666666667,24,24,24
20250921,동작구,2025092020,26.0,17.0,67.08333333333333,20.0,2.3333333333333335,24,24,24
20250921,마포구,2025092020,26.0,16.0,66.875,20.0,2.279166666666667,24,24,24
20250921,서대문구,2025092020,26.0,16.0,66.875,20.0,2.279166666666667,24,24,24
20250921,서초구,2025092020,26.0,17.0,67.91666666666667,20.0,2.341666666666667,24,24,24
20250921,성동구,2025092020,26.0,17.0,67.29166666666667,20.0,2.279166666666667,24,24,24
20250921,성북구,2025092020,24.0,13.0,67.91666666666667,20.0,2.375,24,24,24
20250921,송파구,2025092020,26.0,17.0,67.29166666666667,20.0,2.345833333333333,24,24,24
20250921,양천구,2025092020,26.0,17.0,66.04166666666667,20.0,2.220833333333333,24,24,24
20250921,영등포구,2025092020,26.0,17.0,67.29166666666667,20.0,2.2458333333333336,24,24,24
20250921,용산구,2025092020,26.0,17.0,67.91666666666667,20.0,2.2708333333333335,24,24,24
20250921,은평구,2025092020,26.0,15.0,69.375,20.0,2.3125,24,24,24
20250921,종로구,2025092020,26.0,16.0,66.04166666666667,20.0,2.3249999999999997,24,24,24
20250921,중구,2025092020,26.0,16.0,66.04166666666667,20.0,2.3249999999999997,24,24,24
20250921,중랑구,2025092020,26.0,16.0,65.41666666666667,20.0,2.4125,24,24,24
20250922,강남구,2025092120,25.0,17.0,67.5,20.0,2.329166666666667,24,24,24
20250922,강동구,2025092120,25.0,16.0,70.41666666666667,20.0,2.283333333333333,24,24,24
20250922,강북구,2025092120,23.0,14.0,66.04166666666667,20.0,2.3874999999999997,24,24,24
20250922,강서구,2025092120,26.0,17.0,67.5,20.0,2.341666666666667,24,24,24
20250922,관악구,2025092120,25.0,17.0,65.20833333333333,20.0,2.3125,24,24,24
20250922,광진구,2025092120,25.0,16.0,66.45833333333333,20.0,2.2916666666666665,24,24,24
20250922,구로구,2025092120,26.0,17.0,62.291666666666664,20.0,2.2916666666666665,24,24,24
20250922,금천구,2025092120,25.0,16.0,67.91666666666667,20.0,2.345833333333333,24,24,24
20250922,노원구,2025092120,25.0,16.0,68.75,20.0,2.425,24,24,24
20250922,도봉구,2025092120,25.0,16.0,68.75,20.0,2.425,24,24,24
20250922,동대문구,2025092120,25.0,17.0,63.958333333333336,20.0,2.3375,24,24,24
20250922,동작구,2025092120,25.0,17.0,65.20833333333333,20.0,2.3125,24,24,24
20250922,마포구,2025092120,25.0,16.0,65.625,20.0,2.3541666666666665,24,24,24
20250922,서대문구,2025092120,25.0,16.0,65.625,20.0,2.3541666666666665,24,24,24
20250922,서초구,2025092120,25.0,17.0,67.5,20.0,2.329166666666667,24,24,24
20250922,성동구,2025092120,25.0,17.0,65.41666666666667,20.0,2.283333333333333,24,24,24
20250922,성북구,2025092120,23.0,14.0,66.04166666666667,20.0,2.3874999999999997,24,24,24
20250922,송파구,2025092120,25.0,17.0,66.25,20.0,2.35,24,24,24
20250922,양천구,2025092120,25.0,17.0,65.0,20.0,2.283333333333333,24,24,24
20250922,영등포구,2025092120,25.0,17.0,66.45833333333333,20.0,2.2708333333333335,24,24,24
20250922,용산구,2025092120,25.0,17.0,67.29166666666667,20.0,2.275,24,24,24
20250922,은평구,2025092120,25.0,16.0,68.33333333333333,20.0,2.404166666666667,24,24,24
20250922,종로구,2025092120,25.0,17.0,63.541666666666664,20.0,2.345833333333333,24,24,24
20250922,중구,2025092120,25.0,17.0,63.541666666666664,20.0,2.345833333333333,24,24,24
20250922,중랑구,2025092120,25.0,16.0,65.20833333333333,20.0,2.35,24,24,24
20250923,강남구,2025092220,26.0,19.0,59.791666666666664,30.0,2.4916666666666667,24,24,24
20250923,강동구,2025092220,26.0,18.0,62.708333333333336,30.0,2.408333333333333,24,24,24
20250923,강북구,2025092220,24.0,16.0,59.583333333333336,30.0,2.5166666666666666,24,24,24
20250923,강서구,2025092220,27.0,19.0,61.041666666666664,30.0,2.5124999999999997,24,24,24
20250923,관악구,2025092220,26.0,19.0,58.958333333333336,30.0,2.4583333333333335,24,24,24
20250923,광진구,2025092220,26.0,19.0,58.75,30.0,2.3958333333333335,24,24,24
20250923,구로구,2025092220,27.0,19.0,55.416666666666664,30.0,2.4791666666666665,24,24,24
20250923,금천구,2025092220,26.0,18.0,60.833333333333336,30.0,2.558333333333333,24,24,24
20250923,노원구,2025092220,26.0,17.0,62.5,30.0,2.5250000000000004,24,24,24
20250923,도봉구,2025092220,26.0,17.0,62.5,30.0,2.5250000000000004,24,24,24
20250923,동대문구,2025092220,26.0,19.0,56.458333333333336,30.0,2.470833333333333,24,24,24
20250923,동작구,2025092220,26.0,19.0,58.958333333333336,30.0,2.4583333333333335,24,24,24
20250923,마포구,2025092220,26.0,18.0,59.375,30.0,2.4916666666666667,24,24,24
20250923,서대문구,2025092220,26.0,18.0,59.375,30.0,2.4916666666666667,24,24,24
20250923,서초구,2025092220,26.0,19.0,59.791666666666664,30.0,2.4916666666666667,24,24,24
20250923,성동구,2025092220,27.0,19.0,57.916666666666664,30.0,2.4,24,24,24
20250923,성북구,2025092220,24.0,16.0,59.583333333333336,30.0,2.5166666666666666,24,24,24
20250923,송파구,2025092220,26.0,19.0,58.125,30.0,2.5083333333333333,24,24,24
20250923,양천구,2025092220,26.0,19.0,58.333333333333336,30.0,2.4333333333333336,24,24,24
20250923,영등포구,2025092220,26.0,19.0,59.375,30.0,2.4124999999999996,24,24,24
20250923,용산구,2025092220,26.0,18.0,59.791666666666664,30.0,2.4083333333333337,24,24,24
20250923,은평구,2025092220,26.0,18.0,62.291666666666664,30.0,2.5375,24,24,24
20250923,종로구,2025092220,27.0,18.0,57.291666666666664,30.0,2.4666666666666663,24,24,24
20250923,중구,2025092220,27.0,18.0,57.291666666666664,30.0,2.4666666666666663,24,24,24
20250923,중랑구,2025092220,26.0,18.0,57.291666666666664,30.0,2.466666666666667,24,24,24
20250924,강남구,2025092320,25.0,19.0,81.875,100.0,2.4125,24,24,24
20250924,강동구,2025092320,25.0,19.0,82.5,100.0,2.4958333333333336,24,24,24
20250924,강북구,2025092320,21.0,17.0,82.70833333333333,100.0,2.391666666666667,24,24,24
20250924,강서구,2025092320,25.0,19.0,83.95833333333333,100.0,2.5875,24,24,24
20250924,관악구,2025092320,25.0,20.0,80.625,100.0,2.404166666666667,24,24,24
20250924,광진구,2025092320,25.0,19.0,78.95833333333333,100.0,2.4250000000000003,24,24,24
20250924,구로구,2025092320,25.0,21.0,76.45833333333333,89.0,2.4583333333333335,24,24,24
20250924,금천구,2025092320,24.0,19.0,83.95833333333333,100.0,2.4291666666666667,24,24,24
20250924,노원구,2025092320,23.0,19.0,85.20833333333333,100.0,2.4916666666666667,24,24,24
20250924,도봉구,2025092320,23.0,19.0,85.20833333333333,100.0,2.4916666666666667,24,24,24
20250924,동대문구,2025092320,24.0,20.0,79.375,100.0,2.379166666666667,24,24,24
20250924,동작구,2025092320,25.0,20.0,80.625,100.0,2.404166666666667,24,24,24
20250924,마포구,2025092320,24.0,19.0,81.25,81.0,2.4166666666666665,24,24,24
20250924,서대문구,2025092320,24.0,19.0,81.25,81.0,2.4166666666666665,24,24,24
20250924,서초구,2025092320,25.0,19.0,81.875,100.0,2.4125,24,24,24
20250924,성동구,2025092320,25.0,19.0,80.625,100.0,2.370833333333333,24,24,24
20250924,성북구,2025092320,21.0,17.0,82.70833333333333,100.0,2.391666666666667,24,24,24
20250924,송파구,2025092320,25.0,20.0,79.58333333333333,100.0,2.4916666666666667,24,24,24
20250924,양천구,2025092320,24.0,20.0,80.20833333333333,91.0,2.466666666666667,24,24,24
20250924,영등포구,2025092320,24.0,20.0,80.41666666666667,90.0,2.404166666666667,24,24,24
20250924,용산구,2025092320,24.0,19.0,81.04166666666667,100.0,2.3541666666666665,24,24,24
20250924,은평구,2025092320,24.0,19.0,83.33333333333333,100.0,2.4625,24,24,24
20250924,종로구,2025092320,24.0,20.0,82.5,91.0,2.35,24,24,24
20250924,중구,2025092320,24.0,20.0,82.5,91.0,2.35,24,24,24
20250924,중랑구,2025092320,24.0,19.0,79.79166666666667,100.0,2.4375,24,24,24
20250925,강남구,2025092420,28.0,20.0,80.0,60.0,0.7791666666666668,24,24,24
20250925,강동구,2025092420,28.0,20.0,81.04166666666667,60.0,0.7666666666666666,24,24,24
20250925,강북구,2025092420,25.0,17.0,80.83333333333333,60.0,0.8541666666666666,24,24,24
20250925,강서구,2025092420,28.0,20.0,81.875,60.0,0.8500000000000001,24,24,24
20250925,관악구,2025092420,27.0,20.0,78.95833333333333,60.0,0.7958333333333334,24,24,24
20250925,광진구,2025092420,27.0,21.0,76.875,60.0,0.7791666666666668,24,24,24
20250925,구로구,2025092420,27.0,21.0,75.41666666666667,60.0,0.8083333333333332,24,24,24
20250925,금천구,2025092420,27.0,20.0,83.125,60.0,0.7875,24,24,24
20250925,노원구,2025092420,27.0,19.0,82.70833333333333,60.0,0.8958333333333334,24,24,24
20250925,도봉구,2025092420,27.0,19.0,82.70833333333333,60.0,0.8958333333333334,24,24,24
20250925,동대문구,2025092420,28.0,20.0,77.5,60.0,0.8208333333333334,24,24,24
20250925,동작구,2025092420,27.0,20.0,78.95833333333333,60.0,0.7958333333333334,24,24,24
20250925,마포구,2025092420,27.0,20.0,79.79166666666667,60.0,0.8458333333333332,24,24,24
20250925,서대문구,2025092420,27.0,20.0,79.79166666666667,60.0,0.8458333333333332,24,24,24
20250925,서초구,2025092420,28.0,20.0,80.0,60.0,0.7791666666666668,24,24,24
20250925,성동구,2025092420,28.0,20.0,79.58333333333333,60.0,0.7791666666666668,24,24,24
20250925,성북구,2025092420,25.0,17.0,80.83333333333333,60.0,0.8541666666666666,24,24,24
20250925,송파구,2025092420,28.0,21.0,78.125,60.0,0.7833333333333333,24,24,24
20250925,양천구,2025092420,27.0,20.0,78.33333333333333,60.0,0.8041666666666667,24,24,24
20250925,영등포구,2025092420,27.0,20.0,78.95833333333333,60.0,0.8041666666666667,24,24,24
20250925,용산구,2025092420,27.0,20.0,79.375,60.0,0.8083333333333332,24,24,24
20250925,은평구,2025092420,27.0,19.0,82.70833333333333,60.0,0.8624999999999999,24,24,24
20250925,종로구,2025092420,28.0,20.0,79.79166666666667,60.0,0.8333333333333335,24,24,24
20250925,중구,2025092420,28.0,20.0,79.79166666666667,60.0,0.8333333333333335,24,24,24
20250925,중랑구,2025092420,28.0,20.0,76.875,60.0,0.8374999999999999,24,24,24
20250926,강남구,2025092520,28.0,18.0,76.66666666666667,0.0,1.1708333333333334,24,24,24
20250926,강동구,2025092520,28.0,17.0,77.29166666666667,0.0,1.25,24,24,24
20250926,강북구,2025092520,25.0,15.0,78.75,0.0,1.2,24,24,24
20250926,강서구,2025092520,28.0,17.0,79.79166666666667,0.0,1.2291666666666667,24,24,24
20250926,관악구,2025092520,27.0,18.0,77.5,0.0,1.1958333333333333,24,24,24
20250926,광진구,2025092520,28.0,18.0,73.95833333333333,0.0,1.1708333333333334,24,24,24
20250926,구로구,2025092520,27.0,18.0,74.375,0.0,1.2333333333333334,24,24,24
20250926,금천구,2025092520,27.0,17.0,79.58333333333333,0.0,1.2666666666666666,24,24,24
20250926,노원구,2025092520,27.0,16.0,81.04166666666667,0.0,1.2208333333333332,24,24,24
20250926,도봉구,2025092520,27.0,16.0,81.04166666666667,0.0,1.2208333333333332,24,24,24
20250926,동대문구,2025092520,27.0,18.0,74.16666666666667,0.0,1.1708333333333334,24,24,24
20250926,동작구,2025092520,27.0,18.0,77.5,0.0,1.1958333333333333,24,24,24
20250926,마포구,2025092520,27.0,18.0,78.125,0.0,1.1916666666666669,24,24,24
20250926,서대문구,2025092520,27.0,18.0,78.125,0.0,1.1916666666666669,24,24,24
20250926,서초구,2025092520,28.0,18.0,76.66666666666667,0.0,1.1708333333333334,24,24,24
20250926,성동구,2025092520,28.0,18.0,74.375,0.0,1.1291666666666669,24,24,24
20250926,성북구,2025092520,25.0,15.0,78.75,0.0,1.2,24,24,24
20250926,송파구,2025092520,28.0,18.0,74.58333333333333,0.0,1.1958333333333335,24,24,24
20250926,양천구,2025092520,27.0,18.0,76.66666666666667,0.0,1.2,24,24,24
20250926,영등포구,2025092520,27.0,18.0,77.08333333333333,0.0,1.1708333333333334,24,24,24
20250926,용산구,2025092520,27.0,18.0,77.70833333333333,0.0,1.1416666666666666,24,24,24
20250926,은평구,2025092520,27.0,17.0,79.79166666666667,0.0,1.1958333333333335,24,24,24
20250926,종로구,2025092520,28.0,18.0,75.41666666666667,0.0,1.1791666666666667,24,24,24
20250926,중구,2025092520,28.0,18.0,75.41666666666667,0.0,1.1791666666666667,24,24,24
20250926,중랑구,2025092520,27.0,17.0,73.95833333333333,0.0,1.2291666666666667,24,24,24
20250927,강남구,2025092620,29.0,18.0,71.66666666666667,30.0,1.8166666666666669,24,24,24
20250927,강동구,2025092620,28.0,18.0,73.75,30.0,1.8958333333333333,24,24,24
20250927,강북구,2025092620,26.0,15.0,72.70833333333333,30.0,1.875,24,24,24
20250927,강서구,2025092620,29.0,18.0,72.91666666666667,30.0,1.9000000000000004,24,24,24
20250927,관악구,2025092620,29.0,18.0,70.625,30.0,1.8333333333333333,24,24,24
20250927,광진구,2025092620,28.0,18.0,69.58333333333333,30.0,1.8708333333333336,24,24,24
20250927,구로구,2025092620,29.0,18.0,67.08333333333333,30.0,1.8625,24,24,24
20250927,금천구,2025092620,28.0,18.0,72.70833333333333,30.0,1.8333333333333333,24,24,24
20250927,노원구,2025092620,28.0,17.0,75.20833333333333,30.0,1.875,24,24,24
20250927,도봉구,2025092620,28.0,17.0,75.20833333333333,30.0,1.875,24,24,24
20250927,동대문구,2025092620,29.0,18.0,69.79166666666667,30.0,1.875,24,24,24
20250927,동작구,2025092620,29.0,18.0,70.625,30.0,1.8333333333333333,24,24,24
20250927,마포구,2025092620,28.0,18.0,71.66666666666667,30.0,1.8875,24,24,24
20250927,서대문구,2025092620,28.0,18.0,71.66666666666667,30.0,1.8875,24,24,24
20250927,서초구,2025092620,29.0,18.0,71.66666666666667,30.0,1.8166666666666669,24,24,24
20250927,성동구,2025092620,28.0,18.0,70.0,30.0,1.8374999999999997,24,24,24
20250927,성북구,2025092620,26.0,15.0,72.70833333333333,30.0,1.875,24,24,24
20250927,송파구,2025092620,29.0,18.0,69.58333333333333,30.0,1.8541666666666667,24,24,24
20250927,양천구,2025092620,29.0,18.0,70.41666666666667,30.0,1.875,24,24,24
20250927,영등포구,2025092620,28.0,18.0,71.04166666666667,30.0,1.8541666666666667,24,24,24
20250927,용산구,2025092620,28.0,18.0,71.66666666666667,30.0,1.8291666666666668,24,24,24
20250927,은평구,2025092620,28.0,18.0,73.75,30.0,1.9166666666666667,24,24,24
20250927,종로구,2025092620,28.0,19.0,70.41666666666667,30.0,1.8833333333333335,24,24,24
20250927,중구,2025092620,28.0,19.0,70.41666666666667,30.0,1.8833333333333335,24,24,24
20250927,중랑구,2025092620,28.0,18.0,69.58333333333333,30.0,1.8791666666666669,24,24,24
20250928,강남구,2025092720,22.0,21.0,89.79166666666667,65.0,1.275,24,24,24
20250928,강동구,2025092720,22.0,20.0,90.41666666666669,64.0,1.3083333333333331,24,24,24
20250928,강북구,2025092720,19.0,18.0,91.04166666666669,65.0,1.2541666666666669,24,24,24
20250928,강서구,2025092720,22.0,21.0,91.25,68.0,1.3583333333333334,24,24,24
20250928,관악구,2025092720,22.0,21.0,88.33333333333333,66.0,1.225,24,24,24
20250928,광진구,2025092720,22.0,20.0,86.25,64.0,1.2791666666666666,24,24,24
20250928,구로구,2025092720,23.0,21.0,85.20833333333333,66.0,1.2416666666666667,24,24,24
20250928,금천구,2025092720,21.0,20.0,91.45833333333331,66.0,1.2499999999999998,24,24,24
20250928,노원구,2025092720,21.0,20.0,94.16666666666669,66.0,1.2291666666666667,24,24,24
20250928,도봉구,2025092720,21.0,20.0,94.16666666666669,66.0,1.2291666666666667,24,24,24
20250928,동대문구,2025092720,22.0,20.0,87.70833333333333,65.0,1.2166666666666668,24,24,24
20250928,동작구,2025092720,22.0,21.0,88.33333333333333,66.0,1.225,24,24,24
20250928,마포구,2025092720,22.0,20.0,89.375,66.0,1.2458333333333331,24,24,24
20250928,서대문구,2025092720,22.0,20.0,89.375,66.0,1.2458333333333331,24,24,24
20250928,서초구,2025092720,22.0,21.0,89.79166666666667,65.0,1.275,24,24,24
20250928,성동구,2025092720,22.0,20.0,88.75,65.0,1.241666666666667,24,24,24
20250928,성북구,2025092720,19.0,18.0,91.04166666666669,65.0,1.2541666666666669,24,24,24
20250928,송파구,2025092720,22.0,21.0,87.91666666666667,64.0,1.3,24,24,24
20250928,양천구,2025092720,22.0,20.0,87.08333333333333,65.0,1.2583333333333335,24,24,24
20250928,영등포구,2025092720,22.0,20.0,87.5,65.0,1.25,24,24,24
20250928,용산구,2025092720,22.0,20.0,88.54166666666667,65.0,1.2333333333333334,24,24,24
20250928,은평구,2025092720,21.0,20.0,92.08333333333331,65.0,1.2916666666666667,24,24,24
20250928,종로구,2025092720,22.0,20.0,88.75,65.0,1.241666666666667,24,24,24
20250928,중구,2025092720,22.0,20.0,88.75,65.0,1.241666666666667,24,24,24
20250928,중랑구,2025092720,22.0,20.0,87.91666666666667,65.0,1.2333333333333334,24,24,24
20250929,강남구,2025092820,25.0,17.0,76.25,30.0,1.3833333333333335,24,24,24
20250929,강동구,2025092820,25.0,17.0,78.75,30.0,1.2333333333333334,24,24,24
20250929,강북구,2025092820,23.0,14.0,77.70833333333333,20.0,1.4958333333333331,24,24,24
20250929,강서구,2025092820,26.0,17.0,78.33333333333333,20.0,1.55,24,24,24
20250929,관악구,2025092820,25.0,17.0,75.625,30.0,1.4791666666666667,24,24,24
20250929,광진구,2025092820,25.0,17.0,74.375,30.0,1.2708333333333333,24,24,24
20250929,구로구,2025092820,25.0,18.0,72.29166666666667,30.0,1.5249999999999997,24,24,24
20250929,금천구,2025092820,25.0,17.0,78.125,30.0,1.525,24,24,24
20250929,노원구,2025092820,25.0,16.0,81.25,20.0,1.5083333333333335,24,24,24
20250929,도봉구,2025092820,25.0,16.0,81.25,20.0,1.5083333333333335,24,24,24
20250929,동대문구,2025092820,25.0,17.0,73.54166666666667,20.0,1.3791666666666669,24,24,24
20250929,동작구,2025092820,25.0,17.0,75.625,30.0,1.4791666666666667,24,24,24
20250929,마포구,2025092820,25.0,17.0,75.83333333333333,20.0,1.4750000000000003,24,24,24
20250929,서대문구,2025092820,25.0,17.0,75.83333333333333,20.0,1.4750000000000003,24,24,24
20250929,서초구,2025092820,25.0,17.0,76.25,30.0,1.3833333333333335,24,24,24
20250929,성동구,2025092820,26.0,18.0,75.20833333333333,30.0,1.3291666666666666,24,24,24
20250929,성북구,2025092820,23.0,14.0,77.70833333333333,20.0,1.4958333333333331,24,24,24
20250929,송파구,2025092820,26.0,17.0,74.79166666666667,30.0,1.3458333333333332,24,24,24
20250929,양천구,2025092820,25.0,17.0,75.0,30.0,1.4875,24,24,24
20250929,영등포구,2025092820,25.0,17.0,75.41666666666667,30.0,1.4333333333333336,24,24,24
20250929,용산구,2025092820,25.0,17.0,75.625,30.0,1.3833333333333335,24,24,24
20250929,은평구,2025092820,25.0,16.0,78.75,20.0,1.5166666666666664,24,24,24
20250929,종로구,2025092820,25.0,17.0,75.0,20.0,1.4416666666666669,24,24,24
20250929,중구,2025092820,25.0,17.0,75.0,20.0,1.4416666666666669,24,24,24
20250929,중랑구,2025092820,25.0,17.0,74.375,20.0,1.325,24,24,24
20250930,강남구,2025092920,25.0,16.0,76.66666666666667,30.0,1.2208333333333334,24,24,24
20250930,강동구,2025092920,24.0,16.0,78.75,30.0,1.0708333333333333,24,24,24
20250930,강북구,2025092920,22.0,14.0,80.41666666666667,30.0,1.275,24,24,24
20250930,강서구,2025092920,25.0,16.0,80.83333333333333,30.0,1.4416666666666669,24,24,24
20250930,관악구,2025092920,24.0,16.0,76.25,30.0,1.3458333333333332,24,24,24
20250930,광진구,2025092920,24.0,16.0,74.58333333333333,30.0,1.1208333333333331,24,24,24
20250930,구로구,2025092920,25.0,17.0,72.5,30.0,1.3999999999999997,24,24,24
20250930,금천구,2025092920,24.0,15.0,76.66666666666667,30.0,1.3708333333333331,24,24,24
20250930,노원구,2025092920,24.0,15.0,83.95833333333333,30.0,1.2333333333333334,24,24,24
20250930,도봉구,2025092920,24.0,15.0,83.95833333333333,30.0,1.2333333333333334,24,24,24
20250930,동대문구,2025092920,25.0,16.0,76.25,30.0,1.2,24,24,24
20250930,동작구,2025092920,24.0,16.0,76.25,30.0,1.3458333333333332,24,24,24
20250930,마포구,2025092920,24.0,16.0,78.54166666666667,30.0,1.3375,24,24,24
20250930,서대문구,2025092920,24.0,16.0,78.54166666666667,30.0,1.3375,24,24,24
20250930,서초구,2025092920,25.0,16.0,76.66666666666667,30.0,1.2208333333333334,24,24,24
20250930,성동구,2025092920,25.0,17.0,75.625,30.0,1.1708333333333334,24,24,24
20250930,성북구,2025092920,22.0,14.0,80.41666666666667,30.0,1.275,24,24,24
20250930,송파구,2025092920,25.0,16.0,74.16666666666667,30.0,1.1833333333333331,24,24,24
20250930,양천구,2025092920,24.0,16.0,76.66666666666667,30.0,1.3625,24,24,24
20250930,영등포구,2025092920,24.0,16.0,77.5,30.0,1.3041666666666667,24,24,24
20250930,용산구,2025092920,24.0,16.0,77.70833333333333,30.0,1.2291666666666667,24,24,24
20250930,은평구,2025092920,24.0,16.0,81.45833333333333,30.0,1.3458333333333332,24,24,24
20250930,종로구,2025092920,25.0,17.0,77.29166666666667,30.0,1.2583333333333335,24,24,24
20250930,중구,2025092920,25.0,17.0,77.29166666666667,30.0,1.2583333333333335,24,24,24
20250930,중랑구,2025092920,24.0,16.0,75.83333333333333,30.0,1.15,24,24,24
20251001,강남구,2025093020,26.0,17.0,78.75,20.0,1.0791666666666668,24,24,24
20251001,강동구,2025093020,26.0,16.0,79.79166666666667,20.0,0.9791666666666666,24,24,24
20251001,강북구,2025093020,24.0,14.0,81.25,20.0,1.125,24,24,24
20251001,강서구,2025093020,26.0,16.0,81.875,20.0,1.2208333333333334,24,24,24
20251001,관악구,2025093020,26.0,17.0,78.95833333333333,20.0,1.1333333333333333,24,24,24
20251001,광진구,2025093020,26.0,17.0,76.25,20.0,1.0208333333333333,24,24,24
20251001,구로구,2025093020,26.0,18.0,75.83333333333333,20.0,1.1708333333333332,24,24,24
20251001,금천구,2025093020,25.0,16.0,80.41666666666667,20.0,1.1416666666666666,24,24,24
20251001,노원구,2025093020,26.0,15.0,84.79166666666667,20.0,1.1041666666666667,24,24,24
20251001,도봉구,2025093020,26.0,15.0,84.79166666666667,20.0,1.1041666666666667,24,24,24
20251001,동대문구,2025093020,26.0,17.0,77.70833333333333,20.0,1.0708333333333333,24,24,24
20251001,동작구,2025093020,26.0,17.0,78.95833333333333,20.0,1.1333333333333333,24,24,24
20251001,마포구,2025093020,26.0,17.0,80.625,20.0,1.1458333333333333,24,24,24
20251001,서대문구,2025093020,26.0,17.0,80.625,20.0,1.1458333333333333,24,24,24
20251001,서초구,2025093020,26.0,17.0,78.75,20.0,1.0791666666666668,24,24,24
20251001,성동구,2025093020,26.0,17.0,78.75,20.0,1.0458333333333332,24,24,24
20251001,성북구,2025093020,24.0,14.0,81.25,20.0,1.125,24,24,24
20251001,송파구,2025093020,27.0,17.0,76.66666666666667,20.0,1.0291666666666668,24,24,24
20251001,양천구,2025093020,25.0,17.0,78.33333333333333,20.0,1.15,24,24,24
20251001,영등포구,2025093020,25.0,17.0,78.95833333333333,20.0,1.125,24,24,24
20251001,용산구,2025093020,25.0,17.0,80.0,20.0,1.0875,24,24,24
20251001,은평구,2025093020,26.0,16.0,82.91666666666667,20.0,1.1791666666666665,24,24,24
20251001,종로구,2025093020,26.0,17.0,78.95833333333333,20.0,1.1041666666666667,24,24,24
20251001,중구,2025093020,26.0,17.0,78.95833333333333,20.0,1.1041666666666667,24,24,24
20251001,중랑구,2025093020,26.0,16.0,76.66666666666667,20.0,1.05,24,24,24
20251002,강남구,2025100120,25.0,18.0,83.125,30.0,0.9958333333333332,24,24,24
20251002,강동구,2025100120,26.0,18.0,83.33333333333333,30.0,0.8875000000000001,24,24,24
20251002,강북구,2025100120,23.0,16.0,85.41666666666667,30.0,0.875,24,24,24
20251002,강서구,2025100120,25.0,19.0,85.0,30.0,1.075,24,24,24
20251002,관악구,2025100120,25.0,19.0,82.29166666666667,30.0,0.9833333333333334,24,24,24
20251002,광진구,2025100120,25.0,18.0,79.79166666666667,30.0,0.9166666666666666,24,24,24
20251002,구로구,2025100120,25.0,19.0,77.5,30.0,1.0208333333333333,24,24,24
20251002,금천구,2025100120,24.0,18.0,85.20833333333333,30.0,1.0416666666666667,24,24,24
20251002,노원구,2025100120,25.0,17.0,88.33333333333333,30.0,0.8958333333333334,24,24,24
20251002,도봉구,2025100120,25.0,17.0,88.33333333333333,30.0,0.8958333333333334,24,24,24
20251002,동대문구,2025100120,25.0,18.0,81.875,30.0,0.8791666666666668,24,24,24
20251002,동작구,2025100120,25.0,19.0,82.29166666666667,30.0,0.9833333333333334,24,24,24
20251002,마포구,2025100120,24.0,18.0,83.54166666666667,30.0,0.9208333333333334,24,24,24
20251002,서대문구,2025100120,24.0,18.0,83.54166666666667,30.0,0.9208333333333334,24,24,24
20251002,서초구,2025100120,25.0,18.0,83.125,30.0,0.9958333333333332,24,24,24
20251002,성동구,2025100120,26.0,18.0,82.29166666666667,30.0,0.9333333333333332,24,24,24
20251002,성북구,2025100120,23.0,16.0,85.41666666666667,30.0,0.875,24,24,24
20251002,송파구,2025100120,26.0,19.0,81.04166666666667,30.0,0.9875000000000002,24,24,24
20251002,양천구,2025100120,24.0,19.0,81.45833333333333,30.0,1.0,24,24,24
20251002,영등포구,2025100120,24.0,19.0,81.25,30.0,0.95,24,24,24
20251002,용산구,2025100120,25.0,18.0,82.70833333333333,30.0,0.9166666666666666,24,24,24
20251002,은평구,2025100120,25.0,18.0,86.04166666666667,30.0,0.9375,24,24,24
20251002,종로구,2025100120,25.0,19.0,83.33333333333333,30.0,0.8999999999999999,24,24,24
20251002,중구,2025100120,25.0,19.0,83.33333333333333,30.0,0.8999999999999999,24,24,24
20251002,중랑구,2025100120,25.0,18.0,81.25,30.0,0.8875000000000001,24,24,24
20251003,강남구,2025100220,23.0,19.0,82.5,30.0,2.9166666666666665,24,24,24
20251003,강동구,2025100220,23.0,18.0,83.125,30.0,2.6083333333333334,24,24,24
20251003,강북구,2025100220,21.0,16.0,84.58333333333333,30.0,2.5958333333333337,24,24,24
20251003,강서구,2025100220,24.0,19.0,82.5,30.0,3.0375,24,24,24
20251003,관악구,2025100220,23.0,19.0,81.45833333333333,30.0,3.0375,24,24,24
20251003,광진구,2025100220,23.0,19.0,79.79166666666667,30.0,2.6875,24,24,24
20251003,구로구,2025100220,23.0,20.0,76.45833333333333,30.0,3.1541666666666663,24,24,24
20251003,금천구,2025100220,22.0,18.0,84.16666666666667,30.0,3.195833333333333,24,24,24
20251003,노원구,2025100220,24.0,18.0,87.08333333333333,30.0,2.433333333333333,24,24,24
20251003,도봉구,2025100220,24.0,18.0,87.08333333333333,30.0,2.433333333333333,24,24,24
20251003,동대문구,2025100220,24.0,19.0,81.45833333333333,30.0,2.6750000000000003,24,24,24
20251003,동작구,2025100220,23.0,19.0,81.45833333333333,30.0,3.0375,24,24,24
20251003,마포구,2025100220,23.0,19.0,81.45833333333333,30.0,2.725,24,24,24
20251003,서대문구,2025100220,23.0,19.0,81.45833333333333,30.0,2.725,24,24,24
20251003,서초구,2025100220,23.0,19.0,82.5,30.0,2.9166666666666665,24,24,24
20251003,성동구,2025100220,24.0,19.0,83.125,30.0,2.795833333333333,24,24,24
20251003,성북구,2025100220,21.0,16.0,84.58333333333333,30.0,2.5958333333333337,24,24,24
20251003,송파구,2025100220,23.0,19.0,81.66666666666667,30.0,2.8208333333333333,24,24,24
20251003,양천구,2025100220,23.0,19.0,79.16666666666667,30.0,3.0250000000000004,24,24,24
20251003,영등포구,2025100220,23.0,19.0,80.0,30.0,2.8625000000000003,24,24,24
20251003,용산구,2025100220,23.0,19.0,80.83333333333333,30.0,2.8166666666666664,24,24,24
20251003,은평구,2025100220,23.0,18.0,83.33333333333333,30.0,2.6041666666666665,24,24,24
20251003,종로구,2025100220,23.0,19.0,83.75,30.0,2.7083333333333335,24,24,24
20251003,중구,2025100220,23.0,19.0,83.75,30.0,2.7083333333333335,24,24,24
20251003,중랑구,2025100220,24.0,19.0,81.66666666666667,30.0,2.6083333333333334,24,24,24
20251004,강남구,2025100320,28.0,20.0,73.75,30.0,2.2583333333333333,24,24,24
20251004,강동구,2025100320,27.0,19.0,76.04166666666667,30.0,2.283333333333333,24,24,24
20251004,강북구,2025100320,25.0,17.0,75.625,30.0,2.1750000000000003,24,24,24
20251004,강서구,2025100320,28.0,20.0,75.83333333333333,30.0,2.1750000000000003,24,24,24
20251004,관악구,2025100320,28.0,20.0,72.08333333333333,30.0,2.1999999999999997,24,24,24
20251004,광진구,2025100320,27.0,20.0,71.66666666666667,30.0,2.220833333333333,24,24,24
20251004,구로구,2025100320,28.0,20.0,69.375,30.0,2.158333333333333,24,24,24
20251004,금천구,2025100320,27.0,19.0,74.58333333333333,30.0,2.2083333333333335,24,24,24
20251004,노원구,2025100320,27.0,19.0,78.125,30.0,2.2583333333333333,24,24,24
20251004,도봉구,2025100320,27.0,19.0,78.125,30.0,2.2583333333333333,24,24,24
20251004,동대문구,2025100320,28.0,20.0,71.04166666666667,30.0,2.2125,24,24,24
20251004,동작구,2025100320,28.0,20.0,72.08333333333333,30.0,2.1999999999999997,24,24,24
20251004,마포구,2025100320,27.0,19.0,74.375,30.0,2.158333333333333,24,24,24
20251004,서대문구,2025100320,27.0,19.0,74.375,30.0,2.158333333333333,24,24,24
20251004,서초구,2025100320,28.0,20.0,73.75,30.0,2.2583333333333333,24,24,24
20251004,성동구,2025100320,26.0,19.0,72.5,30.0,2.216666666666667,24,24,24
20251004,성북구,2025100320,25.0,17.0,75.625,30.0,2.1750000000000003,24,24,24
20251004,송파구,2025100320,27.0,20.0,72.29166666666667,30.0,2.2708333333333335,24,24,24
20251004,양천구,2025100320,28.0,20.0,72.5,30.0,2.141666666666666,24,24,24
20251004,영등포구,2025100320,27.0,20.0,73.33333333333333,30.0,2.15,24,24,24
20251004,용산구,2025100320,27.0,19.0,72.91666666666667,30.0,2.1708333333333334,24,24,24
20251004,은평구,2025100320,27.0,19.0,77.29166666666667,30.0,2.1833333333333336,24,24,24
20251004,종로구,2025100320,27.0,19.0,72.70833333333333,30.0,2.1708333333333334,24,24,24
20251004,중구,2025100320,27.0,19.0,72.70833333333333,30.0,2.1708333333333334,24,24,24
20251004,중랑구,2025100320,28.0,19.0,71.25,30.0,2.2791666666666663,24,24,24
20251005,강남구,2025100420,24.0,20.0,83.54166666666667,60.0,0.9,24,24,24
20251005,강동구,2025100420,24.0,20.0,83.54166666666667,60.0,1.0083333333333335,24,24,24
20251005,강북구,2025100420,22.0,17.0,83.33333333333333,30.0,0.9666666666666668,24,24,24
20251005,강서구,2025100420,26.0,20.0,83.33333333333333,60.0,0.8625000000000002,24,24,24
20251005,관악구,2025100420,25.0,20.0,81.875,60.0,0.8291666666666666,24,24,24
20251005,광진구,2025100420,24.0,20.0,78.95833333333333,60.0,0.9833333333333334,24,24,24
20251005,구로구,2025100420,25.0,21.0,77.5,60.0,0.8125,24,24,24
20251005,금천구,2025100420,24.0,20.0,85.41666666666667,30.0,0.8249999999999998,24,24,24
20251005,노원구,2025100420,24.0,19.0,85.83333333333333,30.0,1.0333333333333334,24,24,24
20251005,도봉구,2025100420,24.0,19.0,85.83333333333333,30.0,1.0333333333333334,24,24,24
20251005,동대문구,2025100420,24.0,20.0,80.0,30.0,0.9666666666666668,24,24,24
20251005,동작구,2025100420,25.0,20.0,81.875,60.0,0.8291666666666666,24,24,24
20251005,마포구,2025100420,24.0,20.0,81.66666666666667,60.0,0.8916666666666666,24,24,24
20251005,서대문구,2025100420,24.0,20.0,81.66666666666667,60.0,0.8916666666666666,24,24,24
20251005,서초구,2025100420,24.0,20.0,83.54166666666667,60.0,0.9,24,24,24
20251005,성동구,2025100420,24.0,20.0,82.08333333333333,60.0,0.925,24,24,24
20251005,성북구,2025100420,22.0,17.0,83.33333333333333,30.0,0.9666666666666668,24,24,24
20251005,송파구,2025100420,24.0,20.0,82.29166666666667,60.0,0.9416666666666668,24,24,24
20251005,양천구,2025100420,25.0,20.0,80.20833333333333,60.0,0.8416666666666668,24,24,24
20251005,영등포구,2025100420,24.0,20.0,81.25,60.0,0.85,24,24,24
20251005,용산구,2025100420,24.0,20.0,81.66666666666667,60.0,0.8833333333333334,24,24,24
20251005,은평구,2025100420,24.0,19.0,84.375,30.0,0.9458333333333334,24,24,24
20251005,종로구,2025100420,24.0,20.0,81.875,30.0,0.9541666666666666,24,24,24
20251005,중구,2025100420,24.0,20.0,81.875,30.0,0.9541666666666666,24,24,24
20251005,중랑구,2025100420,24.0,20.0,79.16666666666667,60.0,1.0291666666666666,24,24,24
20251006,강남구,2025100520,20.0,19.0,88.75,60.0,2.8375,24,24,24
20251006,강동구,2025100520,19.0,18.0,88.54166666666667,60.0,3.0,24,24,24
20251006,강북구,2025100520,17.0,15.0,88.33333333333333,60.0,3.0124999999999993,24,24,24
20251006,강서구,2025100520,21.0,19.0,87.91666666666667,60.0,3.0749999999999997,24,24,24
20251006,관악구,2025100520,20.0,19.0,87.29166666666667,60.0,2.8708333333333336,24,24,24
20251006,광진구,2025100520,19.0,18.0,83.95833333333333,60.0,2.9250000000000003,24,24,24
20251006,구로구,2025100520,21.0,19.0,82.70833333333333,60.0,2.9125,24,24,24
20251006,금천구,2025100520,20.0,19.0,90.20833333333331,60.0,2.775,24,24,24
20251006,노원구,2025100520,19.0,17.0,90.41666666666669,60.0,3.1333333333333333,24,24,24
20251006,도봉구,2025100520,19.0,17.0,90.41666666666669,60.0,3.1333333333333333,24,24,24
20251006,동대문구,2025100520,19.0,18.0,85.83333333333333,60.0,2.991666666666667,24,24,24
20251006,동작구,2025100520,20.0,19.0,87.29166666666667,60.0,2.8708333333333336,24,24,24
20251006,마포구,2025100520,19.0,18.0,87.08333333333333,60.0,3.025,24,24,24
20251006,서대문구,2025100520,19.0,18.0,87.08333333333333,60.0,3.025,24,24,24
20251006,서초구,2025100520,20.0,19.0,88.75,60.0,2.8375,24,24,24
20251006,성동구,2025100520,20.0,18.0,87.5,60.0,2.9250000000000003,24,24,24
20251006,성북구,2025100520,17.0,15.0,88.33333333333333,60.0,3.0124999999999993,24,24,24
20251006,송파구,2025100520,20.0,19.0,87.08333333333333,60.0,2.870833333333333,24,24,24
20251006,양천구,2025100520,20.0,19.0,84.79166666666667,60.0,3.0124999999999997,24,24,24
20251006,영등포구,2025100520,20.0,18.0,85.41666666666667,60.0,2.975,24,24,24
20251006,용산구,2025100520,20.0,18.0,86.45833333333333,60.0,2.933333333333333,24,24,24
20251006,은평구,2025100520,19.0,18.0,88.95833333333333,60.0,3.066666666666667,24,24,24
20251006,종로구,2025100520,20.0,18.0,87.08333333333333,60.0,2.966666666666667,24,24,24
20251006,중구,2025100520,20.0,18.0,87.08333333333333,60.0,2.966666666666667,24,24,24
20251006,중랑구,2025100520,19.0,18.0,85.20833333333333,60.0,3.025,24,24,24
20251007,강남구,2025100620,19.0,17.0,88.33333333333333,60.0,3.545833333333333,24,24,24
20251007,강동구,2025100620,19.0,16.0,89.58333333333333,60.0,3.5708333333333333,24,24,24
20251007,강북구,2025100620,16.0,14.0,91.04166666666669,60.0,3.491666666666667,24,24,24
20251007,강서구,2025100620,20.0,17.0,89.375,60.0,3.8416666666666663,24,24,24
20251007,관악구,2025100620,19.0,17.0,87.70833333333333,60.0,3.65,24,24,24
20251007,광진구,2025100620,19.0,17.0,85.625,60.0,3.5291666666666663,24,24,24
20251007,구로구,2025100620,19.0,17.0,82.5,60.0,3.7375,24,24,24
20251007,금천구,2025100620,19.0,17.0,90.0,60.0,3.5958333333333337,24,24,24
20251007,노원구,2025100620,18.0,16.0,93.33333333333331,60.0,3.3333333333333335,24,24,24
20251007,도봉구,2025100620,18.0,16.0,93.33333333333331,60.0,3.3333333333333335,24,24,24
20251007,동대문구,2025100620,19.0,17.0,87.29166666666667,60.0,3.4791666666666665,24,24,24
20251007,동작구,2025100620,19.0,17.0,87.70833333333333,60.0,3.65,24,24,24
20251007,마포구,2025100620,19.0,17.0,88.33333333333333,60.0,3.6875,24,24,24
20251007,서대문구,2025100620,19.0,17.0,88.33333333333333,60.0,3.6875,24,24,24
20251007,서초구,2025100620,19.0,17.0,88.33333333333333,60.0,3.545833333333333,24,24,24
20251007,성동구,2025100620,20.0,14.0,88.125,60.0,3.5375,24,24,24
20251007,성북구,2025100620,16.0,14.0,91.04166666666669,60.0,3.491666666666667,24,24,24
20251007,송파구,2025100620,19.0,17.0,87.29166666666667,60.0,3.5749999999999997,24,24,24
20251007,양천구,2025100620,19.0,17.0,86.25,60.0,3.7875,24,24,24
20251007,영등포구,2025100620,19.0,17.0,86.875,60.0,3.7083333333333335,24,24,24
20251007,용산구,2025100620,19.0,17.0,87.29166666666667,60.0,3.5916666666666663,24,24,24
20251007,은평구,2025100620,19.0,16.0,90.41666666666669,60.0,3.641666666666667,24,24,24
20251007,종로구,2025100620,19.0,16.0,88.33333333333333,60.0,3.5375,24,24,24
20251007,중구,2025100620,19.0,16.0,88.33333333333333,60.0,3.5375,24,24,24
20251007,중랑구,2025100620,19.0,17.0,86.66666666666667,60.0,3.4333333333333336,24,24,24
20251008,강남구,2025100720,27.0,17.0,75.41666666666667,60.0,1.5874999999999997,24,24,24
20251008,강동구,2025100720,27.0,17.0,76.875,60.0,1.45,24,24,24
20251008,강북구,2025100720,25.0,14.0,74.79166666666667,30.0,1.9458333333333335,24,24,24
20251008,강서구,2025100720,27.0,17.0,74.16666666666667,30.0,2.125,24,24,24
20251008,관악구,2025100720,27.0,17.0,73.75,30.0,1.7708333333333333,24,24,24
20251008,광진구,2025100720,27.0,17.0,73.33333333333333,60.0,1.5,24,24,24
20251008,구로구,2025100720,27.0,18.0,68.95833333333333,30.0,1.8916666666666664,24,24,24
20251008,금천구,2025100720,27.0,17.0,75.20833333333333,30.0,1.7791666666666666,24,24,24
20251008,노원구,2025100720,27.0,16.0,78.33333333333333,30.0,2.029166666666667,24,24,24
20251008,도봉구,2025100720,27.0,16.0,78.33333333333333,30.0,2.029166666666667,24,24,24
20251008,동대문구,2025100720,27.0,17.0,72.29166666666667,30.0,1.7458333333333331,24,24,24
20251008,동작구,2025100720,27.0,17.0,73.75,30.0,1.7708333333333333,24,24,24
20251008,마포구,2025100720,27.0,17.0,74.16666666666667,30.0,1.9125,24,24,24
20251008,서대문구,2025100720,27.0,17.0,74.16666666666667,30.0,1.9125,24,24,24
20251008,서초구,2025100720,27.0,17.0,75.41666666666667,60.0,1.5874999999999997,24,24,24
20251008,성동구,2025100720,28.0,18.0,74.79166666666667,60.0,1.5874999999999997,24,24,24
20251008,성북구,2025100720,25.0,14.0,74.79166666666667,30.0,1.9458333333333335,24,24,24
20251008,송파구,2025100720,28.0,18.0,73.95833333333333,60.0,1.5166666666666666,24,24,24
20251008,양천구,2025100720,27.0,17.0,71.875,30.0,1.8999999999999997,24,24,24
20251008,영등포구,2025100720,27.0,17.0,73.33333333333333,30.0,1.7708333333333333,24,24,24
20251008,용산구,2025100720,27.0,17.0,73.95833333333333,30.0,1.6791666666666665,24,24,24
20251008,은평구,2025100720,27.0,16.0,75.83333333333333,30.0,2.025,24,24,24
20251008,종로구,2025100720,27.0,17.0,72.5,30.0,1.8166666666666669,24,24,24
20251008,중구,2025100720,27.0,17.0,72.5,30.0,1.8166666666666669,24,24,24
20251008,중랑구,2025100720,27.0,17.0,72.29166666666667,30.0,1.675,24,24,24
20251009,강남구,2025100820,23.0,18.0,69.79166666666667,20.0,2.525,24,24,24
20251009,강동구,2025100820,22.0,18.0,71.25,20.0,2.704166666666667,24,24,24
20251009,강북구,2025100820,19.0,16.0,71.66666666666667,20.0,2.7708333333333335,24,24,24
20251009,강서구,2025100820,22.0,18.0,72.5,20.0,2.566666666666667,24,24,24
20251009,관악구,2025100820,22.0,19.0,69.375,20.0,2.4333333333333336,24,24,24
20251009,광진구,2025100820,22.0,18.0,68.95833333333333,20.0,2.6666666666666665,24,24,24
20251009,구로구,2025100820,23.0,20.0,65.0,20.0,2.3958333333333335,24,24,24
20251009,금천구,2025100820,22.0,18.0,70.20833333333333,20.0,2.35,24,24,24
20251009,노원구,2025100820,21.0,18.0,73.75,20.0,2.8541666666666665,24,24,24
20251009,도봉구,2025100820,21.0,18.0,73.75,20.0,2.8541666666666665,24,24,24
20251009,동대문구,2025100820,22.0,19.0,69.58333333333333,20.0,2.725,24,24,24
20251009,동작구,2025100820,22.0,19.0,69.375,20.0,2.4333333333333336,24,24,24
20251009,마포구,2025100820,22.0,18.0,70.0,20.0,2.629166666666667,24,24,24
20251009,서대문구,2025100820,22.0,18.0,70.0,20.0,2.629166666666667,24,24,24
20251009,서초구,2025100820,23.0,18.0,69.79166666666667,20.0,2.525,24,24,24
20251009,성동구,2025100820,23.0,17.0,70.0,20.0,2.625,24,24,24
20251009,성북구,2025100820,19.0,16.0,71.66666666666667,20.0,2.7708333333333335,24,24,24
20251009,송파구,2025100820,23.0,18.0,68.54166666666667,20.0,2.5875,24,24,24
20251009,양천구,2025100820,22.0,19.0,69.16666666666667,20.0,2.4875,24,24,24
20251009,영등포구,2025100820,22.0,19.0,70.0,20.0,2.525,24,24,24
20251009,용산구,2025100820,22.0,18.0,70.20833333333333,20.0,2.5708333333333333,24,24,24
20251009,은평구,2025100820,22.0,18.0,71.66666666666667,20.0,2.725,24,24,24
20251009,종로구,2025100820,22.0,18.0,71.45833333333333,20.0,2.6749999999999994,24,24,24
20251009,중구,2025100820,22.0,18.0,71.45833333333333,20.0,2.6749999999999994,24,24,24
20251009,중랑구,2025100820,22.0,18.0,68.54166666666667,20.0,2.7750000000000004,24,24,24
20251010,강남구,2025100920,18.0,17.0,87.70833333333333,60.0,1.8708333333333331,24,24,24
20251010,강동구,2025100920,18.0,16.0,89.58333333333333,60.0,2.0124999999999997,24,24,24
20251010,강북구,2025100920,15.0,14.0,91.25,60.0,1.9791666666666667,24,24,24
20251010,강서구,2025100920,19.0,17.0,89.375,60.0,2.0208333333333335,24,24,24
20251010,관악구,2025100920,18.0,17.0,86.45833333333333,60.0,1.8458333333333332,24,24,24
20251010,광진구,2025100920,18.0,17.0,85.625,60.0,1.9541666666666664,24,24,24
20251010,구로구,2025100920,19.0,17.0,81.25,60.0,1.8791666666666669,24,24,24
20251010,금천구,2025100920,18.0,17.0,88.33333333333333,60.0,1.7999999999999998,24,24,24
20251010,노원구,2025100920,17.0,16.0,95.20833333333331,60.0,2.025,24,24,24
20251010,도봉구,2025100920,17.0,16.0,95.20833333333331,60.0,2.025,24,24,24
20251010,동대문구,2025100920,18.0,17.0,88.75,60.0,1.975,24,24,24
20251010,동작구,2025100920,18.0,17.0,86.45833333333333,60.0,1.8458333333333332,24,24,24
20251010,마포구,2025100920,17.0,16.0,88.75,60.0,1.9875,24,24,24
20251010,서대문구,2025100920,17.0,16.0,88.75,60.0,1.9875,24,24,24
20251010,서초구,2025100920,18.0,17.0,87.70833333333333,60.0,1.8708333333333331,24,24,24
20251010,성동구,2025100920,19.0,15.0,88.33333333333333,60.0,1.9291666666666665,24,24,24
20251010,성북구,2025100920,15.0,14.0,91.25,60.0,1.9791666666666667,24,24,24
20251010,송파구,2025100920,19.0,17.0,86.04166666666667,60.0,1.9208333333333332,24,24,24
20251010,양천구,2025100920,18.0,17.0,85.20833333333333,60.0,1.925,24,24,24
20251010,영등포구,2025100920,18.0,17.0,86.25,60.0,1.9125000000000003,24,24,24
20251010,용산구,2025100920,18.0,17.0,87.91666666666667,60.0,1.8791666666666669,24,24,24
20251010,은평구,2025100920,18.0,16.0,90.625,60.0,2.029166666666667,24,24,24
20251010,종로구,2025100920,18.0,16.0,90.83333333333331,60.0,1.9416666666666669,24,24,24
20251010,중구,2025100920,18.0,16.0,90.83333333333331,60.0,1.9416666666666669,24,24,24
20251010,중랑구,2025100920,18.0,17.0,88.125,60.0,2.025,24,24,24
20251011,강남구,2025101020,22.0,19.0,92.70833333333331,60.0,2.345833333333333,24,24,24
20251011,강동구,2025101020,22.0,18.0,93.95833333333331,60.0,2.220833333333333,24,24,24
20251011,강북구,2025101020,19.0,16.0,96.04166666666669,60.0,2.4666666666666663,24,24,24
20251011,강서구,2025101020,23.0,19.0,94.79166666666669,60.0,2.7083333333333335,24,24,24
20251011,관악구,2025101020,22.0,19.0,91.25,60.0,2.4125,24,24,24
20251011,광진구,2025101020,22.0,19.0,90.0,60.0,2.2416666666666667,24,24,24
20251011,구로구,2025101020,23.0,20.0,86.66666666666667,60.0,2.5041666666666664,24,24,24
20251011,금천구,2025101020,22.0,19.0,93.33333333333331,60.0,2.4458333333333333,24,24,24
20251011,노원구,2025101020,21.0,18.0,98.75,60.0,2.5375,24,24,24
20251011,도봉구,2025101020,21.0,18.0,98.75,60.0,2.5375,24,24,24
20251011,동대문구,2025101020,22.0,19.0,92.08333333333331,60.0,2.3208333333333333,24,24,24
20251011,동작구,2025101020,22.0,19.0,91.25,60.0,2.4125,24,24,24
20251011,마포구,2025101020,22.0,18.0,92.5,60.0,2.4708333333333337,24,24,24
20251011,서대문구,2025101020,22.0,18.0,92.5,60.0,2.4708333333333337,24,24,24
20251011,서초구,2025101020,22.0,19.0,92.70833333333331,60.0,2.345833333333333,24,24,24
20251011,성동구,2025101020,23.0,18.0,92.08333333333331,60.0,2.2708333333333335,24,24,24
20251011,성북구,2025101020,19.0,16.0,96.04166666666669,60.0,2.4666666666666663,24,24,24
20251011,송파구,2025101020,22.0,19.0,90.20833333333331,60.0,2.3291666666666666,24,24,24
20251011,양천구,2025101020,22.0,19.0,91.04166666666669,60.0,2.4791666666666665,24,24,24
20251011,영등포구,2025101020,22.0,19.0,91.875,60.0,2.379166666666667,24,24,24
20251011,용산구,2025101020,22.0,18.0,92.08333333333331,60.0,2.3041666666666667,24,24,24
20251011,은평구,2025101020,22.0,18.0,96.04166666666669,60.0,2.5708333333333333,24,24,24
20251011,종로구,2025101020,22.0,18.0,93.33333333333331,60.0,2.3833333333333333,24,24,24
20251011,중구,2025101020,22.0,18.0,93.33333333333331,60.0,2.3833333333333333,24,24,24
20251011,중랑구,2025101020,22.0,19.0,91.45833333333331,60.0,2.3333333333333335,24,24,24
20251012,강남구,2025101120,23.0,18.0,86.25,30.0,2.0583333333333336,24,24,24
20251012,강동구,2025101120,23.0,18.0,86.875,30.0,2.0625,24,24,24
20251012,강북구,2025101120,20.0,15.0,88.125,30.0,2.129166666666667,24,24,24
20251012,강서구,2025101120,23.0,17.0,87.29166666666667,30.0,2.220833333333333,24,24,24
20251012,관악구,2025101120,23.0,18.0,84.16666666666667,30.0,2.0708333333333333,24,24,24
20251012,광진구,2025101120,23.0,18.0,82.70833333333333,30.0,2.058333333333333,24,24,24
20251012,구로구,2025101120,23.0,18.0,80.41666666666667,30.0,2.1041666666666665,24,24,24
20251012,금천구,2025101120,23.0,17.0,87.29166666666667,30.0,2.025,24,24,24
20251012,노원구,2025101120,22.0,16.0,90.0,30.0,2.225,24,24,24
20251012,도봉구,2025101120,22.0,16.0,90.0,30.0,2.225,24,24,24
20251012,동대문구,2025101120,23.0,18.0,83.95833333333333,30.0,2.108333333333333,24,24,24
20251012,동작구,2025101120,23.0,18.0,84.16666666666667,30.0,2.0708333333333333,24,24,24
20251012,마포구,2025101120,22.0,17.0,85.20833333333333,30.0,2.1374999999999997,24,24,24
20251012,서대문구,2025101120,22.0,17.0,85.20833333333333,30.0,2.1374999999999997,24,24,24
20251012,서초구,2025101120,23.0,18.0,86.25,30.0,2.0583333333333336,24,24,24
20251012,성동구,2025101120,23.0,18.0,85.20833333333333,30.0,2.0708333333333333,24,24,24
20251012,성북구,2025101120,20.0,15.0,88.125,30.0,2.129166666666667,24,24,24
20251012,송파구,2025101120,23.0,18.0,83.95833333333333,30.0,2.0541666666666667,24,24,24
20251012,양천구,2025101120,23.0,18.0,83.54166666666667,30.0,2.158333333333333,24,24,24
20251012,영등포구,2025101120,23.0,18.0,83.95833333333333,30.0,2.1166666666666667,24,24,24
20251012,용산구,2025101120,23.0,18.0,84.79166666666667,30.0,2.079166666666667,24,24,24
20251012,은평구,2025101120,23.0,17.0,88.33333333333333,30.0,2.1791666666666667,24,24,24
20251012,종로구,2025101120,23.0,18.0,85.625,30.0,2.1,24,24,24
20251012,중구,2025101120,23.0,18.0,85.625,30.0,2.1,24,24,24
20251012,중랑구,2025101120,23.0,18.0,83.33333333333333,30.0,2.1166666666666667,24,24,24
20251013,강남구,2025101220,18.0,18.0,88.54166666666667,70.0,2.745833333333333,24,24,24
20251013,강동구,2025101220,18.0,17.0,88.54166666666667,70.0,3.0208333333333335,24,24,24
20251013,강북구,2025101220,15.0,15.0,89.16666666666667,80.0,3.0041666666666664,24,24,24
20251013,강서구,2025101220,18.0,17.0,88.75,70.0,3.0625,24,24,24
20251013,관악구,2025101220,18.0,18.0,87.29166666666667,70.0,2.7458333333333336,24,24,24
20251013,광진구,2025101220,18.0,17.0,85.41666666666667,70.0,2.920833333333333,24,24,24
20251013,구로구,2025101220,19.0,18.0,83.33333333333333,70.0,2.7999999999999994,24,24,24
20251013,금천구,2025101220,19.0,18.0,89.375,70.0,2.6291666666666664,24,24,24
20251013,노원구,2025101220,17.0,17.0,91.25,80.0,3.1291666666666664,24,24,24
20251013,도봉구,2025101220,17.0,17.0,91.25,80.0,3.1291666666666664,24,24,24
20251013,동대문구,2025101220,18.0,17.0,86.45833333333333,70.0,2.9375,24,24,24
20251013,동작구,2025101220,18.0,18.0,87.29166666666667,70.0,2.7458333333333336,24,24,24
20251013,마포구,2025101220,18.0,17.0,88.125,80.0,3.0,24,24,24
20251013,서대문구,2025101220,18.0,17.0,88.125,80.0,3.0,24,24,24
20251013,서초구,2025101220,18.0,18.0,88.54166666666667,70.0,2.745833333333333,24,24,24
20251013,성동구,2025101220,18.0,16.0,87.70833333333333,70.0,2.8666666666666667,24,24,24
20251013,성북구,2025101220,15.0,15.0,89.16666666666667,80.0,3.0041666666666664,24,24,24
20251013,송파구,2025101220,18.0,18.0,86.25,70.0,2.8208333333333333,24,24,24
20251013,양천구,2025101220,18.0,17.0,85.625,70.0,2.9375,24,24,24
20251013,영등포구,2025101220,18.0,17.0,87.29166666666667,80.0,2.9,24,24,24
20251013,용산구,2025101220,18.0,17.0,87.5,80.0,2.8375,24,24,24
20251013,은평구,2025101220,18.0,17.0,89.79166666666667,70.0,3.0833333333333335,24,24,24
20251013,종로구,2025101220,18.0,17.0,88.125,80.0,2.904166666666667,24,24,24
20251013,중구,2025101220,18.0,17.0,88.125,80.0,2.904166666666667,24,24,24
20251013,중랑구,2025101220,18.0,17.0,85.41666666666667,70.0,2.9875000000000003,24,24,24
20251014,강남구,2025101320,20.0,16.0,82.5,70.0,2.4458333333333333,24,24,24
20251014,강동구,2025101320,20.0,16.0,83.33333333333333,70.0,2.6041666666666665,24,24,24
20251014,강북구,2025101320,17.0,14.0,84.375,70.0,2.566666666666667,24,24,24
20251014,강서구,2025101320,20.0,16.0,83.33333333333333,70.0,2.5458333333333334,24,24,24
20251014,관악구,2025101320,20.0,17.0,80.83333333333333,70.0,2.4333333333333336,24,24,24
20251014,광진구,2025101320,20.0,16.0,79.16666666666667,70.0,2.5291666666666663,24,24,24
20251014,구로구,2025101320,20.0,17.0,77.08333333333333,70.0,2.4625,24,24,24
20251014,금천구,2025101320,19.0,16.0,83.33333333333333,70.0,2.3666666666666667,24,24,24
20251014,노원구,2025101320,19.0,16.0,85.20833333333333,80.0,2.6333333333333333,24,24,24
20251014,도봉구,2025101320,19.0,16.0,85.20833333333333,80.0,2.6333333333333333,24,24,24
20251014,동대문구,2025101320,20.0,16.0,80.41666666666667,70.0,2.533333333333333,24,24,24
20251014,동작구,2025101320,20.0,17.0,80.83333333333333,70.0,2.4333333333333336,24,24,24
20251014,마포구,2025101320,19.0,16.0,81.25,70.0,2.5583333333333336,24,24,24
20251014,서대문구,2025101320,19.0,16.0,81.25,70.0,2.5583333333333336,24,24,24
20251014,서초구,2025101320,20.0,16.0,82.5,70.0,2.4458333333333333,24,24,24
20251014,성동구,2025101320,21.0,15.0,82.08333333333333,70.0,2.5124999999999997,24,24,24
20251014,성북구,2025101320,17.0,14.0,84.375,70.0,2.566666666666667,24,24,24
20251014,송파구,2025101320,20.0,16.0,80.625,60.0,2.5124999999999997,24,24,24
20251014,양천구,2025101320,20.0,16.0,79.79166666666667,70.0,2.516666666666667,24,24,24
20251014,영등포구,2025101320,19.0,16.0,80.625,70.0,2.5125,24,24,24
20251014,용산구,2025101320,19.0,16.0,80.83333333333333,70.0,2.4916666666666667,24,24,24
20251014,은평구,2025101320,19.0,15.0,83.54166666666667,70.0,2.6041666666666665,24,24,24
20251014,종로구,2025101320,20.0,15.0,82.5,70.0,2.5166666666666666,24,24,24
20251014,중구,2025101320,20.0,15.0,82.5,70.0,2.5166666666666666,24,24,24
20251014,중랑구,2025101320,20.0,16.0,79.79166666666667,70.0,2.579166666666666,24,24,24
20251015,강남구,2025101420,25.0,16.0,75.20833333333333,60.0,2.2416666666666667,24,24,24
20251015,강동구,2025101420,24.0,15.0,76.875,60.0,2.204166666666667,24,24,24
20251015,강북구,2025101420,22.0,14.0,76.45833333333333,60.0,2.283333333333333,24,24,24
20251015,강서구,2025101420,25.0,16.0,76.04166666666667,60.0,2.358333333333333,24,24,24
20251015,관악구,2025101420,24.0,17.0,73.54166666666667,60.0,2.308333333333333,24,24,24
20251015,광진구,2025101420,24.0,16.0,73.33333333333333,60.0,2.1999999999999997,24,24,24
20251015,구로구,2025101420,25.0,18.0,70.83333333333333,60.0,2.3333333333333335,24,24,24
20251015,금천구,2025101420,24.0,16.0,75.0,60.0,2.3041666666666667,24,24,24
20251015,노원구,2025101420,24.0,16.0,79.16666666666667,60.0,2.3041666666666667,24,24,24
20251015,도봉구,2025101420,24.0,16.0,79.16666666666667,60.0,2.3041666666666667,24,24,24
20251015,동대문구,2025101420,25.0,17.0,73.33333333333333,60.0,2.2708333333333335,24,24,24
20251015,동작구,2025101420,24.0,17.0,73.54166666666667,60.0,2.308333333333333,24,24,24
20251015,마포구,2025101420,24.0,17.0,75.0,60.0,2.3333333333333335,24,24,24
20251015,서대문구,2025101420,24.0,17.0,75.0,60.0,2.3333333333333335,24,24,24
20251015,서초구,2025101420,25.0,16.0,75.20833333333333,60.0,2.2416666666666667,24,24,24
20251015,성동구,2025101420,24.0,16.0,73.95833333333333,60.0,2.25,24,24,24
20251015,성북구,2025101420,22.0,14.0,76.45833333333333,60.0,2.283333333333333,24,24,24
20251015,송파구,2025101420,25.0,16.0,73.75,60.0,2.2333333333333334,24,24,24
20251015,양천구,2025101420,24.0,17.0,73.95833333333333,60.0,2.345833333333333,24,24,24
20251015,영등포구,2025101420,24.0,17.0,75.0,60.0,2.3291666666666666,24,24,24
20251015,용산구,2025101420,24.0,16.0,75.625,60.0,2.279166666666667,24,24,24
20251015,은평구,2025101420,24.0,16.0,77.29166666666667,60.0,2.3041666666666667,24,24,24
20251015,종로구,2025101420,24.0,16.0,75.41666666666667,60.0,2.2916666666666665,24,24,24
20251015,중구,2025101420,24.0,16.0,75.41666666666667,60.0,2.2916666666666665,24,24,24
20251015,중랑구,2025101420,25.0,16.0,73.125,60.0,2.2708333333333335,24,24,24
20251016,강남구,2025101520,24.0,17.0,81.04166666666667,60.0,1.6541666666666668,24,24,24
20251016,강동구,2025101520,23.0,16.0,81.875,60.0,1.7166666666666668,24,24,24
20251016,강북구,2025101520,21.0,14.0,81.25,60.0,1.6291666666666669,24,24,24
20251016,강서구,2025101520,24.0,17.0,80.83333333333333,60.0,1.6000000000000003,24,24,24
20251016,관악구,2025101520,24.0,17.0,78.75,60.0,1.6125,24,24,24
20251016,광진구,2025101520,23.0,17.0,79.58333333333333,60.0,1.6625,24,24,24
20251016,구로구,2025101520,24.0,18.0,75.83333333333333,60.0,1.5833333333333333,24,24,24
20251016,금천구,2025101520,24.0,17.0,80.20833333333333,60.0,1.616666666666667,24,24,24
20251016,노원구,2025101520,23.0,16.0,84.16666666666667,60.0,1.6625,24,24,24
20251016,도봉구,2025101520,23.0,16.0,84.16666666666667,60.0,1.6625,24,24,24
20251016,동대문구,2025101520,24.0,17.0,79.375,60.0,1.6458333333333333,24,24,24
20251016,동작구,2025101520,24.0,17.0,78.75,60.0,1.6125,24,24,24
20251016,마포구,2025101520,23.0,17.0,79.58333333333333,60.0,1.6083333333333334,24,24,24
20251016,서대문구,2025101520,23.0,17.0,79.58333333333333,60.0,1.6083333333333334,24,24,24
20251016,서초구,2025101520,24.0,17.0,81.04166666666667,60.0,1.6541666666666668,24,24,24
20251016,성동구,2025101520,24.0,16.0,81.45833333333333,60.0,1.6416666666666666,24,24,24
20251016,성북구,2025101520,21.0,14.0,81.25,60.0,1.6291666666666669,24,24,24
20251016,송파구,2025101520,24.0,17.0,79.58333333333333,60.0,1.7,24,24,24
20251016,양천구,2025101520,24.0,17.0,78.75,60.0,1.5958333333333332,24,24,24
20251016,영등포구,2025101520,23.0,17.0,79.375,60.0,1.6041666666666667,24,24,24
20251016,용산구,2025101520,23.0,17.0,80.20833333333333,60.0,1.6083333333333334,24,24,24
20251016,은평구,2025101520,24.0,16.0,81.66666666666667,60.0,1.6125,24,24,24
20251016,종로구,2025101520,23.0,17.0,80.83333333333333,60.0,1.6125,24,24,24
20251016,중구,2025101520,23.0,17.0,80.83333333333333,60.0,1.6125,24,24,24
20251016,중랑구,2025101520,24.0,17.0,79.16666666666667,60.0,1.6791666666666665,24,24,24
20251017,강남구,2025101620,24.0,16.0,75.625,60.0,2.0,24,24,24
20251017,강동구,2025101620,24.0,14.0,76.45833333333333,60.0,2.0124999999999997,24,24,24
20251017,강북구,2025101620,21.0,13.0,76.66666666666667,60.0,1.9958333333333331,24,24,24
20251017,강서구,2025101620,25.0,16.0,77.70833333333333,60.0,1.875,24,24,24
20251017,관악구,2025101620,24.0,16.0,75.0,60.0,1.95,24,24,24
20251017,광진구,2025101620,23.0,16.0,73.95833333333333,60.0,1.9708333333333332,24,24,24
20251017,구로구,2025101620,24.0,15.0,71.66666666666667,60.0,1.9208333333333336,24,24,24
20251017,금천구,2025101620,24.0,14.0,76.25,60.0,2.058333333333333,24,24,24
20251017,노원구,2025101620,23.0,15.0,79.58333333333333,60.0,2.0625,24,24,24
20251017,도봉구,2025101620,23.0,15.0,79.58333333333333,60.0,2.0625,24,24,24
20251017,동대문구,2025101620,24.0,16.0,74.375,60.0,1.9958333333333331,24,24,24
20251017,동작구,2025101620,24.0,16.0,75.0,60.0,1.95,24,24,24
20251017,마포구,2025101620,23.0,16.0,75.83333333333333,60.0,1.9041666666666668,24,24,24
20251017,서대문구,2025101620,23.0,16.0,75.83333333333333,60.0,1.9041666666666668,24,24,24
20251017,서초구,2025101620,24.0,16.0,75.625,60.0,2.0,24,24,24
20251017,성동구,2025101620,24.0,16.0,74.58333333333333,60.0,1.929166666666667,24,24,24
20251017,성북구,2025101620,21.0,13.0,76.66666666666667,60.0,1.9958333333333331,24,24,24
20251017,송파구,2025101620,24.0,16.0,74.58333333333333,60.0,2.029166666666667,24,24,24
20251017,양천구,2025101620,24.0,16.0,74.58333333333333,60.0,1.8458333333333337,24,24,24
20251017,영등포구,2025101620,24.0,16.0,75.625,60.0,1.8666666666666665,24,24,24
20251017,용산구,2025101620,23.0,16.0,76.45833333333333,60.0,1.8791666666666669,24,24,24
20251017,은평구,2025101620,24.0,16.0,77.08333333333333,60.0,1.9541666666666668,24,24,24
20251017,종로구,2025101620,24.0,16.0,75.625,60.0,1.9375,24,24,24
20251017,중구,2025101620,24.0,16.0,75.625,60.0,1.9375,24,24,24
20251017,중랑구,2025101620,24.0,15.0,73.54166666666667,60.0,2.0208333333333335,24,24,24
20251018,강남구,2025101720,19.0,16.0,78.95833333333333,64.0,2.0875,24,24,24
20251018,강동구,2025101720,20.0,16.0,79.58333333333333,62.0,1.9916666666666665,24,24,24
20251018,강북구,2025101720,17.0,13.0,78.95833333333333,70.0,2.345833333333333,24,24,24
20251018,강서구,2025101720,19.0,15.0,78.33333333333333,68.0,2.529166666666667,24,24,24
20251018,관악구,2025101720,19.0,15.0,77.70833333333333,69.0,2.220833333333333,24,24,24
20251018,광진구,2025101720,19.0,16.0,75.625,62.0,2.025,24,24,24
20251018,구로구,2025101720,19.0,16.0,74.375,70.0,2.2916666666666665,24,24,24
20251018,금천구,2025101720,18.0,15.0,78.54166666666667,67.0,2.1999999999999997,24,24,24
20251018,노원구,2025101720,19.0,15.0,82.29166666666667,68.0,2.3833333333333333,24,24,24
20251018,도봉구,2025101720,19.0,15.0,82.29166666666667,68.0,2.3833333333333333,24,24,24
20251018,동대문구,2025101720,19.0,16.0,75.83333333333333,64.0,2.1708333333333334,24,24,24
20251018,동작구,2025101720,19.0,15.0,77.70833333333333,69.0,2.220833333333333,24,24,24
20251018,마포구,2025101720,19.0,15.0,78.75,71.0,2.3333333333333335,24,24,24
20251018,서대문구,2025101720,19.0,15.0,78.75,71.0,2.3333333333333335,24,24,24
20251018,서초구,2025101720,19.0,16.0,78.95833333333333,64.0,2.0875,24,24,24
20251018,성동구,2025101720,20.0,16.0,76.875,63.0,2.0708333333333333,24,24,24
20251018,성북구,2025101720,17.0,13.0,78.95833333333333,70.0,2.345833333333333,24,24,24
20251018,송파구,2025101720,20.0,16.0,77.29166666666667,63.0,2.025,24,24,24
20251018,양천구,2025101720,18.0,15.0,76.66666666666667,68.0,2.316666666666667,24,24,24
20251018,영등포구,2025101720,18.0,15.0,78.33333333333333,70.0,2.2333333333333334,24,24,24
20251018,용산구,2025101720,19.0,15.0,78.95833333333333,66.0,2.15,24,24,24
20251018,은평구,2025101720,19.0,15.0,79.375,74.0,2.3874999999999997,24,24,24
20251018,종로구,2025101720,19.0,16.0,75.83333333333333,68.0,2.25,24,24,24
20251018,중구,2025101720,19.0,16.0,75.83333333333333,68.0,2.25,24,24,24
20251018,중랑구,2025101720,19.0,16.0,75.0,63.0,2.1375,24,24,24
20251019,강남구,2025101820,19.0,13.0,74.375,30.0,2.0416666666666665,24,24,24
20251019,강동구,2025101820,19.0,12.0,75.41666666666667,30.0,2.1666666666666665,24,24,24
20251019,강북구,2025101820,16.0,10.0,74.58333333333333,30.0,2.125,24,24,24
20251019,강서구,2025101820,19.0,12.0,74.58333333333333,30.0,2.1875,24,24,24
20251019,관악구,2025101820,19.0,12.0,72.70833333333333,30.0,2.0166666666666666,24,24,24
20251019,광진구,2025101820,19.0,13.0,73.33333333333333,30.0,2.05,24,24,24
20251019,구로구,2025101820,19.0,12.0,69.16666666666667,30.0,2.0541666666666667,24,24,24
20251019,금천구,2025101820,19.0,12.0,74.79166666666667,30.0,2.0500000000000003,24,24,24
20251019,노원구,2025101820,19.0,12.0,77.70833333333333,30.0,2.2541666666666664,24,24,24
20251019,도봉구,2025101820,19.0,12.0,77.70833333333333,30.0,2.2541666666666664,24,24,24
20251019,동대문구,2025101820,19.0,13.0,72.29166666666667,30.0,2.083333333333333,24,24,24
20251019,동작구,2025101820,19.0,12.0,72.70833333333333,30.0,2.0166666666666666,24,24,24
20251019,마포구,2025101820,19.0,12.0,73.75,30.0,2.095833333333333,24,24,24
20251019,서대문구,2025101820,19.0,12.0,73.75,30.0,2.095833333333333,24,24,24
20251019,서초구,2025101820,19.0,13.0,74.375,30.0,2.0416666666666665,24,24,24
20251019,성동구,2025101820,20.0,13.0,74.375,30.0,2.0,24,24,24
20251019,성북구,2025101820,16.0,10.0,74.58333333333333,30.0,2.125,24,24,24
20251019,송파구,2025101820,19.0,13.0,73.33333333333333,30.0,2.108333333333333,24,24,24
20251019,양천구,2025101820,18.0,12.0,72.70833333333333,30.0,2.0458333333333334,24,24,24
20251019,영등포구,2025101820,19.0,12.0,74.375,30.0,2.0208333333333335,24,24,24
20251019,용산구,2025101820,19.0,12.0,75.0,30.0,1.9791666666666667,24,24,24
20251019,은평구,2025101820,19.0,12.0,74.79166666666667,30.0,2.1416666666666666,24,24,24
20251019,종로구,2025101820,19.0,13.0,74.16666666666667,30.0,2.058333333333333,24,24,24
20251019,중구,2025101820,19.0,13.0,74.16666666666667,30.0,2.058333333333333,24,24,24
20251019,중랑구,2025101820,19.0,13.0,71.45833333333333,30.0,2.1458333333333335,24,24,24
20251020,강남구,2025101920,15.0,5.0,64.79166666666667,30.0,2.2666666666666666,24,24,24
20251020,강동구,2025101920,15.0,5.0,68.125,30.0,2.045833333333333,24,24,24
20251020,강북구,2025101920,12.0,2.0,62.916666666666664,30.0,2.65,24,24,24
20251020,강서구,2025101920,15.0,4.0,61.458333333333336,30.0,2.883333333333333,24,24,24
20251020,관악구,2025101920,15.0,4.0,62.916666666666664,30.0,2.5083333333333333,24,24,24
20251020,광진구,2025101920,15.0,5.0,64.58333333333333,30.0,2.154166666666667,24,24,24
20251020,구로구,2025101920,15.0,4.0,57.5,30.0,2.6249999999999996,24,24,24
20251020,금천구,2025101920,14.0,4.0,63.333333333333336,30.0,2.5083333333333333,24,24,24
20251020,노원구,2025101920,15.0,4.0,66.875,30.0,2.6541666666666663,24,24,24
20251020,도봉구,2025101920,15.0,4.0,66.875,30.0,2.6541666666666663,24,24,24
20251020,동대문구,2025101920,15.0,4.0,62.5,30.0,2.404166666666667,24,24,24
20251020,동작구,2025101920,15.0,4.0,62.916666666666664,30.0,2.5083333333333333,24,24,24
20251020,마포구,2025101920,14.0,4.0,63.125,30.0,2.654166666666667,24,24,24
20251020,서대문구,2025101920,14.0,4.0,63.125,30.0,2.654166666666667,24,24,24
20251020,서초구,2025101920,15.0,5.0,64.79166666666667,30.0,2.2666666666666666,24,24,24
20251020,성동구,2025101920,15.0,6.0,65.41666666666667,30.0,2.2583333333333333,24,24,24
20251020,성북구,2025101920,12.0,2.0,62.916666666666664,30.0,2.65,24,24,24
20251020,송파구,2025101920,16.0,5.0,64.375,30.0,2.170833333333333,24,24,24
20251020,양천구,2025101920,14.0,4.0,61.875,30.0,2.6583333333333337,24,24,24
20251020,영등포구,2025101920,14.0,4.0,63.958333333333336,30.0,2.525,24,24,24
20251020,용산구,2025101920,14.0,4.0,65.20833333333333,30.0,2.3833333333333333,24,24,24
20251020,은평구,2025101920,15.0,4.0,63.958333333333336,30.0,2.725,24,24,24
20251020,종로구,2025101920,15.0,5.0,62.708333333333336,30.0,2.533333333333333,24,24,24
20251020,중구,2025101920,15.0,5.0,62.708333333333336,30.0,2.533333333333333,24,24,24
20251020,중랑구,2025101920,15.0,4.0,62.916666666666664,30.0,2.2583333333333333,24,24,24
20251021,강남구,2025102020,15.0,5.0,60.65217391304348,20.0,2.0583333333333336,24,24,24
20251021,강동구,2025102020,15.0,5.0,62.608695652173914,20.0,1.9083333333333332,24,24,24
20251021,강북구,2025102020,12.0,2.0,57.17391304347826,20.0,2.4833333333333334,24,24,24
20251021,강서구,2025102020,14.0,3.0,57.82608695652174,20.0,2.6333333333333333,24,24,24
20251021,관악구,2025102020,14.0,4.0,58.69565217391305,20.0,2.2624999999999997,24,24,24
20251021,광진구,2025102020,15.0,5.0,58.26086956521739,20.0,1.9583333333333333,24,24,24
20251021,구로구,2025102020,15.0,4.0,54.56521739130435,20.0,2.3583333333333334,24,24,24
20251021,금천구,2025102020,14.0,3.0,59.78260869565217,20.0,2.275,24,24,24
20251021,노원구,2025102020,15.0,3.0,61.30434782608695,20.0,2.533333333333333,24,24,24
20251021,도봉구,2025102020,15.0,3.0,61.30434782608695,20.0,2.533333333333333,24,24,24
20251021,동대문구,2025102020,15.0,5.0,56.52173913043478,20.0,2.225,24,24,24
20251021,동작구,2025102020,14.0,4.0,58.69565217391305,20.0,2.2624999999999997,24,24,24
20251021,마포구,2025102020,14.0,4.0,58.04347826086956,20.0,2.404166666666667,24,24,24
20251021,서대문구,2025102020,14.0,4.0,58.04347826086956,20.0,2.404166666666667,24,24,24
20251021,서초구,2025102020,15.0,5.0,60.65217391304348,20.0,2.0583333333333336,24,24,24
20251021,성동구,2025102020,16.0,6.0,59.34782608695652,20.0,2.075,24,24,24
20251021,성북구,2025102020,12.0,2.0,57.17391304347826,20.0,2.4833333333333334,24,24,24
20251021,송파구,2025102020,15.0,5.0,58.69565217391305,20.0,1.9708333333333337,24,24,24
20251021,양천구,2025102020,14.0,3.0,57.82608695652174,20.0,2.3833333333333333,24,24,24
20251021,영등포구,2025102020,14.0,4.0,59.56521739130435,20.0,2.283333333333333,24,24,24
20251021,용산구,2025102020,14.0,4.0,60.0,20.0,2.1750000000000003,24,24,24
20251021,은평구,2025102020,14.0,3.0,59.34782608695652,20.0,2.533333333333333,24,24,24
20251021,종로구,2025102020,15.0,4.0,57.391304347826086,20.0,2.316666666666667,24,24,24
20251021,중구,2025102020,15.0,4.0,57.391304347826086,20.0,2.316666666666667,24,24,24
20251021,중랑구,2025102020,15.0,4.0,56.73913043478261,20.0,2.1291666666666664,24,24,24
20251022,강남구,2025102120,18.0,5.0,77.70833333333333,30.0,1.4249999999999998,24,24,24
20251022,강동구,2025102120,18.0,6.0,79.58333333333333,30.0,1.4583333333333333,24,24,24
20251022,강북구,2025102120,16.0,3.0,78.54166666666667,30.0,1.6875,24,24,24
20251022,강서구,2025102120,18.0,5.0,76.45833333333333,30.0,1.7458333333333331,24,24,24
20251022,관악구,2025102120,18.0,4.0,76.66666666666667,30.0,1.4541666666666666,24,24,24
20251022,광진구,2025102120,18.0,5.0,75.625,30.0,1.4083333333333332,24,24,24
20251022,구로구,2025102120,18.0,4.0,72.08333333333333,30.0,1.5291666666666668,24,24,24
20251022,금천구,2025102120,17.0,4.0,77.5,30.0,1.4791666666666667,24,24,24
20251022,노원구,2025102120,18.0,4.0,81.25,30.0,1.8125,24,24,24
20251022,도봉구,2025102120,18.0,4.0,81.25,30.0,1.8125,24,24,24
20251022,동대문구,2025102120,18.0,5.0,76.04166666666667,30.0,1.5416666666666667,24,24,24
20251022,동작구,2025102120,18.0,4.0,76.66666666666667,30.0,1.4541666666666666,24,24,24
20251022,마포구,2025102120,18.0,5.0,77.29166666666667,30.0,1.5916666666666668,24,24,24
20251022,서대문구,2025102120,18.0,5.0,77.29166666666667,30.0,1.5916666666666668,24,24,24
20251022,서초구,2025102120,18.0,5.0,77.70833333333333,30.0,1.4249999999999998,24,24,24
20251022,성동구,2025102120,19.0,6.0,77.70833333333333,30.0,1.4,24,24,24
20251022,성북구,2025102120,16.0,3.0,78.54166666666667,30.0,1.6875,24,24,24
20251022,송파구,2025102120,19.0,6.0,77.5,30.0,1.4375,24,24,24
20251022,양천구,2025102120,18.0,4.0,75.41666666666667,30.0,1.5416666666666667,24,24,24
20251022,영등포구,2025102120,18.0,5.0,77.08333333333333,30.0,1.4541666666666666,24,24,24
20251022,용산구,2025102120,18.0,5.0,77.70833333333333,30.0,1.4166666666666667,24,24,24
20251022,은평구,2025102120,18.0,5.0,78.54166666666667,30.0,1.7166666666666668,24,24,24
20251022,종로구,2025102120,18.0,6.0,77.70833333333333,30.0,1.5541666666666665,24,24,24
20251022,중구,2025102120,18.0,6.0,77.70833333333333,30.0,1.5541666666666665,24,24,24
20251022,중랑구,2025102120,18.0,5.0,75.41666666666667,30.0,1.5333333333333332,24,24,24
20251023,강남구,2025102220,18.0,12.0,85.625,30.0,1.3666666666666665,24,24,24
20251023,강동구,2025102220,18.0,12.0,87.91666666666667,30.0,1.4166666666666667,24,24,24
20251023,강북구,2025102220,15.0,9.0,88.95833333333333,30.0,1.5458333333333334,24,24,24
20251023,강서구,2025102220,19.0,11.0,85.20833333333333,30.0,1.7124999999999997,24,24,24
20251023,관악구,2025102220,18.0,12.0,82.70833333333333,30.0,1.4416666666666664,24,24,24
20251023,광진구,2025102220,18.0,12.0,84.16666666666667,30.0,1.3416666666666668,24,24,24
20251023,구로구,2025102220,19.0,13.0,76.66666666666667,30.0,1.5375,24,24,24
20251023,금천구,2025102220,18.0,12.0,84.58333333333333,30.0,1.4833333333333334,24,24,24
20251023,노원구,2025102220,18.0,11.0,91.45833333333331,30.0,1.6,24,24,24
20251023,도봉구,2025102220,18.0,11.0,91.45833333333331,30.0,1.6,24,24,24
20251023,동대문구,2025102220,18.0,12.0,85.625,30.0,1.4041666666666668,24,24,24
20251023,동작구,2025102220,18.0,12.0,82.70833333333333,30.0,1.4416666666666664,24,24,24
20251023,마포구,2025102220,18.0,12.0,84.79166666666667,30.0,1.5166666666666666,24,24,24
20251023,서대문구,2025102220,18.0,12.0,84.79166666666667,30.0,1.5166666666666666,24,24,24
20251023,서초구,2025102220,18.0,12.0,85.625,30.0,1.3666666666666665,24,24,24
20251023,성동구,2025102220,19.0,12.0,87.29166666666667,30.0,1.325,24,24,24
20251023,성북구,2025102220,15.0,9.0,88.95833333333333,30.0,1.5458333333333334,24,24,24
20251023,송파구,2025102220,19.0,12.0,85.20833333333333,30.0,1.3708333333333331,24,24,24
20251023,양천구,2025102220,18.0,12.0,81.45833333333333,30.0,1.5458333333333332,24,24,24
20251023,영등포구,2025102220,18.0,12.0,83.125,30.0,1.4291666666666665,24,24,24
20251023,용산구,2025102220,18.0,12.0,85.20833333333333,30.0,1.3625,24,24,24
20251023,은평구,2025102220,18.0,11.0,87.70833333333333,30.0,1.6,24,24,24
20251023,종로구,2025102220,18.0,12.0,87.08333333333333,30.0,1.4416666666666664,24,24,24
20251023,중구,2025102220,18.0,12.0,87.08333333333333,30.0,1.4416666666666664,24,24,24
20251023,중랑구,2025102220,18.0,12.0,85.625,30.0,1.4333333333333336,24,24,24
20251024,강남구,2025102320,20.0,11.0,77.08333333333333,30.0,2.533333333333333,24,24,24
20251024,강동구,2025102320,19.0,11.0,78.75,30.0,2.8249999999999997,24,24,24
20251024,강북구,2025102320,17.0,8.0,79.16666666666667,30.0,2.6583333333333337,24,24,24
20251024,강서구,2025102320,20.0,10.0,78.75,30.0,2.4,24,24,24
20251024,관악구,2025102320,20.0,11.0,75.625,30.0,2.3958333333333335,24,24,24
20251024,광진구,2025102320,19.0,11.0,74.58333333333333,30.0,2.6875,24,24,24
20251024,구로구,2025102320,20.0,11.0,71.04166666666667,30.0,2.358333333333333,24,24,24
20251024,금천구,2025102320,19.0,10.0,77.91666666666667,30.0,2.3625000000000003,24,24,24
20251024,노원구,2025102320,19.0,9.0,82.29166666666667,30.0,2.9250000000000003,24,24,24
20251024,도봉구,2025102320,19.0,9.0,82.29166666666667,30.0,2.9250000000000003,24,24,24
20251024,동대문구,2025102320,19.0,11.0,75.41666666666667,30.0,2.6875,24,24,24
20251024,동작구,2025102320,20.0,11.0,75.625,30.0,2.3958333333333335,24,24,24
20251024,마포구,2025102320,19.0,10.0,77.08333333333333,30.0,2.4833333333333334,24,24,24
20251024,서대문구,2025102320,19.0,10.0,77.08333333333333,30.0,2.4833333333333334,24,24,24
20251024,서초구,2025102320,20.0,11.0,77.08333333333333,30.0,2.533333333333333,24,24,24
20251024,성동구,2025102320,20.0,11.0,77.08333333333333,30.0,2.5749999999999997,24,24,24
20251024,성북구,2025102320,17.0,8.0,79.16666666666667,30.0,2.6583333333333337,24,24,24
20251024,송파구,2025102320,20.0,11.0,76.04166666666667,30.0,2.6291666666666664,24,24,24
20251024,양천구,2025102320,19.0,10.0,75.625,30.0,2.375,24,24,24
20251024,영등포구,2025102320,19.0,11.0,76.45833333333333,30.0,2.404166666666667,24,24,24
20251024,용산구,2025102320,19.0,11.0,77.08333333333333,30.0,2.4791666666666665,24,24,24
20251024,은평구,2025102320,19.0,10.0,80.41666666666667,30.0,2.5875000000000004,24,24,24
20251024,종로구,2025102320,20.0,11.0,77.70833333333333,30.0,2.5625,24,24,24
20251024,중구,2025102320,20.0,11.0,77.70833333333333,30.0,2.5625,24,24,24
20251024,중랑구,2025102320,19.0,11.0,73.75,30.0,2.8333333333333335,24,24,24
20251025,강남구,2025102420,19.0,12.0,77.91666666666667,30.0,1.6083333333333332,24,24,24
20251025,강동구,2025102420,18.0,12.0,79.58333333333333,30.0,1.6083333333333334,24,24,24
20251025,강북구,2025102420,16.0,10.0,78.75,30.0,1.7625,24,24,24
20251025,강서구,2025102420,19.0,12.0,76.66666666666667,30.0,1.875,24,24,24
20251025,관악구,2025102420,18.0,12.0,76.04166666666667,30.0,1.6833333333333331,24,24,24
20251025,광진구,2025102420,18.0,13.0,75.0,30.0,1.575,24,24,24
20251025,구로구,2025102420,19.0,13.0,71.25,30.0,1.7791666666666668,24,24,24
20251025,금천구,2025102420,18.0,12.0,78.125,30.0,1.7250000000000003,24,24,24
20251025,노원구,2025102420,19.0,11.0,80.41666666666667,30.0,1.8416666666666668,24,24,24
20251025,도봉구,2025102420,19.0,11.0,80.41666666666667,30.0,1.8416666666666668,24,24,24
20251025,동대문구,2025102420,18.0,12.0,75.20833333333333,30.0,1.6708333333333334,24,24,24
20251025,동작구,2025102420,18.0,12.0,76.04166666666667,30.0,1.6833333333333331,24,24,24
20251025,마포구,2025102420,18.0,12.0,77.29166666666667,30.0,1.7333333333333336,24,24,24
20251025,서대문구,2025102420,18.0,12.0,77.29166666666667,30.0,1.7333333333333336,24,24,24
20251025,서초구,2025102420,19.0,12.0,77.91666666666667,30.0,1.6083333333333332,24,24,24
20251025,성동구,2025102420,18.0,13.0,76.45833333333333,30.0,1.5708333333333335,24,24,24
20251025,성북구,2025102420,16.0,10.0,78.75,30.0,1.7625,24,24,24
20251025,송파구,2025102420,19.0,13.0,75.625,30.0,1.5875,24,24,24
20251025,양천구,2025102420,18.0,12.0,74.79166666666667,30.0,1.7458333333333331,24,24,24
20251025,영등포구,2025102420,18.0,12.0,76.25,30.0,1.6791666666666665,24,24,24
20251025,용산구,2025102420,18.0,12.0,77.29166666666667,30.0,1.6125,24,24,24
20251025,은평구,2025102420,18.0,12.0,79.375,30.0,1.8125,24,24,24
20251025,종로구,2025102420,18.0,13.0,76.45833333333333,30.0,1.679166666666667,24,24,24
20251025,중구,2025102420,18.0,13.0,76.45833333333333,30.0,1.679166666666667,24,24,24
20251025,중랑구,2025102420,18.0,12.0,74.58333333333333,30.0,1.6833333333333331,24,24,24
20251026,강남구,2025102520,17.0,10.0,70.41666666666667,60.0,1.9541666666666664,24,24,24
20251026,강동구,2025102520,17.0,10.0,70.20833333333333,30.0,1.9333333333333331,24,24,24
20251026,강북구,2025102520,14.0,7.0,70.20833333333333,60.0,2.216666666666667,24,24,24
20251026,강서구,2025102520,17.0,10.0,70.41666666666667,60.0,2.1999999999999997,24,24,24
20251026,관악구,2025102520,17.0,10.0,68.95833333333333,60.0,2.0333333333333337,24,24,24
20251026,광진구,2025102520,17.0,10.0,67.08333333333333,60.0,1.9125000000000003,24,24,24
20251026,구로구,2025102520,17.0,10.0,64.375,60.0,2.079166666666667,24,24,24
20251026,금천구,2025102520,16.0,10.0,71.45833333333333,60.0,2.029166666666667,24,24,24
20251026,노원구,2025102520,16.0,9.0,73.125,60.0,2.2874999999999996,24,24,24
20251026,도봉구,2025102520,16.0,9.0,73.125,60.0,2.2874999999999996,24,24,24
20251026,동대문구,2025102520,17.0,10.0,66.875,60.0,2.0749999999999997,24,24,24
20251026,동작구,2025102520,17.0,10.0,68.95833333333333,60.0,2.0333333333333337,24,24,24
20251026,마포구,2025102520,16.0,10.0,68.95833333333333,60.0,2.1458333333333335,24,24,24
20251026,서대문구,2025102520,16.0,10.0,68.95833333333333,60.0,2.1458333333333335,24,24,24
20251026,서초구,2025102520,17.0,10.0,70.41666666666667,60.0,1.9541666666666664,24,24,24
20251026,성동구,2025102520,18.0,11.0,70.41666666666667,60.0,1.9666666666666668,24,24,24
20251026,성북구,2025102520,14.0,7.0,70.20833333333333,60.0,2.216666666666667,24,24,24
20251026,송파구,2025102520,18.0,11.0,68.33333333333333,60.0,1.925,24,24,24
20251026,양천구,2025102520,16.0,10.0,67.29166666666667,60.0,2.0875,24,24,24
20251026,영등포구,2025102520,16.0,10.0,69.375,60.0,2.0416666666666665,24,24,24
20251026,용산구,2025102520,16.0,10.0,69.79166666666667,60.0,2.004166666666667,24,24,24
20251026,은평구,2025102520,16.0,10.0,71.875,60.0,2.2375000000000003,24,24,24
20251026,종로구,2025102520,17.0,10.0,70.0,60.0,2.129166666666667,24,24,24
20251026,중구,2025102520,17.0,10.0,70.0,60.0,2.129166666666667,24,24,24
20251026,중랑구,2025102520,17.0,10.0,66.66666666666667,30.0,2.0083333333333333,24,24,24
20251027,강남구,2025102620,11.0,3.0,50.0,20.0,2.9708333333333337,24,24,24
20251027,강동구,2025102620,11.0,3.0,50.833333333333336,0.0,2.9958333333333336,24,24,24
20251027,강북구,2025102620,8.0,0.0,49.375,20.0,3.233333333333333,24,24,24
20251027,강서구,2025102620,12.0,3.0,48.541666666666664,20.0,3.3000000000000003,24,24,24
20251027,관악구,2025102620,10.0,3.0,47.916666666666664,20.0,3.045833333333333,24,24,24
20251027,광진구,2025102620,11.0,3.0,48.125,20.0,2.9249999999999994,24,24,24
20251027,구로구,2025102620,11.0,4.0,42.5,20.0,3.0708333333333333,24,24,24
20251027,금천구,2025102620,10.0,3.0,49.166666666666664,20.0,3.0666666666666664,24,24,24
20251027,노원구,2025102620,10.0,2.0,50.625,20.0,3.3250000000000006,24,24,24
20251027,도봉구,2025102620,10.0,2.0,50.625,20.0,3.3250000000000006,24,24,24
20251027,동대문구,2025102620,11.0,3.0,46.25,20.0,3.0499999999999994,24,24,24
20251027,동작구,2025102620,10.0,3.0,47.916666666666664,20.0,3.045833333333333,24,24,24
20251027,마포구,2025102620,10.0,3.0,48.75,20.0,3.1666666666666665,24,24,24
20251027,서대문구,2025102620,10.0,3.0,48.75,20.0,3.1666666666666665,24,24,24
20251027,서초구,2025102620,11.0,3.0,50.0,20.0,2.9708333333333337,24,24,24
20251027,성동구,2025102620,11.0,4.0,50.0,20.0,2.9416666666666664,24,24,24
20251027,성북구,2025102620,8.0,0.0,49.375,20.0,3.233333333333333,24,24,24
20251027,송파구,2025102620,11.0,4.0,48.333333333333336,20.0,2.945833333333333,24,24,24
20251027,양천구,2025102620,11.0,3.0,47.5,20.0,3.1,24,24,24
20251027,영등포구,2025102620,10.0,3.0,49.791666666666664,20.0,3.045833333333333,24,24,24
20251027,용산구,2025102620,10.0,3.0,50.416666666666664,20.0,2.991666666666667,24,24,24
20251027,은평구,2025102620,10.0,2.0,50.625,20.0,3.295833333333333,24,24,24
20251027,종로구,2025102620,10.0,4.0,48.958333333333336,20.0,3.0875,24,24,24
20251027,중구,2025102620,10.0,4.0,48.958333333333336,20.0,3.0875,24,24,24
20251027,중랑구,2025102620,11.0,3.0,45.833333333333336,20.0,3.0041666666666664,24,24,24
20251028,강남구,2025102720,12.0,1.0,58.125,20.0,1.0375,24,24,24
20251028,강동구,2025102720,13.0,1.0,58.125,20.0,0.85,24,24,24
20251028,강북구,2025102720,10.0,-2.0,57.916666666666664,20.0,0.9,24,24,24
20251028,강서구,2025102720,13.0,0.0,59.166666666666664,20.0,1.6625000000000003,24,24,24
20251028,관악구,2025102720,12.0,1.0,58.125,20.0,1.3208333333333333,24,24,24
20251028,광진구,2025102720,13.0,1.0,54.791666666666664,20.0,0.8916666666666666,24,24,24
20251028,구로구,2025102720,13.0,1.0,53.958333333333336,20.0,1.5333333333333332,24,24,24
20251028,금천구,2025102720,12.0,0.0,59.791666666666664,20.0,1.4,24,24,24
20251028,노원구,2025102720,12.0,0.0,60.625,30.0,0.8375,24,24,24
20251028,도봉구,2025102720,12.0,0.0,60.625,30.0,0.8375,24,24,24
20251028,동대문구,2025102720,12.0,1.0,54.375,20.0,0.8375,24,24,24
20251028,동작구,2025102720,12.0,1.0,58.125,20.0,1.3208333333333333,24,24,24
20251028,마포구,2025102720,12.0,1.0,58.541666666666664,20.0,1.1333333333333333,24,24,24
20251028,서대문구,2025102720,12.0,1.0,58.541666666666664,20.0,1.1333333333333333,24,24,24
20251028,서초구,2025102720,12.0,1.0,58.125,20.0,1.0375,24,24,24
20251028,성동구,2025102720,13.0,2.0,57.291666666666664,20.0,0.9458333333333334,24,24,24
20251028,성북구,2025102720,10.0,-2.0,57.916666666666664,20.0,0.9,24,24,24
20251028,송파구,2025102720,13.0,2.0,56.041666666666664,20.0,0.9583333333333334,24,24,24
20251028,양천구,2025102720,12.0,1.0,57.5,20.0,1.475,24,24,24
20251028,영등포구,2025102720,12.0,1.0,59.166666666666664,20.0,1.2291666666666667,24,24,24
20251028,용산구,2025102720,12.0,1.0,58.958333333333336,20.0,1.0875,24,24,24
20251028,은평구,2025102720,12.0,0.0,60.416666666666664,20.0,1.0458333333333332,24,24,24
20251028,종로구,2025102720,12.0,2.0,57.291666666666664,20.0,0.9666666666666668,24,24,24
20251028,중구,2025102720,12.0,2.0,57.291666666666664,20.0,0.9666666666666668,24,24,24
20251028,중랑구,2025102720,12.0,1.0,53.958333333333336,20.0,0.7999999999999999,24,24,24
20251029,강남구,2025102820,18.0,5.0,70.0,20.0,1.2208333333333334,24,24,24
20251029,강동구,2025102820,18.0,4.0,69.375,20.0,1.1,24,24,24
20251029,강북구,2025102820,15.0,2.0,71.04166666666667,20.0,1.3541666666666667,24,24,24
20251029,강서구,2025102820,18.0,5.0,72.70833333333333,30.0,2.4125,24,24,24
20251029,관악구,2025102820,18.0,5.0,70.20833333333333,20.0,1.6541666666666668,24,24,24
20251029,광진구,2025102820,18.0,5.0,67.08333333333333,20.0,1.1041666666666667,24,24,24
20251029,구로구,2025102820,18.0,5.0,65.625,20.0,2.0208333333333335,24,24,24
20251029,금천구,2025102820,17.0,4.0,70.83333333333333,20.0,1.7916666666666667,24,24,24
20251029,노원구,2025102820,18.0,3.0,71.25,20.0,1.25,24,24,24
20251029,도봉구,2025102820,18.0,3.0,71.25,20.0,1.25,24,24,24
20251029,동대문구,2025102820,18.0,4.0,67.70833333333333,20.0,1.15,24,24,24
20251029,동작구,2025102820,18.0,5.0,70.20833333333333,20.0,1.6541666666666668,24,24,24
20251029,마포구,2025102820,17.0,5.0,71.66666666666667,20.0,1.575,24,24,24
20251029,서대문구,2025102820,17.0,5.0,71.66666666666667,20.0,1.575,24,24,24
20251029,서초구,2025102820,18.0,5.0,70.0,20.0,1.2208333333333334,24,24,24
20251029,성동구,2025102820,19.0,5.0,68.75,20.0,1.1583333333333332,24,24,24
20251029,성북구,2025102820,15.0,2.0,71.04166666666667,20.0,1.3541666666666667,24,24,24
20251029,송파구,2025102820,19.0,5.0,67.29166666666667,20.0,1.1791666666666667,24,24,24
20251029,양천구,2025102820,17.0,5.0,70.0,20.0,1.9875,24,24,24
20251029,영등포구,2025102820,18.0,5.0,71.875,20.0,1.6041666666666667,24,24,24
20251029,용산구,2025102820,18.0,5.0,72.08333333333333,20.0,1.3666666666666665,24,24,24
20251029,은평구,2025102820,18.0,4.0,73.125,20.0,1.5708333333333335,24,24,24
20251029,종로구,2025102820,18.0,5.0,71.45833333333333,20.0,1.3416666666666668,24,24,24
20251029,중구,2025102820,18.0,5.0,71.45833333333333,20.0,1.3416666666666668,24,24,24
20251029,중랑구,2025102820,18.0,4.0,65.41666666666667,20.0,1.116666666666667,24,24,24
20251030,강남구,2025102920,19.0,7.0,73.33333333333333,30.0,1.1375,24,24,24
20251030,강동구,2025102920,18.0,6.0,73.75,30.0,1.0166666666666668,24,24,24
20251030,강북구,2025102920,16.0,4.0,76.04166666666667,30.0,1.4,24,24,24
20251030,강서구,2025102920,19.0,6.0,75.41666666666667,30.0,2.545833333333334,24,24,24
20251030,관악구,2025102920,18.0,6.0,72.70833333333333,30.0,1.6166666666666665,24,24,24
20251030,광진구,2025102920,19.0,7.0,70.20833333333333,30.0,1.0541666666666667,24,24,24
20251030,구로구,2025102920,18.0,6.0,66.66666666666667,30.0,1.9833333333333336,24,24,24
20251030,금천구,2025102920,18.0,6.0,74.16666666666667,30.0,1.6583333333333332,24,24,24
20251030,노원구,2025102920,18.0,5.0,78.75,30.0,1.2625,24,24,24
20251030,도봉구,2025102920,18.0,5.0,78.75,30.0,1.2625,24,24,24
20251030,동대문구,2025102920,18.0,6.0,71.04166666666667,30.0,1.1208333333333331,24,24,24
20251030,동작구,2025102920,18.0,6.0,72.70833333333333,30.0,1.6166666666666665,24,24,24
20251030,마포구,2025102920,18.0,7.0,73.75,30.0,1.6208333333333331,24,24,24
20251030,서대문구,2025102920,18.0,7.0,73.75,30.0,1.6208333333333331,24,24,24
20251030,서초구,2025102920,19.0,7.0,73.33333333333333,30.0,1.1375,24,24,24
20251030,성동구,2025102920,19.0,7.0,72.08333333333333,30.0,1.1083333333333332,24,24,24
20251030,성북구,2025102920,16.0,4.0,76.04166666666667,30.0,1.4,24,24,24
20251030,송파구,2025102920,19.0,7.0,71.25,30.0,1.0833333333333333,24,24,24
20251030,양천구,2025102920,18.0,6.0,71.25,30.0,1.9958333333333331,24,24,24
20251030,영등포구,2025102920,18.0,6.0,72.91666666666667,30.0,1.5833333333333333,24,24,24
20251030,용산구,2025102920,18.0,6.0,73.75,30.0,1.3458333333333332,24,24,24
20251030,은평구,2025102920,18.0,6.0,77.91666666666667,30.0,1.7041666666666666,24,24,24
20251030,종로구,2025102920,19.0,7.0,73.125,30.0,1.375,24,24,24
20251030,중구,2025102920,19.0,7.0,73.125,30.0,1.375,24,24,24
20251030,중랑구,2025102920,18.0,6.0,70.83333333333333,30.0,1.05,24,24,24
20251031,강남구,2025103020,20.0,10.0,76.04166666666667,60.0,1.4083333333333332,24,24,24
20251031,강동구,2025103020,20.0,9.0,77.29166666666667,60.0,1.5041666666666669,24,24,24
20251031,강북구,2025103020,17.0,7.0,78.95833333333333,60.0,1.3916666666666668,24,24,24
20251031,강서구,2025103020,20.0,10.0,79.58333333333333,60.0,1.3333333333333333,24,24,24
20251031,관악구,2025103020,20.0,9.0,76.45833333333333,60.0,1.3625,24,24,24
20251031,광진구,2025103020,20.0,10.0,73.54166666666667,60.0,1.4291666666666665,24,24,24
20251031,구로구,2025103020,20.0,9.0,71.25,60.0,1.3333333333333333,24,24,24
20251031,금천구,2025103020,19.0,9.0,78.125,60.0,1.4083333333333332,24,24,24
20251031,노원구,2025103020,20.0,8.0,81.875,60.0,1.4333333333333331,24,24,24
20251031,도봉구,2025103020,20.0,8.0,81.875,60.0,1.4333333333333331,24,24,24
20251031,동대문구,2025103020,20.0,10.0,74.58333333333333,60.0,1.4083333333333332,24,24,24
20251031,동작구,2025103020,20.0,9.0,76.45833333333333,60.0,1.3625,24,24,24
20251031,마포구,2025103020,19.0,10.0,77.08333333333333,60.0,1.3500000000000003,24,24,24
20251031,서대문구,2025103020,19.0,10.0,77.08333333333333,60.0,1.3500000000000003,24,24,24
20251031,서초구,2025103020,20.0,10.0,76.04166666666667,60.0,1.4083333333333332,24,24,24
20251031,성동구,2025103020,20.0,10.0,76.45833333333333,60.0,1.3833333333333335,24,24,24
20251031,성북구,2025103020,17.0,7.0,78.95833333333333,60.0,1.3916666666666668,24,24,24
20251031,송파구,2025103020,20.0,10.0,74.79166666666667,60.0,1.4708333333333334,24,24,24
20251031,양천구,2025103020,19.0,10.0,75.41666666666667,60.0,1.3083333333333331,24,24,24
20251031,영등포구,2025103020,19.0,10.0,75.83333333333333,60.0,1.320833333333333,24,24,24
20251031,용산구,2025103020,19.0,10.0,76.45833333333333,60.0,1.3333333333333333,24,24,24
20251031,은평구,2025103020,19.0,9.0,80.41666666666667,60.0,1.4,24,24,24
20251031,종로구,2025103020,19.0,10.0,77.29166666666667,60.0,1.3666666666666665,24,24,24
20251031,중구,2025103020,19.0,10.0,77.29166666666667,60.0,1.3666666666666665,24,24,24
20251031,중랑구,2025103020,20.0,9.0,73.95833333333333,60.0,1.4666666666666668,24,24,24
20251101,강남구,2025103120,16.0,11.0,72.91666666666667,60.0,2.6333333333333333,24,24,24
20251101,강동구,2025103120,16.0,11.0,74.58333333333333,60.0,2.6833333333333336,24,24,24
20251101,강북구,2025103120,14.0,8.0,75.41666666666667,60.0,2.7708333333333335,24,24,24
20251101,강서구,2025103120,16.0,10.0,75.625,60.0,2.875,24,24,24
20251101,관악구,2025103120,16.0,11.0,71.875,60.0,2.6875,24,24,24
20251101,광진구,2025103120,16.0,11.0,70.0,60.0,2.629166666666667,24,24,24
20251101,구로구,2025103120,16.0,11.0,67.5,60.0,2.695833333333333,24,24,24
20251101,금천구,2025103120,15.0,10.0,74.58333333333333,60.0,2.65,24,24,24
20251101,노원구,2025103120,16.0,9.0,79.375,60.0,2.766666666666667,24,24,24
20251101,도봉구,2025103120,16.0,9.0,79.375,60.0,2.766666666666667,24,24,24
20251101,동대문구,2025103120,16.0,11.0,71.04166666666667,60.0,2.6625,24,24,24
20251101,동작구,2025103120,16.0,11.0,71.875,60.0,2.6875,24,24,24
20251101,마포구,2025103120,15.0,10.0,74.16666666666667,60.0,2.783333333333333,24,24,24
20251101,서대문구,2025103120,15.0,10.0,74.16666666666667,60.0,2.783333333333333,24,24,24
20251101,서초구,2025103120,16.0,11.0,72.91666666666667,60.0,2.6333333333333333,24,24,24
20251101,성동구,2025103120,17.0,11.0,72.29166666666667,60.0,2.6416666666666666,24,24,24
20251101,성북구,2025103120,14.0,8.0,75.41666666666667,60.0,2.7708333333333335,24,24,24
20251101,송파구,2025103120,16.0,11.0,71.45833333333333,60.0,2.6333333333333333,24,24,24
20251101,양천구,2025103120,16.0,10.0,70.83333333333333,60.0,2.7541666666666664,24,24,24
20251101,영등포구,2025103120,15.0,11.0,71.66666666666667,60.0,2.7000000000000006,24,24,24
20251101,용산구,2025103120,15.0,11.0,72.29166666666667,60.0,2.65,24,24,24
20251101,은평구,2025103120,16.0,10.0,77.08333333333333,60.0,2.8624999999999994,24,24,24
20251101,종로구,2025103120,16.0,10.0,73.33333333333333,60.0,2.704166666666666,24,24,24
20251101,중구,2025103120,16.0,10.0,73.33333333333333,60.0,2.704166666666666,24,24,24
20251101,중랑구,2025103120,16.0,11.0,70.41666666666667,60.0,2.6375,24,24,24
20251102,강남구,2025110120,11.0,8.0,60.208333333333336,60.0,3.1041666666666665,24,24,24
20251102,강동구,2025110120,11.0,8.0,61.875,60.0,3.1291666666666664,24,24,24
20251102,강북구,2025110120,8.0,5.0,62.291666666666664,60.0,3.370833333333333,24,24,24
20251102,강서구,2025110120,11.0,8.0,60.208333333333336,60.0,3.4875000000000003,24,24,24
20251102,관악구,2025110120,11.0,8.0,57.916666666666664,60.0,3.2125000000000004,24,24,24
20251102,광진구,2025110120,11.0,8.0,58.125,20.0,3.0541666666666667,24,24,24
20251102,구로구,2025110120,11.0,9.0,51.25,60.0,3.2791666666666663,24,24,24
20251102,금천구,2025110120,10.0,8.0,58.958333333333336,20.0,3.225,24,24,24
20251102,노원구,2025110120,11.0,6.0,65.41666666666667,60.0,3.408333333333333,24,24,24
20251102,도봉구,2025110120,11.0,6.0,65.41666666666667,60.0,3.408333333333333,24,24,24
20251102,동대문구,2025110120,11.0,8.0,58.541666666666664,60.0,3.1958333333333333,24,24,24
20251102,동작구,2025110120,11.0,8.0,57.916666666666664,60.0,3.2125000000000004,24,24,24
20251102,마포구,2025110120,10.0,7.0,60.208333333333336,60.0,3.329166666666667,24,24,24
20251102,서대문구,2025110120,10.0,7.0,60.208333333333336,60.0,3.329166666666667,24,24,24
20251102,서초구,2025110120,11.0,8.0,60.208333333333336,60.0,3.1041666666666665,24,24,24
20251102,성동구,2025110120,12.0,8.0,61.458333333333336,60.0,3.1,24,24,24
20251102,성북구,2025110120,8.0,5.0,62.291666666666664,60.0,3.370833333333333,24,24,24
20251102,송파구,2025110120,11.0,8.0,58.75,60.0,3.091666666666667,24,24,24
20251102,양천구,2025110120,10.0,8.0,57.5,60.0,3.2916666666666665,24,24,24
20251102,영등포구,2025110120,10.0,8.0,58.75,60.0,3.1999999999999997,24,24,24
20251102,용산구,2025110120,10.0,8.0,60.208333333333336,60.0,3.1375000000000006,24,24,24
20251102,은평구,2025110120,10.0,7.0,63.125,60.0,3.445833333333334,24,24,24
20251102,종로구,2025110120,10.0,8.0,60.625,60.0,3.2458333333333336,24,24,24
20251102,중구,2025110120,10.0,8.0,60.625,60.0,3.2458333333333336,24,24,24
20251102,중랑구,2025110120,11.0,8.0,58.333333333333336,60.0,3.1291666666666664,24,24,24
20251103,강남구,2025110220,13.0,1.0,66.45833333333333,0.0,0.9708333333333332,24,24,24
20251103,강동구,2025110220,13.0,1.0,68.75,0.0,0.7708333333333334,24,24,24
20251103,강북구,2025110220,10.0,-2.0,67.91666666666667,0.0,0.7958333333333334,24,24,24
20251103,강서구,2025110220,13.0,-1.0,68.33333333333333,0.0,1.0416666666666667,24,24,24
20251103,관악구,2025110220,12.0,0.0,66.04166666666667,0.0,0.8875000000000001,24,24,24
20251103,광진구,2025110220,13.0,1.0,64.16666666666667,0.0,0.7875,24,24,24
20251103,구로구,2025110220,13.0,0.0,60.833333333333336,0.0,0.975,24,24,24
20251103,금천구,2025110220,12.0,0.0,68.75,0.0,1.0166666666666666,24,24,24
20251103,노원구,2025110220,13.0,-1.0,71.25,0.0,0.7749999999999999,24,24,24
20251103,도봉구,2025110220,13.0,-1.0,71.25,0.0,0.7749999999999999,24,24,24
20251103,동대문구,2025110220,13.0,1.0,63.125,0.0,0.7374999999999999,24,24,24
20251103,동작구,2025110220,12.0,0.0,66.04166666666667,0.0,0.8875000000000001,24,24,24
20251103,마포구,2025110220,12.0,0.0,65.83333333333333,0.0,0.75,24,24,24
20251103,서대문구,2025110220,12.0,0.0,65.83333333333333,0.0,0.75,24,24,24
20251103,서초구,2025110220,13.0,1.0,66.45833333333333,0.0,0.9708333333333332,24,24,24
20251103,성동구,2025110220,13.0,2.0,67.08333333333333,0.0,0.7999999999999999,24,24,24
20251103,성북구,2025110220,10.0,-2.0,67.91666666666667,0.0,0.7958333333333334,24,24,24
20251103,송파구,2025110220,13.0,1.0,65.0,0.0,0.9333333333333332,24,24,24
20251103,양천구,2025110220,12.0,0.0,65.20833333333333,0.0,0.8791666666666668,24,24,24
20251103,영등포구,2025110220,12.0,1.0,65.41666666666667,0.0,0.7541666666666668,24,24,24
20251103,용산구,2025110220,12.0,1.0,66.04166666666667,0.0,0.7291666666666666,24,24,24
20251103,은평구,2025110220,12.0,0.0,69.79166666666667,0.0,0.8708333333333332,24,24,24
20251103,종로구,2025110220,13.0,1.0,66.45833333333333,0.0,0.7083333333333331,24,24,24
20251103,중구,2025110220,13.0,1.0,66.45833333333333,0.0,0.7083333333333331,24,24,24
20251103,중랑구,2025110220,13.0,1.0,64.16666666666667,0.0,0.7208333333333333,24,24,24
20251104,강남구,2025110320,16.0,5.0,74.79166666666667,30.0,0.9041666666666668,24,24,24
20251104,강동구,2025110320,16.0,5.0,76.04166666666667,30.0,0.8708333333333335,24,24,24
20251104,강북구,2025110320,13.0,2.0,77.29166666666667,30.0,0.9375,24,24,24
20251104,강서구,2025110320,16.0,4.0,77.70833333333333,30.0,1.2625,24,24,24
20251104,관악구,2025110320,15.0,5.0,74.16666666666667,30.0,0.9875,24,24,24
20251104,광진구,2025110320,16.0,5.0,72.08333333333333,30.0,0.8375,24,24,24
20251104,구로구,2025110320,15.0,5.0,68.95833333333333,30.0,1.1375,24,24,24
20251104,금천구,2025110320,15.0,4.0,76.875,30.0,1.2125,24,24,24
20251104,노원구,2025110320,16.0,3.0,79.375,30.0,0.9833333333333334,24,24,24
20251104,도봉구,2025110320,16.0,3.0,79.375,30.0,0.9833333333333334,24,24,24
20251104,동대문구,2025110320,16.0,5.0,72.91666666666667,30.0,0.8791666666666668,24,24,24
20251104,동작구,2025110320,15.0,5.0,74.16666666666667,30.0,0.9875,24,24,24
20251104,마포구,2025110320,15.0,5.0,75.20833333333333,30.0,0.8916666666666666,24,24,24
20251104,서대문구,2025110320,15.0,5.0,75.20833333333333,30.0,0.8916666666666666,24,24,24
20251104,서초구,2025110320,16.0,5.0,74.79166666666667,30.0,0.9041666666666668,24,24,24
20251104,성동구,2025110320,16.0,6.0,75.0,30.0,0.8583333333333334,24,24,24
20251104,성북구,2025110320,13.0,2.0,77.29166666666667,30.0,0.9375,24,24,24
20251104,송파구,2025110320,16.0,5.0,73.75,30.0,0.9041666666666668,24,24,24
20251104,양천구,2025110320,15.0,5.0,73.75,30.0,1.075,24,24,24
20251104,영등포구,2025110320,15.0,5.0,74.58333333333333,30.0,0.9,24,24,24
20251104,용산구,2025110320,15.0,5.0,75.0,30.0,0.8624999999999999,24,24,24
20251104,은평구,2025110320,15.0,4.0,78.75,30.0,0.9625,24,24,24
20251104,종로구,2025110320,16.0,6.0,75.20833333333333,30.0,0.8625000000000002,24,24,24
20251104,중구,2025110320,16.0,6.0,75.20833333333333,30.0,0.8625000000000002,24,24,24
20251104,중랑구,2025110320,16.0,5.0,72.5,30.0,0.9,24,24,24
20251105,강남구,2025110420,18.0,5.0,73.33333333333333,20.0,1.1625,24,24,24
20251105,강동구,2025110420,18.0,5.0,74.375,20.0,1.2208333333333334,24,24,24
20251105,강북구,2025110420,15.0,2.0,74.79166666666667,20.0,1.2291666666666667,24,24,24
20251105,강서구,2025110420,18.0,4.0,75.83333333333333,20.0,1.3041666666666667,24,24,24
20251105,관악구,2025110420,17.0,5.0,72.91666666666667,20.0,1.2083333333333333,24,24,24
20251105,광진구,2025110420,18.0,5.0,70.83333333333333,20.0,1.15,24,24,24
20251105,구로구,2025110420,18.0,5.0,67.91666666666667,20.0,1.2333333333333334,24,24,24
20251105,금천구,2025110420,17.0,4.0,75.83333333333333,20.0,1.2291666666666667,24,24,24
20251105,노원구,2025110420,18.0,4.0,77.29166666666667,20.0,1.2791666666666666,24,24,24
20251105,도봉구,2025110420,18.0,4.0,77.29166666666667,20.0,1.2791666666666666,24,24,24
20251105,동대문구,2025110420,18.0,5.0,70.83333333333333,20.0,1.1791666666666665,24,24,24
20251105,동작구,2025110420,17.0,5.0,72.91666666666667,20.0,1.2083333333333333,24,24,24
20251105,마포구,2025110420,17.0,5.0,73.54166666666667,20.0,1.2208333333333332,24,24,24
20251105,서대문구,2025110420,17.0,5.0,73.54166666666667,20.0,1.2208333333333332,24,24,24
20251105,서초구,2025110420,18.0,5.0,73.33333333333333,20.0,1.1625,24,24,24
20251105,성동구,2025110420,18.0,5.0,72.5,20.0,1.1208333333333331,24,24,24
20251105,성북구,2025110420,15.0,2.0,74.79166666666667,20.0,1.2291666666666667,24,24,24
20251105,송파구,2025110420,18.0,5.0,71.45833333333333,20.0,1.2041666666666666,24,24,24
20251105,양천구,2025110420,17.0,5.0,72.29166666666667,20.0,1.2208333333333334,24,24,24
20251105,영등포구,2025110420,17.0,5.0,73.33333333333333,20.0,1.1583333333333334,24,24,24
20251105,용산구,2025110420,17.0,5.0,73.54166666666667,20.0,1.1125,24,24,24
20251105,은평구,2025110420,18.0,4.0,77.29166666666667,20.0,1.2583333333333333,24,24,24
20251105,종로구,2025110420,18.0,6.0,72.91666666666667,20.0,1.1833333333333331,24,24,24
20251105,중구,2025110420,18.0,6.0,72.91666666666667,20.0,1.1833333333333331,24,24,24
20251105,중랑구,2025110420,18.0,4.0,70.0,20.0,1.2166666666666668,24,24,24
20251106,강남구,2025110520,19.0,7.0,76.25,20.0,1.4333333333333336,24,24,24
20251106,강동구,2025110520,19.0,6.0,77.70833333333333,20.0,1.4958333333333331,24,24,24
20251106,강북구,2025110520,16.0,4.0,77.29166666666667,20.0,1.679166666666667,24,24,24
20251106,강서구,2025110520,19.0,6.0,78.75,20.0,1.6833333333333331,24,24,24
20251106,관악구,2025110520,18.0,7.0,76.04166666666667,20.0,1.4583333333333333,24,24,24
20251106,광진구,2025110520,18.0,7.0,72.91666666666667,20.0,1.4541666666666666,24,24,24
20251106,구로구,2025110520,19.0,7.0,70.625,30.0,1.5166666666666668,24,24,24
20251106,금천구,2025110520,18.0,6.0,77.91666666666667,30.0,1.4833333333333334,24,24,24
20251106,노원구,2025110520,19.0,6.0,78.75,20.0,1.7791666666666668,24,24,24
20251106,도봉구,2025110520,19.0,6.0,78.75,20.0,1.7791666666666668,24,24,24
20251106,동대문구,2025110520,18.0,7.0,73.125,20.0,1.5791666666666666,24,24,24
20251106,동작구,2025110520,18.0,7.0,76.04166666666667,20.0,1.4583333333333333,24,24,24
20251106,마포구,2025110520,18.0,7.0,76.04166666666667,20.0,1.6041666666666667,24,24,24
20251106,서대문구,2025110520,18.0,7.0,76.04166666666667,20.0,1.6041666666666667,24,24,24
20251106,서초구,2025110520,19.0,7.0,76.25,20.0,1.4333333333333336,24,24,24
20251106,성동구,2025110520,19.0,7.0,76.45833333333333,20.0,1.429166666666667,24,24,24
20251106,성북구,2025110520,16.0,4.0,77.29166666666667,20.0,1.679166666666667,24,24,24
20251106,송파구,2025110520,19.0,7.0,75.20833333333333,20.0,1.45,24,24,24
20251106,양천구,2025110520,18.0,7.0,74.58333333333333,20.0,1.5458333333333332,24,24,24
20251106,영등포구,2025110520,18.0,7.0,75.41666666666667,20.0,1.5125,24,24,24
20251106,용산구,2025110520,18.0,7.0,75.625,20.0,1.45,24,24,24
20251106,은평구,2025110520,19.0,6.0,79.375,20.0,1.7125,24,24,24
20251106,종로구,2025110520,19.0,7.0,75.83333333333333,20.0,1.575,24,24,24
20251106,중구,2025110520,19.0,7.0,75.83333333333333,20.0,1.575,24,24,24
20251106,중랑구,2025110520,18.0,7.0,73.33333333333333,20.0,1.6125,24,24,24
20251107,강남구,2025110620,20.0,9.0,73.95833333333333,30.0,2.475,24,24,24
20251107,강동구,2025110620,19.0,8.0,75.20833333333333,30.0,2.516666666666666,24,24,24
20251107,강북구,2025110620,17.0,6.0,75.41666666666667,30.0,2.5791666666666666,24,24,24
20251107,강서구,2025110620,20.0,7.0,76.66666666666667,30.0,2.5749999999999997,24,24,24
20251107,관악구,2025110620,19.0,9.0,72.70833333333333,30.0,2.4499999999999997,24,24,24
20251107,광진구,2025110620,19.0,9.0,71.04166666666667,30.0,2.475,24,24,24
20251107,구로구,2025110620,19.0,10.0,67.91666666666667,30.0,2.4625,24,24,24
20251107,금천구,2025110620,19.0,8.0,75.625,30.0,2.4374999999999996,24,24,24
20251107,노원구,2025110620,19.0,7.0,77.70833333333333,30.0,2.6875,24,24,24
20251107,도봉구,2025110620,19.0,7.0,77.70833333333333,30.0,2.6875,24,24,24
20251107,동대문구,2025110620,19.0,9.0,70.625,30.0,2.5124999999999997,24,24,24
20251107,동작구,2025110620,19.0,9.0,72.70833333333333,30.0,2.4499999999999997,24,24,24
20251107,마포구,2025110620,19.0,9.0,73.33333333333333,30.0,2.5500000000000003,24,24,24
20251107,서대문구,2025110620,19.0,9.0,73.33333333333333,30.0,2.5500000000000003,24,24,24
20251107,서초구,2025110620,20.0,9.0,73.95833333333333,30.0,2.475,24,24,24
20251107,성동구,2025110620,20.0,9.0,75.0,30.0,2.470833333333333,24,24,24
20251107,성북구,2025110620,17.0,6.0,75.41666666666667,30.0,2.5791666666666666,24,24,24
20251107,송파구,2025110620,20.0,9.0,72.70833333333333,30.0,2.5208333333333335,24,24,24
20251107,양천구,2025110620,19.0,9.0,72.70833333333333,30.0,2.495833333333333,24,24,24
20251107,영등포구,2025110620,19.0,9.0,72.70833333333333,30.0,2.4666666666666663,24,24,24
20251107,용산구,2025110620,19.0,9.0,72.91666666666667,30.0,2.441666666666667,24,24,24
20251107,은평구,2025110620,19.0,7.0,77.08333333333333,30.0,2.6208333333333336,24,24,24
20251107,종로구,2025110620,20.0,9.0,73.54166666666667,30.0,2.5125,24,24,24
20251107,중구,2025110620,20.0,9.0,73.54166666666667,30.0,2.5125,24,24,24
20251107,중랑구,2025110620,19.0,8.0,70.41666666666667,30.0,2.5375,24,24,24
20251108,강남구,2025110720,17.0,11.0,74.79166666666667,30.0,1.8791666666666664,24,24,24
20251108,강동구,2025110720,17.0,10.0,78.75,30.0,1.8416666666666668,24,24,24
20251108,강북구,2025110720,15.0,9.0,76.875,30.0,1.9833333333333336,24,24,24
20251108,강서구,2025110720,18.0,11.0,76.45833333333333,30.0,2.1708333333333334,24,24,24
20251108,관악구,2025110720,17.0,12.0,72.91666666666667,30.0,1.929166666666667,24,24,24
20251108,광진구,2025110720,17.0,11.0,72.5,30.0,1.7916666666666667,24,24,24
20251108,구로구,2025110720,18.0,12.0,67.29166666666667,30.0,2.0083333333333333,24,24,24
20251108,금천구,2025110720,17.0,11.0,75.0,30.0,2.004166666666667,24,24,24
20251108,노원구,2025110720,17.0,10.0,80.20833333333333,30.0,2.0708333333333333,24,24,24
20251108,도봉구,2025110720,17.0,10.0,80.20833333333333,30.0,2.0708333333333333,24,24,24
20251108,동대문구,2025110720,17.0,12.0,73.125,30.0,1.875,24,24,24
20251108,동작구,2025110720,17.0,12.0,72.91666666666667,30.0,1.929166666666667,24,24,24
20251108,마포구,2025110720,17.0,11.0,74.16666666666667,30.0,1.9666666666666663,24,24,24
20251108,서대문구,2025110720,17.0,11.0,74.16666666666667,30.0,1.9666666666666663,24,24,24
20251108,서초구,2025110720,17.0,11.0,74.79166666666667,30.0,1.8791666666666664,24,24,24
20251108,성동구,2025110720,17.0,11.0,77.5,30.0,1.7875000000000003,24,24,24
20251108,성북구,2025110720,15.0,9.0,76.875,30.0,1.9833333333333336,24,24,24
20251108,송파구,2025110720,17.0,11.0,75.625,30.0,1.875,24,24,24
20251108,양천구,2025110720,17.0,12.0,72.08333333333333,30.0,1.9833333333333332,24,24,24
20251108,영등포구,2025110720,17.0,12.0,72.70833333333333,30.0,1.8916666666666668,24,24,24
20251108,용산구,2025110720,17.0,11.0,73.95833333333333,30.0,1.8,24,24,24
20251108,은평구,2025110720,17.0,10.0,77.91666666666667,30.0,2.066666666666667,24,24,24
20251108,종로구,2025110720,17.0,11.0,75.20833333333333,30.0,1.8791666666666664,24,24,24
20251108,중구,2025110720,17.0,11.0,75.20833333333333,30.0,1.8791666666666664,24,24,24
20251108,중랑구,2025110720,17.0,11.0,73.75,30.0,1.8833333333333335,24,24,24
20251109,강남구,2025110820,17.0,11.0,72.91666666666667,30.0,3.133333333333333,24,24,24
20251109,강동구,2025110820,16.0,10.0,74.58333333333333,30.0,2.954166666666667,24,24,24
20251109,강북구,2025110820,14.0,8.0,73.125,30.0,3.0,24,24,24
20251109,강서구,2025110820,17.0,10.0,75.20833333333333,30.0,3.6458333333333335,24,24,24
20251109,관악구,2025110820,16.0,11.0,72.08333333333333,30.0,3.25,24,24,24
20251109,광진구,2025110820,16.0,11.0,71.04166666666667,30.0,2.983333333333333,24,24,24
20251109,구로구,2025110820,16.0,12.0,66.875,30.0,3.4416666666666664,24,24,24
20251109,금천구,2025110820,16.0,10.0,75.41666666666667,30.0,3.375,24,24,24
20251109,노원구,2025110820,16.0,9.0,75.0,30.0,2.9083333333333337,24,24,24
20251109,도봉구,2025110820,16.0,9.0,75.0,30.0,2.9083333333333337,24,24,24
20251109,동대문구,2025110820,16.0,12.0,69.375,30.0,2.9625000000000004,24,24,24
20251109,동작구,2025110820,16.0,11.0,72.08333333333333,30.0,3.25,24,24,24
20251109,마포구,2025110820,16.0,11.0,72.08333333333333,30.0,3.0875,24,24,24
20251109,서대문구,2025110820,16.0,11.0,72.08333333333333,30.0,3.0875,24,24,24
20251109,서초구,2025110820,17.0,11.0,72.91666666666667,30.0,3.133333333333333,24,24,24
20251109,성동구,2025110820,17.0,12.0,74.375,30.0,3.025,24,24,24
20251109,성북구,2025110820,14.0,8.0,73.125,30.0,3.0,24,24,24
20251109,송파구,2025110820,17.0,11.0,72.29166666666667,30.0,3.0833333333333335,24,24,24
20251109,양천구,2025110820,16.0,11.0,71.66666666666667,30.0,3.391666666666667,24,24,24
20251109,영등포구,2025110820,16.0,12.0,72.08333333333333,30.0,3.125,24,24,24
20251109,용산구,2025110820,16.0,11.0,72.70833333333333,30.0,3.066666666666667,24,24,24
20251109,은평구,2025110820,16.0,10.0,74.79166666666667,30.0,3.0833333333333335,24,24,24
20251109,종로구,2025110820,16.0,11.0,72.5,30.0,3.025,24,24,24
20251109,중구,2025110820,16.0,11.0,72.5,30.0,3.025,24,24,24
20251109,중랑구,2025110820,16.0,11.0,69.16666666666667,30.0,2.9416666666666664,24,24,24
20251110,강남구,2025110920,11.0,5.0,46.875,20.0,3.7,24,24,24
20251110,강동구,2025110920,11.0,4.0,48.958333333333336,20.0,3.6749999999999994,24,24,24
20251110,강북구,2025110920,8.0,2.0,46.041666666666664,0.0,3.545833333333333,24,24,24
20251110,강서구,2025110920,11.0,4.0,47.5,20.0,3.9166666666666665,24,24,24
20251110,관악구,2025110920,10.0,5.0,44.791666666666664,20.0,3.616666666666667,24,24,24
20251110,광진구,2025110920,11.0,5.0,43.958333333333336,20.0,3.625,24,24,24
20251110,구로구,2025110920,11.0,6.0,40.625,20.0,3.75,24,24,24
20251110,금천구,2025110920,10.0,4.0,48.333333333333336,20.0,3.720833333333333,24,24,24
20251110,노원구,2025110920,11.0,3.0,49.166666666666664,0.0,3.5583333333333336,24,24,24
20251110,도봉구,2025110920,11.0,3.0,49.166666666666664,0.0,3.5583333333333336,24,24,24
20251110,동대문구,2025110920,10.0,5.0,42.5,20.0,3.566666666666667,24,24,24
20251110,동작구,2025110920,10.0,5.0,44.791666666666664,20.0,3.616666666666667,24,24,24
20251110,마포구,2025110920,10.0,5.0,44.791666666666664,20.0,3.5208333333333335,24,24,24
20251110,서대문구,2025110920,10.0,5.0,44.791666666666664,20.0,3.5208333333333335,24,24,24
20251110,서초구,2025110920,11.0,5.0,46.875,20.0,3.7,24,24,24
20251110,성동구,2025110920,12.0,5.0,48.125,20.0,3.579166666666667,24,24,24
20251110,성북구,2025110920,8.0,2.0,46.041666666666664,0.0,3.545833333333333,24,24,24
20251110,송파구,2025110920,11.0,5.0,46.25,20.0,3.725,24,24,24
20251110,양천구,2025110920,10.0,5.0,44.583333333333336,20.0,3.7083333333333335,24,24,24
20251110,영등포구,2025110920,10.0,5.0,45.833333333333336,20.0,3.5375,24,24,24
20251110,용산구,2025110920,10.0,5.0,46.041666666666664,20.0,3.570833333333333,24,24,24
20251110,은평구,2025110920,10.0,4.0,47.916666666666664,20.0,3.570833333333333,24,24,24
20251110,종로구,2025110920,11.0,5.0,44.791666666666664,20.0,3.545833333333333,24,24,24
20251110,중구,2025110920,11.0,5.0,44.791666666666664,20.0,3.545833333333333,24,24,24
20251110,중랑구,2025110920,11.0,5.0,43.125,0.0,3.5958333333333337,24,24,24
20251111,강남구,2025111020,15.0,3.0,68.125,30.0,0.7583333333333334,24,24,24
20251111,강동구,2025111020,14.0,2.0,68.95833333333333,30.0,0.7375000000000002,24,24,24
20251111,강북구,2025111020,12.0,0.0,68.95833333333333,30.0,0.6333333333333334,24,24,24
20251111,강서구,2025111020,15.0,2.0,71.04166666666667,30.0,0.975,24,24,24
20251111,관악구,2025111020,14.0,3.0,66.66666666666667,30.0,0.8416666666666668,24,24,24
20251111,광진구,2025111020,14.0,3.0,65.0,30.0,0.6625000000000001,24,24,24
20251111,구로구,2025111020,15.0,3.0,61.666666666666664,30.0,0.9583333333333334,24,24,24
20251111,금천구,2025111020,14.0,2.0,70.0,30.0,1.0041666666666669,24,24,24
20251111,노원구,2025111020,14.0,1.0,71.45833333333333,30.0,0.6916666666666665,24,24,24
20251111,도봉구,2025111020,14.0,1.0,71.45833333333333,30.0,0.6916666666666665,24,24,24
20251111,동대문구,2025111020,14.0,3.0,64.375,30.0,0.6208333333333333,24,24,24
20251111,동작구,2025111020,14.0,3.0,66.66666666666667,30.0,0.8416666666666668,24,24,24
20251111,마포구,2025111020,14.0,3.0,67.29166666666667,30.0,0.6041666666666666,24,24,24
20251111,서대문구,2025111020,14.0,3.0,67.29166666666667,30.0,0.6041666666666666,24,24,24
20251111,서초구,2025111020,15.0,3.0,68.125,30.0,0.7583333333333334,24,24,24
20251111,성동구,2025111020,15.0,3.0,68.95833333333333,30.0,0.6124999999999999,24,24,24
20251111,성북구,2025111020,12.0,0.0,68.95833333333333,30.0,0.6333333333333334,24,24,24
20251111,송파구,2025111020,15.0,3.0,66.875,30.0,0.7791666666666667,24,24,24
20251111,양천구,2025111020,14.0,3.0,66.04166666666667,30.0,0.8208333333333333,24,24,24
20251111,영등포구,2025111020,14.0,3.0,66.875,30.0,0.6583333333333333,24,24,24
20251111,용산구,2025111020,14.0,3.0,66.875,30.0,0.6291666666666668,24,24,24
20251111,은평구,2025111020,14.0,2.0,70.83333333333333,30.0,0.6375000000000001,24,24,24
20251111,종로구,2025111020,15.0,3.0,66.875,30.0,0.5875,24,24,24
20251111,중구,2025111020,15.0,3.0,66.875,30.0,0.5875,24,24,24
20251111,중랑구,2025111020,14.0,2.0,64.58333333333333,30.0,0.6625,24,24,24
20251112,강남구,2025111120,16.0,5.0,77.91666666666667,30.0,1.0166666666666668,24,24,24
20251112,강동구,2025111120,16.0,4.0,77.91666666666667,30.0,0.925,24,24,24
20251112,강북구,2025111120,14.0,2.0,80.20833333333333,30.0,0.9791666666666666,24,24,24
20251112,강서구,2025111120,16.0,4.0,81.66666666666667,30.0,1.3166666666666669,24,24,24
20251112,관악구,2025111120,16.0,5.0,77.91666666666667,30.0,1.0958333333333332,24,24,24
20251112,광진구,2025111120,16.0,5.0,74.79166666666667,30.0,0.9625,24,24,24
20251112,구로구,2025111120,16.0,6.0,73.33333333333333,30.0,1.2166666666666668,24,24,24
20251112,금천구,2025111120,16.0,4.0,80.83333333333333,30.0,1.1416666666666666,24,24,24
20251112,노원구,2025111120,16.0,3.0,83.33333333333333,30.0,1.0083333333333335,24,24,24
20251112,도봉구,2025111120,16.0,3.0,83.33333333333333,30.0,1.0083333333333335,24,24,24
20251112,동대문구,2025111120,16.0,5.0,75.83333333333333,30.0,0.9416666666666664,24,24,24
20251112,동작구,2025111120,16.0,5.0,77.91666666666667,30.0,1.0958333333333332,24,24,24
20251112,마포구,2025111120,16.0,5.0,78.75,30.0,1.025,24,24,24
20251112,서대문구,2025111120,16.0,5.0,78.75,30.0,1.025,24,24,24
20251112,서초구,2025111120,16.0,5.0,77.91666666666667,30.0,1.0166666666666668,24,24,24
20251112,성동구,2025111120,17.0,5.0,78.33333333333333,30.0,0.9833333333333334,24,24,24
20251112,성북구,2025111120,14.0,2.0,80.20833333333333,30.0,0.9791666666666666,24,24,24
20251112,송파구,2025111120,17.0,5.0,76.66666666666667,30.0,0.9708333333333335,24,24,24
20251112,양천구,2025111120,16.0,5.0,77.91666666666667,30.0,1.1833333333333331,24,24,24
20251112,영등포구,2025111120,16.0,5.0,77.70833333333333,30.0,1.0375,24,24,24
20251112,용산구,2025111120,16.0,5.0,77.91666666666667,30.0,0.9916666666666666,24,24,24
20251112,은평구,2025111120,16.0,4.0,82.70833333333333,30.0,1.0291666666666668,24,24,24
20251112,종로구,2025111120,17.0,5.0,77.70833333333333,30.0,0.9708333333333332,24,24,24
20251112,중구,2025111120,17.0,5.0,77.70833333333333,30.0,0.9708333333333332,24,24,24
20251112,중랑구,2025111120,16.0,4.0,74.79166666666667,30.0,0.9583333333333334,24,24,24
20251113,강남구,2025111220,17.0,7.0,76.25,20.0,1.4958333333333336,24,24,24
20251113,강동구,2025111220,17.0,6.0,79.16666666666667,20.0,1.3541666666666667,24,24,24
20251113,강북구,2025111220,14.0,5.0,78.125,20.0,1.5916666666666668,24,24,24
20251113,강서구,2025111220,16.0,7.0,76.25,20.0,1.775,24,24,24
20251113,관악구,2025111220,16.0,8.0,73.75,20.0,1.5708333333333335,24,24,24
20251113,광진구,2025111220,16.0,7.0,74.375,20.0,1.3666666666666665,24,24,24
20251113,구로구,2025111220,16.0,9.0,67.91666666666667,20.0,1.6083333333333334,24,24,24
20251113,금천구,2025111220,16.0,7.0,77.29166666666667,20.0,1.6,24,24,24
20251113,노원구,2025111220,16.0,6.0,82.08333333333333,20.0,1.6458333333333333,24,24,24
20251113,도봉구,2025111220,16.0,6.0,82.08333333333333,20.0,1.6458333333333333,24,24,24
20251113,동대문구,2025111220,16.0,8.0,74.16666666666667,20.0,1.4291666666666665,24,24,24
20251113,동작구,2025111220,16.0,8.0,73.75,20.0,1.5708333333333335,24,24,24
20251113,마포구,2025111220,16.0,8.0,74.58333333333333,20.0,1.55,24,24,24
20251113,서대문구,2025111220,16.0,8.0,74.58333333333333,20.0,1.55,24,24,24
20251113,서초구,2025111220,17.0,7.0,76.25,20.0,1.4958333333333336,24,24,24
20251113,성동구,2025111220,17.0,7.0,78.75,20.0,1.4125000000000003,24,24,24
20251113,성북구,2025111220,14.0,5.0,78.125,20.0,1.5916666666666668,24,24,24
20251113,송파구,2025111220,17.0,7.0,76.04166666666667,20.0,1.4791666666666667,24,24,24
20251113,양천구,2025111220,16.0,8.0,72.70833333333333,20.0,1.5875,24,24,24
20251113,영등포구,2025111220,16.0,8.0,73.54166666666667,20.0,1.5166666666666666,24,24,24
20251113,용산구,2025111220,16.0,8.0,74.375,20.0,1.4541666666666666,24,24,24
20251113,은평구,2025111220,16.0,7.0,78.33333333333333,20.0,1.6333333333333335,24,24,24
20251113,종로구,2025111220,17.0,7.0,75.41666666666667,20.0,1.5041666666666664,24,24,24
20251113,중구,2025111220,17.0,7.0,75.41666666666667,20.0,1.5041666666666664,24,24,24
20251113,중랑구,2025111220,17.0,6.0,75.0,20.0,1.375,24,24,24
20251114,강남구,2025111320,13.0,3.0,65.20833333333333,0.0,1.3,24,24,24
20251114,강동구,2025111320,13.0,2.0,67.5,0.0,1.2208333333333334,24,24,24
20251114,강북구,2025111320,11.0,0.0,65.83333333333333,0.0,1.3958333333333333,24,24,24
20251114,강서구,2025111320,13.0,2.0,66.875,0.0,1.4208333333333334,24,24,24
20251114,관악구,2025111320,13.0,3.0,64.58333333333333,0.0,1.3375,24,24,24
20251114,광진구,2025111320,13.0,3.0,63.541666666666664,0.0,1.2416666666666665,24,24,24
20251114,구로구,2025111320,13.0,4.0,59.375,0.0,1.35,24,24,24
20251114,금천구,2025111320,13.0,3.0,68.75,0.0,1.3625,24,24,24
20251114,노원구,2025111320,14.0,1.0,68.54166666666667,0.0,1.3875,24,24,24
20251114,도봉구,2025111320,14.0,1.0,68.54166666666667,0.0,1.3875,24,24,24
20251114,동대문구,2025111320,13.0,3.0,62.708333333333336,0.0,1.3,24,24,24
20251114,동작구,2025111320,13.0,3.0,64.58333333333333,0.0,1.3375,24,24,24
20251114,마포구,2025111320,13.0,3.0,63.75,0.0,1.35,24,24,24
20251114,서대문구,2025111320,13.0,3.0,63.75,0.0,1.35,24,24,24
20251114,서초구,2025111320,13.0,3.0,65.20833333333333,0.0,1.3,24,24,24
20251114,성동구,2025111320,14.0,3.0,66.66666666666667,0.0,1.2708333333333333,24,24,24
20251114,성북구,2025111320,11.0,0.0,65.83333333333333,0.0,1.3958333333333333,24,24,24
20251114,송파구,2025111320,13.0,3.0,64.58333333333333,0.0,1.2708333333333333,24,24,24
20251114,양천구,2025111320,13.0,3.0,63.333333333333336,0.0,1.3541666666666667,24,24,24
20251114,영등포구,2025111320,13.0,4.0,63.541666666666664,0.0,1.3125,24,24,24
20251114,용산구,2025111320,13.0,3.0,63.958333333333336,0.0,1.3,24,24,24
20251114,은평구,2025111320,13.0,2.0,67.5,0.0,1.4125,24,24,24
20251114,종로구,2025111320,14.0,4.0,63.333333333333336,0.0,1.35,24,24,24
20251114,중구,2025111320,14.0,4.0,63.333333333333336,0.0,1.35,24,24,24
20251114,중랑구,2025111320,13.0,2.0,62.708333333333336,0.0,1.2458333333333331,24,24,24
20251115,강남구,2025111420,16.0,3.0,68.125,0.0,0.6916666666666668,24,24,24
20251115,강동구,2025111420,16.0,2.0,69.58333333333333,0.0,0.475,24,24,24
20251115,강북구,2025111420,13.0,0.0,67.70833333333333,20.0,0.7333333333333333,24,24,24
20251115,강서구,2025111420,16.0,1.0,71.04166666666667,30.0,0.9125,24,24,24
20251115,관악구,2025111420,15.0,3.0,67.91666666666667,20.0,0.6208333333333332,24,24,24
20251115,광진구,2025111420,16.0,3.0,65.0,0.0,0.4958333333333334,24,24,24
20251115,구로구,2025111420,16.0,3.0,62.916666666666664,20.0,0.7624999999999998,24,24,24
20251115,금천구,2025111420,15.0,2.0,70.41666666666667,0.0,0.6749999999999999,24,24,24
20251115,노원구,2025111420,15.0,1.0,69.79166666666667,20.0,0.8041666666666666,24,24,24
20251115,도봉구,2025111420,15.0,1.0,69.79166666666667,20.0,0.8041666666666666,24,24,24
20251115,동대문구,2025111420,15.0,3.0,63.75,20.0,0.625,24,24,24
20251115,동작구,2025111420,15.0,3.0,67.91666666666667,20.0,0.6208333333333332,24,24,24
20251115,마포구,2025111420,15.0,3.0,67.29166666666667,20.0,0.6,24,24,24
20251115,서대문구,2025111420,15.0,3.0,67.29166666666667,20.0,0.6,24,24,24
20251115,서초구,2025111420,16.0,3.0,68.125,0.0,0.6916666666666668,24,24,24
20251115,성동구,2025111420,16.0,3.0,68.125,20.0,0.5583333333333333,24,24,24
20251115,성북구,2025111420,13.0,0.0,67.70833333333333,20.0,0.7333333333333333,24,24,24
20251115,송파구,2025111420,16.0,3.0,66.875,0.0,0.625,24,24,24
20251115,양천구,2025111420,15.0,3.0,66.875,20.0,0.7333333333333334,24,24,24
20251115,영등포구,2025111420,15.0,3.0,67.29166666666667,20.0,0.5625,24,24,24
20251115,용산구,2025111420,15.0,3.0,67.29166666666667,20.0,0.5541666666666666,24,24,24
20251115,은평구,2025111420,15.0,2.0,71.25,20.0,0.6999999999999998,24,24,24
20251115,종로구,2025111420,16.0,4.0,65.83333333333333,20.0,0.5958333333333333,24,24,24
20251115,중구,2025111420,16.0,4.0,65.83333333333333,20.0,0.5958333333333333,24,24,24
20251115,중랑구,2025111420,16.0,2.0,64.58333333333333,20.0,0.6,24,24,24
20251116,강남구,2025111520,17.0,4.0,67.70833333333333,60.0,2.5416666666666665,24,24,24
20251116,강동구,2025111520,17.0,3.0,69.16666666666667,60.0,2.404166666666667,24,24,24
20251116,강북구,2025111520,14.0,2.0,69.16666666666667,60.0,2.4875000000000003,24,24,24
20251116,강서구,2025111520,17.0,4.0,71.45833333333333,60.0,3.4458333333333333,24,24,24
20251116,관악구,2025111520,17.0,4.0,67.70833333333333,60.0,2.6916666666666664,24,24,24
20251116,광진구,2025111520,17.0,4.0,65.20833333333333,60.0,2.404166666666667,24,24,24
20251116,구로구,2025111520,17.0,5.0,61.666666666666664,60.0,3.016666666666667,24,24,24
20251116,금천구,2025111520,16.0,4.0,70.20833333333333,60.0,2.829166666666667,24,24,24
20251116,노원구,2025111520,16.0,3.0,71.25,60.0,2.4416666666666664,24,24,24
20251116,도봉구,2025111520,16.0,3.0,71.25,60.0,2.4416666666666664,24,24,24
20251116,동대문구,2025111520,16.0,5.0,64.79166666666667,60.0,2.3833333333333333,24,24,24
20251116,동작구,2025111520,17.0,4.0,67.70833333333333,60.0,2.6916666666666664,24,24,24
20251116,마포구,2025111520,16.0,5.0,68.54166666666667,60.0,2.5708333333333333,24,24,24
20251116,서대문구,2025111520,16.0,5.0,68.54166666666667,60.0,2.5708333333333333,24,24,24
20251116,서초구,2025111520,17.0,4.0,67.70833333333333,60.0,2.5416666666666665,24,24,24
20251116,성동구,2025111520,17.0,5.0,67.29166666666667,60.0,2.408333333333333,24,24,24
20251116,성북구,2025111520,14.0,2.0,69.16666666666667,60.0,2.4875000000000003,24,24,24
20251116,송파구,2025111520,17.0,4.0,66.04166666666667,60.0,2.533333333333333,24,24,24
20251116,양천구,2025111520,16.0,5.0,67.29166666666667,60.0,2.970833333333333,24,24,24
20251116,영등포구,2025111520,16.0,5.0,67.29166666666667,60.0,2.5749999999999997,24,24,24
20251116,용산구,2025111520,16.0,5.0,67.29166666666667,60.0,2.483333333333334,24,24,24
20251116,은평구,2025111520,16.0,4.0,72.08333333333333,60.0,2.5875,24,24,24
20251116,종로구,2025111520,17.0,5.0,66.04166666666667,60.0,2.4541666666666666,24,24,24
20251116,중구,2025111520,17.0,5.0,66.04166666666667,60.0,2.4541666666666666,24,24,24
20251116,중랑구,2025111520,17.0,3.0,64.16666666666667,60.0,2.4000000000000004,24,24,24
20251117,강남구,2025111620,6.0,2.0,44.166666666666664,30.0,4.983333333333333,24,24,24
20251117,강동구,2025111620,6.0,1.0,45.625,20.0,5.004166666666666,24,24,24
20251117,강북구,2025111620,3.0,-1.0,43.541666666666664,20.0,4.8500000000000005,24,24,24
20251117,강서구,2025111620,6.0,1.0,45.208333333333336,30.0,5.2124999999999995,24,24,24
20251117,관악구,2025111620,5.0,2.0,43.125,30.0,4.908333333333333,24,24,24
20251117,광진구,2025111620,6.0,2.0,41.041666666666664,20.0,4.908333333333334,24,24,24
20251117,구로구,2025111620,6.0,3.0,38.75,30.0,5.108333333333333,24,24,24
20251117,금천구,2025111620,5.0,1.0,46.25,30.0,5.05,24,24,24
20251117,노원구,2025111620,6.0,0.0,46.875,20.0,4.891666666666667,24,24,24
20251117,도봉구,2025111620,6.0,0.0,46.875,20.0,4.891666666666667,24,24,24
20251117,동대문구,2025111620,5.0,2.0,39.791666666666664,20.0,4.8374999999999995,24,24,24
20251117,동작구,2025111620,5.0,2.0,43.125,30.0,4.908333333333333,24,24,24
20251117,마포구,2025111620,5.0,1.0,42.708333333333336,30.0,4.745833333333334,24,24,24
20251117,서대문구,2025111620,5.0,1.0,42.708333333333336,30.0,4.745833333333334,24,24,24
20251117,서초구,2025111620,6.0,2.0,44.166666666666664,30.0,4.983333333333333,24,24,24
20251117,성동구,2025111620,7.0,1.0,45.416666666666664,20.0,4.854166666666667,24,24,24
20251117,성북구,2025111620,3.0,-1.0,43.541666666666664,20.0,4.8500000000000005,24,24,24
20251117,송파구,2025111620,6.0,2.0,43.541666666666664,30.0,5.0,24,24,24
20251117,양천구,2025111620,5.0,2.0,42.5,30.0,4.9750000000000005,24,24,24
20251117,영등포구,2025111620,5.0,2.0,43.125,30.0,4.7250000000000005,24,24,24
20251117,용산구,2025111620,5.0,2.0,43.125,30.0,4.7875000000000005,24,24,24
20251117,은평구,2025111620,5.0,1.0,45.416666666666664,20.0,4.812499999999999,24,24,24
20251117,종로구,2025111620,6.0,2.0,43.125,20.0,4.795833333333333,24,24,24
20251117,중구,2025111620,6.0,2.0,43.125,20.0,4.795833333333333,24,24,24
20251117,중랑구,2025111620,6.0,1.0,40.208333333333336,20.0,4.9125000000000005,24,24,24
20251118,강남구,2025111720,5.0,-2.0,51.041666666666664,20.0,3.3208333333333333,24,24,24
20251118,강동구,2025111720,6.0,-2.0,53.541666666666664,0.0,3.2916666666666665,24,24,24
20251118,강북구,2025111720,3.0,-5.0,50.833333333333336,20.0,3.170833333333333,24,24,24
20251118,강서구,2025111720,6.0,-3.0,53.333333333333336,20.0,3.4375,24,24,24
20251118,관악구,2025111720,5.0,-1.0,49.583333333333336,20.0,3.2291666666666665,24,24,24
20251118,광진구,2025111720,5.0,-2.0,49.166666666666664,20.0,3.2416666666666667,24,24,24
20251118,구로구,2025111720,6.0,-1.0,45.208333333333336,20.0,3.345833333333333,24,24,24
20251118,금천구,2025111720,5.0,-2.0,54.166666666666664,20.0,3.3625000000000003,24,24,24
20251118,노원구,2025111720,6.0,-3.0,54.583333333333336,0.0,3.2541666666666664,24,24,24
20251118,도봉구,2025111720,6.0,-3.0,54.583333333333336,0.0,3.2541666666666664,24,24,24
20251118,동대문구,2025111720,5.0,-2.0,47.708333333333336,20.0,3.1875,24,24,24
20251118,동작구,2025111720,5.0,-1.0,49.583333333333336,20.0,3.2291666666666665,24,24,24
20251118,마포구,2025111720,5.0,-2.0,49.583333333333336,20.0,3.0916666666666663,24,24,24
20251118,서대문구,2025111720,5.0,-2.0,49.583333333333336,20.0,3.0916666666666663,24,24,24
20251118,서초구,2025111720,5.0,-2.0,51.041666666666664,20.0,3.3208333333333333,24,24,24
20251118,성동구,2025111720,6.0,-1.0,53.958333333333336,20.0,3.2083333333333335,24,24,24
20251118,성북구,2025111720,3.0,-5.0,50.833333333333336,20.0,3.170833333333333,24,24,24
20251118,송파구,2025111720,5.0,-1.0,51.458333333333336,20.0,3.3874999999999997,24,24,24
20251118,양천구,2025111720,5.0,-2.0,49.791666666666664,20.0,3.25,24,24,24
20251118,영등포구,2025111720,5.0,-2.0,50.625,20.0,3.0999999999999996,24,24,24
20251118,용산구,2025111720,5.0,-2.0,50.416666666666664,20.0,3.15,24,24,24
20251118,은평구,2025111720,6.0,-3.0,53.125,20.0,3.141666666666667,24,24,24
20251118,종로구,2025111720,6.0,-3.0,50.833333333333336,20.0,3.1374999999999997,24,24,24
20251118,중구,2025111720,6.0,-3.0,50.833333333333336,20.0,3.1374999999999997,24,24,24
20251118,중랑구,2025111720,5.0,-2.0,48.75,0.0,3.233333333333333,24,24,24
20251119,강남구,2025111820,7.0,-1.0,60.625,0.0,1.1625,24,24,24
20251119,강동구,2025111820,7.0,-2.0,60.833333333333336,0.0,0.9499999999999998,24,24,24
20251119,강북구,2025111820,5.0,-4.0,60.833333333333336,0.0,0.9333333333333332,24,24,24
20251119,강서구,2025111820,8.0,-3.0,63.75,0.0,1.0583333333333331,24,24,24
20251119,관악구,2025111820,7.0,-1.0,60.0,0.0,1.1666666666666667,24,24,24
20251119,광진구,2025111820,7.0,-1.0,57.083333333333336,0.0,0.9791666666666666,24,24,24
20251119,구로구,2025111820,8.0,0.0,55.625,0.0,1.2708333333333333,24,24,24
20251119,금천구,2025111820,7.0,-2.0,62.916666666666664,0.0,1.3291666666666666,24,24,24
20251119,노원구,2025111820,8.0,-3.0,63.125,0.0,0.8708333333333332,24,24,24
20251119,도봉구,2025111820,8.0,-3.0,63.125,0.0,0.8708333333333332,24,24,24
20251119,동대문구,2025111820,7.0,-1.0,56.666666666666664,0.0,0.9499999999999998,24,24,24
20251119,동작구,2025111820,7.0,-1.0,60.0,0.0,1.1666666666666667,24,24,24
20251119,마포구,2025111820,7.0,-1.0,59.166666666666664,0.0,0.9541666666666666,24,24,24
20251119,서대문구,2025111820,7.0,-1.0,59.166666666666664,0.0,0.9541666666666666,24,24,24
20251119,서초구,2025111820,7.0,-1.0,60.625,0.0,1.1625,24,24,24
20251119,성동구,2025111820,8.0,-1.0,62.083333333333336,0.0,1.0125,24,24,24
20251119,성북구,2025111820,5.0,-4.0,60.833333333333336,0.0,0.9333333333333332,24,24,24
20251119,송파구,2025111820,8.0,-1.0,59.791666666666664,0.0,1.0958333333333332,24,24,24
20251119,양천구,2025111820,7.0,-1.0,58.958333333333336,0.0,1.0625,24,24,24
20251119,영등포구,2025111820,7.0,-1.0,59.375,0.0,1.0166666666666666,24,24,24
20251119,용산구,2025111820,7.0,-1.0,59.166666666666664,0.0,1.0083333333333335,24,24,24
20251119,은평구,2025111820,8.0,-3.0,63.333333333333336,0.0,0.9208333333333334,24,24,24
20251119,종로구,2025111820,8.0,-2.0,58.541666666666664,0.0,0.9499999999999998,24,24,24
20251119,중구,2025111820,8.0,-2.0,58.541666666666664,0.0,0.9499999999999998,24,24,24
20251119,중랑구,2025111820,7.0,-2.0,57.291666666666664,0.0,0.9333333333333332,24,24,24
20251120,강남구,2025111920,14.0,2.0,64.79166666666667,30.0,1.9875,24,24,24
20251120,강동구,2025111920,14.0,1.0,68.33333333333333,30.0,1.9083333333333332,24,24,24
20251120,강북구,2025111920,12.0,-1.0,66.875,30.0,1.925,24,24,24
20251120,강서구,2025111920,14.0,1.0,67.70833333333333,30.0,2.233333333333333,24,24,24
20251120,관악구,2025111920,14.0,2.0,63.75,30.0,2.058333333333333,24,24,24
20251120,광진구,2025111920,14.0,2.0,63.75,30.0,1.9083333333333332,24,24,24
20251120,구로구,2025111920,14.0,3.0,58.75,30.0,2.170833333333333,24,24,24
20251120,금천구,2025111920,14.0,1.0,67.70833333333333,30.0,2.120833333333333,24,24,24
20251120,노원구,2025111920,14.0,0.0,69.79166666666667,30.0,1.8791666666666669,24,24,24
20251120,도봉구,2025111920,14.0,0.0,69.79166666666667,30.0,1.8791666666666669,24,24,24
20251120,동대문구,2025111920,14.0,2.0,62.083333333333336,30.0,1.8791666666666664,24,24,24
20251120,동작구,2025111920,14.0,2.0,63.75,30.0,2.058333333333333,24,24,24
20251120,마포구,2025111920,13.0,2.0,63.958333333333336,30.0,2.033333333333333,24,24,24
20251120,서대문구,2025111920,13.0,2.0,63.958333333333336,30.0,2.033333333333333,24,24,24
20251120,서초구,2025111920,14.0,2.0,64.79166666666667,30.0,1.9875,24,24,24
20251120,성동구,2025111920,14.0,2.0,66.875,30.0,1.9125,24,24,24
20251120,성북구,2025111920,12.0,-1.0,66.875,30.0,1.925,24,24,24
20251120,송파구,2025111920,14.0,2.0,64.58333333333333,30.0,1.9708333333333332,24,24,24
20251120,양천구,2025111920,14.0,2.0,62.708333333333336,30.0,2.1374999999999997,24,24,24
20251120,영등포구,2025111920,14.0,3.0,63.75,30.0,2.0416666666666665,24,24,24
20251120,용산구,2025111920,14.0,2.0,63.958333333333336,30.0,1.9541666666666664,24,24,24
20251120,은평구,2025111920,14.0,1.0,68.33333333333333,30.0,2.0208333333333335,24,24,24
20251120,종로구,2025111920,14.0,2.0,64.375,30.0,1.9208333333333332,24,24,24
20251120,중구,2025111920,14.0,2.0,64.375,30.0,1.9208333333333332,24,24,24
20251120,중랑구,2025111920,14.0,1.0,63.958333333333336,30.0,1.8333333333333333,24,24,24
20251121,강남구,2025112020,12.0,1.0,64.16666666666667,20.0,1.375,24,24,24
20251121,강동구,2025112020,12.0,0.0,67.08333333333333,20.0,1.4208333333333334,24,24,24
20251121,강북구,2025112020,10.0,-2.0,65.0,20.0,1.4458333333333335,24,24,24
20251121,강서구,2025112020,13.0,-1.0,66.04166666666667,20.0,1.3958333333333333,24,24,24
20251121,관악구,2025112020,12.0,1.0,63.541666666666664,20.0,1.3999999999999997,24,24,24
20251121,광진구,2025112020,12.0,1.0,62.708333333333336,20.0,1.3708333333333336,24,24,24
20251121,구로구,2025112020,13.0,2.0,58.333333333333336,20.0,1.3833333333333335,24,24,24
20251121,금천구,2025112020,12.0,0.0,67.29166666666667,20.0,1.3999999999999997,24,24,24
20251121,노원구,2025112020,12.0,-1.0,65.83333333333333,20.0,1.4708333333333332,24,24,24
20251121,도봉구,2025112020,12.0,-1.0,65.83333333333333,20.0,1.4708333333333332,24,24,24
20251121,동대문구,2025112020,12.0,1.0,61.458333333333336,20.0,1.3583333333333334,24,24,24
20251121,동작구,2025112020,12.0,1.0,63.541666666666664,20.0,1.3999999999999997,24,24,24
20251121,마포구,2025112020,12.0,1.0,63.541666666666664,20.0,1.4249999999999998,24,24,24
20251121,서대문구,2025112020,12.0,1.0,63.541666666666664,20.0,1.4249999999999998,24,24,24
20251121,서초구,2025112020,12.0,1.0,64.16666666666667,20.0,1.375,24,24,24
20251121,성동구,2025112020,12.0,1.0,66.04166666666667,20.0,1.3625,24,24,24
20251121,성북구,2025112020,10.0,-2.0,65.0,20.0,1.4458333333333335,24,24,24
20251121,송파구,2025112020,12.0,1.0,63.958333333333336,20.0,1.4125,24,24,24
20251121,양천구,2025112020,12.0,1.0,63.125,20.0,1.375,24,24,24
20251121,영등포구,2025112020,12.0,1.0,62.708333333333336,20.0,1.3833333333333335,24,24,24
20251121,용산구,2025112020,12.0,1.0,63.541666666666664,20.0,1.3708333333333331,24,24,24
20251121,은평구,2025112020,12.0,0.0,65.41666666666667,20.0,1.4375,24,24,24
20251121,종로구,2025112020,12.0,1.0,63.125,20.0,1.3958333333333333,24,24,24
20251121,중구,2025112020,12.0,1.0,63.125,20.0,1.3958333333333333,24,24,24
20251121,중랑구,2025112020,12.0,0.0,62.291666666666664,20.0,1.3374999999999997,24,24,24
20251122,강남구,2025112120,15.0,3.0,70.625,20.0,1.0,24,24,24
20251122,강동구,2025112120,15.0,2.0,73.125,20.0,1.0041666666666669,24,24,24
20251122,강북구,2025112120,12.0,1.0,73.125,20.0,1.0791666666666666,24,24,24
20251122,강서구,2025112120,15.0,2.0,76.45833333333333,20.0,1.05,24,24,24
20251122,관악구,2025112120,14.0,4.0,71.04166666666667,20.0,1.0041666666666669,24,24,24
20251122,광진구,2025112120,15.0,3.0,68.95833333333333,20.0,0.9916666666666666,24,24,24
20251122,구로구,2025112120,15.0,4.0,66.66666666666667,20.0,1.0083333333333333,24,24,24
20251122,금천구,2025112120,14.0,3.0,74.16666666666667,20.0,1.0208333333333333,24,24,24
20251122,노원구,2025112120,15.0,2.0,75.41666666666667,20.0,1.1083333333333334,24,24,24
20251122,도봉구,2025112120,15.0,2.0,75.41666666666667,20.0,1.1083333333333334,24,24,24
20251122,동대문구,2025112120,14.0,4.0,68.125,20.0,1.0333333333333332,24,24,24
20251122,동작구,2025112120,14.0,4.0,71.04166666666667,20.0,1.0041666666666669,24,24,24
20251122,마포구,2025112120,14.0,4.0,71.04166666666667,20.0,1.0375,24,24,24
20251122,서대문구,2025112120,14.0,4.0,71.04166666666667,20.0,1.0375,24,24,24
20251122,서초구,2025112120,15.0,3.0,70.625,20.0,1.0,24,24,24
20251122,성동구,2025112120,15.0,3.0,71.66666666666667,20.0,0.975,24,24,24
20251122,성북구,2025112120,12.0,1.0,73.125,20.0,1.0791666666666666,24,24,24
20251122,송파구,2025112120,15.0,3.0,70.0,20.0,1.0,24,24,24
20251122,양천구,2025112120,14.0,4.0,70.83333333333333,20.0,0.9958333333333332,24,24,24
20251122,영등포구,2025112120,14.0,4.0,70.41666666666667,20.0,0.9958333333333332,24,24,24
20251122,용산구,2025112120,14.0,4.0,70.625,20.0,0.9791666666666666,24,24,24
20251122,은평구,2025112120,14.0,3.0,75.20833333333333,20.0,1.0875,24,24,24
20251122,종로구,2025112120,15.0,4.0,70.0,20.0,1.0166666666666666,24,24,24
20251122,중구,2025112120,15.0,4.0,70.0,20.0,1.0166666666666666,24,24,24
20251122,중랑구,2025112120,15.0,3.0,68.75,20.0,1.0208333333333333,24,24,24
20251123,강남구,2025112220,15.0,7.0,71.66666666666667,30.0,2.1,24,24,24
20251123,강동구,2025112220,16.0,5.0,74.375,30.0,2.0124999999999997,24,24,24
20251123,강북구,2025112220,13.0,4.0,74.58333333333333,30.0,1.8125,24,24,24
20251123,강서구,2025112220,16.0,6.0,77.29166666666667,30.0,2.0875,24,24,24
20251123,관악구,2025112220,15.0,7.0,71.25,30.0,2.016666666666667,24,24,24
20251123,광진구,2025112220,15.0,6.0,69.375,30.0,1.9708333333333332,24,24,24
20251123,구로구,2025112220,16.0,8.0,66.45833333333333,30.0,2.045833333333333,24,24,24
20251123,금천구,2025112220,15.0,6.0,74.79166666666667,30.0,2.2041666666666666,24,24,24
20251123,노원구,2025112220,15.0,4.0,78.54166666666667,30.0,1.9041666666666668,24,24,24
20251123,도봉구,2025112220,15.0,4.0,78.54166666666667,30.0,1.9041666666666668,24,24,24
20251123,동대문구,2025112220,15.0,7.0,70.20833333333333,30.0,1.8375,24,24,24
20251123,동작구,2025112220,15.0,7.0,71.25,30.0,2.016666666666667,24,24,24
20251123,마포구,2025112220,15.0,7.0,71.66666666666667,30.0,1.8541666666666667,24,24,24
20251123,서대문구,2025112220,15.0,7.0,71.66666666666667,30.0,1.8541666666666667,24,24,24
20251123,서초구,2025112220,15.0,7.0,71.66666666666667,30.0,2.1,24,24,24
20251123,성동구,2025112220,16.0,6.0,73.125,30.0,1.9083333333333332,24,24,24
20251123,성북구,2025112220,13.0,4.0,74.58333333333333,30.0,1.8125,24,24,24
20251123,송파구,2025112220,16.0,7.0,71.45833333333333,30.0,2.1583333333333337,24,24,24
20251123,양천구,2025112220,15.0,7.0,70.83333333333333,30.0,1.9125,24,24,24
20251123,영등포구,2025112220,15.0,7.0,70.41666666666667,30.0,1.8666666666666665,24,24,24
20251123,용산구,2025112220,15.0,7.0,70.625,30.0,1.8625,24,24,24
20251123,은평구,2025112220,15.0,6.0,77.08333333333333,30.0,1.8875,24,24,24
20251123,종로구,2025112220,16.0,7.0,72.29166666666667,30.0,1.7958333333333334,24,24,24
20251123,중구,2025112220,16.0,7.0,72.29166666666667,30.0,1.7958333333333334,24,24,24
20251123,중랑구,2025112220,15.0,6.0,71.25,30.0,1.9208333333333332,24,24,24
20251124,강남구,2025112320,16.0,10.0,77.70833333333333,60.0,1.5333333333333332,24,24,24
20251124,강동구,2025112320,17.0,9.0,79.375,60.0,1.3541666666666667,24,24,24
20251124,강북구,2025112320,14.0,7.0,81.66666666666667,60.0,1.4166666666666667,24,24,24
20251124,강서구,2025112320,17.0,9.0,83.75,60.0,1.5708333333333335,24,24,24
20251124,관악구,2025112320,16.0,10.0,77.91666666666667,60.0,1.5125,24,24,24
20251124,광진구,2025112320,16.0,10.0,75.625,60.0,1.3625,24,24,24
20251124,구로구,2025112320,16.0,11.0,72.5,60.0,1.5208333333333333,24,24,24
20251124,금천구,2025112320,16.0,10.0,82.08333333333333,60.0,1.5875,24,24,24
20251124,노원구,2025112320,16.0,8.0,85.83333333333333,60.0,1.4875,24,24,24
20251124,도봉구,2025112320,16.0,8.0,85.83333333333333,60.0,1.4875,24,24,24
20251124,동대문구,2025112320,16.0,10.0,77.5,60.0,1.3375,24,24,24
20251124,동작구,2025112320,16.0,10.0,77.91666666666667,60.0,1.5125,24,24,24
20251124,마포구,2025112320,16.0,10.0,78.75,60.0,1.4375,24,24,24
20251124,서대문구,2025112320,16.0,10.0,78.75,60.0,1.4375,24,24,24
20251124,서초구,2025112320,16.0,10.0,77.70833333333333,60.0,1.5333333333333332,24,24,24
20251124,성동구,2025112320,17.0,9.0,79.58333333333333,60.0,1.3875,24,24,24
20251124,성북구,2025112320,14.0,7.0,81.66666666666667,60.0,1.4166666666666667,24,24,24
20251124,송파구,2025112320,17.0,10.0,76.875,60.0,1.5458333333333334,24,24,24
20251124,양천구,2025112320,16.0,10.0,77.5,60.0,1.4791666666666667,24,24,24
20251124,영등포구,2025112320,16.0,10.0,76.66666666666667,60.0,1.4416666666666664,24,24,24
20251124,용산구,2025112320,16.0,10.0,76.66666666666667,60.0,1.4083333333333334,24,24,24
20251124,은평구,2025112320,16.0,9.0,83.33333333333333,60.0,1.4958333333333336,24,24,24
20251124,종로구,2025112320,17.0,9.0,78.95833333333333,60.0,1.3916666666666668,24,24,24
20251124,중구,2025112320,17.0,9.0,78.95833333333333,60.0,1.3916666666666668,24,24,24
20251124,중랑구,2025112320,16.0,9.0,77.91666666666667,60.0,1.325,24,24,24
20251125,강남구,2025112420,11.0,8.0,78.33333333333333,70.0,2.3874999999999997,24,24,24
20251125,강동구,2025112420,11.0,7.0,81.66666666666667,70.0,2.2708333333333335,24,24,24
20251125,강북구,2025112420,8.0,5.0,81.66666666666667,70.0,2.4250000000000003,24,24,24
20251125,강서구,2025112420,11.0,7.0,82.91666666666667,60.0,2.6166666666666667,24,24,24
20251125,관악구,2025112420,11.0,9.0,79.16666666666667,70.0,2.4458333333333333,24,24,24
20251125,광진구,2025112420,11.0,9.0,76.875,70.0,2.3000000000000003,24,24,24
20251125,구로구,2025112420,11.0,10.0,74.58333333333333,70.0,2.4833333333333334,24,24,24
20251125,금천구,2025112420,10.0,8.0,84.375,70.0,2.475,24,24,24
20251125,노원구,2025112420,11.0,6.0,85.0,70.0,2.420833333333333,24,24,24
20251125,도봉구,2025112420,11.0,6.0,85.0,70.0,2.420833333333333,24,24,24
20251125,동대문구,2025112420,11.0,9.0,77.5,70.0,2.3541666666666665,24,24,24
20251125,동작구,2025112420,11.0,9.0,79.16666666666667,70.0,2.4458333333333333,24,24,24
20251125,마포구,2025112420,10.0,9.0,78.95833333333333,70.0,2.454166666666667,24,24,24
20251125,서대문구,2025112420,10.0,9.0,78.95833333333333,70.0,2.454166666666667,24,24,24
20251125,서초구,2025112420,11.0,8.0,78.33333333333333,70.0,2.3874999999999997,24,24,24
20251125,성동구,2025112420,11.0,8.0,80.625,70.0,2.3291666666666666,24,24,24
20251125,성북구,2025112420,8.0,5.0,81.66666666666667,70.0,2.4250000000000003,24,24,24
20251125,송파구,2025112420,11.0,8.0,78.75,70.0,2.3874999999999997,24,24,24
20251125,양천구,2025112420,10.0,9.0,77.91666666666667,70.0,2.475,24,24,24
20251125,영등포구,2025112420,10.0,9.0,77.5,70.0,2.433333333333333,24,24,24
20251125,용산구,2025112420,10.0,9.0,78.125,70.0,2.379166666666667,24,24,24
20251125,은평구,2025112420,10.0,7.0,82.70833333333333,70.0,2.5,24,24,24
20251125,종로구,2025112420,10.0,8.0,78.95833333333333,70.0,2.4125,24,24,24
20251125,중구,2025112420,10.0,8.0,78.95833333333333,70.0,2.4125,24,24,24
20251125,중랑구,2025112420,11.0,8.0,78.54166666666667,70.0,2.2875,24,24,24
20251126,강남구,2025112520,10.0,2.0,70.83333333333333,30.0,1.2625,24,24,24
20251126,강동구,2025112520,10.0,3.0,71.875,30.0,1.2916666666666667,24,24,24
20251126,강북구,2025112520,8.0,-1.0,71.66666666666667,30.0,1.25,24,24,24
20251126,강서구,2025112520,10.0,1.0,74.375,30.0,1.3625,24,24,24
20251126,관악구,2025112520,10.0,2.0,70.625,30.0,1.2833333333333332,24,24,24
20251126,광진구,2025112520,10.0,3.0,68.54166666666667,30.0,1.241666666666667,24,24,24
20251126,구로구,2025112520,10.0,2.0,66.25,30.0,1.3041666666666667,24,24,24
20251126,금천구,2025112520,10.0,1.0,75.0,30.0,1.3291666666666666,24,24,24
20251126,노원구,2025112520,10.0,1.0,74.79166666666667,30.0,1.25,24,24,24
20251126,도봉구,2025112520,10.0,1.0,74.79166666666667,30.0,1.25,24,24,24
20251126,동대문구,2025112520,10.0,3.0,69.16666666666667,30.0,1.2166666666666668,24,24,24
20251126,동작구,2025112520,10.0,2.0,70.625,30.0,1.2833333333333332,24,24,24
20251126,마포구,2025112520,10.0,2.0,69.375,30.0,1.25,24,24,24
20251126,서대문구,2025112520,10.0,2.0,69.375,30.0,1.25,24,24,24
20251126,서초구,2025112520,10.0,2.0,70.83333333333333,30.0,1.2625,24,24,24
20251126,성동구,2025112520,11.0,2.0,72.70833333333333,30.0,1.2208333333333332,24,24,24
20251126,성북구,2025112520,8.0,-1.0,71.66666666666667,30.0,1.25,24,24,24
20251126,송파구,2025112520,10.0,3.0,70.41666666666667,30.0,1.3,24,24,24
20251126,양천구,2025112520,10.0,2.0,69.58333333333333,30.0,1.2916666666666667,24,24,24
20251126,영등포구,2025112520,10.0,2.0,68.75,30.0,1.2541666666666669,24,24,24
20251126,용산구,2025112520,10.0,2.0,69.375,30.0,1.2125,24,24,24
20251126,은평구,2025112520,10.0,1.0,72.70833333333333,30.0,1.2666666666666668,24,24,24
20251126,종로구,2025112520,11.0,3.0,70.20833333333333,30.0,1.2333333333333334,24,24,24
20251126,중구,2025112520,11.0,3.0,70.20833333333333,30.0,1.2333333333333334,24,24,24
20251126,중랑구,2025112520,10.0,2.0,69.375,30.0,1.2375,24,24,24
20251127,강남구,2025112620,10.0,5.0,72.08333333333333,60.0,5.466666666666666,24,24,24
20251127,강동구,2025112620,10.0,4.0,74.79166666666667,60.0,5.208333333333333,24,24,24
20251127,강북구,2025112620,7.0,2.0,75.0,60.0,5.166666666666667,24,24,24
20251127,강서구,2025112620,10.0,5.0,75.0,60.0,6.1000000000000005,24,24,24
20251127,관악구,2025112620,9.0,5.0,71.66666666666667,60.0,5.587500000000001,24,24,24
20251127,광진구,2025112620,10.0,5.0,70.83333333333333,60.0,5.195833333333334,24,24,24
20251127,구로구,2025112620,10.0,6.0,65.83333333333333,60.0,5.8875,24,24,24
20251127,금천구,2025112620,9.0,4.0,75.83333333333333,60.0,5.841666666666666,24,24,24
20251127,노원구,2025112620,9.0,3.0,78.95833333333333,60.0,5.045833333333333,24,24,24
20251127,도봉구,2025112620,9.0,3.0,78.95833333333333,60.0,5.045833333333333,24,24,24
20251127,동대문구,2025112620,9.0,5.0,71.875,60.0,5.104166666666667,24,24,24
20251127,동작구,2025112620,9.0,5.0,71.66666666666667,60.0,5.587500000000001,24,24,24
20251127,마포구,2025112620,9.0,5.0,72.5,60.0,5.258333333333334,24,24,24
20251127,서대문구,2025112620,9.0,5.0,72.5,60.0,5.258333333333334,24,24,24
20251127,서초구,2025112620,10.0,5.0,72.08333333333333,60.0,5.466666666666666,24,24,24
20251127,성동구,2025112620,10.0,4.0,74.58333333333333,60.0,5.208333333333333,24,24,24
20251127,성북구,2025112620,7.0,2.0,75.0,60.0,5.166666666666667,24,24,24
20251127,송파구,2025112620,10.0,5.0,72.08333333333333,60.0,5.395833333333333,24,24,24
20251127,양천구,2025112620,9.0,5.0,71.04166666666667,60.0,5.716666666666666,24,24,24
20251127,영등포구,2025112620,9.0,5.0,70.41666666666667,60.0,5.316666666666667,24,24,24
20251127,용산구,2025112620,9.0,5.0,71.25,60.0,5.25,24,24,24
20251127,은평구,2025112620,9.0,4.0,76.04166666666667,60.0,5.270833333333333,24,24,24
20251127,종로구,2025112620,10.0,5.0,73.33333333333333,60.0,5.195833333333334,24,24,24
20251127,중구,2025112620,10.0,5.0,73.33333333333333,60.0,5.195833333333334,24,24,24
20251127,중랑구,2025112620,9.0,4.0,72.91666666666667,60.0,5.116666666666666,24,24,24
20251128,강남구,2025112720,6.0,-1.0,58.333333333333336,0.0,2.0708333333333333,24,24,24
20251128,강동구,2025112720,6.0,-1.0,61.041666666666664,0.0,1.9624999999999997,24,24,24
20251128,강북구,2025112720,4.0,-4.0,60.416666666666664,0.0,1.8625,24,24,24
20251128,강서구,2025112720,7.0,-2.0,60.833333333333336,0.0,2.325,24,24,24
20251128,관악구,2025112720,6.0,-1.0,57.708333333333336,0.0,2.066666666666667,24,24,24
20251128,광진구,2025112720,6.0,0.0,57.5,0.0,1.9166666666666667,24,24,24
20251128,구로구,2025112720,7.0,0.0,52.083333333333336,0.0,2.25,24,24,24
20251128,금천구,2025112720,6.0,-1.0,62.291666666666664,0.0,2.266666666666667,24,24,24
20251128,노원구,2025112720,7.0,-2.0,62.708333333333336,0.0,1.8625,24,24,24
20251128,도봉구,2025112720,7.0,-2.0,62.708333333333336,0.0,1.8625,24,24,24
20251128,동대문구,2025112720,6.0,-1.0,57.083333333333336,0.0,1.8583333333333336,24,24,24
20251128,동작구,2025112720,6.0,-1.0,57.708333333333336,0.0,2.066666666666667,24,24,24
20251128,마포구,2025112720,6.0,-1.0,57.083333333333336,0.0,1.8833333333333335,24,24,24
20251128,서대문구,2025112720,6.0,-1.0,57.083333333333336,0.0,1.8833333333333335,24,24,24
20251128,서초구,2025112720,6.0,-1.0,58.333333333333336,0.0,2.0708333333333333,24,24,24
20251128,성동구,2025112720,7.0,0.0,60.833333333333336,0.0,1.8958333333333333,24,24,24
20251128,성북구,2025112720,4.0,-4.0,60.416666666666664,0.0,1.8625,24,24,24
20251128,송파구,2025112720,6.0,0.0,58.333333333333336,0.0,2.0708333333333333,24,24,24
20251128,양천구,2025112720,6.0,-1.0,56.458333333333336,0.0,2.1333333333333333,24,24,24
20251128,영등포구,2025112720,6.0,-1.0,56.041666666666664,0.0,1.95,24,24,24
20251128,용산구,2025112720,6.0,-1.0,56.25,0.0,1.9166666666666667,24,24,24
20251128,은평구,2025112720,7.0,-2.0,61.041666666666664,0.0,1.8833333333333335,24,24,24
20251128,종로구,2025112720,7.0,-1.0,58.125,0.0,1.8625,24,24,24
20251128,중구,2025112720,7.0,-1.0,58.125,0.0,1.8625,24,24,24
20251128,중랑구,2025112720,6.0,-1.0,57.291666666666664,0.0,1.8916666666666664,24,24,24
20251129,강남구,2025112820,13.0,1.0,66.45833333333333,30.0,2.6166666666666667,24,24,24
20251129,강동구,2025112820,12.0,0.0,69.58333333333333,30.0,2.358333333333333,24,24,24
20251129,강북구,2025112820,9.0,-2.0,68.95833333333333,30.0,2.4416666666666664,24,24,24
20251129,강서구,2025112820,13.0,0.0,70.20833333333333,30.0,3.720833333333333,24,24,24
20251129,관악구,2025112820,13.0,1.0,67.29166666666667,30.0,2.9958333333333336,24,24,24
20251129,광진구,2025112820,12.0,1.0,65.20833333333333,30.0,2.375,24,24,24
20251129,구로구,2025112820,13.0,2.0,60.833333333333336,30.0,3.3874999999999997,24,24,24
20251129,금천구,2025112820,13.0,0.0,70.41666666666667,30.0,3.2083333333333335,24,24,24
20251129,노원구,2025112820,11.0,-1.0,72.08333333333333,30.0,2.254166666666667,24,24,24
20251129,도봉구,2025112820,11.0,-1.0,72.08333333333333,30.0,2.254166666666667,24,24,24
20251129,동대문구,2025112820,12.0,1.0,64.79166666666667,30.0,2.2958333333333334,24,24,24
20251129,동작구,2025112820,13.0,1.0,67.29166666666667,30.0,2.9958333333333336,24,24,24
20251129,마포구,2025112820,12.0,1.0,67.08333333333333,30.0,2.6875,24,24,24
20251129,서대문구,2025112820,12.0,1.0,67.08333333333333,30.0,2.6875,24,24,24
20251129,서초구,2025112820,13.0,1.0,66.45833333333333,30.0,2.6166666666666667,24,24,24
20251129,성동구,2025112820,13.0,1.0,67.91666666666667,30.0,2.4208333333333334,24,24,24
20251129,성북구,2025112820,9.0,-2.0,68.95833333333333,30.0,2.4416666666666664,24,24,24
20251129,송파구,2025112820,13.0,1.0,65.20833333333333,30.0,2.5208333333333335,24,24,24
20251129,양천구,2025112820,13.0,1.0,66.04166666666667,30.0,3.25,24,24,24
20251129,영등포구,2025112820,13.0,1.0,66.45833333333333,30.0,2.7916666666666665,24,24,24
20251129,용산구,2025112820,13.0,1.0,66.66666666666667,30.0,2.6,24,24,24
20251129,은평구,2025112820,12.0,0.0,70.625,30.0,2.641666666666667,24,24,24
20251129,종로구,2025112820,12.0,1.0,66.875,30.0,2.483333333333333,24,24,24
20251129,중구,2025112820,12.0,1.0,66.875,30.0,2.483333333333333,24,24,24
20251129,중랑구,2025112820,12.0,0.0,65.41666666666667,30.0,2.275,24,24,24
20251130,강남구,2025112920,15.0,8.0,83.95833333333333,30.0,1.225,24,24,24
20251130,강동구,2025112920,14.0,7.0,85.83333333333333,60.0,1.225,24,24,24
20251130,강북구,2025112920,12.0,5.0,86.25,30.0,1.2291666666666667,24,24,24
20251130,강서구,2025112920,15.0,6.0,88.125,30.0,1.5083333333333335,24,24,24
20251130,관악구,2025112920,14.0,7.0,83.95833333333333,30.0,1.25,24,24,24
20251130,광진구,2025112920,14.0,8.0,81.45833333333333,30.0,1.2291666666666667,24,24,24
20251130,구로구,2025112920,14.0,8.0,80.0,30.0,1.3375,24,24,24
20251130,금천구,2025112920,14.0,7.0,87.70833333333333,30.0,1.2791666666666668,24,24,24
20251130,노원구,2025112920,14.0,6.0,89.16666666666667,30.0,1.1666666666666667,24,24,24
20251130,도봉구,2025112920,14.0,6.0,89.16666666666667,30.0,1.1666666666666667,24,24,24
20251130,동대문구,2025112920,14.0,8.0,82.70833333333333,30.0,1.225,24,24,24
20251130,동작구,2025112920,14.0,7.0,83.95833333333333,30.0,1.25,24,24,24
20251130,마포구,2025112920,14.0,7.0,84.375,30.0,1.2625,24,24,24
20251130,서대문구,2025112920,14.0,7.0,84.375,30.0,1.2625,24,24,24
20251130,서초구,2025112920,15.0,8.0,83.95833333333333,30.0,1.225,24,24,24
20251130,성동구,2025112920,15.0,7.0,84.79166666666667,30.0,1.2333333333333334,24,24,24
20251130,성북구,2025112920,12.0,5.0,86.25,30.0,1.2291666666666667,24,24,24
20251130,송파구,2025112920,15.0,8.0,82.70833333333333,30.0,1.225,24,24,24
20251130,양천구,2025112920,14.0,7.0,83.54166666666667,30.0,1.3541666666666667,24,24,24
20251130,영등포구,2025112920,14.0,7.0,83.54166666666667,30.0,1.2666666666666666,24,24,24
20251130,용산구,2025112920,14.0,7.0,83.54166666666667,30.0,1.2375,24,24,24
20251130,은평구,2025112920,14.0,7.0,88.33333333333333,30.0,1.2583333333333333,24,24,24
20251130,종로구,2025112920,15.0,7.0,83.54166666666667,30.0,1.2458333333333331,24,24,24
20251130,중구,2025112920,15.0,7.0,83.54166666666667,30.0,1.2458333333333331,24,24,24
20251130,중랑구,2025112920,14.0,7.0,83.54166666666667,30.0,1.2,24,24,24
20251201,강남구,2025113020,8.0,3.0,63.958333333333336,30.0,4.079166666666667,24,24,24
20251201,강동구,2025113020,8.0,3.0,66.66666666666667,30.0,4.029166666666667,24,24,24
20251201,강북구,2025113020,6.0,0.0,65.0,30.0,3.9,24,24,24
20251201,강서구,2025113020,8.0,2.0,67.29166666666667,30.0,4.45,24,24,24
20251201,관악구,2025113020,8.0,3.0,64.58333333333333,30.0,4.054166666666666,24,24,24
20251201,광진구,2025113020,8.0,3.0,63.541666666666664,30.0,3.9916666666666663,24,24,24
20251201,구로구,2025113020,8.0,4.0,59.375,30.0,4.2749999999999995,24,24,24
20251201,금천구,2025113020,7.0,3.0,68.33333333333333,30.0,4.179166666666666,24,24,24
20251201,노원구,2025113020,8.0,1.0,67.08333333333333,30.0,3.841666666666667,24,24,24
20251201,도봉구,2025113020,8.0,1.0,67.08333333333333,30.0,3.841666666666667,24,24,24
20251201,동대문구,2025113020,8.0,3.0,62.083333333333336,30.0,3.908333333333333,24,24,24
20251201,동작구,2025113020,8.0,3.0,64.58333333333333,30.0,4.054166666666666,24,24,24
20251201,마포구,2025113020,8.0,3.0,63.333333333333336,30.0,3.9125,24,24,24
20251201,서대문구,2025113020,8.0,3.0,63.333333333333336,30.0,3.9125,24,24,24
20251201,서초구,2025113020,8.0,3.0,63.958333333333336,30.0,4.079166666666667,24,24,24
20251201,성동구,2025113020,9.0,3.0,66.04166666666667,30.0,3.9625,24,24,24
20251201,성북구,2025113020,6.0,0.0,65.0,30.0,3.9,24,24,24
20251201,송파구,2025113020,8.0,3.0,63.333333333333336,30.0,4.125,24,24,24
20251201,양천구,2025113020,7.0,3.0,64.16666666666667,30.0,4.1875,24,24,24
20251201,영등포구,2025113020,7.0,3.0,63.75,30.0,3.904166666666667,24,24,24
20251201,용산구,2025113020,7.0,3.0,63.541666666666664,30.0,3.9333333333333336,24,24,24
20251201,은평구,2025113020,8.0,2.0,66.66666666666667,30.0,3.920833333333333,24,24,24
20251201,종로구,2025113020,8.0,3.0,63.75,30.0,3.8958333333333335,24,24,24
20251201,중구,2025113020,8.0,3.0,63.75,30.0,3.8958333333333335,24,24,24
20251201,중랑구,2025113020,8.0,3.0,61.875,30.0,3.9375,24,24,24
20251202,강남구,2025120120,3.0,0.0,43.541666666666664,30.0,4.6125,24,24,24
20251202,강동구,2025120120,3.0,0.0,44.375,30.0,4.679166666666667,24,24,24
20251202,강북구,2025120120,0.0,-4.0,42.5,30.0,4.591666666666667,24,24,24
20251202,강서구,2025120120,3.0,-2.0,46.25,30.0,5.0,24,24,24
20251202,관악구,2025120120,3.0,0.0,44.375,30.0,4.566666666666667,24,24,24
20251202,광진구,2025120120,3.0,0.0,40.833333333333336,30.0,4.6000000000000005,24,24,24
20251202,구로구,2025120120,3.0,0.0,40.625,30.0,4.8125,24,24,24
20251202,금천구,2025120120,2.0,-1.0,48.333333333333336,30.0,4.729166666666667,24,24,24
20251202,노원구,2025120120,3.0,-2.0,44.375,30.0,4.691666666666666,24,24,24
20251202,도봉구,2025120120,3.0,-2.0,44.375,30.0,4.691666666666666,24,24,24
20251202,동대문구,2025120120,3.0,0.0,40.0,30.0,4.516666666666667,24,24,24
20251202,동작구,2025120120,3.0,0.0,44.375,30.0,4.566666666666667,24,24,24
20251202,마포구,2025120120,2.0,-1.0,42.291666666666664,30.0,4.4624999999999995,24,24,24
20251202,서대문구,2025120120,2.0,-1.0,42.291666666666664,30.0,4.4624999999999995,24,24,24
20251202,서초구,2025120120,3.0,0.0,43.541666666666664,30.0,4.6125,24,24,24
20251202,성동구,2025120120,4.0,0.0,44.375,30.0,4.495833333333334,24,24,24
20251202,성북구,2025120120,0.0,-4.0,42.5,30.0,4.591666666666667,24,24,24
20251202,송파구,2025120120,3.0,0.0,42.5,30.0,4.658333333333333,24,24,24
20251202,양천구,2025120120,2.0,-1.0,43.75,30.0,4.7,24,24,24
20251202,영등포구,2025120120,2.0,-1.0,43.75,30.0,4.4375,24,24,24
20251202,용산구,2025120120,2.0,0.0,43.333333333333336,30.0,4.4624999999999995,24,24,24
20251202,은평구,2025120120,3.0,-2.0,45.0,30.0,4.6000000000000005,24,24,24
20251202,종로구,2025120120,3.0,-1.0,42.083333333333336,30.0,4.4875,24,24,24
20251202,중구,2025120120,3.0,-1.0,42.083333333333336,30.0,4.4875,24,24,24
20251202,중랑구,2025120120,3.0,-1.0,39.791666666666664,30.0,4.633333333333334,24,24,24
20251203,강남구,2025120220,-3.0,-6.0,41.666666666666664,30.0,2.875,24,24,24
20251203,강동구,2025120220,-3.0,-7.0,42.916666666666664,30.0,3.0291666666666663,24,24,24
20251203,강북구,2025120220,-6.0,-11.0,41.666666666666664,30.0,3.1624999999999996,24,24,24
20251203,강서구,2025120220,-3.0,-9.0,43.541666666666664,30.0,3.2125,24,24,24
20251203,관악구,2025120220,-3.0,-9.0,42.291666666666664,30.0,2.875,24,24,24
20251203,광진구,2025120220,-3.0,-6.0,41.041666666666664,30.0,2.9375,24,24,24
20251203,구로구,2025120220,-3.0,-8.0,36.875,30.0,2.891666666666667,24,24,24
20251203,금천구,2025120220,-3.0,-8.0,46.25,30.0,2.829166666666666,24,24,24
20251203,노원구,2025120220,-3.0,-9.0,42.5,20.0,3.3333333333333335,24,24,24
20251203,도봉구,2025120220,-3.0,-9.0,42.5,20.0,3.3333333333333335,24,24,24
20251203,동대문구,2025120220,-3.0,-8.0,40.208333333333336,30.0,3.0291666666666663,24,24,24
20251203,동작구,2025120220,-3.0,-9.0,42.291666666666664,30.0,2.875,24,24,24
20251203,마포구,2025120220,-3.0,-8.0,41.666666666666664,30.0,3.0708333333333333,24,24,24
20251203,서대문구,2025120220,-3.0,-8.0,41.666666666666664,30.0,3.0708333333333333,24,24,24
20251203,서초구,2025120220,-3.0,-6.0,41.666666666666664,30.0,2.875,24,24,24
20251203,성동구,2025120220,-2.0,-7.0,43.958333333333336,30.0,2.8958333333333335,24,24,24
20251203,성북구,2025120220,-6.0,-11.0,41.666666666666664,30.0,3.1624999999999996,24,24,24
20251203,송파구,2025120220,-3.0,-6.0,41.25,30.0,2.8958333333333335,24,24,24
20251203,양천구,2025120220,-3.0,-8.0,42.291666666666664,30.0,2.983333333333333,24,24,24
20251203,영등포구,2025120220,-3.0,-8.0,42.083333333333336,30.0,2.9583333333333335,24,24,24
20251203,용산구,2025120220,-3.0,-9.0,42.083333333333336,30.0,2.9166666666666665,24,24,24
20251203,은평구,2025120220,-3.0,-9.0,42.708333333333336,30.0,3.1916666666666664,24,24,24
20251203,종로구,2025120220,-3.0,-8.0,42.916666666666664,30.0,3.0208333333333335,24,24,24
20251203,중구,2025120220,-3.0,-8.0,42.916666666666664,30.0,3.0208333333333335,24,24,24
20251203,중랑구,2025120220,-3.0,-7.0,40.208333333333336,30.0,3.0416666666666665,24,24,24
20251204,강남구,2025120320,2.0,-9.0,62.5,60.0,1.8833333333333335,24,24,24
20251204,강동구,2025120320,2.0,-9.0,63.75,60.0,1.8041666666666665,24,24,24
20251204,강북구,2025120320,-1.0,-12.0,61.875,60.0,1.9458333333333335,24,24,24
20251204,강서구,2025120320,3.0,-9.0,60.833333333333336,60.0,2.245833333333333,24,24,24
20251204,관악구,2025120320,2.0,-8.0,62.291666666666664,60.0,2.025,24,24,24
20251204,광진구,2025120320,2.0,-8.0,60.833333333333336,60.0,1.7916666666666667,24,24,24
20251204,구로구,2025120320,3.0,-8.0,57.083333333333336,60.0,2.1208333333333336,24,24,24
20251204,금천구,2025120320,2.0,-9.0,66.25,60.0,2.0416666666666665,24,24,24
20251204,노원구,2025120320,1.0,-10.0,64.16666666666667,60.0,1.9416666666666664,24,24,24
20251204,도봉구,2025120320,1.0,-10.0,64.16666666666667,60.0,1.9416666666666664,24,24,24
20251204,동대문구,2025120320,2.0,-9.0,60.208333333333336,60.0,1.8583333333333336,24,24,24
20251204,동작구,2025120320,2.0,-8.0,62.291666666666664,60.0,2.025,24,24,24
20251204,마포구,2025120320,2.0,-9.0,61.25,60.0,2.025,24,24,24
20251204,서대문구,2025120320,2.0,-9.0,61.25,60.0,2.025,24,24,24
20251204,서초구,2025120320,2.0,-9.0,62.5,60.0,1.8833333333333335,24,24,24
20251204,성동구,2025120320,2.0,-9.0,63.333333333333336,60.0,1.8333333333333333,24,24,24
20251204,성북구,2025120320,-1.0,-12.0,61.875,60.0,1.9458333333333335,24,24,24
20251204,송파구,2025120320,2.0,-8.0,61.875,60.0,1.8708333333333331,24,24,24
20251204,양천구,2025120320,2.0,-9.0,61.458333333333336,60.0,2.1125000000000003,24,24,24
20251204,영등포구,2025120320,2.0,-8.0,61.666666666666664,60.0,2.0124999999999997,24,24,24
20251204,용산구,2025120320,2.0,-9.0,61.458333333333336,60.0,1.9125000000000003,24,24,24
20251204,은평구,2025120320,2.0,-10.0,63.541666666666664,60.0,2.045833333333333,24,24,24
20251204,종로구,2025120320,2.0,-9.0,61.041666666666664,60.0,1.9166666666666667,24,24,24
20251204,중구,2025120320,2.0,-9.0,61.041666666666664,60.0,1.9166666666666667,24,24,24
20251204,중랑구,2025120320,2.0,-9.0,59.791666666666664,60.0,1.8208333333333335,24,24,24
20251205,강남구,2025120420,2.0,-5.0,59.791666666666664,30.0,1.8291666666666668,24,24,24
20251205,강동구,2025120420,2.0,-6.0,62.291666666666664,20.0,1.9291666666666665,24,24,24
20251205,강북구,2025120420,0.0,-9.0,60.833333333333336,30.0,1.9083333333333337,24,24,24
20251205,강서구,2025120420,2.0,-6.0,63.541666666666664,30.0,2.0375,24,24,24
20251205,관악구,2025120420,2.0,-5.0,59.791666666666664,30.0,1.8625,24,24,24
20251205,광진구,2025120420,2.0,-5.0,59.791666666666664,20.0,1.8291666666666664,24,24,24
20251205,구로구,2025120420,2.0,-4.0,54.166666666666664,30.0,1.9208333333333336,24,24,24
20251205,금천구,2025120420,2.0,-5.0,63.958333333333336,30.0,1.9166666666666667,24,24,24
20251205,노원구,2025120420,2.0,-7.0,62.291666666666664,30.0,1.9583333333333333,24,24,24
20251205,도봉구,2025120420,2.0,-7.0,62.291666666666664,30.0,1.9583333333333333,24,24,24
20251205,동대문구,2025120420,2.0,-5.0,58.541666666666664,30.0,1.8166666666666669,24,24,24
20251205,동작구,2025120420,2.0,-5.0,59.791666666666664,30.0,1.8625,24,24,24
20251205,마포구,2025120420,2.0,-6.0,59.791666666666664,30.0,1.925,24,24,24
20251205,서대문구,2025120420,2.0,-6.0,59.791666666666664,30.0,1.925,24,24,24
20251205,서초구,2025120420,2.0,-5.0,59.791666666666664,30.0,1.8291666666666668,24,24,24
20251205,성동구,2025120420,2.0,-5.0,62.708333333333336,30.0,1.8041666666666665,24,24,24
20251205,성북구,2025120420,0.0,-9.0,60.833333333333336,30.0,1.9083333333333337,24,24,24
20251205,송파구,2025120420,2.0,-5.0,59.375,30.0,1.875,24,24,24
20251205,양천구,2025120420,2.0,-5.0,59.791666666666664,30.0,1.9166666666666667,24,24,24
20251205,영등포구,2025120420,2.0,-5.0,59.166666666666664,30.0,1.8458333333333332,24,24,24
20251205,용산구,2025120420,1.0,-5.0,59.583333333333336,30.0,1.8,24,24,24
20251205,은평구,2025120420,2.0,-7.0,62.5,30.0,1.9666666666666668,24,24,24
20251205,종로구,2025120420,3.0,-6.0,61.875,30.0,1.8541666666666667,24,24,24
20251205,중구,2025120420,3.0,-6.0,61.875,30.0,1.8541666666666667,24,24,24
20251205,중랑구,2025120420,2.0,-6.0,59.583333333333336,30.0,1.8333333333333333,24,24,24
20251206,강남구,2025120520,7.0,-1.0,71.45833333333333,60.0,2.1999999999999997,24,24,24
20251206,강동구,2025120520,7.0,-2.0,72.5,60.0,1.9750000000000003,24,24,24
20251206,강북구,2025120520,4.0,-3.0,74.375,60.0,2.0041666666666664,24,24,24
20251206,강서구,2025120520,8.0,-1.0,76.875,60.0,2.466666666666667,24,24,24
20251206,관악구,2025120520,7.0,0.0,73.125,60.0,2.2875,24,24,24
20251206,광진구,2025120520,6.0,-1.0,69.58333333333333,60.0,1.9791666666666667,24,24,24
20251206,구로구,2025120520,7.0,1.0,68.54166666666667,60.0,2.3541666666666665,24,24,24
20251206,금천구,2025120520,7.0,-1.0,77.29166666666667,60.0,2.4458333333333333,24,24,24
20251206,노원구,2025120520,6.0,-2.0,77.08333333333333,30.0,2.0708333333333333,24,24,24
20251206,도봉구,2025120520,6.0,-2.0,77.08333333333333,30.0,2.0708333333333333,24,24,24
20251206,동대문구,2025120520,7.0,0.0,70.83333333333333,60.0,1.9624999999999997,24,24,24
20251206,동작구,2025120520,7.0,0.0,73.125,60.0,2.2875,24,24,24
20251206,마포구,2025120520,7.0,0.0,73.33333333333333,60.0,2.095833333333333,24,24,24
20251206,서대문구,2025120520,7.0,0.0,73.33333333333333,60.0,2.095833333333333,24,24,24
20251206,서초구,2025120520,7.0,-1.0,71.45833333333333,60.0,2.1999999999999997,24,24,24
20251206,성동구,2025120520,7.0,0.0,73.33333333333333,60.0,1.991666666666667,24,24,24
20251206,성북구,2025120520,4.0,-3.0,74.375,60.0,2.0041666666666664,24,24,24
20251206,송파구,2025120520,7.0,0.0,70.625,60.0,2.1958333333333333,24,24,24
20251206,양천구,2025120520,7.0,0.0,72.91666666666667,60.0,2.25,24,24,24
20251206,영등포구,2025120520,7.0,0.0,71.875,60.0,2.120833333333333,24,24,24
20251206,용산구,2025120520,7.0,0.0,71.875,60.0,2.0208333333333335,24,24,24
20251206,은평구,2025120520,7.0,-1.0,76.875,60.0,2.154166666666667,24,24,24
20251206,종로구,2025120520,7.0,-1.0,74.375,60.0,1.9833333333333332,24,24,24
20251206,중구,2025120520,7.0,-1.0,74.375,60.0,1.9833333333333332,24,24,24
20251206,중랑구,2025120520,6.0,-1.0,71.25,60.0,1.9666666666666668,24,24,24
20251207,강남구,2025120620,12.0,3.0,83.54166666666667,30.0,1.4125,24,24,24
20251207,강동구,2025120620,12.0,2.0,84.375,30.0,1.3166666666666669,24,24,24
20251207,강북구,2025120620,9.0,0.0,87.08333333333333,30.0,1.4208333333333332,24,24,24
20251207,강서구,2025120620,13.0,3.0,88.75,20.0,1.4666666666666668,24,24,24
20251207,관악구,2025120620,12.0,4.0,84.79166666666667,30.0,1.4375,24,24,24
20251207,광진구,2025120620,12.0,3.0,81.45833333333333,30.0,1.3458333333333332,24,24,24
20251207,구로구,2025120620,13.0,5.0,80.0,20.0,1.45,24,24,24
20251207,금천구,2025120620,12.0,3.0,88.95833333333333,20.0,1.4208333333333334,24,24,24
20251207,노원구,2025120620,11.0,1.0,89.16666666666667,30.0,1.4083333333333334,24,24,24
20251207,도봉구,2025120620,11.0,1.0,89.16666666666667,30.0,1.4083333333333334,24,24,24
20251207,동대문구,2025120620,11.0,3.0,82.70833333333333,30.0,1.3375000000000004,24,24,24
20251207,동작구,2025120620,12.0,4.0,84.79166666666667,30.0,1.4375,24,24,24
20251207,마포구,2025120620,12.0,3.0,84.79166666666667,30.0,1.4333333333333336,24,24,24
20251207,서대문구,2025120620,12.0,3.0,84.79166666666667,30.0,1.4333333333333336,24,24,24
20251207,서초구,2025120620,12.0,3.0,83.54166666666667,30.0,1.4125,24,24,24
20251207,성동구,2025120620,13.0,3.0,84.375,30.0,1.375,24,24,24
20251207,성북구,2025120620,9.0,0.0,87.08333333333333,30.0,1.4208333333333332,24,24,24
20251207,송파구,2025120620,12.0,4.0,83.54166666666667,30.0,1.4375,24,24,24
20251207,양천구,2025120620,12.0,4.0,83.95833333333333,30.0,1.4583333333333333,24,24,24
20251207,영등포구,2025120620,12.0,4.0,83.54166666666667,30.0,1.4458333333333335,24,24,24
20251207,용산구,2025120620,12.0,3.0,82.91666666666667,30.0,1.4083333333333332,24,24,24
20251207,은평구,2025120620,12.0,2.0,88.54166666666667,30.0,1.4416666666666669,24,24,24
20251207,종로구,2025120620,12.0,3.0,84.16666666666667,30.0,1.4,24,24,24
20251207,중구,2025120620,12.0,3.0,84.16666666666667,30.0,1.4,24,24,24
20251207,중랑구,2025120620,11.0,2.0,83.125,30.0,1.2833333333333334,24,24,24
20251208,강남구,2025120720,5.0,0.0,52.5,20.0,3.5625,24,24,24
20251208,강동구,2025120720,5.0,-1.0,54.791666666666664,20.0,3.4749999999999996,24,24,24
20251208,강북구,2025120720,3.0,-4.0,54.583333333333336,20.0,3.3791666666666664,24,24,24
20251208,강서구,2025120720,5.0,-1.0,54.583333333333336,20.0,3.870833333333333,24,24,24
20251208,관악구,2025120720,5.0,0.0,52.916666666666664,20.0,3.5500000000000007,24,24,24
20251208,광진구,2025120720,5.0,0.0,51.875,20.0,3.454166666666666,24,24,24
20251208,구로구,2025120720,6.0,1.0,48.541666666666664,20.0,3.7458333333333336,24,24,24
20251208,금천구,2025120720,5.0,-1.0,58.333333333333336,20.0,3.6875,24,24,24
20251208,노원구,2025120720,5.0,-3.0,56.875,20.0,3.3333333333333335,24,24,24
20251208,도봉구,2025120720,5.0,-3.0,56.875,20.0,3.3333333333333335,24,24,24
20251208,동대문구,2025120720,5.0,0.0,51.041666666666664,20.0,3.3624999999999994,24,24,24
20251208,동작구,2025120720,5.0,0.0,52.916666666666664,20.0,3.5500000000000007,24,24,24
20251208,마포구,2025120720,5.0,0.0,52.708333333333336,20.0,3.3875000000000006,24,24,24
20251208,서대문구,2025120720,5.0,0.0,52.708333333333336,20.0,3.3875000000000006,24,24,24
20251208,서초구,2025120720,5.0,0.0,52.5,20.0,3.5625,24,24,24
20251208,성동구,2025120720,6.0,0.0,54.166666666666664,20.0,3.420833333333333,24,24,24
20251208,성북구,2025120720,3.0,-4.0,54.583333333333336,20.0,3.3791666666666664,24,24,24
20251208,송파구,2025120720,6.0,0.0,52.708333333333336,20.0,3.579166666666667,24,24,24
20251208,양천구,2025120720,5.0,0.0,51.666666666666664,20.0,3.658333333333333,24,24,24
20251208,영등포구,2025120720,5.0,0.0,51.666666666666664,20.0,3.4,24,24,24
20251208,용산구,2025120720,5.0,0.0,52.083333333333336,20.0,3.4,24,24,24
20251208,은평구,2025120720,5.0,-2.0,55.416666666666664,20.0,3.375,24,24,24
20251208,종로구,2025120720,5.0,0.0,52.916666666666664,20.0,3.3625000000000003,24,24,24
20251208,중구,2025120720,5.0,0.0,52.916666666666664,20.0,3.3625000000000003,24,24,24
20251208,중랑구,2025120720,5.0,-1.0,51.666666666666664,20.0,3.4083333333333337,24,24,24
20251209,강남구,2025120820,7.0,-2.0,66.45833333333333,30.0,1.2625000000000002,24,24,24
20251209,강동구,2025120820,6.0,-3.0,68.125,30.0,1.1083333333333334,24,24,24
20251209,강북구,2025120820,4.0,-5.0,69.58333333333333,30.0,1.1458333333333333,24,24,24
20251209,강서구,2025120820,8.0,-4.0,70.20833333333333,30.0,1.9541666666666668,24,24,24
20251209,관악구,2025120820,7.0,-2.0,68.125,30.0,1.4125,24,24,24
20251209,광진구,2025120820,6.0,-2.0,65.0,30.0,1.1291666666666669,24,24,24
20251209,구로구,2025120820,7.0,-2.0,63.333333333333336,30.0,1.7041666666666666,24,24,24
20251209,금천구,2025120820,6.0,-3.0,72.70833333333333,30.0,1.5666666666666669,24,24,24
20251209,노원구,2025120820,6.0,-4.0,71.45833333333333,30.0,1.025,24,24,24
20251209,도봉구,2025120820,6.0,-4.0,71.45833333333333,30.0,1.025,24,24,24
20251209,동대문구,2025120820,6.0,-2.0,65.41666666666667,30.0,1.0708333333333335,24,24,24
20251209,동작구,2025120820,7.0,-2.0,68.125,30.0,1.4125,24,24,24
20251209,마포구,2025120820,6.0,-3.0,67.08333333333333,30.0,1.3,24,24,24
20251209,서대문구,2025120820,6.0,-3.0,67.08333333333333,30.0,1.3,24,24,24
20251209,서초구,2025120820,7.0,-2.0,66.45833333333333,30.0,1.2625000000000002,24,24,24
20251209,성동구,2025120820,6.0,-2.0,67.5,30.0,1.1625,24,24,24
20251209,성북구,2025120820,4.0,-5.0,69.58333333333333,30.0,1.1458333333333333,24,24,24
20251209,송파구,2025120820,7.0,-2.0,65.83333333333333,30.0,1.2208333333333334,24,24,24
20251209,양천구,2025120820,7.0,-2.0,66.875,30.0,1.5916666666666666,24,24,24
20251209,영등포구,2025120820,6.0,-2.0,66.25,30.0,1.3416666666666668,24,24,24
20251209,용산구,2025120820,6.0,-2.0,66.45833333333333,30.0,1.2125,24,24,24
20251209,은평구,2025120820,6.0,-3.0,71.04166666666667,30.0,1.2791666666666668,24,24,24
20251209,종로구,2025120820,7.0,-2.0,66.875,30.0,1.1833333333333331,24,24,24
20251209,중구,2025120820,7.0,-2.0,66.875,30.0,1.1833333333333331,24,24,24
20251209,중랑구,2025120820,6.0,-3.0,65.0,30.0,1.0541666666666667,24,24,24
20251210,강남구,2025120920,10.0,0.0,73.33333333333333,30.0,1.4666666666666668,24,24,24
20251210,강동구,2025120920,10.0,0.0,75.0,30.0,1.3708333333333336,24,24,24
20251210,강북구,2025120920,7.0,-2.0,76.875,30.0,1.35,24,24,24
20251210,강서구,2025120920,11.0,0.0,77.29166666666667,30.0,2.079166666666667,24,24,24
20251210,관악구,2025120920,10.0,1.0,74.58333333333333,30.0,1.5291666666666668,24,24,24
20251210,광진구,2025120920,10.0,0.0,72.08333333333333,30.0,1.3416666666666668,24,24,24
20251210,구로구,2025120920,11.0,2.0,70.20833333333333,30.0,1.8125,24,24,24
20251210,금천구,2025120920,10.0,0.0,78.33333333333333,30.0,1.6916666666666669,24,24,24
20251210,노원구,2025120920,9.0,-1.0,79.375,30.0,1.3208333333333335,24,24,24
20251210,도봉구,2025120920,9.0,-1.0,79.375,30.0,1.3208333333333335,24,24,24
20251210,동대문구,2025120920,10.0,1.0,72.91666666666667,30.0,1.2791666666666666,24,24,24
20251210,동작구,2025120920,10.0,1.0,74.58333333333333,30.0,1.5291666666666668,24,24,24
20251210,마포구,2025120920,10.0,1.0,75.41666666666667,30.0,1.3875000000000002,24,24,24
20251210,서대문구,2025120920,10.0,1.0,75.41666666666667,30.0,1.3875000000000002,24,24,24
20251210,서초구,2025120920,10.0,0.0,73.33333333333333,30.0,1.4666666666666668,24,24,24
20251210,성동구,2025120920,11.0,1.0,74.58333333333333,30.0,1.3166666666666669,24,24,24
20251210,성북구,2025120920,7.0,-2.0,76.875,30.0,1.35,24,24,24
20251210,송파구,2025120920,11.0,1.0,72.29166666666667,30.0,1.4791666666666667,24,24,24
20251210,양천구,2025120920,10.0,1.0,73.54166666666667,30.0,1.6875,24,24,24
20251210,영등포구,2025120920,10.0,1.0,73.33333333333333,30.0,1.4,24,24,24
20251210,용산구,2025120920,10.0,1.0,73.33333333333333,30.0,1.3708333333333331,24,24,24
20251210,은평구,2025120920,10.0,0.0,78.95833333333333,30.0,1.4291666666666665,24,24,24
20251210,종로구,2025120920,10.0,1.0,75.0,30.0,1.3166666666666669,24,24,24
20251210,중구,2025120920,10.0,1.0,75.0,30.0,1.3166666666666669,24,24,24
20251210,중랑구,2025120920,10.0,0.0,73.95833333333333,30.0,1.2875,24,24,24
20251211,강남구,2025121020,9.0,5.0,60.625,60.0,2.1208333333333336,24,24,24
20251211,강동구,2025121020,8.0,5.0,63.541666666666664,60.0,2.033333333333333,24,24,24
20251211,강북구,2025121020,6.0,2.0,62.916666666666664,60.0,2.3000000000000003,24,24,24
20251211,강서구,2025121020,8.0,5.0,63.75,60.0,2.5124999999999997,24,24,24
20251211,관악구,2025121020,8.0,6.0,62.083333333333336,60.0,2.2291666666666665,24,24,24
20251211,광진구,2025121020,9.0,6.0,59.166666666666664,60.0,2.0458333333333334,24,24,24
20251211,구로구,2025121020,8.0,7.0,56.875,60.0,2.308333333333333,24,24,24
20251211,금천구,2025121020,8.0,5.0,66.45833333333333,60.0,2.2458333333333336,24,24,24
20251211,노원구,2025121020,8.0,3.0,65.0,60.0,2.3208333333333333,24,24,24
20251211,도봉구,2025121020,8.0,3.0,65.0,60.0,2.3208333333333333,24,24,24
20251211,동대문구,2025121020,8.0,5.0,59.375,60.0,2.1458333333333335,24,24,24
20251211,동작구,2025121020,8.0,6.0,62.083333333333336,60.0,2.2291666666666665,24,24,24
20251211,마포구,2025121020,8.0,5.0,61.458333333333336,60.0,2.3000000000000003,24,24,24
20251211,서대문구,2025121020,8.0,5.0,61.458333333333336,60.0,2.3000000000000003,24,24,24
20251211,서초구,2025121020,9.0,5.0,60.625,60.0,2.1208333333333336,24,24,24
20251211,성동구,2025121020,9.0,5.0,61.666666666666664,60.0,2.091666666666667,24,24,24
20251211,성북구,2025121020,6.0,2.0,62.916666666666664,60.0,2.3000000000000003,24,24,24
20251211,송파구,2025121020,9.0,6.0,61.041666666666664,60.0,2.1,24,24,24
20251211,양천구,2025121020,8.0,6.0,60.833333333333336,60.0,2.3333333333333335,24,24,24
20251211,영등포구,2025121020,8.0,6.0,60.416666666666664,60.0,2.245833333333333,24,24,24
20251211,용산구,2025121020,8.0,5.0,60.208333333333336,60.0,2.1458333333333335,24,24,24
20251211,은평구,2025121020,8.0,4.0,64.375,60.0,2.370833333333333,24,24,24
20251211,종로구,2025121020,8.0,5.0,61.25,60.0,2.216666666666667,24,24,24
20251211,중구,2025121020,8.0,5.0,61.25,60.0,2.216666666666667,24,24,24
20251211,중랑구,2025121020,8.0,5.0,60.208333333333336,60.0,2.0833333333333335,24,24,24
20251212,강남구,2025121120,7.0,-2.0,58.125,30.0,1.4291666666666665,24,24,24
20251212,강동구,2025121120,7.0,-3.0,59.583333333333336,30.0,1.4333333333333331,24,24,24
20251212,강북구,2025121120,4.0,-5.0,57.708333333333336,30.0,1.6375,24,24,24
20251212,강서구,2025121120,6.0,-5.0,59.583333333333336,30.0,1.6416666666666666,24,24,24
20251212,관악구,2025121120,6.0,-3.0,58.75,30.0,1.4874999999999998,24,24,24
20251212,광진구,2025121120,7.0,-2.0,56.041666666666664,30.0,1.4166666666666667,24,24,24
20251212,구로구,2025121120,6.0,-1.0,53.75,30.0,1.5208333333333333,24,24,24
20251212,금천구,2025121120,6.0,-3.0,62.916666666666664,30.0,1.4916666666666665,24,24,24
20251212,노원구,2025121120,7.0,-4.0,60.416666666666664,30.0,1.6833333333333331,24,24,24
20251212,도봉구,2025121120,7.0,-4.0,60.416666666666664,30.0,1.6833333333333331,24,24,24
20251212,동대문구,2025121120,7.0,-2.0,55.625,30.0,1.5208333333333333,24,24,24
20251212,동작구,2025121120,6.0,-3.0,58.75,30.0,1.4874999999999998,24,24,24
20251212,마포구,2025121120,6.0,-3.0,56.25,30.0,1.5958333333333332,24,24,24
20251212,서대문구,2025121120,6.0,-3.0,56.25,30.0,1.5958333333333332,24,24,24
20251212,서초구,2025121120,7.0,-2.0,58.125,30.0,1.4291666666666665,24,24,24
20251212,성동구,2025121120,7.0,-2.0,59.583333333333336,30.0,1.4458333333333335,24,24,24
20251212,성북구,2025121120,4.0,-5.0,57.708333333333336,30.0,1.6375,24,24,24
20251212,송파구,2025121120,7.0,-2.0,57.916666666666664,30.0,1.4166666666666667,24,24,24
20251212,양천구,2025121120,6.0,-3.0,57.291666666666664,30.0,1.5291666666666668,24,24,24
20251212,영등포구,2025121120,6.0,-2.0,57.083333333333336,30.0,1.5125,24,24,24
20251212,용산구,2025121120,6.0,-2.0,56.458333333333336,30.0,1.4791666666666667,24,24,24
20251212,은평구,2025121120,7.0,-4.0,59.791666666666664,30.0,1.6625000000000003,24,24,24
20251212,종로구,2025121120,7.0,-3.0,57.916666666666664,30.0,1.5666666666666664,24,24,24
20251212,중구,2025121120,7.0,-3.0,57.916666666666664,30.0,1.5666666666666664,24,24,24
20251212,중랑구,2025121120,7.0,-2.0,56.041666666666664,30.0,1.4875,24,24,24
20251213,강남구,2025121220,4.0,2.0,76.04166666666667,60.0,2.0625,24,24,24
20251213,강동구,2025121220,4.0,2.0,77.29166666666667,60.0,2.1666666666666665,24,24,24
20251213,강북구,2025121220,1.0,-1.0,78.33333333333333,60.0,2.029166666666667,24,24,24
20251213,강서구,2025121220,3.0,1.0,81.45833333333333,60.0,2.004166666666667,24,24,24
20251213,관악구,2025121220,4.0,2.0,77.91666666666667,60.0,1.9583333333333333,24,24,24
20251213,광진구,2025121220,4.0,2.0,73.75,60.0,2.1416666666666666,24,24,24
20251213,구로구,2025121220,4.0,3.0,74.79166666666667,60.0,1.9541666666666668,24,24,24
20251213,금천구,2025121220,4.0,2.0,81.875,60.0,1.9916666666666665,24,24,24
20251213,노원구,2025121220,3.0,1.0,80.625,60.0,2.1041666666666665,24,24,24
20251213,도봉구,2025121220,3.0,1.0,80.625,60.0,2.1041666666666665,24,24,24
20251213,동대문구,2025121220,4.0,2.0,74.58333333333333,60.0,2.041666666666667,24,24,24
20251213,동작구,2025121220,4.0,2.0,77.91666666666667,60.0,1.9583333333333333,24,24,24
20251213,마포구,2025121220,3.0,2.0,77.70833333333333,60.0,2.0,24,24,24
20251213,서대문구,2025121220,3.0,2.0,77.70833333333333,60.0,2.0,24,24,24
20251213,서초구,2025121220,4.0,2.0,76.04166666666667,60.0,2.0625,24,24,24
20251213,성동구,2025121220,4.0,2.0,76.25,60.0,2.029166666666667,24,24,24
20251213,성북구,2025121220,1.0,-1.0,78.33333333333333,60.0,2.029166666666667,24,24,24
20251213,송파구,2025121220,4.0,3.0,75.625,60.0,2.15,24,24,24
20251213,양천구,2025121220,3.0,2.0,77.70833333333333,60.0,1.9583333333333333,24,24,24
20251213,영등포구,2025121220,4.0,2.0,76.66666666666667,60.0,1.9791666666666667,24,24,24
20251213,용산구,2025121220,4.0,2.0,75.625,60.0,1.975,24,24,24
20251213,은평구,2025121220,3.0,1.0,80.0,60.0,2.045833333333333,24,24,24
20251213,종로구,2025121220,3.0,2.0,76.875,60.0,2.0,24,24,24
20251213,중구,2025121220,3.0,2.0,76.875,60.0,2.0,24,24,24
20251213,중랑구,2025121220,4.0,2.0,74.79166666666667,60.0,2.125,24,24,24
20251214,강남구,2025121320,3.0,-2.0,63.75,30.0,2.4958333333333336,24,24,24
20251214,강동구,2025121320,3.0,-3.0,66.875,20.0,2.625,24,24,24
20251214,강북구,2025121320,0.0,-5.0,66.45833333333333,30.0,2.620833333333333,24,24,24
20251214,강서구,2025121320,3.0,-3.0,67.70833333333333,30.0,2.629166666666667,24,24,24
20251214,관악구,2025121320,3.0,-2.0,65.0,30.0,2.4583333333333335,24,24,24
20251214,광진구,2025121320,3.0,-2.0,62.083333333333336,30.0,2.5416666666666665,24,24,24
20251214,구로구,2025121320,3.0,0.0,61.041666666666664,30.0,2.4916666666666667,24,24,24
20251214,금천구,2025121320,3.0,-2.0,69.58333333333333,30.0,2.420833333333333,24,24,24
20251214,노원구,2025121320,2.0,-4.0,69.79166666666667,30.0,2.6125,24,24,24
20251214,도봉구,2025121320,2.0,-4.0,69.79166666666667,30.0,2.6125,24,24,24
20251214,동대문구,2025121320,2.0,-2.0,62.083333333333336,30.0,2.545833333333333,24,24,24
20251214,동작구,2025121320,3.0,-2.0,65.0,30.0,2.4583333333333335,24,24,24
20251214,마포구,2025121320,2.0,-2.0,64.79166666666667,30.0,2.6125000000000003,24,24,24
20251214,서대문구,2025121320,2.0,-2.0,64.79166666666667,30.0,2.6125000000000003,24,24,24
20251214,서초구,2025121320,3.0,-2.0,63.75,30.0,2.4958333333333336,24,24,24
20251214,성동구,2025121320,4.0,-1.0,64.375,30.0,2.529166666666667,24,24,24
20251214,성북구,2025121320,0.0,-5.0,66.45833333333333,30.0,2.620833333333333,24,24,24
20251214,송파구,2025121320,3.0,-1.0,63.958333333333336,20.0,2.525,24,24,24
20251214,양천구,2025121320,2.0,-1.0,64.16666666666667,30.0,2.5708333333333333,24,24,24
20251214,영등포구,2025121320,2.0,-1.0,63.541666666666664,30.0,2.5583333333333336,24,24,24
20251214,용산구,2025121320,2.0,-2.0,63.125,30.0,2.5500000000000003,24,24,24
20251214,은평구,2025121320,3.0,-3.0,69.16666666666667,30.0,2.65,24,24,24
20251214,종로구,2025121320,3.0,-2.0,63.125,30.0,2.566666666666667,24,24,24
20251214,중구,2025121320,3.0,-2.0,63.125,30.0,2.566666666666667,24,24,24
20251214,중랑구,2025121320,3.0,-2.0,63.125,30.0,2.516666666666667,24,24,24
20251215,강남구,2025121420,6.0,-3.0,69.16666666666667,30.0,1.1541666666666666,24,24,24
20251215,강동구,2025121420,5.0,-3.0,69.375,30.0,1.15,24,24,24
20251215,강북구,2025121420,3.0,-6.0,70.20833333333333,30.0,1.2583333333333335,24,24,24
20251215,강서구,2025121420,6.0,-4.0,73.54166666666667,30.0,1.4791666666666667,24,24,24
20251215,관악구,2025121420,6.0,-3.0,69.79166666666667,30.0,1.2125,24,24,24
20251215,광진구,2025121420,6.0,-3.0,66.04166666666667,30.0,1.15,24,24,24
20251215,구로구,2025121420,6.0,-1.0,65.83333333333333,30.0,1.3041666666666667,24,24,24
20251215,금천구,2025121420,5.0,-3.0,73.125,30.0,1.2875,24,24,24
20251215,노원구,2025121420,5.0,-5.0,72.5,30.0,1.3166666666666669,24,24,24
20251215,도봉구,2025121420,5.0,-5.0,72.5,30.0,1.3166666666666669,24,24,24
20251215,동대문구,2025121420,6.0,-3.0,66.66666666666667,30.0,1.1708333333333334,24,24,24
20251215,동작구,2025121420,6.0,-3.0,69.79166666666667,30.0,1.2125,24,24,24
20251215,마포구,2025121420,5.0,-3.0,68.54166666666667,30.0,1.2583333333333333,24,24,24
20251215,서대문구,2025121420,5.0,-3.0,68.54166666666667,30.0,1.2583333333333333,24,24,24
20251215,서초구,2025121420,6.0,-3.0,69.16666666666667,30.0,1.1541666666666666,24,24,24
20251215,성동구,2025121420,6.0,-2.0,68.33333333333333,30.0,1.1416666666666666,24,24,24
20251215,성북구,2025121420,3.0,-6.0,70.20833333333333,30.0,1.2583333333333335,24,24,24
20251215,송파구,2025121420,6.0,-2.0,67.29166666666667,30.0,1.1791666666666665,24,24,24
20251215,양천구,2025121420,6.0,-3.0,68.54166666666667,30.0,1.2958333333333334,24,24,24
20251215,영등포구,2025121420,6.0,-3.0,67.29166666666667,30.0,1.2041666666666666,24,24,24
20251215,용산구,2025121420,6.0,-3.0,67.70833333333333,30.0,1.1541666666666668,24,24,24
20251215,은평구,2025121420,6.0,-4.0,70.83333333333333,30.0,1.3375,24,24,24
20251215,종로구,2025121420,6.0,-3.0,68.54166666666667,30.0,1.1791666666666665,24,24,24
20251215,중구,2025121420,6.0,-3.0,68.54166666666667,30.0,1.1791666666666665,24,24,24
20251215,중랑구,2025121420,6.0,-3.0,65.83333333333333,30.0,1.175,24,24,24
20251216,강남구,2025121520,8.0,3.0,82.5,60.0,1.3083333333333331,24,24,24
20251216,강동구,2025121520,7.0,2.0,84.16666666666667,60.0,1.2166666666666668,24,24,24
20251216,강북구,2025121520,5.0,0.0,85.83333333333333,60.0,1.1791666666666667,24,24,24
20251216,강서구,2025121520,8.0,3.0,86.875,60.0,1.3458333333333332,24,24,24
20251216,관악구,2025121520,8.0,4.0,84.79166666666667,60.0,1.325,24,24,24
20251216,광진구,2025121520,8.0,3.0,80.20833333333333,60.0,1.1875,24,24,24
20251216,구로구,2025121520,9.0,5.0,80.0,60.0,1.3625,24,24,24
20251216,금천구,2025121520,7.0,3.0,88.54166666666667,60.0,1.4291666666666665,24,24,24
20251216,노원구,2025121520,7.0,1.0,87.08333333333333,60.0,1.2041666666666668,24,24,24
20251216,도봉구,2025121520,7.0,1.0,87.08333333333333,60.0,1.2041666666666668,24,24,24
20251216,동대문구,2025121520,7.0,3.0,82.08333333333333,60.0,1.1375,24,24,24
20251216,동작구,2025121520,8.0,4.0,84.79166666666667,60.0,1.325,24,24,24
20251216,마포구,2025121520,7.0,3.0,83.75,60.0,1.2083333333333333,24,24,24
20251216,서대문구,2025121520,7.0,3.0,83.75,60.0,1.2083333333333333,24,24,24
20251216,서초구,2025121520,8.0,3.0,82.5,60.0,1.3083333333333331,24,24,24
20251216,성동구,2025121520,8.0,3.0,83.125,60.0,1.1791666666666665,24,24,24
20251216,성북구,2025121520,5.0,0.0,85.83333333333333,60.0,1.1791666666666667,24,24,24
20251216,송파구,2025121520,8.0,3.0,82.08333333333333,60.0,1.35,24,24,24
20251216,양천구,2025121520,8.0,4.0,83.125,60.0,1.3125,24,24,24
20251216,영등포구,2025121520,8.0,4.0,82.5,60.0,1.2375,24,24,24
20251216,용산구,2025121520,7.0,3.0,82.91666666666667,60.0,1.1875,24,24,24
20251216,은평구,2025121520,7.0,2.0,86.66666666666667,30.0,1.2499999999999998,24,24,24
20251216,종로구,2025121520,8.0,3.0,83.125,60.0,1.1708333333333332,24,24,24
20251216,중구,2025121520,8.0,3.0,83.125,60.0,1.1708333333333332,24,24,24
20251216,중랑구,2025121520,7.0,2.0,82.08333333333333,60.0,1.1666666666666667,24,24,24
20251217,강남구,2025121620,6.0,3.0,78.54166666666667,30.0,1.2625,24,24,24
20251217,강동구,2025121620,6.0,3.0,80.20833333333333,30.0,1.2333333333333334,24,24,24
20251217,강북구,2025121620,4.0,-1.0,80.41666666666667,30.0,1.2416666666666665,24,24,24
20251217,강서구,2025121620,6.0,1.0,80.20833333333333,30.0,1.4333333333333336,24,24,24
20251217,관악구,2025121620,6.0,3.0,77.70833333333333,30.0,1.3291666666666668,24,24,24
20251217,광진구,2025121620,6.0,4.0,76.25,30.0,1.2208333333333332,24,24,24
20251217,구로구,2025121620,6.0,4.0,71.45833333333333,30.0,1.375,24,24,24
20251217,금천구,2025121620,5.0,2.0,81.45833333333333,30.0,1.3458333333333332,24,24,24
20251217,노원구,2025121620,6.0,1.0,82.70833333333333,30.0,1.2083333333333333,24,24,24
20251217,도봉구,2025121620,6.0,1.0,82.70833333333333,30.0,1.2083333333333333,24,24,24
20251217,동대문구,2025121620,6.0,3.0,77.29166666666667,30.0,1.2208333333333334,24,24,24
20251217,동작구,2025121620,6.0,3.0,77.70833333333333,30.0,1.3291666666666668,24,24,24
20251217,마포구,2025121620,6.0,2.0,78.54166666666667,30.0,1.3125,24,24,24
20251217,서대문구,2025121620,6.0,2.0,78.54166666666667,30.0,1.3125,24,24,24
20251217,서초구,2025121620,6.0,3.0,78.54166666666667,30.0,1.2625,24,24,24
20251217,성동구,2025121620,7.0,4.0,80.0,30.0,1.2291666666666667,24,24,24
20251217,성북구,2025121620,4.0,-1.0,80.41666666666667,30.0,1.2416666666666665,24,24,24
20251217,송파구,2025121620,7.0,4.0,78.33333333333333,30.0,1.2458333333333331,24,24,24
20251217,양천구,2025121620,6.0,3.0,75.83333333333333,30.0,1.375,24,24,24
20251217,영등포구,2025121620,6.0,3.0,76.04166666666667,30.0,1.3083333333333331,24,24,24
20251217,용산구,2025121620,6.0,3.0,76.66666666666667,30.0,1.2416666666666667,24,24,24
20251217,은평구,2025121620,6.0,1.0,81.45833333333333,30.0,1.2958333333333334,24,24,24
20251217,종로구,2025121620,7.0,2.0,79.58333333333333,30.0,1.2458333333333331,24,24,24
20251217,중구,2025121620,7.0,2.0,79.58333333333333,30.0,1.2458333333333331,24,24,24
20251217,중랑구,2025121620,6.0,3.0,77.08333333333333,30.0,1.2041666666666666,24,24,24
20251218,강남구,2025121720,7.0,-2.0,65.83333333333333,20.0,0.6708333333333334,24,24,24
20251218,강동구,2025121720,7.0,-2.0,69.16666666666667,30.0,0.6708333333333334,24,24,24
20251218,강북구,2025121720,4.0,-5.0,67.70833333333333,30.0,0.7375000000000002,24,24,24
20251218,강서구,2025121720,7.0,-3.0,67.29166666666667,20.0,0.7625000000000001,24,24,24
20251218,관악구,2025121720,6.0,-2.0,66.25,20.0,0.7000000000000001,24,24,24
20251218,광진구,2025121720,6.0,-1.0,65.20833333333333,30.0,0.6583333333333333,24,24,24
20251218,구로구,2025121720,7.0,-1.0,60.833333333333336,20.0,0.725,24,24,24
20251218,금천구,2025121720,6.0,-2.0,70.83333333333333,20.0,0.7125,24,24,24
20251218,노원구,2025121720,7.0,-4.0,71.66666666666667,30.0,0.7708333333333334,24,24,24
20251218,도봉구,2025121720,7.0,-4.0,71.66666666666667,30.0,0.7708333333333334,24,24,24
20251218,동대문구,2025121720,6.0,-2.0,64.58333333333333,30.0,0.6875,24,24,24
20251218,동작구,2025121720,6.0,-2.0,66.25,20.0,0.7000000000000001,24,24,24
20251218,마포구,2025121720,6.0,-2.0,65.20833333333333,30.0,0.7333333333333334,24,24,24
20251218,서대문구,2025121720,6.0,-2.0,65.20833333333333,30.0,0.7333333333333334,24,24,24
20251218,서초구,2025121720,7.0,-2.0,65.83333333333333,20.0,0.6708333333333334,24,24,24
20251218,성동구,2025121720,7.0,-1.0,66.875,30.0,0.6458333333333334,24,24,24
20251218,성북구,2025121720,4.0,-5.0,67.70833333333333,30.0,0.7375000000000002,24,24,24
20251218,송파구,2025121720,7.0,-1.0,67.29166666666667,30.0,0.6749999999999999,24,24,24
20251218,양천구,2025121720,6.0,-2.0,65.0,20.0,0.7250000000000001,24,24,24
20251218,영등포구,2025121720,6.0,-2.0,64.79166666666667,20.0,0.7000000000000002,24,24,24
20251218,용산구,2025121720,6.0,-2.0,64.58333333333333,20.0,0.6666666666666666,24,24,24
20251218,은평구,2025121720,6.0,-3.0,69.16666666666667,30.0,0.7625000000000001,24,24,24
20251218,종로구,2025121720,7.0,-2.0,64.375,30.0,0.6791666666666667,24,24,24
20251218,중구,2025121720,7.0,-2.0,64.375,30.0,0.6791666666666667,24,24,24
20251218,중랑구,2025121720,7.0,-2.0,65.20833333333333,20.0,0.6958333333333334,24,24,24
20251219,강남구,2025121820,9.0,-1.0,78.33333333333333,30.0,0.8458333333333333,24,24,24
20251219,강동구,2025121820,8.0,-1.0,80.41666666666667,30.0,0.9875000000000002,24,24,24
20251219,강북구,2025121820,6.0,-4.0,80.20833333333333,30.0,0.9833333333333332,24,24,24
20251219,강서구,2025121820,11.0,0.0,80.625,30.0,1.1541666666666668,24,24,24
20251219,관악구,2025121820,10.0,-2.0,78.33333333333333,30.0,0.8666666666666667,24,24,24
20251219,광진구,2025121820,8.0,0.0,77.5,30.0,0.9041666666666668,24,24,24
20251219,구로구,2025121820,12.0,1.0,73.54166666666667,30.0,0.9208333333333334,24,24,24
20251219,금천구,2025121820,11.0,-2.0,82.70833333333333,30.0,0.8708333333333335,24,24,24
20251219,노원구,2025121820,7.0,-4.0,82.08333333333333,30.0,1.0958333333333332,24,24,24
20251219,도봉구,2025121820,7.0,-4.0,82.08333333333333,30.0,1.0958333333333332,24,24,24
20251219,동대문구,2025121820,8.0,0.0,77.29166666666667,30.0,0.9375,24,24,24
20251219,동작구,2025121820,10.0,-2.0,78.33333333333333,30.0,0.8666666666666667,24,24,24
20251219,마포구,2025121820,9.0,0.0,77.91666666666667,30.0,0.9875,24,24,24
20251219,서대문구,2025121820,9.0,0.0,77.91666666666667,30.0,0.9875,24,24,24
20251219,서초구,2025121820,9.0,-1.0,78.33333333333333,30.0,0.8458333333333333,24,24,24
20251219,성동구,2025121820,9.0,-1.0,77.91666666666667,30.0,0.8666666666666667,24,24,24
20251219,성북구,2025121820,6.0,-4.0,80.20833333333333,30.0,0.9833333333333332,24,24,24
20251219,송파구,2025121820,9.0,-1.0,77.91666666666667,30.0,0.8791666666666668,24,24,24
20251219,양천구,2025121820,10.0,0.0,77.70833333333333,30.0,0.9416666666666668,24,24,24
20251219,영등포구,2025121820,9.0,0.0,77.5,30.0,0.9125,24,24,24
20251219,용산구,2025121820,9.0,0.0,77.5,30.0,0.85,24,24,24
20251219,은평구,2025121820,9.0,-1.0,81.25,30.0,1.1125,24,24,24
20251219,종로구,2025121820,11.0,0.0,77.91666666666667,30.0,0.9333333333333332,24,24,24
20251219,중구,2025121820,11.0,0.0,77.91666666666667,30.0,0.9333333333333332,24,24,24
20251219,중랑구,2025121820,8.0,-1.0,77.91666666666667,30.0,1.0041666666666669,24,24,24
20251220,강남구,2025121920,12.0,9.0,81.04166666666667,60.0,0.7124999999999999,24,24,24
20251220,강동구,2025121920,11.0,8.0,82.70833333333333,60.0,0.6166666666666667,24,24,24
20251220,강북구,2025121920,8.0,6.0,82.91666666666667,60.0,0.6749999999999999,24,24,24
20251220,강서구,2025121920,11.0,9.0,82.5,60.0,0.7666666666666666,24,24,24
20251220,관악구,2025121920,11.0,10.0,80.41666666666667,60.0,0.7166666666666667,24,24,24
20251220,광진구,2025121920,11.0,9.0,79.58333333333333,60.0,0.6333333333333333,24,24,24
20251220,구로구,2025121920,12.0,11.0,76.45833333333333,60.0,0.7083333333333334,24,24,24
20251220,금천구,2025121920,11.0,9.0,84.79166666666667,60.0,0.7291666666666666,24,24,24
20251220,노원구,2025121920,11.0,7.0,85.20833333333333,60.0,0.6708333333333334,24,24,24
20251220,도봉구,2025121920,11.0,7.0,85.20833333333333,60.0,0.6708333333333334,24,24,24
20251220,동대문구,2025121920,11.0,9.0,79.79166666666667,60.0,0.6083333333333333,24,24,24
20251220,동작구,2025121920,11.0,10.0,80.41666666666667,60.0,0.7166666666666667,24,24,24
20251220,마포구,2025121920,11.0,9.0,80.20833333333333,60.0,0.7000000000000001,24,24,24
20251220,서대문구,2025121920,11.0,9.0,80.20833333333333,60.0,0.7000000000000001,24,24,24
20251220,서초구,2025121920,12.0,9.0,81.04166666666667,60.0,0.7124999999999999,24,24,24
20251220,성동구,2025121920,11.0,9.0,81.45833333333333,60.0,0.6375000000000001,24,24,24
20251220,성북구,2025121920,8.0,6.0,82.91666666666667,60.0,0.6749999999999999,24,24,24
20251220,송파구,2025121920,11.0,9.0,81.45833333333333,60.0,0.725,24,24,24
20251220,양천구,2025121920,11.0,10.0,79.16666666666667,60.0,0.7458333333333335,24,24,24
20251220,영등포구,2025121920,11.0,10.0,79.16666666666667,60.0,0.7083333333333334,24,24,24
20251220,용산구,2025121920,11.0,9.0,80.0,60.0,0.6875,24,24,24
20251220,은평구,2025121920,11.0,9.0,83.95833333333333,60.0,0.7083333333333334,24,24,24
20251220,종로구,2025121920,11.0,9.0,80.20833333333333,60.0,0.6583333333333333,24,24,24
20251220,중구,2025121920,11.0,9.0,80.20833333333333,60.0,0.6583333333333333,24,24,24
20251220,중랑구,2025121920,11.0,8.0,80.625,60.0,0.5708333333333333,24,24,24
20251221,강남구,2025122020,2.0,-3.0,49.583333333333336,20.0,2.0749999999999997,24,24,24
20251221,강동구,2025122020,2.0,-3.0,52.291666666666664,20.0,2.283333333333333,24,24,24
20251221,강북구,2025122020,-1.0,-6.0,50.833333333333336,30.0,2.0833333333333335,24,24,24
20251221,강서구,2025122020,1.0,-4.0,52.083333333333336,30.0,2.0666666666666664,24,24,24
20251221,관악구,2025122020,1.0,-2.0,50.208333333333336,30.0,2.1374999999999997,24,24,24
20251221,광진구,2025122020,2.0,-2.0,48.958333333333336,20.0,2.1374999999999997,24,24,24
20251221,구로구,2025122020,2.0,-1.0,47.708333333333336,30.0,1.9916666666666665,24,24,24
20251221,금천구,2025122020,1.0,-3.0,53.333333333333336,20.0,1.7625,24,24,24
20251221,노원구,2025122020,2.0,-5.0,51.458333333333336,30.0,1.8875,24,24,24
20251221,도봉구,2025122020,2.0,-5.0,51.458333333333336,30.0,1.8875,24,24,24
20251221,동대문구,2025122020,1.0,-3.0,47.708333333333336,30.0,2.4250000000000003,24,24,24
20251221,동작구,2025122020,1.0,-2.0,50.208333333333336,30.0,2.1374999999999997,24,24,24
20251221,마포구,2025122020,1.0,-3.0,48.958333333333336,30.0,2.4916666666666667,24,24,24
20251221,서대문구,2025122020,1.0,-3.0,48.958333333333336,30.0,2.4916666666666667,24,24,24
20251221,서초구,2025122020,2.0,-3.0,49.583333333333336,20.0,2.0749999999999997,24,24,24
20251221,성동구,2025122020,2.0,-3.0,50.416666666666664,20.0,2.4166666666666665,24,24,24
20251221,성북구,2025122020,-1.0,-6.0,50.833333333333336,30.0,2.0833333333333335,24,24,24
20251221,송파구,2025122020,2.0,-2.0,49.791666666666664,20.0,1.991666666666667,24,24,24
20251221,양천구,2025122020,1.0,-2.0,49.166666666666664,30.0,2.1708333333333334,24,24,24
20251221,영등포구,2025122020,1.0,-3.0,49.375,30.0,2.2083333333333335,24,24,24
20251221,용산구,2025122020,1.0,-3.0,48.541666666666664,30.0,2.5500000000000003,24,24,24
20251221,은평구,2025122020,1.0,-4.0,51.666666666666664,30.0,2.129166666666667,24,24,24
20251221,종로구,2025122020,2.0,-3.0,48.958333333333336,30.0,2.7999999999999994,24,24,24
20251221,중구,2025122020,2.0,-3.0,48.958333333333336,30.0,2.7999999999999994,24,24,24
20251221,중랑구,2025122020,2.0,-3.0,48.75,20.0,2.341666666666667,24,24,24
20251222,강남구,2025122120,4.0,-4.0,45.208333333333336,30.0,0.4625000000000001,24,24,24
20251222,강동구,2025122120,4.0,-5.0,53.958333333333336,30.0,0.4833333333333334,24,24,24
20251222,강북구,2025122120,2.0,-7.0,42.916666666666664,30.0,0.4666666666666666,24,24,24
20251222,강서구,2025122120,4.0,-5.0,46.666666666666664,30.0,0.7291666666666666,24,24,24
20251222,관악구,2025122120,4.0,-4.0,40.208333333333336,30.0,0.5499999999999999,24,24,24
20251222,광진구,2025122120,4.0,-4.0,43.958333333333336,30.0,0.4166666666666667,24,24,24
20251222,구로구,2025122120,4.0,-3.0,41.666666666666664,30.0,0.6583333333333333,24,24,24
20251222,금천구,2025122120,3.0,-4.0,47.916666666666664,30.0,0.6083333333333333,24,24,24
20251222,노원구,2025122120,4.0,-6.0,47.291666666666664,30.0,0.4666666666666666,24,24,24
20251222,도봉구,2025122120,4.0,-6.0,47.291666666666664,30.0,0.4666666666666666,24,24,24
20251222,동대문구,2025122120,4.0,-4.0,39.375,30.0,0.3708333333333333,24,24,24
20251222,동작구,2025122120,4.0,-4.0,40.208333333333336,30.0,0.5499999999999999,24,24,24
20251222,마포구,2025122120,4.0,-5.0,44.583333333333336,30.0,0.4333333333333333,24,24,24
20251222,서대문구,2025122120,4.0,-5.0,44.583333333333336,30.0,0.4333333333333333,24,24,24
20251222,서초구,2025122120,4.0,-4.0,45.208333333333336,30.0,0.4625000000000001,24,24,24
20251222,성동구,2025122120,5.0,-4.0,38.125,30.0,0.3333333333333333,24,24,24
20251222,성북구,2025122120,2.0,-7.0,42.916666666666664,30.0,0.4666666666666666,24,24,24
20251222,송파구,2025122120,5.0,-4.0,45.625,30.0,0.4666666666666666,24,24,24
20251222,양천구,2025122120,3.0,-4.0,40.208333333333336,30.0,0.6041666666666667,24,24,24
20251222,영등포구,2025122120,4.0,-4.0,40.416666666666664,30.0,0.4416666666666666,24,24,24
20251222,용산구,2025122120,4.0,-4.0,38.958333333333336,30.0,0.3666666666666667,24,24,24
20251222,은평구,2025122120,4.0,-6.0,48.958333333333336,30.0,0.4833333333333333,24,24,24
20251222,종로구,2025122120,4.0,-5.0,42.291666666666664,30.0,0.3916666666666666,24,24,24
20251222,중구,2025122120,4.0,-5.0,42.291666666666664,30.0,0.3916666666666666,24,24,24
20251222,중랑구,2025122120,4.0,-5.0,44.166666666666664,30.0,0.4000000000000001,24,24,24
20251223,강남구,2025122220,6.0,-1.0,78.54166666666667,60.0,0.8375,24,24,24
20251223,강동구,2025122220,5.0,-1.0,80.625,60.0,0.7000000000000001,24,24,24
20251223,강북구,2025122220,3.0,-3.0,81.66666666666667,60.0,0.8208333333333333,24,24,24
20251223,강서구,2025122220,6.0,-1.0,82.08333333333333,60.0,1.6125,24,24,24
20251223,관악구,2025122220,6.0,0.0,78.125,60.0,1.1583333333333332,24,24,24
20251223,광진구,2025122220,5.0,-1.0,77.70833333333333,60.0,0.7333333333333334,24,24,24
20251223,구로구,2025122220,6.0,1.0,73.54166666666667,60.0,1.4416666666666669,24,24,24
20251223,금천구,2025122220,5.0,-1.0,82.5,60.0,1.2875000000000003,24,24,24
20251223,노원구,2025122220,5.0,-2.0,83.54166666666667,60.0,0.7541666666666665,24,24,24
20251223,도봉구,2025122220,5.0,-2.0,83.54166666666667,60.0,0.7541666666666665,24,24,24
20251223,동대문구,2025122220,5.0,-1.0,78.54166666666667,60.0,0.7583333333333334,24,24,24
20251223,동작구,2025122220,6.0,0.0,78.125,60.0,1.1583333333333332,24,24,24
20251223,마포구,2025122220,5.0,0.0,79.58333333333333,60.0,0.9833333333333334,24,24,24
20251223,서대문구,2025122220,5.0,0.0,79.58333333333333,60.0,0.9833333333333334,24,24,24
20251223,서초구,2025122220,6.0,-1.0,78.54166666666667,60.0,0.8375,24,24,24
20251223,성동구,2025122220,5.0,0.0,79.58333333333333,60.0,0.8000000000000002,24,24,24
20251223,성북구,2025122220,3.0,-3.0,81.66666666666667,60.0,0.8208333333333333,24,24,24
20251223,송파구,2025122220,6.0,0.0,78.33333333333333,60.0,0.7291666666666666,24,24,24
20251223,양천구,2025122220,5.0,0.0,77.70833333333333,60.0,1.375,24,24,24
20251223,영등포구,2025122220,5.0,0.0,77.91666666666667,60.0,1.0625,24,24,24
20251223,용산구,2025122220,5.0,0.0,78.95833333333333,60.0,0.9458333333333334,24,24,24
20251223,은평구,2025122220,5.0,-1.0,82.70833333333333,60.0,0.8833333333333334,24,24,24
20251223,종로구,2025122220,5.0,0.0,80.20833333333333,60.0,0.8625000000000002,24,24,24
20251223,중구,2025122220,5.0,0.0,80.20833333333333,60.0,0.8625000000000002,24,24,24
20251223,중랑구,2025122220,5.0,-1.0,78.95833333333333,60.0,0.725,24,24,24
20251224,강남구,2025122320,6.0,2.0,81.04166666666667,60.0,0.8458333333333332,24,24,24
20251224,강동구,2025122320,6.0,1.0,81.04166666666667,60.0,0.7333333333333334,24,24,24
20251224,강북구,2025122320,3.0,-1.0,80.0,60.0,0.9333333333333332,24,24,24
20251224,강서구,2025122320,5.0,0.0,82.08333333333333,60.0,1.525,24,24,24
20251224,관악구,2025122320,5.0,1.0,81.25,60.0,1.0625,24,24,24
20251224,광진구,2025122320,6.0,2.0,76.875,60.0,0.75,24,24,24
20251224,구로구,2025122320,5.0,2.0,81.25,60.0,1.3458333333333332,24,24,24
20251224,금천구,2025122320,5.0,1.0,83.33333333333333,60.0,1.175,24,24,24
20251224,노원구,2025122320,5.0,0.0,81.66666666666667,60.0,0.9875000000000002,24,24,24
20251224,도봉구,2025122320,5.0,0.0,81.66666666666667,60.0,0.9875000000000002,24,24,24
20251224,동대문구,2025122320,5.0,2.0,77.5,60.0,0.85,24,24,24
20251224,동작구,2025122320,5.0,1.0,81.25,60.0,1.0625,24,24,24
20251224,마포구,2025122320,5.0,1.0,80.83333333333333,60.0,0.975,24,24,24
20251224,서대문구,2025122320,5.0,1.0,80.83333333333333,60.0,0.975,24,24,24
20251224,서초구,2025122320,6.0,2.0,81.04166666666667,60.0,0.8458333333333332,24,24,24
20251224,성동구,2025122320,7.0,2.0,76.66666666666667,60.0,0.8333333333333334,24,24,24
20251224,성북구,2025122320,3.0,-1.0,80.0,60.0,0.9333333333333332,24,24,24
20251224,송파구,2025122320,6.0,2.0,79.58333333333333,60.0,0.7749999999999999,24,24,24
20251224,양천구,2025122320,5.0,1.0,80.20833333333333,60.0,1.2416666666666665,24,24,24
20251224,영등포구,2025122320,5.0,1.0,80.625,60.0,1.0,24,24,24
20251224,용산구,2025122320,5.0,2.0,79.375,60.0,0.9125,24,24,24
20251224,은평구,2025122320,6.0,1.0,82.29166666666667,60.0,1.05,24,24,24
20251224,종로구,2025122320,6.0,1.0,77.5,60.0,0.9041666666666668,24,24,24
20251224,중구,2025122320,6.0,1.0,77.5,60.0,0.9041666666666668,24,24,24
20251224,중랑구,2025122320,5.0,1.0,77.91666666666667,60.0,0.7999999999999999,24,24,24
20251225,강남구,2025122420,0.0,-3.0,33.333333333333336,20.0,3.595833333333333,24,24,24
20251225,강동구,2025122420,0.0,-3.0,36.458333333333336,20.0,3.566666666666667,24,24,24
20251225,강북구,2025122420,-3.0,-6.0,33.958333333333336,20.0,3.579166666666667,24,24,24
20251225,강서구,2025122420,-1.0,-5.0,36.041666666666664,20.0,4.616666666666667,24,24,24
20251225,관악구,2025122420,-1.0,-3.0,31.041666666666668,20.0,3.8083333333333336,24,24,24
20251225,광진구,2025122420,-1.0,-3.0,33.333333333333336,20.0,3.466666666666667,24,24,24
20251225,구로구,2025122420,-1.0,-3.0,31.666666666666668,20.0,4.2124999999999995,24,24,24
20251225,금천구,2025122420,-1.0,-4.0,37.083333333333336,20.0,4.129166666666666,24,24,24
20251225,노원구,2025122420,-1.0,-5.0,33.333333333333336,20.0,3.516666666666667,24,24,24
20251225,도봉구,2025122420,-1.0,-5.0,33.333333333333336,20.0,3.516666666666667,24,24,24
20251225,동대문구,2025122420,-1.0,-3.0,32.083333333333336,20.0,3.375,24,24,24
20251225,동작구,2025122420,-1.0,-3.0,31.041666666666668,20.0,3.8083333333333336,24,24,24
20251225,마포구,2025122420,-1.0,-3.0,34.583333333333336,20.0,3.595833333333333,24,24,24
20251225,서대문구,2025122420,-1.0,-3.0,34.583333333333336,20.0,3.595833333333333,24,24,24
20251225,서초구,2025122420,0.0,-3.0,33.333333333333336,20.0,3.595833333333333,24,24,24
20251225,성동구,2025122420,0.0,-3.0,31.666666666666668,20.0,3.391666666666667,24,24,24
20251225,성북구,2025122420,-3.0,-6.0,33.958333333333336,20.0,3.579166666666667,24,24,24
20251225,송파구,2025122420,0.0,-2.0,35.208333333333336,20.0,3.6125,24,24,24
20251225,양천구,2025122420,-1.0,-3.0,32.083333333333336,20.0,4.033333333333334,24,24,24
20251225,영등포구,2025122420,-1.0,-3.0,34.166666666666664,20.0,3.5416666666666665,24,24,24
20251225,용산구,2025122420,-1.0,-3.0,33.333333333333336,20.0,3.470833333333333,24,24,24
20251225,은평구,2025122420,-1.0,-4.0,36.041666666666664,20.0,3.704166666666667,24,24,24
20251225,종로구,2025122420,-1.0,-3.0,36.666666666666664,20.0,3.454166666666667,24,24,24
20251225,중구,2025122420,-1.0,-3.0,36.666666666666664,20.0,3.454166666666667,24,24,24
20251225,중랑구,2025122420,-1.0,-3.0,30.833333333333332,20.0,3.4583333333333335,24,24,24
20251226,강남구,2025122520,-5.0,-12.0,29.791666666666668,20.0,2.7375000000000003,24,24,24
20251226,강동구,2025122520,-5.0,-12.0,29.791666666666668,20.0,2.758333333333333,24,24,24
20251226,강북구,2025122520,-7.0,-15.0,31.25,20.0,2.5416666666666665,24,24,24
20251226,강서구,2025122520,-5.0,-13.0,31.25,20.0,3.516666666666667,24,24,24
20251226,관악구,2025122520,-5.0,-12.0,24.583333333333332,20.0,2.9291666666666667,24,24,24
20251226,광진구,2025122520,-5.0,-12.0,26.458333333333332,20.0,2.5833333333333335,24,24,24
20251226,구로구,2025122520,-5.0,-11.0,24.583333333333332,20.0,3.283333333333333,24,24,24
20251226,금천구,2025122520,-5.0,-12.0,31.25,20.0,3.1583333333333337,24,24,24
20251226,노원구,2025122520,-5.0,-14.0,34.375,20.0,2.4749999999999996,24,24,24
20251226,도봉구,2025122520,-5.0,-14.0,34.375,20.0,2.4749999999999996,24,24,24
20251226,동대문구,2025122520,-5.0,-12.0,27.083333333333332,20.0,2.454166666666667,24,24,24
20251226,동작구,2025122520,-5.0,-12.0,24.583333333333332,20.0,2.9291666666666667,24,24,24
20251226,마포구,2025122520,-5.0,-13.0,31.041666666666668,20.0,2.641666666666666,24,24,24
20251226,서대문구,2025122520,-5.0,-13.0,31.041666666666668,20.0,2.641666666666666,24,24,24
20251226,서초구,2025122520,-5.0,-12.0,29.791666666666668,20.0,2.7375000000000003,24,24,24
20251226,성동구,2025122520,-4.0,-12.0,26.041666666666668,20.0,2.5333333333333337,24,24,24
20251226,성북구,2025122520,-7.0,-15.0,31.25,20.0,2.5416666666666665,24,24,24
20251226,송파구,2025122520,-5.0,-12.0,28.958333333333332,0.0,2.8000000000000003,24,24,24
20251226,양천구,2025122520,-6.0,-12.0,26.458333333333332,20.0,3.095833333333333,24,24,24
20251226,영등포구,2025122520,-5.0,-12.0,28.958333333333332,20.0,2.658333333333333,24,24,24
20251226,용산구,2025122520,-5.0,-12.0,26.875,20.0,2.5458333333333334,24,24,24
20251226,은평구,2025122520,-5.0,-13.0,35.625,20.0,2.670833333333333,24,24,24
20251226,종로구,2025122520,-4.0,-12.0,33.333333333333336,20.0,2.5208333333333335,24,24,24
20251226,중구,2025122520,-4.0,-12.0,33.333333333333336,20.0,2.5208333333333335,24,24,24
20251226,중랑구,2025122520,-5.0,-12.0,24.583333333333332,20.0,2.545833333333334,24,24,24
20251227,강남구,2025122620,4.0,-9.0,41.25,60.0,0.85,24,24,24
20251227,강동구,2025122620,3.0,-11.0,42.083333333333336,60.0,0.7291666666666666,24,24,24
20251227,강북구,2025122620,1.0,-11.0,40.833333333333336,60.0,0.7625000000000001,24,24,24
20251227,강서구,2025122620,4.0,-10.0,42.708333333333336,60.0,1.2666666666666666,24,24,24
20251227,관악구,2025122620,4.0,-9.0,33.333333333333336,60.0,1.0083333333333335,24,24,24
20251227,광진구,2025122620,3.0,-9.0,36.041666666666664,60.0,0.7166666666666668,24,24,24
20251227,구로구,2025122620,4.0,-8.0,34.791666666666664,60.0,1.1958333333333333,24,24,24
20251227,금천구,2025122620,3.0,-11.0,41.666666666666664,60.0,1.1583333333333334,24,24,24
20251227,노원구,2025122620,3.0,-11.0,49.166666666666664,60.0,0.6625000000000001,24,24,24
20251227,도봉구,2025122620,3.0,-11.0,49.166666666666664,60.0,0.6625000000000001,24,24,24
20251227,동대문구,2025122620,3.0,-9.0,34.375,60.0,0.7083333333333334,24,24,24
20251227,동작구,2025122620,4.0,-9.0,33.333333333333336,60.0,1.0083333333333335,24,24,24
20251227,마포구,2025122620,3.0,-11.0,35.625,60.0,0.9083333333333332,24,24,24
20251227,서대문구,2025122620,3.0,-11.0,35.625,60.0,0.9083333333333332,24,24,24
20251227,서초구,2025122620,4.0,-9.0,41.25,60.0,0.85,24,24,24
20251227,성동구,2025122620,3.0,-9.0,36.041666666666664,60.0,0.75,24,24,24
20251227,성북구,2025122620,1.0,-11.0,40.833333333333336,60.0,0.7625000000000001,24,24,24
20251227,송파구,2025122620,3.0,-9.0,42.708333333333336,60.0,0.8208333333333333,24,24,24
20251227,양천구,2025122620,3.0,-9.0,36.041666666666664,60.0,1.0666666666666669,24,24,24
20251227,영등포구,2025122620,3.0,-9.0,35.625,60.0,0.9083333333333332,24,24,24
20251227,용산구,2025122620,3.0,-9.0,34.166666666666664,60.0,0.8583333333333334,24,24,24
20251227,은평구,2025122620,3.0,-10.0,45.0,60.0,0.8833333333333334,24,24,24
20251227,종로구,2025122620,3.0,-11.0,39.583333333333336,60.0,0.8249999999999998,24,24,24
20251227,중구,2025122620,3.0,-11.0,39.583333333333336,60.0,0.8249999999999998,24,24,24
20251227,중랑구,2025122620,3.0,-9.0,35.0,60.0,0.6625,24,24,24
20251228,강남구,2025122720,5.0,-1.0,79.58333333333333,60.0,1.4666666666666666,24,24,24
20251228,강동구,2025122720,4.0,-2.0,79.58333333333333,60.0,1.3166666666666669,24,24,24
20251228,강북구,2025122720,3.0,-4.0,81.66666666666667,60.0,1.4375,24,24,24
20251228,강서구,2025122720,6.0,-2.0,82.08333333333333,60.0,1.7291666666666667,24,24,24
20251228,관악구,2025122720,5.0,-1.0,75.83333333333333,60.0,1.4833333333333334,24,24,24
20251228,광진구,2025122720,5.0,-1.0,76.04166666666667,60.0,1.3458333333333332,24,24,24
20251228,구로구,2025122720,6.0,0.0,76.45833333333333,60.0,1.5583333333333331,24,24,24
20251228,금천구,2025122720,5.0,-1.0,78.95833333333333,60.0,1.616666666666667,24,24,24
20251228,노원구,2025122720,5.0,-3.0,82.29166666666667,60.0,1.5583333333333336,24,24,24
20251228,도봉구,2025122720,5.0,-3.0,82.29166666666667,60.0,1.5583333333333336,24,24,24
20251228,동대문구,2025122720,5.0,-1.0,77.08333333333333,60.0,1.3625,24,24,24
20251228,동작구,2025122720,5.0,-1.0,75.83333333333333,60.0,1.4833333333333334,24,24,24
20251228,마포구,2025122720,5.0,-1.0,78.33333333333333,60.0,1.4458333333333335,24,24,24
20251228,서대문구,2025122720,5.0,-1.0,78.33333333333333,60.0,1.4458333333333335,24,24,24
20251228,서초구,2025122720,5.0,-1.0,79.58333333333333,60.0,1.4666666666666666,24,24,24
20251228,성동구,2025122720,5.0,-1.0,75.625,60.0,1.3500000000000003,24,24,24
20251228,성북구,2025122720,3.0,-4.0,81.66666666666667,60.0,1.4375,24,24,24
20251228,송파구,2025122720,5.0,-1.0,77.29166666666667,60.0,1.4666666666666668,24,24,24
20251228,양천구,2025122720,5.0,-1.0,76.875,60.0,1.4916666666666665,24,24,24
20251228,영등포구,2025122720,5.0,-1.0,77.08333333333333,60.0,1.3791666666666669,24,24,24
20251228,용산구,2025122720,5.0,-1.0,77.08333333333333,60.0,1.3541666666666667,24,24,24
20251228,은평구,2025122720,5.0,-2.0,83.54166666666667,60.0,1.525,24,24,24
20251228,종로구,2025122720,5.0,-1.0,79.58333333333333,60.0,1.3916666666666668,24,24,24
20251228,중구,2025122720,5.0,-1.0,79.58333333333333,60.0,1.3916666666666668,24,24,24
20251228,중랑구,2025122720,5.0,-2.0,76.04166666666667,60.0,1.375,24,24,24
20251229,강남구,2025122820,8.0,4.0,78.33333333333333,60.0,2.266666666666667,24,24,24
20251229,강동구,2025122820,8.0,3.0,79.58333333333333,60.0,2.1416666666666666,24,24,24
20251229,강북구,2025122820,5.0,1.0,80.0,60.0,2.191666666666667,24,24,24
20251229,강서구,2025122820,8.0,3.0,80.83333333333333,60.0,2.4291666666666667,24,24,24
20251229,관악구,2025122820,8.0,4.0,77.91666666666667,60.0,2.3000000000000003,24,24,24
20251229,광진구,2025122820,8.0,4.0,75.83333333333333,60.0,2.170833333333333,24,24,24
20251229,구로구,2025122820,8.0,5.0,73.33333333333333,60.0,2.35,24,24,24
20251229,금천구,2025122820,8.0,3.0,82.91666666666667,60.0,2.4,24,24,24
20251229,노원구,2025122820,7.0,2.0,81.25,60.0,2.2416666666666667,24,24,24
20251229,도봉구,2025122820,7.0,2.0,81.25,60.0,2.2416666666666667,24,24,24
20251229,동대문구,2025122820,8.0,4.0,75.83333333333333,60.0,2.1374999999999997,24,24,24
20251229,동작구,2025122820,8.0,4.0,77.91666666666667,60.0,2.3000000000000003,24,24,24
20251229,마포구,2025122820,7.0,4.0,77.91666666666667,60.0,2.2666666666666666,24,24,24
20251229,서대문구,2025122820,7.0,4.0,77.91666666666667,60.0,2.2666666666666666,24,24,24
20251229,서초구,2025122820,8.0,4.0,78.33333333333333,60.0,2.266666666666667,24,24,24
20251229,성동구,2025122820,8.0,4.0,77.91666666666667,60.0,2.1750000000000003,24,24,24
20251229,성북구,2025122820,5.0,1.0,80.0,60.0,2.191666666666667,24,24,24
20251229,송파구,2025122820,8.0,4.0,77.08333333333333,60.0,2.2958333333333334,24,24,24
20251229,양천구,2025122820,8.0,4.0,77.08333333333333,60.0,2.3125,24,24,24
20251229,영등포구,2025122820,8.0,4.0,77.08333333333333,60.0,2.245833333333333,24,24,24
20251229,용산구,2025122820,8.0,4.0,76.66666666666667,60.0,2.1958333333333333,24,24,24
20251229,은평구,2025122820,8.0,3.0,81.25,60.0,2.266666666666667,24,24,24
20251229,종로구,2025122820,8.0,3.0,77.91666666666667,60.0,2.1666666666666665,24,24,24
20251229,중구,2025122820,8.0,3.0,77.91666666666667,60.0,2.1666666666666665,24,24,24
20251229,중랑구,2025122820,8.0,4.0,77.5,60.0,2.1,24,24,24
20251230,강남구,2025122920,2.0,-3.0,47.083333333333336,0.0,1.0958333333333334,24,24,24
20251230,강동구,2025122920,2.0,-3.0,50.833333333333336,0.0,1.15,24,24,24
20251230,강북구,2025122920,0.0,-6.0,47.5,0.0,1.325,24,24,24
20251230,강서구,2025122920,2.0,-4.0,50.416666666666664,0.0,1.4333333333333336,24,24,24
20251230,관악구,2025122920,2.0,-3.0,48.333333333333336,0.0,1.1333333333333335,24,24,24
20251230,광진구,2025122920,2.0,-3.0,45.416666666666664,0.0,1.075,24,24,24
20251230,구로구,2025122920,2.0,-2.0,44.583333333333336,0.0,1.2083333333333337,24,24,24
20251230,금천구,2025122920,2.0,-3.0,52.5,0.0,1.1291666666666669,24,24,24
20251230,노원구,2025122920,2.0,-5.0,48.75,0.0,1.4375,24,24,24
20251230,도봉구,2025122920,2.0,-5.0,48.75,0.0,1.4375,24,24,24
20251230,동대문구,2025122920,2.0,-3.0,44.166666666666664,0.0,1.1666666666666667,24,24,24
20251230,동작구,2025122920,2.0,-3.0,48.333333333333336,0.0,1.1333333333333335,24,24,24
20251230,마포구,2025122920,1.0,-3.0,46.25,0.0,1.2791666666666666,24,24,24
20251230,서대문구,2025122920,1.0,-3.0,46.25,0.0,1.2791666666666666,24,24,24
20251230,서초구,2025122920,2.0,-3.0,47.083333333333336,0.0,1.0958333333333334,24,24,24
20251230,성동구,2025122920,3.0,-3.0,48.75,0.0,1.1041666666666667,24,24,24
20251230,성북구,2025122920,0.0,-6.0,47.5,0.0,1.325,24,24,24
20251230,송파구,2025122920,3.0,-2.0,47.5,0.0,1.1,24,24,24
20251230,양천구,2025122920,1.0,-3.0,46.666666666666664,0.0,1.2666666666666668,24,24,24
20251230,영등포구,2025122920,2.0,-3.0,47.083333333333336,0.0,1.1666666666666663,24,24,24
20251230,용산구,2025122920,2.0,-3.0,46.25,0.0,1.1,24,24,24
20251230,은평구,2025122920,2.0,-4.0,50.0,0.0,1.425,24,24,24
20251230,종로구,2025122920,2.0,-3.0,48.333333333333336,0.0,1.2000000000000002,24,24,24
20251230,중구,2025122920,2.0,-3.0,48.333333333333336,0.0,1.2000000000000002,24,24,24
20251230,중랑구,2025122920,2.0,-3.0,45.0,0.0,1.1708333333333334,24,24,24
20251231,강남구,2025123020,-4.0,-7.0,37.916666666666664,0.0,4.329166666666667,24,24,24
20251231,강동구,2025123020,-3.0,-8.0,40.208333333333336,0.0,4.358333333333333,24,24,24
20251231,강북구,2025123020,-6.0,-11.0,39.791666666666664,0.0,4.308333333333334,24,24,24
20251231,강서구,2025123020,-4.0,-8.0,40.208333333333336,0.0,4.891666666666667,24,24,24
20251231,관악구,2025123020,-4.0,-7.0,38.75,0.0,4.345833333333333,24,24,24
20251231,광진구,2025123020,-3.0,-7.0,38.125,0.0,4.204166666666667,24,24,24
20251231,구로구,2025123020,-4.0,-7.0,32.5,0.0,4.625,24,24,24
20251231,금천구,2025123020,-4.0,-8.0,41.25,0.0,4.5874999999999995,24,24,24
20251231,노원구,2025123020,-4.0,-9.0,41.458333333333336,0.0,4.408333333333333,24,24,24
20251231,도봉구,2025123020,-4.0,-9.0,41.458333333333336,0.0,4.408333333333333,24,24,24
20251231,동대문구,2025123020,-4.0,-7.0,38.333333333333336,0.0,4.125,24,24,24
20251231,동작구,2025123020,-4.0,-7.0,38.75,0.0,4.345833333333333,24,24,24
20251231,마포구,2025123020,-4.0,-8.0,38.541666666666664,0.0,4.154166666666666,24,24,24
20251231,서대문구,2025123020,-4.0,-8.0,38.541666666666664,0.0,4.154166666666666,24,24,24
20251231,서초구,2025123020,-4.0,-7.0,37.916666666666664,0.0,4.329166666666667,24,24,24
20251231,성동구,2025123020,-3.0,-7.0,41.666666666666664,0.0,4.041666666666667,24,24,24
20251231,성북구,2025123020,-6.0,-11.0,39.791666666666664,0.0,4.308333333333334,24,24,24
20251231,송파구,2025123020,-3.0,-7.0,37.916666666666664,0.0,4.383333333333334,24,24,24
20251231,양천구,2025123020,-4.0,-8.0,38.75,0.0,4.458333333333333,24,24,24
20251231,영등포구,2025123020,-4.0,-8.0,38.958333333333336,0.0,4.054166666666666,24,24,24
20251231,용산구,2025123020,-4.0,-8.0,39.166666666666664,0.0,4.0625,24,24,24
20251231,은평구,2025123020,-4.0,-9.0,39.375,0.0,4.3875,24,24,24
20251231,종로구,2025123020,-3.0,-8.0,42.291666666666664,0.0,4.108333333333333,24,24,24
20251231,중구,2025123020,-3.0,-8.0,42.291666666666664,0.0,4.108333333333333,24,24,24
20251231,중랑구,2025123020,-3.0,-8.0,37.916666666666664,0.0,4.241666666666666,24,24,24
